题目编号,情绪标签,是否标准标签,选择人次,选择者同能力其余题均分,抽中人数,选择率
ITEM-00001,平静,False,1,0.4,5,0.2
ITEM-00001,震惊,True,4,0.2833333333333333,5,0.8
ITEM-00002,内疚,False,2,0.07142857142857142,30,0.06666666666666667
ITEM-00002,平静,False,1,0.14285714285714285,30,0.03333333333333333
ITEM-00002,悲伤,False,1,0.2857142857142857,30,0.03333333333333333
ITEM-00002,愁闷,False,2,0.21428571428571427,30,0.06666666666666667
ITEM-00002,感动,True,16,0.1875,30,0.5333333333333333
ITEM-00002,感激,False,3,0.09523809523809523,30,0.1
ITEM-00002,担忧,False,1,0.14285714285714285,30,0.03333333333333333
ITEM-00002,渴望,False,1,0.0,30,0.03333333333333333
ITEM-00002,爱,False,2,0.0,30,0.06666666666666667
ITEM-00002,痛苦,False,1,0.2857142857142857,30,0.03333333333333333
ITEM-00003,好奇,False,1,0.13333333333333333,3,0.3333333333333333
ITEM-00003,遗憾,True,2,0.16666666666666666,3,0.6666666666666666
ITEM-00004,冷静,False,1,0.14285714285714285,34,0.029411764705882353
ITEM-00004,审美欣赏,False,1,0.14285714285714285,34,0.029411764705882353
ITEM-00004,尴尬,True,26,0.2032967032967033,34,0.7647058823529411
ITEM-00004,平静,False,1,0.0,34,0.029411764705882353
ITEM-00004,怀旧,False,1,0.14285714285714285,34,0.029411764705882353
ITEM-00004,渴望,False,1,0.14285714285714285,34,0.029411764705882353
ITEM-00004,遗憾,False,1,0.14285714285714285,34,0.029411764705882353
ITEM-00004,释然,False,1,0.0,34,0.029411764705882353
ITEM-00004,震惊,False,1,0.0,34,0.029411764705882353
ITEM-00005,好奇,False,1,0.4,8,0.125
ITEM-00005,审美欣赏,True,4,0.23333333333333334,8,0.5
ITEM-00005,尴尬,False,1,0.13333333333333333,8,0.125
ITEM-00005,惊讶,False,1,0.13333333333333333,8,0.125
ITEM-00005,渴望,False,1,0.3333333333333333,8,0.125
ITEM-00006,失望,False,1,0.26666666666666666,6,0.16666666666666666
ITEM-00006,紧张,True,5,0.18666666666666668,6,0.8333333333333334
ITEM-00007,不屑,False,1,0.06666666666666667,13,0.07692307692307693
ITEM-00007,共情痛苦,False,2,0.23333333333333334,13,0.15384615384615385
ITEM-00007,困惑,False,1,0.3333333333333333,13,0.07692307692307693
ITEM-00007,好奇,False,1,0.13333333333333333,13,0.07692307692307693
ITEM-00007,恐惧,False,1,0.3333333333333333,13,0.07692307692307693
ITEM-00007,惊讶,True,2,0.3666666666666667,13,0.15384615384615385
ITEM-00007,愁闷,False,1,0.2,13,0.07692307692307693
ITEM-00007,担忧,False,1,0.2,13,0.07692307692307693
ITEM-00007,焦虑,False,1,0.4,13,0.07692307692307693
ITEM-00007,痛苦,False,2,0.3,13,0.15384615384615385
ITEM-00008,共情痛苦,False,1,0.3333333333333333,8,0.125
ITEM-00008,兴奋,False,1,0.26666666666666666,8,0.125
ITEM-00008,兴趣,False,1,0.06666666666666667,8,0.125
ITEM-00008,内疚,False,1,0.26666666666666666,8,0.125
ITEM-00008,希望,False,1,0.3333333333333333,8,0.125
ITEM-00008,悲伤,False,1,0.2,8,0.125
ITEM-00008,感动,False,1,0.26666666666666666,8,0.125
ITEM-00008,绝望,False,1,0.4,8,0.125
ITEM-00009,兴奋,False,5,0.27999999999999997,35,0.14285714285714285
ITEM-00009,兴趣,False,1,0.3333333333333333,35,0.02857142857142857
ITEM-00009,冷静,False,1,0.4,35,0.02857142857142857
ITEM-00009,好奇,False,1,0.3333333333333333,35,0.02857142857142857
ITEM-00009,快乐,False,2,0.16666666666666669,35,0.05714285714285714
ITEM-00009,惊喜,False,2,0.3333333333333333,35,0.05714285714285714
ITEM-00009,惊讶,False,2,0.23333333333333334,35,0.05714285714285714
ITEM-00009,愉悦,False,2,0.33333333333333337,35,0.05714285714285714
ITEM-00009,担忧,False,2,0.23333333333333334,35,0.05714285714285714
ITEM-00009,烦躁,False,1,0.3333333333333333,35,0.02857142857142857
ITEM-00009,紧张,True,14,0.24761904761904763,35,0.4
ITEM-00009,轻松,False,1,0.26666666666666666,35,0.02857142857142857
ITEM-00009,释然,False,1,0.26666666666666666,35,0.02857142857142857
ITEM-00010,兴奋,True,27,0.28148148148148144,33,0.8181818181818182
ITEM-00010,兴趣,False,4,0.3666666666666667,33,0.12121212121212122
ITEM-00010,内疚,False,1,0.2,33,0.030303030303030304
ITEM-00010,平静,False,1,0.13333333333333333,33,0.030303030303030304
ITEM-00010,快乐,False,3,0.24444444444444446,33,0.09090909090909091
ITEM-00010,惊喜,True,25,0.29600000000000004,33,0.7575757575757576
ITEM-00010,惊讶,False,2,0.33333333333333337,33,0.06060606060606061
ITEM-00010,愉悦,False,5,0.3333333333333333,33,0.15151515151515152
ITEM-00010,感动,False,1,0.3333333333333333,33,0.030303030303030304
ITEM-00010,感激,False,1,0.13333333333333333,33,0.030303030303030304
ITEM-00010,渴望,False,3,0.17777777777777778,33,0.09090909090909091
ITEM-00010,满足,False,3,0.22222222222222224,33,0.09090909090909091
ITEM-00010,自满,False,1,0.4,33,0.030303030303030304
ITEM-00010,自豪,False,2,0.3666666666666667,33,0.06060606060606061
ITEM-00010,轻松,False,1,0.2,33,0.030303030303030304
ITEM-00010,释然,False,1,0.2,33,0.030303030303030304
ITEM-00010,震惊,False,2,0.3666666666666667,33,0.06060606060606061
ITEM-00011,平静,False,1,0.4,10,0.1
ITEM-00011,担忧,True,9,0.3037037037037037,10,0.9
ITEM-00012,悲伤,False,1,0.06666666666666667,12,0.08333333333333333
ITEM-00012,愤怒,True,11,0.3090909090909091,12,0.9166666666666666
ITEM-00013,怨恨,False,2,0.2,15,0.13333333333333333
ITEM-00013,愤怒,True,13,0.3230769230769231,15,0.8666666666666667
ITEM-00014,崇拜,True,7,0.2857142857142857,8,0.875
ITEM-00014,愉悦,False,1,0.06666666666666667,8,0.125
ITEM-00015,悲伤,False,1,0.26666666666666666,6,0.16666666666666666
ITEM-00015,焦虑,False,1,0.2,6,0.16666666666666666
ITEM-00015,痛苦,False,1,0.3333333333333333,6,0.16666666666666666
ITEM-00015,紧张,False,1,0.2,6,0.16666666666666666
ITEM-00015,绝望,True,1,0.26666666666666666,6,0.16666666666666666
ITEM-00015,释然,False,1,0.2,6,0.16666666666666666
ITEM-00016,不屑,True,6,0.25555555555555554,8,0.75
ITEM-00016,兴奋,False,1,0.5333333333333333,8,0.125
ITEM-00016,蔑视,False,1,0.2,8,0.125
ITEM-00017,愤怒,True,5,0.24,6,0.8333333333333334
ITEM-00017,敌意,False,1,0.2,6,0.16666666666666666
ITEM-00018,共情痛苦,True,5,0.2,6,0.8333333333333334
ITEM-00018,悲伤,False,1,0.3333333333333333,6,0.16666666666666666
ITEM-00019,厌倦,False,1,0.06666666666666667,7,0.14285714285714285
ITEM-00019,愁闷,False,2,0.33333333333333337,7,0.2857142857142857
ITEM-00019,烦躁,True,4,0.26666666666666666,7,0.5714285714285714
ITEM-00020,困惑,False,1,0.26666666666666666,10,0.1
ITEM-00020,尴尬,True,5,0.37333333333333335,10,0.5
ITEM-00020,愁闷,False,1,0.4666666666666667,10,0.1
ITEM-00020,紧张,False,1,0.26666666666666666,10,0.1
ITEM-00020,自满,False,1,0.3333333333333333,10,0.1
ITEM-00020,震惊,False,1,0.13333333333333333,10,0.1
ITEM-00021,兴趣,False,1,0.3333333333333333,6,0.16666666666666666
ITEM-00021,快乐,False,1,0.2,6,0.16666666666666666
ITEM-00021,怀旧,True,1,0.26666666666666666,6,0.16666666666666666
ITEM-00021,惊喜,False,1,0.13333333333333333,6,0.16666666666666666
ITEM-00021,愁闷,False,1,0.2,6,0.16666666666666666
ITEM-00021,感动,False,1,0.2,6,0.16666666666666666
ITEM-00022,困惑,False,1,0.13333333333333333,9,0.1111111111111111
ITEM-00022,恐惧,False,1,0.13333333333333333,9,0.1111111111111111
ITEM-00022,惊讶,False,1,0.26666666666666666,9,0.1111111111111111
ITEM-00022,震惊,True,6,0.22222222222222224,9,0.6666666666666666
ITEM-00023,困惑,False,1,0.4,7,0.14285714285714285
ITEM-00023,敌意,True,5,0.27999999999999997,7,0.7142857142857143
ITEM-00023,震惊,False,1,0.2,7,0.14285714285714285
ITEM-00024,不屑,False,1,0.2,3,0.3333333333333333
ITEM-00024,抑郁,False,1,0.26666666666666666,3,0.3333333333333333
ITEM-00024,紧张,True,1,0.26666666666666666,3,0.3333333333333333
ITEM-00025,怀旧,False,1,0.2,4,0.25
ITEM-00025,感动,False,1,0.13333333333333333,4,0.25
ITEM-00025,痛苦,True,2,0.5,4,0.5
ITEM-00026,悲伤,True,5,0.33333333333333337,8,0.625
ITEM-00026,抑郁,False,1,0.2,8,0.125
ITEM-00026,渴望,False,1,0.26666666666666666,8,0.125
ITEM-00026,遗憾,False,1,0.13333333333333333,8,0.125
ITEM-00027,好奇,False,2,0.26666666666666666,8,0.25
ITEM-00027,快乐,True,4,0.43333333333333335,8,0.5
ITEM-00027,愉悦,False,1,0.13333333333333333,8,0.125
ITEM-00027,轻松,False,1,0.4,8,0.125
ITEM-00028,希望,False,1,0.26666666666666666,3,0.3333333333333333
ITEM-00028,悲伤,True,1,0.26666666666666666,3,0.3333333333333333
ITEM-00028,痛苦,False,1,0.2,3,0.3333333333333333
ITEM-00029,共情痛苦,False,2,0.3,6,0.3333333333333333
ITEM-00029,委屈,False,1,0.13333333333333333,6,0.16666666666666666
ITEM-00029,焦虑,False,1,0.3333333333333333,6,0.16666666666666666
ITEM-00029,痛苦,False,2,0.26666666666666666,6,0.3333333333333333
ITEM-00030,困惑,True,4,0.31666666666666665,8,0.5
ITEM-00030,失望,False,1,0.2,8,0.125
ITEM-00030,委屈,False,1,0.13333333333333333,8,0.125
ITEM-00030,审美欣赏,False,1,0.13333333333333333,8,0.125
ITEM-00030,怀旧,False,1,0.4,8,0.125
ITEM-00032,兴趣,False,1,0.2,5,0.2
ITEM-00032,平静,False,1,0.13333333333333333,5,0.2
ITEM-00032,愉悦,True,2,0.30000000000000004,5,0.4
ITEM-00032,满足,False,1,0.3333333333333333,5,0.2
ITEM-00033,惊讶,True,5,0.22666666666666666,9,0.5555555555555556
ITEM-00033,震惊,False,4,0.23333333333333334,9,0.4444444444444444
ITEM-00034,希望,False,1,0.4,8,0.125
ITEM-00034,爱,True,7,0.37142857142857144,8,0.875
ITEM-00035,恐惧,False,1,0.26666666666666666,3,0.3333333333333333
ITEM-00035,惊讶,True,1,0.2,3,0.3333333333333333
ITEM-00035,震惊,False,1,0.2,3,0.3333333333333333
ITEM-00036,兴趣,True,1,0.2,7,0.14285714285714285
ITEM-00036,困惑,False,1,0.3333333333333333,7,0.14285714285714285
ITEM-00036,担忧,False,2,0.43333333333333335,7,0.2857142857142857
ITEM-00036,敌意,False,1,0.26666666666666666,7,0.14285714285714285
ITEM-00036,释然,False,1,0.13333333333333333,7,0.14285714285714285
ITEM-00036,震惊,False,1,0.4666666666666667,7,0.14285714285714285
ITEM-00037,不屑,False,1,0.3333333333333333,14,0.07142857142857142
ITEM-00037,冷静,False,1,0.3333333333333333,14,0.07142857142857142
ITEM-00037,烦躁,False,1,0.3333333333333333,14,0.07142857142857142
ITEM-00037,绝望,False,1,0.3333333333333333,14,0.07142857142857142
ITEM-00037,蔑视,True,10,0.26666666666666666,14,0.7142857142857143
ITEM-00038,烦躁,False,1,0.13333333333333333,9,0.1111111111111111
ITEM-00038,自满,True,7,0.2285714285714286,9,0.7777777777777778
ITEM-00038,自豪,False,1,0.26666666666666666,9,0.1111111111111111
ITEM-00039,愁闷,False,1,0.2,13,0.07692307692307693
ITEM-00039,焦虑,False,1,0.26666666666666666,13,0.07692307692307693
ITEM-00039,痛苦,True,11,0.2424242424242424,13,0.8461538461538461
ITEM-00040,委屈,False,1,0.13333333333333333,16,0.0625
ITEM-00040,怨恨,True,10,0.27999999999999997,16,0.625
ITEM-00040,愤怒,False,4,0.35,16,0.25
ITEM-00040,敌意,False,1,0.06666666666666667,16,0.0625
ITEM-00041,不屑,False,1,0.26666666666666666,18,0.05555555555555555
ITEM-00041,委屈,False,1,0.3333333333333333,18,0.05555555555555555
ITEM-00041,嫉妒,False,3,0.39999999999999997,18,0.16666666666666666
ITEM-00041,怨恨,False,2,0.3333333333333333,18,0.1111111111111111
ITEM-00041,愁闷,False,1,0.26666666666666666,18,0.05555555555555555
ITEM-00041,愤怒,False,1,0.2,18,0.05555555555555555
ITEM-00041,烦躁,False,1,0.13333333333333333,18,0.05555555555555555
ITEM-00041,绝望,False,1,0.2,18,0.05555555555555555
ITEM-00041,自满,True,3,0.3111111111111111,18,0.16666666666666666
ITEM-00041,蔑视,False,1,0.2,18,0.05555555555555555
ITEM-00041,遗憾,False,3,0.3333333333333333,18,0.16666666666666666
ITEM-00042,共情痛苦,False,2,0.4,22,0.09090909090909091
ITEM-00042,冷静,False,2,0.4,22,0.09090909090909091
ITEM-00042,困惑,False,1,0.3333333333333333,22,0.045454545454545456
ITEM-00042,失望,False,2,0.26666666666666666,22,0.09090909090909091
ITEM-00042,委屈,True,14,0.29047619047619044,22,0.6363636363636364
ITEM-00042,审美欣赏,False,1,0.4,22,0.045454545454545456
ITEM-00042,平静,False,2,0.3666666666666667,22,0.09090909090909091
ITEM-00042,恐惧,False,2,0.23333333333333334,22,0.09090909090909091
ITEM-00042,悲伤,True,13,0.2717948717948718,22,0.5909090909090909
ITEM-00042,抑郁,False,1,0.13333333333333333,22,0.045454545454545456
ITEM-00042,担忧,False,1,0.3333333333333333,22,0.045454545454545456
ITEM-00042,渴望,False,1,0.2,22,0.045454545454545456
ITEM-00042,焦虑,False,1,0.13333333333333333,22,0.045454545454545456
ITEM-00042,紧张,False,1,0.3333333333333333,22,0.045454545454545456
ITEM-00042,绝望,False,2,0.3666666666666667,22,0.09090909090909091
ITEM-00042,释然,False,1,0.2,22,0.045454545454545456
ITEM-00042,震惊,False,2,0.3666666666666667,22,0.09090909090909091
ITEM-00043,内疚,False,1,0.26666666666666666,17,0.058823529411764705
ITEM-00043,怀旧,True,9,0.34074074074074073,17,0.5294117647058824
ITEM-00043,悲伤,False,3,0.35555555555555557,17,0.17647058823529413
ITEM-00043,惊喜,False,1,0.3333333333333333,17,0.058823529411764705
ITEM-00043,感动,True,1,0.4,17,0.058823529411764705
ITEM-00043,担忧,False,1,0.3333333333333333,17,0.058823529411764705
ITEM-00043,渴望,False,1,0.26666666666666666,17,0.058823529411764705
ITEM-00043,爱,False,1,0.4666666666666667,17,0.058823529411764705
ITEM-00043,痛苦,False,1,0.26666666666666666,17,0.058823529411764705
ITEM-00043,紧张,False,1,0.26666666666666666,17,0.058823529411764705
ITEM-00043,绝望,False,1,0.26666666666666666,17,0.058823529411764705
ITEM-00043,遗憾,True,15,0.3555555555555555,17,0.8823529411764706
ITEM-00044,兴趣,False,1,0.13333333333333333,21,0.047619047619047616
ITEM-00044,冷静,False,1,0.3333333333333333,21,0.047619047619047616
ITEM-00044,好奇,False,2,0.33333333333333337,21,0.09523809523809523
ITEM-00044,平静,False,1,0.3333333333333333,21,0.047619047619047616
ITEM-00044,恐惧,False,2,0.2,21,0.09523809523809523
ITEM-00044,惊讶,True,4,0.26666666666666666,21,0.19047619047619047
ITEM-00044,担忧,False,1,0.26666666666666666,21,0.047619047619047616
ITEM-00044,敌意,False,3,0.3333333333333333,21,0.14285714285714285
ITEM-00044,烦躁,False,2,0.2,21,0.09523809523809523
ITEM-00044,紧张,True,19,0.29824561403508776,21,0.9047619047619048
ITEM-00044,遗憾,False,1,0.2,21,0.047619047619047616
ITEM-00044,震惊,False,1,0.13333333333333333,21,0.047619047619047616
ITEM-00045,不屑,False,1,0.26666666666666666,31,0.03225806451612903
ITEM-00045,共情痛苦,False,1,0.13333333333333333,31,0.03225806451612903
ITEM-00045,内疚,False,1,0.4666666666666667,31,0.03225806451612903
ITEM-00045,困惑,False,2,0.3,31,0.06451612903225806
ITEM-00045,委屈,False,2,0.23333333333333334,31,0.06451612903225806
ITEM-00045,怨恨,False,1,0.13333333333333333,31,0.03225806451612903
ITEM-00045,悲伤,False,1,0.26666666666666666,31,0.03225806451612903
ITEM-00045,惊讶,False,1,0.2,31,0.03225806451612903
ITEM-00045,愁闷,False,2,0.3,31,0.06451612903225806
ITEM-00045,愤怒,False,3,0.2888888888888889,31,0.0967741935483871
ITEM-00045,担忧,False,2,0.4,31,0.06451612903225806
ITEM-00045,烦躁,False,2,0.23333333333333334,31,0.06451612903225806
ITEM-00045,焦虑,False,2,0.26666666666666666,31,0.06451612903225806
ITEM-00045,痛苦,False,1,0.3333333333333333,31,0.03225806451612903
ITEM-00045,紧张,True,9,0.2888888888888889,31,0.2903225806451613
ITEM-00046,不屑,False,1,0.26666666666666666,12,0.08333333333333333
ITEM-00046,内疚,True,5,0.30666666666666664,12,0.4166666666666667
ITEM-00046,厌倦,False,1,0.26666666666666666,12,0.08333333333333333
ITEM-00046,失望,False,1,0.3333333333333333,12,0.08333333333333333
ITEM-00046,委屈,False,1,0.26666666666666666,12,0.08333333333333333
ITEM-00046,恐惧,False,1,0.3333333333333333,12,0.08333333333333333
ITEM-00046,悲伤,True,10,0.30666666666666664,12,0.8333333333333334
ITEM-00046,惊讶,False,1,0.26666666666666666,12,0.08333333333333333
ITEM-00046,愁闷,False,1,0.3333333333333333,12,0.08333333333333333
ITEM-00046,抑郁,False,1,0.4,12,0.08333333333333333
ITEM-00046,担忧,False,1,0.4,12,0.08333333333333333
ITEM-00046,痛苦,False,2,0.3666666666666667,12,0.16666666666666666
ITEM-00046,蔑视,False,1,0.26666666666666666,12,0.08333333333333333
ITEM-00047,共情痛苦,False,1,0.4,16,0.0625
ITEM-00047,兴奋,False,4,0.21666666666666665,16,0.25
ITEM-00047,困惑,False,1,0.4,16,0.0625
ITEM-00047,快乐,True,10,0.24666666666666667,16,0.625
ITEM-00047,惊喜,True,9,0.2222222222222222,16,0.5625
ITEM-00047,惊讶,False,1,0.13333333333333333,16,0.0625
ITEM-00047,愉悦,True,11,0.2303030303030303,16,0.6875
ITEM-00047,感激,False,1,0.26666666666666666,16,0.0625
ITEM-00047,满足,False,2,0.2,16,0.125
ITEM-00047,轻松,False,1,0.26666666666666666,16,0.0625
ITEM-00048,困惑,False,1,0.2,34,0.029411764705882353
ITEM-00048,愤怒,True,24,0.2916666666666667,34,0.7058823529411765
ITEM-00048,烦躁,False,2,0.33333333333333337,34,0.058823529411764705
ITEM-00048,焦虑,False,1,0.26666666666666666,34,0.029411764705882353
ITEM-00048,紧张,False,1,0.3333333333333333,34,0.029411764705882353
ITEM-00048,自满,False,1,0.06666666666666667,34,0.029411764705882353
ITEM-00048,蔑视,False,2,0.2,34,0.058823529411764705
ITEM-00048,遗憾,False,1,0.3333333333333333,34,0.029411764705882353
ITEM-00048,震惊,False,1,0.2,34,0.029411764705882353
ITEM-00049,不屑,False,2,0.3,43,0.046511627906976744
ITEM-00049,共情痛苦,False,2,0.3,43,0.046511627906976744
ITEM-00049,冷静,False,2,0.3,43,0.046511627906976744
ITEM-00049,厌倦,False,1,0.26666666666666666,43,0.023255813953488372
ITEM-00049,厌恶,False,1,0.4666666666666667,43,0.023255813953488372
ITEM-00049,失望,False,1,0.2,43,0.023255813953488372
ITEM-00049,希望,False,1,0.13333333333333333,43,0.023255813953488372
ITEM-00049,平静,False,2,0.4,43,0.046511627906976744
ITEM-00049,快乐,False,1,0.2,43,0.023255813953488372
ITEM-00049,敌意,True,18,0.26296296296296295,43,0.4186046511627907
ITEM-00049,渴望,False,1,0.4,43,0.023255813953488372
ITEM-00049,爱,False,1,0.26666666666666666,43,0.023255813953488372
ITEM-00049,痛苦,False,1,0.13333333333333333,43,0.023255813953488372
ITEM-00049,绝望,False,1,0.13333333333333333,43,0.023255813953488372
ITEM-00049,自满,False,1,0.13333333333333333,43,0.023255813953488372
ITEM-00049,蔑视,False,4,0.21666666666666667,43,0.09302325581395349
ITEM-00049,轻松,False,1,0.26666666666666666,43,0.023255813953488372
ITEM-00049,遗憾,False,2,0.3,43,0.046511627906976744
ITEM-00050,不屑,False,1,0.13333333333333333,20,0.05
ITEM-00050,怨恨,True,17,0.23529411764705882,20,0.85
ITEM-00050,悲伤,False,1,0.26666666666666666,20,0.05
ITEM-00050,惊喜,False,1,0.26666666666666666,20,0.05
ITEM-00050,愁闷,False,1,0.3333333333333333,20,0.05
ITEM-00050,愤怒,False,1,0.2,20,0.05
ITEM-00050,抑郁,False,1,0.2,20,0.05
ITEM-00050,敌意,True,12,0.24444444444444446,20,0.6
ITEM-00050,爱,False,1,0.2,20,0.05
ITEM-00050,痛苦,False,2,0.3666666666666667,20,0.1
ITEM-00050,绝望,False,2,0.3333333333333333,20,0.1
ITEM-00050,羞耻,False,1,0.3333333333333333,20,0.05
ITEM-00051,不屑,False,1,0.2,15,0.06666666666666667
ITEM-00051,兴奋,False,1,0.3333333333333333,15,0.06666666666666667
ITEM-00051,厌恶,False,2,0.2,15,0.13333333333333333
ITEM-00051,委屈,False,1,0.2,15,0.06666666666666667
ITEM-00051,悲伤,True,7,0.30476190476190473,15,0.4666666666666667
ITEM-00051,惊讶,False,1,0.3333333333333333,15,0.06666666666666667
ITEM-00051,愤怒,False,1,0.26666666666666666,15,0.06666666666666667
ITEM-00051,绝望,False,1,0.3333333333333333,15,0.06666666666666667
ITEM-00052,厌恶,False,2,0.33333333333333337,15,0.13333333333333333
ITEM-00052,失望,False,2,0.26666666666666666,15,0.13333333333333333
ITEM-00052,委屈,True,5,0.27999999999999997,15,0.3333333333333333
ITEM-00052,怨恨,False,1,0.4666666666666667,15,0.06666666666666667
ITEM-00052,悲伤,False,3,0.26666666666666666,15,0.2
ITEM-00052,愤怒,False,1,0.3333333333333333,15,0.06666666666666667
ITEM-00052,痛苦,True,10,0.32,15,0.6666666666666666
ITEM-00052,绝望,True,10,0.30666666666666664,15,0.6666666666666666
ITEM-00052,释然,False,1,0.3333333333333333,15,0.06666666666666667
ITEM-00052,震惊,False,1,0.3333333333333333,15,0.06666666666666667
ITEM-00053,共情痛苦,False,1,0.4,15,0.06666666666666667
ITEM-00053,失望,False,1,0.2,15,0.06666666666666667
ITEM-00053,委屈,True,4,0.36666666666666664,15,0.26666666666666666
ITEM-00053,希望,False,1,0.3333333333333333,15,0.06666666666666667
ITEM-00053,平静,False,1,0.3333333333333333,15,0.06666666666666667
ITEM-00053,恐惧,False,2,0.3333333333333333,15,0.13333333333333333
ITEM-00053,悲伤,True,11,0.4121212121212121,15,0.7333333333333333
ITEM-00053,愁闷,False,1,0.2,15,0.06666666666666667
ITEM-00053,抑郁,False,3,0.3333333333333333,15,0.2
ITEM-00053,渴望,False,1,0.3333333333333333,15,0.06666666666666667
ITEM-00053,焦虑,False,1,0.4,15,0.06666666666666667
ITEM-00053,痛苦,False,1,0.4,15,0.06666666666666667
ITEM-00053,绝望,True,11,0.4121212121212121,15,0.7333333333333333
ITEM-00053,遗憾,False,1,0.3333333333333333,15,0.06666666666666667
ITEM-00053,震惊,False,1,0.26666666666666666,15,0.06666666666666667
ITEM-00054,崇拜,False,1,0.26666666666666666,15,0.06666666666666667
ITEM-00054,希望,True,7,0.31428571428571433,15,0.4666666666666667
ITEM-00054,平静,False,1,0.4666666666666667,15,0.06666666666666667
ITEM-00054,快乐,False,1,0.4666666666666667,15,0.06666666666666667
ITEM-00054,惊喜,False,1,0.2,15,0.06666666666666667
ITEM-00054,愉悦,True,9,0.3407407407407408,15,0.6
ITEM-00054,感动,False,1,0.3333333333333333,15,0.06666666666666667
ITEM-00054,渴望,False,2,0.4,15,0.13333333333333333
ITEM-00054,爱,False,1,0.4666666666666667,15,0.06666666666666667
ITEM-00054,自满,False,2,0.26666666666666666,15,0.13333333333333333
ITEM-00054,自豪,False,1,0.4666666666666667,15,0.06666666666666667
ITEM-00054,轻松,True,11,0.3090909090909091,15,0.7333333333333333
ITEM-00055,兴奋,True,7,0.2571428571428572,18,0.3888888888888889
ITEM-00055,兴趣,False,1,0.4666666666666667,18,0.05555555555555555
ITEM-00055,审美欣赏,False,1,0.4,18,0.05555555555555555
ITEM-00055,崇拜,False,1,0.2,18,0.05555555555555555
ITEM-00055,希望,False,2,0.2,18,0.1111111111111111
ITEM-00055,平静,False,1,0.26666666666666666,18,0.05555555555555555
ITEM-00055,快乐,True,15,0.31555555555555553,18,0.8333333333333334
ITEM-00055,怀旧,False,1,0.3333333333333333,18,0.05555555555555555
ITEM-00055,愉悦,True,13,0.29743589743589743,18,0.7222222222222222
ITEM-00055,感激,False,1,0.26666666666666666,18,0.05555555555555555
ITEM-00055,渴望,False,1,0.13333333333333333,18,0.05555555555555555
ITEM-00055,满足,False,1,0.13333333333333333,18,0.05555555555555555
ITEM-00055,自豪,False,2,0.33333333333333337,18,0.1111111111111111
ITEM-00055,轻松,True,12,0.3111111111111111,18,0.6666666666666666
ITEM-00055,遗憾,False,1,0.4,18,0.05555555555555555
ITEM-00056,共情痛苦,False,1,0.4,11,0.09090909090909091
ITEM-00056,兴趣,False,1,0.3333333333333333,11,0.09090909090909091
ITEM-00056,厌倦,False,2,0.23333333333333334,11,0.18181818181818182
ITEM-00056,厌恶,False,1,0.13333333333333333,11,0.09090909090909091
ITEM-00056,好奇,False,1,0.4,11,0.09090909090909091
ITEM-00056,审美欣赏,False,2,0.16666666666666669,11,0.18181818181818182
ITEM-00056,担忧,True,3,0.26666666666666666,11,0.2727272727272727
ITEM-00057,兴奋,False,1,0.2,33,0.030303030303030304
ITEM-00057,困惑,False,1,0.13333333333333333,33,0.030303030303030304
ITEM-00057,快乐,False,2,0.16666666666666666,33,0.06060606060606061
ITEM-00057,惊喜,True,21,0.2761904761904762,33,0.6363636363636364
ITEM-00057,惊讶,False,1,0.13333333333333333,33,0.030303030303030304
ITEM-00057,烦躁,False,2,0.13333333333333333,33,0.06060606060606061
ITEM-00057,焦虑,False,1,0.26666666666666666,33,0.030303030303030304
ITEM-00057,痛苦,False,1,0.13333333333333333,33,0.030303030303030304
ITEM-00057,紧张,False,1,0.3333333333333333,33,0.030303030303030304
ITEM-00057,蔑视,False,1,0.26666666666666666,33,0.030303030303030304
ITEM-00057,轻松,False,1,0.06666666666666667,33,0.030303030303030304
ITEM-00058,共情痛苦,False,2,0.4,22,0.09090909090909091
ITEM-00058,兴趣,False,3,0.35555555555555557,22,0.13636363636363635
ITEM-00058,困惑,False,1,0.4,22,0.045454545454545456
ITEM-00058,好奇,False,2,0.3666666666666667,22,0.09090909090909091
ITEM-00058,希望,False,2,0.5666666666666667,22,0.09090909090909091
ITEM-00058,平静,False,1,0.2,22,0.045454545454545456
ITEM-00058,怀旧,False,4,0.3,22,0.18181818181818182
ITEM-00058,悲伤,False,3,0.3333333333333333,22,0.13636363636363635
ITEM-00058,惊喜,False,3,0.2888888888888889,22,0.13636363636363635
ITEM-00058,惊讶,False,1,0.4,22,0.045454545454545456
ITEM-00058,愉悦,True,8,0.43333333333333335,22,0.36363636363636365
ITEM-00058,感动,True,7,0.45714285714285713,22,0.3181818181818182
ITEM-00058,渴望,False,1,0.3333333333333333,22,0.045454545454545456
ITEM-00058,爱,False,2,0.5333333333333333,22,0.09090909090909091
ITEM-00058,自满,False,1,0.13333333333333333,22,0.045454545454545456
ITEM-00058,自豪,False,2,0.3333333333333333,22,0.09090909090909091
ITEM-00058,轻松,False,1,0.3333333333333333,22,0.045454545454545456
ITEM-00058,遗憾,False,2,0.26666666666666666,22,0.09090909090909091
ITEM-00058,震惊,False,1,0.4,22,0.045454545454545456
ITEM-00059,共情痛苦,False,1,0.06666666666666667,12,0.08333333333333333
ITEM-00059,烦躁,False,1,0.4,12,0.08333333333333333
ITEM-00059,绝望,False,1,0.4,12,0.08333333333333333
ITEM-00059,羞耻,True,9,0.2592592592592593,12,0.75
ITEM-00060,共情痛苦,False,1,0.26666666666666666,11,0.09090909090909091
ITEM-00060,冷静,False,2,0.2,11,0.18181818181818182
ITEM-00060,希望,False,1,0.2,11,0.09090909090909091
ITEM-00060,感动,False,1,0.13333333333333333,11,0.09090909090909091
ITEM-00060,感激,True,3,0.35555555555555557,11,0.2727272727272727
ITEM-00060,担忧,False,1,0.2,11,0.09090909090909091
ITEM-00060,轻松,False,1,0.26666666666666666,11,0.09090909090909091
ITEM-00060,遗憾,False,1,0.4666666666666667,11,0.09090909090909091
ITEM-00061,兴奋,False,2,0.4,18,0.1111111111111111
ITEM-00061,兴趣,False,2,0.23333333333333334,18,0.1111111111111111
ITEM-00061,崇拜,False,1,0.26666666666666666,18,0.05555555555555555
ITEM-00061,希望,False,1,0.26666666666666666,18,0.05555555555555555
ITEM-00061,快乐,True,17,0.2901960784313726,18,0.9444444444444444
ITEM-00061,惊喜,False,2,0.26666666666666666,18,0.1111111111111111
ITEM-00061,愉悦,True,17,0.29411764705882354,18,0.9444444444444444
ITEM-00061,渴望,False,3,0.26666666666666666,18,0.16666666666666666
ITEM-00061,满足,False,4,0.3666666666666667,18,0.2222222222222222
ITEM-00061,爱,False,2,0.26666666666666666,18,0.1111111111111111
ITEM-00061,羡慕,False,1,0.26666666666666666,18,0.05555555555555555
ITEM-00061,自豪,False,2,0.23333333333333334,18,0.1111111111111111
ITEM-00061,轻松,False,2,0.2,18,0.1111111111111111
ITEM-00062,快乐,False,1,0.26666666666666666,10,0.1
ITEM-00062,惊喜,True,8,0.21666666666666667,10,0.8
ITEM-00062,爱,False,1,0.13333333333333333,10,0.1
ITEM-00063,好奇,False,1,0.13333333333333333,16,0.0625
ITEM-00063,审美欣赏,False,2,0.26666666666666666,16,0.125
ITEM-00063,崇拜,False,2,0.16666666666666666,16,0.125
ITEM-00063,希望,False,2,0.23333333333333334,16,0.125
ITEM-00063,快乐,False,2,0.3,16,0.125
ITEM-00063,惊喜,False,1,0.3333333333333333,16,0.0625
ITEM-00063,愉悦,True,10,0.26,16,0.625
ITEM-00063,感动,False,1,0.4666666666666667,16,0.0625
ITEM-00063,渴望,False,3,0.17777777777777778,16,0.1875
ITEM-00063,爱,False,1,0.3333333333333333,16,0.0625
ITEM-00063,羡慕,False,1,0.26666666666666666,16,0.0625
ITEM-00063,自豪,False,1,0.3333333333333333,16,0.0625
ITEM-00063,轻松,True,8,0.2583333333333333,16,0.5
ITEM-00064,兴奋,False,1,0.3333333333333333,18,0.05555555555555555
ITEM-00064,兴趣,False,1,0.3333333333333333,18,0.05555555555555555
ITEM-00064,厌倦,False,1,0.3333333333333333,18,0.05555555555555555
ITEM-00064,好奇,False,1,0.3333333333333333,18,0.05555555555555555
ITEM-00064,审美欣赏,False,1,0.3333333333333333,18,0.05555555555555555
ITEM-00064,希望,False,1,0.3333333333333333,18,0.05555555555555555
ITEM-00064,快乐,False,1,0.13333333333333333,18,0.05555555555555555
ITEM-00064,惊喜,False,2,0.26666666666666666,18,0.1111111111111111
ITEM-00064,惊讶,False,1,0.3333333333333333,18,0.05555555555555555
ITEM-00064,愉悦,True,10,0.30666666666666664,18,0.5555555555555556
ITEM-00064,感动,False,2,0.26666666666666666,18,0.1111111111111111
ITEM-00064,感激,False,1,0.3333333333333333,18,0.05555555555555555
ITEM-00064,渴望,False,2,0.26666666666666666,18,0.1111111111111111
ITEM-00064,烦躁,False,1,0.3333333333333333,18,0.05555555555555555
ITEM-00064,爱,False,1,0.4666666666666667,18,0.05555555555555555
ITEM-00064,羡慕,False,1,0.3333333333333333,18,0.05555555555555555
ITEM-00064,释然,True,7,0.3523809523809524,18,0.3888888888888889
ITEM-00064,震惊,False,1,0.3333333333333333,18,0.05555555555555555
ITEM-00065,共情痛苦,False,1,0.2,20,0.05
ITEM-00065,内疚,False,2,0.2,20,0.1
ITEM-00065,厌倦,False,1,0.26666666666666666,20,0.05
ITEM-00065,怨恨,False,1,0.26666666666666666,20,0.05
ITEM-00065,悲伤,True,15,0.26666666666666666,20,0.75
ITEM-00065,感动,True,3,0.22222222222222224,20,0.15
ITEM-00065,抑郁,False,4,0.21666666666666667,20,0.2
ITEM-00065,担忧,False,2,0.3666666666666667,20,0.1
ITEM-00065,焦虑,False,1,0.4,20,0.05
ITEM-00065,紧张,False,1,0.4,20,0.05
ITEM-00065,遗憾,True,12,0.31666666666666665,20,0.6
ITEM-00065,释然,True,5,0.30666666666666664,20,0.25
ITEM-00066,怨恨,False,1,0.5333333333333333,17,0.058823529411764705
ITEM-00066,恐惧,False,2,0.3666666666666667,17,0.11764705882352941
ITEM-00066,悲伤,True,14,0.34285714285714286,17,0.8235294117647058
ITEM-00066,愁闷,False,1,0.5333333333333333,17,0.058823529411764705
ITEM-00066,担忧,False,2,0.23333333333333334,17,0.11764705882352941
ITEM-00066,渴望,True,3,0.2888888888888889,17,0.17647058823529413
ITEM-00066,焦虑,False,1,0.26666666666666666,17,0.058823529411764705
ITEM-00066,痛苦,True,13,0.3487179487179487,17,0.7647058823529411
ITEM-00066,绝望,True,11,0.36363636363636365,17,0.6470588235294118
ITEM-00067,兴奋,False,1,0.2,9,0.1111111111111111
ITEM-00067,怀旧,False,1,0.3333333333333333,9,0.1111111111111111
ITEM-00067,感动,False,1,0.2,9,0.1111111111111111
ITEM-00067,紧张,False,1,0.26666666666666666,9,0.1111111111111111
ITEM-00067,震惊,True,5,0.30666666666666664,9,0.5555555555555556
ITEM-00068,不屑,True,28,0.30476190476190473,35,0.8
ITEM-00068,兴奋,False,1,0.26666666666666666,35,0.02857142857142857
ITEM-00068,厌倦,False,1,0.26666666666666666,35,0.02857142857142857
ITEM-00068,厌恶,True,15,0.3288888888888889,35,0.42857142857142855
ITEM-00068,好奇,False,2,0.26666666666666666,35,0.05714285714285714
ITEM-00068,审美欣赏,False,1,0.26666666666666666,35,0.02857142857142857
ITEM-00068,怨恨,False,1,0.3333333333333333,35,0.02857142857142857
ITEM-00068,愤怒,False,3,0.35555555555555557,35,0.08571428571428572
ITEM-00068,敌意,False,4,0.26666666666666666,35,0.11428571428571428
ITEM-00068,满足,False,1,0.26666666666666666,35,0.02857142857142857
ITEM-00068,烦躁,False,5,0.3333333333333333,35,0.14285714285714285
ITEM-00068,紧张,False,1,0.13333333333333333,35,0.02857142857142857
ITEM-00068,自满,False,1,0.2,35,0.02857142857142857
ITEM-00068,自豪,False,1,0.2,35,0.02857142857142857
ITEM-00068,蔑视,False,5,0.30666666666666664,35,0.14285714285714285
ITEM-00069,共情痛苦,False,1,0.26666666666666666,24,0.041666666666666664
ITEM-00069,希望,False,1,0.4,24,0.041666666666666664
ITEM-00069,快乐,False,1,0.2,24,0.041666666666666664
ITEM-00069,怀旧,False,2,0.33333333333333337,24,0.08333333333333333
ITEM-00069,愉悦,True,12,0.29444444444444445,24,0.5
ITEM-00069,感动,False,2,0.3,24,0.08333333333333333
ITEM-00069,感激,True,8,0.2583333333333333,24,0.3333333333333333
ITEM-00069,抑郁,False,1,0.26666666666666666,24,0.041666666666666664
ITEM-00069,渴望,False,1,0.2,24,0.041666666666666664
ITEM-00069,满足,False,2,0.26666666666666666,24,0.08333333333333333
ITEM-00069,爱,True,21,0.2984126984126984,24,0.875
ITEM-00069,遗憾,False,2,0.16666666666666669,24,0.08333333333333333
ITEM-00070,不屑,False,1,0.26666666666666666,37,0.02702702702702703
ITEM-00070,冷静,False,1,0.26666666666666666,37,0.02702702702702703
ITEM-00070,厌倦,False,2,0.33333333333333337,37,0.05405405405405406
ITEM-00070,困惑,True,29,0.31264367816091954,37,0.7837837837837838
ITEM-00070,失望,False,1,0.3333333333333333,37,0.02702702702702703
ITEM-00070,委屈,False,6,0.3111111111111111,37,0.16216216216216217
ITEM-00070,嫉妒,False,1,0.4666666666666667,37,0.02702702702702703
ITEM-00070,怨恨,False,3,0.4444444444444445,37,0.08108108108108109
ITEM-00070,恐惧,False,1,0.3333333333333333,37,0.02702702702702703
ITEM-00070,悲伤,False,2,0.2,37,0.05405405405405406
ITEM-00070,惊讶,False,1,0.3333333333333333,37,0.02702702702702703
ITEM-00070,愁闷,False,4,0.36666666666666664,37,0.10810810810810811
ITEM-00070,愤怒,False,3,0.26666666666666666,37,0.08108108108108109
ITEM-00070,敌意,False,2,0.26666666666666666,37,0.05405405405405406
ITEM-00070,渴望,False,2,0.3,37,0.05405405405405406
ITEM-00070,烦躁,False,3,0.2888888888888889,37,0.08108108108108109
ITEM-00070,痛苦,True,22,0.3151515151515152,37,0.5945945945945946
ITEM-00070,绝望,False,2,0.3,37,0.05405405405405406
ITEM-00070,蔑视,False,1,0.26666666666666666,37,0.02702702702702703
ITEM-00070,遗憾,False,1,0.26666666666666666,37,0.02702702702702703
ITEM-00070,震惊,False,1,0.3333333333333333,37,0.02702702702702703
ITEM-00071,困惑,False,1,0.2,18,0.05555555555555555
ITEM-00071,失望,True,14,0.3095238095238095,18,0.7777777777777778
ITEM-00071,委屈,False,3,0.3111111111111111,18,0.16666666666666666
ITEM-00071,悲伤,False,3,0.26666666666666666,18,0.16666666666666666
ITEM-00071,愁闷,False,3,0.26666666666666666,18,0.16666666666666666
ITEM-00071,抑郁,False,1,0.4,18,0.05555555555555555
ITEM-00071,担忧,False,3,0.2888888888888889,18,0.16666666666666666
ITEM-00071,敌意,False,1,0.2,18,0.05555555555555555
ITEM-00071,焦虑,False,1,0.2,18,0.05555555555555555
ITEM-00071,痛苦,False,2,0.23333333333333334,18,0.1111111111111111
ITEM-00071,紧张,False,1,0.3333333333333333,18,0.05555555555555555
ITEM-00071,绝望,False,1,0.4,18,0.05555555555555555
ITEM-00071,遗憾,False,2,0.4666666666666667,18,0.1111111111111111
ITEM-00071,释然,False,2,0.23333333333333334,18,0.1111111111111111
ITEM-00071,震惊,True,5,0.3066666666666667,18,0.2777777777777778
ITEM-00072,兴趣,True,1,0.2,26,0.038461538461538464
ITEM-00072,冷静,False,2,0.26666666666666666,26,0.07692307692307693
ITEM-00072,好奇,False,1,0.5333333333333333,26,0.038461538461538464
ITEM-00072,希望,True,13,0.3384615384615385,26,0.5
ITEM-00072,快乐,False,1,0.13333333333333333,26,0.038461538461538464
ITEM-00072,愉悦,True,9,0.35555555555555557,26,0.34615384615384615
ITEM-00072,感动,False,1,0.2,26,0.038461538461538464
ITEM-00072,感激,False,2,0.43333333333333335,26,0.07692307692307693
ITEM-00072,满足,True,20,0.33999999999999997,26,0.7692307692307693
ITEM-00072,自豪,False,1,0.26666666666666666,26,0.038461538461538464
ITEM-00072,轻松,True,22,0.3424242424242424,26,0.8461538461538461
ITEM-00072,释然,False,3,0.39999999999999997,26,0.11538461538461539
ITEM-00073,共情痛苦,False,2,0.19999999999999998,19,0.10526315789473684
ITEM-00073,内疚,False,1,0.2,19,0.05263157894736842
ITEM-00073,崇拜,False,1,0.5333333333333333,19,0.05263157894736842
ITEM-00073,希望,False,2,0.3,19,0.10526315789473684
ITEM-00073,愉悦,False,1,0.26666666666666666,19,0.05263157894736842
ITEM-00073,感动,True,16,0.31666666666666665,19,0.8421052631578947
ITEM-00073,感激,False,2,0.43333333333333335,19,0.10526315789473684
ITEM-00073,渴望,False,2,0.4666666666666667,19,0.10526315789473684
ITEM-00073,爱,True,5,0.3333333333333333,19,0.2631578947368421
ITEM-00073,羡慕,False,1,0.4,19,0.05263157894736842
ITEM-00073,自豪,False,2,0.26666666666666666,19,0.10526315789473684
ITEM-00073,遗憾,False,2,0.3333333333333333,19,0.10526315789473684
ITEM-00073,释然,False,1,0.4,19,0.05263157894736842
ITEM-00074,不屑,False,1,0.3333333333333333,14,0.07142857142857142
ITEM-00074,共情痛苦,False,1,0.26666666666666666,14,0.07142857142857142
ITEM-00074,兴奋,False,1,0.26666666666666666,14,0.07142857142857142
ITEM-00074,自豪,True,11,0.32727272727272727,14,0.7857142857142857
ITEM-00075,不屑,False,1,0.2,29,0.034482758620689655
ITEM-00075,共情痛苦,False,1,0.3333333333333333,29,0.034482758620689655
ITEM-00075,厌倦,False,1,0.2,29,0.034482758620689655
ITEM-00075,厌恶,False,5,0.29333333333333333,29,0.1724137931034483
ITEM-00075,失望,False,4,0.2833333333333333,29,0.13793103448275862
ITEM-00075,好奇,False,1,0.26666666666666666,29,0.034482758620689655
ITEM-00075,怨恨,False,3,0.2888888888888889,29,0.10344827586206896
ITEM-00075,恐惧,False,1,0.4,29,0.034482758620689655
ITEM-00075,惊喜,False,1,0.3333333333333333,29,0.034482758620689655
ITEM-00075,惊讶,False,2,0.2,29,0.06896551724137931
ITEM-00075,愁闷,False,1,0.13333333333333333,29,0.034482758620689655
ITEM-00075,愤怒,True,19,0.29473684210526313,29,0.6551724137931034
ITEM-00075,担忧,False,1,0.4,29,0.034482758620689655
ITEM-00075,敌意,False,1,0.13333333333333333,29,0.034482758620689655
ITEM-00075,渴望,False,1,0.3333333333333333,29,0.034482758620689655
ITEM-00075,烦躁,False,1,0.13333333333333333,29,0.034482758620689655
ITEM-00075,痛苦,False,1,0.26666666666666666,29,0.034482758620689655
ITEM-00075,紧张,False,2,0.43333333333333335,29,0.06896551724137931
ITEM-00075,绝望,False,1,0.26666666666666666,29,0.034482758620689655
ITEM-00075,震惊,True,18,0.28518518518518515,29,0.6206896551724138
ITEM-00076,共情痛苦,False,2,0.2,24,0.08333333333333333
ITEM-00076,厌恶,False,2,0.3666666666666667,24,0.08333333333333333
ITEM-00076,困惑,False,1,0.3333333333333333,24,0.041666666666666664
ITEM-00076,失望,False,3,0.3333333333333333,24,0.125
ITEM-00076,委屈,False,1,0.4666666666666667,24,0.041666666666666664
ITEM-00076,嫉妒,False,1,0.4666666666666667,24,0.041666666666666664
ITEM-00076,尴尬,False,2,0.33333333333333337,24,0.08333333333333333
ITEM-00076,希望,False,1,0.2,24,0.041666666666666664
ITEM-00076,怨恨,False,3,0.3333333333333333,24,0.125
ITEM-00076,悲伤,False,2,0.2,24,0.08333333333333333
ITEM-00076,愉悦,False,1,0.2,24,0.041666666666666664
ITEM-00076,愤怒,False,2,0.3,24,0.08333333333333333
ITEM-00076,敌意,False,3,0.3333333333333333,24,0.125
ITEM-00076,烦躁,True,16,0.38333333333333336,24,0.6666666666666666
ITEM-00076,痛苦,False,2,0.5,24,0.08333333333333333
ITEM-00076,绝望,False,2,0.30000000000000004,24,0.08333333333333333
ITEM-00076,羞耻,True,3,0.37777777777777777,24,0.125
ITEM-00076,遗憾,False,1,0.4,24,0.041666666666666664
ITEM-00076,震惊,False,3,0.26666666666666666,24,0.125
ITEM-00077,不屑,False,2,0.26666666666666666,26,0.07692307692307693
ITEM-00077,厌倦,True,13,0.28717948717948716,26,0.5
ITEM-00077,厌恶,False,2,0.26666666666666666,26,0.07692307692307693
ITEM-00077,困惑,False,3,0.26666666666666666,26,0.11538461538461539
ITEM-00077,失望,False,2,0.2,26,0.07692307692307693
ITEM-00077,委屈,False,2,0.26666666666666666,26,0.07692307692307693
ITEM-00077,尴尬,False,1,0.13333333333333333,26,0.038461538461538464
ITEM-00077,怀旧,False,1,0.13333333333333333,26,0.038461538461538464
ITEM-00077,怨恨,False,1,0.13333333333333333,26,0.038461538461538464
ITEM-00077,惊讶,False,1,0.26666666666666666,26,0.038461538461538464
ITEM-00077,愤怒,False,3,0.19999999999999998,26,0.11538461538461539
ITEM-00077,敌意,False,1,0.26666666666666666,26,0.038461538461538464
ITEM-00077,烦躁,True,19,0.2912280701754386,26,0.7307692307692307
ITEM-00077,焦虑,False,1,0.2,26,0.038461538461538464
ITEM-00077,绝望,False,1,0.26666666666666666,26,0.038461538461538464
ITEM-00077,蔑视,False,1,0.5333333333333333,26,0.038461538461538464
ITEM-00078,共情痛苦,False,1,0.42857142857142855,64,0.015625
ITEM-00078,兴奋,False,1,0.0,64,0.015625
ITEM-00078,内疚,True,18,0.31746031746031744,64,0.28125
ITEM-00078,冷静,False,1,0.14285714285714285,64,0.015625
ITEM-00078,厌倦,False,1,0.14285714285714285,64,0.015625
ITEM-00078,厌恶,False,2,0.2857142857142857,64,0.03125
ITEM-00078,失望,False,2,0.2857142857142857,64,0.03125
ITEM-00078,委屈,False,11,0.20779220779220778,64,0.171875
ITEM-00078,审美欣赏,False,1,0.2857142857142857,64,0.015625
ITEM-00078,尴尬,False,2,0.14285714285714285,64,0.03125
ITEM-00078,希望,False,1,0.2857142857142857,64,0.015625
ITEM-00078,怀旧,False,1,0.0,64,0.015625
ITEM-00078,怨恨,False,2,0.5714285714285714,64,0.03125
ITEM-00078,恐惧,False,3,0.2857142857142857,64,0.046875
ITEM-00078,悲伤,True,51,0.24929971988795516,64,0.796875
ITEM-00078,愁闷,False,7,0.22448979591836735,64,0.109375
ITEM-00078,感激,False,1,0.14285714285714285,64,0.015625
ITEM-00078,愤怒,False,1,0.0,64,0.015625
ITEM-00078,抑郁,False,1,0.14285714285714285,64,0.015625
ITEM-00078,担忧,False,5,0.2571428571428571,64,0.078125
ITEM-00078,烦躁,False,4,0.25,64,0.0625
ITEM-00078,焦虑,False,4,0.3214285714285714,64,0.0625
ITEM-00078,爱,False,2,0.2857142857142857,64,0.03125
ITEM-00078,痛苦,False,7,0.18367346938775508,64,0.109375
ITEM-00078,紧张,False,2,0.3571428571428571,64,0.03125
ITEM-00078,绝望,False,3,0.38095238095238093,64,0.046875
ITEM-00078,羞耻,False,2,0.14285714285714285,64,0.03125
ITEM-00078,遗憾,False,2,0.3571428571428571,64,0.03125
ITEM-00079,兴趣,False,1,0.0,34,0.029411764705882353
ITEM-00079,内疚,False,1,0.14285714285714285,34,0.029411764705882353
ITEM-00079,冷静,False,3,0.09523809523809523,34,0.08823529411764706
ITEM-00079,厌恶,False,1,0.2857142857142857,34,0.029411764705882353
ITEM-00079,困惑,False,3,0.14285714285714285,34,0.08823529411764706
ITEM-00079,失望,False,4,0.42857142857142855,34,0.11764705882352941
ITEM-00079,好奇,False,1,0.0,34,0.029411764705882353
ITEM-00079,委屈,True,27,0.2116402116402116,34,0.7941176470588235
ITEM-00079,尴尬,False,2,0.07142857142857142,34,0.058823529411764705
ITEM-00079,平静,False,3,0.19047619047619047,34,0.08823529411764706
ITEM-00079,怨恨,False,2,0.07142857142857142,34,0.058823529411764705
ITEM-00079,恐惧,False,3,0.2857142857142857,34,0.08823529411764706
ITEM-00079,悲伤,True,16,0.19642857142857142,34,0.47058823529411764
ITEM-00079,愁闷,False,2,0.14285714285714285,34,0.058823529411764705
ITEM-00079,担忧,False,4,0.25,34,0.11764705882352941
ITEM-00079,渴望,False,1,0.14285714285714285,34,0.029411764705882353
ITEM-00079,烦躁,False,1,0.14285714285714285,34,0.029411764705882353
ITEM-00079,紧张,False,2,0.14285714285714285,34,0.058823529411764705
ITEM-00079,绝望,False,2,0.14285714285714285,34,0.058823529411764705
ITEM-00079,羞耻,False,1,0.14285714285714285,34,0.029411764705882353
ITEM-00080,共情痛苦,False,2,0.2857142857142857,35,0.05714285714285714
ITEM-00080,兴奋,False,1,0.0,35,0.02857142857142857
ITEM-00080,冷静,False,2,0.07142857142857142,35,0.05714285714285714
ITEM-00080,困惑,False,1,0.42857142857142855,35,0.02857142857142857
ITEM-00080,失望,False,1,0.14285714285714285,35,0.02857142857142857
ITEM-00080,委屈,False,2,0.2857142857142857,35,0.05714285714285714
ITEM-00080,尴尬,False,1,0.2857142857142857,35,0.02857142857142857
ITEM-00080,希望,False,1,0.2857142857142857,35,0.02857142857142857
ITEM-00080,平静,False,1,0.14285714285714285,35,0.02857142857142857
ITEM-00080,怀旧,True,17,0.22689075630252098,35,0.4857142857142857
ITEM-00080,悲伤,False,6,0.21428571428571427,35,0.17142857142857143
ITEM-00080,惊讶,False,1,0.14285714285714285,35,0.02857142857142857
ITEM-00080,愁闷,False,2,0.21428571428571427,35,0.05714285714285714
ITEM-00080,愉悦,True,4,0.2857142857142857,35,0.11428571428571428
ITEM-00080,感动,True,3,0.3333333333333333,35,0.08571428571428572
ITEM-00080,渴望,False,1,0.14285714285714285,35,0.02857142857142857
ITEM-00080,痛苦,False,1,0.14285714285714285,35,0.02857142857142857
ITEM-00080,紧张,False,1,0.14285714285714285,35,0.02857142857142857
ITEM-00080,羞耻,False,1,0.2857142857142857,35,0.02857142857142857
ITEM-00080,遗憾,True,27,0.1693121693121693,35,0.7714285714285715
ITEM-00080,释然,False,2,0.21428571428571427,35,0.05714285714285714
ITEM-00081,共情痛苦,False,5,0.37333333333333335,26,0.19230769230769232
ITEM-00081,兴趣,False,2,0.4,26,0.07692307692307693
ITEM-00081,内疚,False,3,0.17777777777777778,26,0.11538461538461539
ITEM-00081,厌倦,False,1,0.4,26,0.038461538461538464
ITEM-00081,审美欣赏,True,20,0.29,26,0.7692307692307693
ITEM-00081,怀旧,True,15,0.2577777777777778,26,0.5769230769230769
ITEM-00081,愁闷,False,1,0.2,26,0.038461538461538464
ITEM-00081,感动,False,2,0.23333333333333334,26,0.07692307692307693
ITEM-00081,抑郁,False,2,0.26666666666666666,26,0.07692307692307693
ITEM-00081,满足,False,1,0.3333333333333333,26,0.038461538461538464
ITEM-00081,蔑视,False,1,0.4,26,0.038461538461538464
ITEM-00081,轻松,False,1,0.4,26,0.038461538461538464
ITEM-00081,遗憾,False,2,0.16666666666666669,26,0.07692307692307693
ITEM-00081,释然,False,2,0.4,26,0.07692307692307693
ITEM-00081,震惊,False,1,0.3333333333333333,26,0.038461538461538464
ITEM-00082,内疚,False,1,0.2,15,0.06666666666666667
ITEM-00082,冷静,False,1,0.4666666666666667,15,0.06666666666666667
ITEM-00082,审美欣赏,False,1,0.13333333333333333,15,0.06666666666666667
ITEM-00082,尴尬,False,2,0.23333333333333334,15,0.13333333333333333
ITEM-00082,恐惧,False,1,0.5333333333333333,15,0.06666666666666667
ITEM-00082,惊讶,False,2,0.3666666666666667,15,0.13333333333333333
ITEM-00082,愁闷,False,1,0.2,15,0.06666666666666667
ITEM-00082,感动,False,1,0.13333333333333333,15,0.06666666666666667
ITEM-00082,担忧,False,1,0.3333333333333333,15,0.06666666666666667
ITEM-00082,敌意,False,2,0.2,15,0.13333333333333333
ITEM-00082,焦虑,True,8,0.275,15,0.5333333333333333
ITEM-00082,痛苦,False,1,0.4666666666666667,15,0.06666666666666667
ITEM-00082,紧张,True,13,0.29230769230769227,15,0.8666666666666667
ITEM-00083,兴奋,False,1,0.26666666666666666,19,0.05263157894736842
ITEM-00083,好奇,False,1,0.26666666666666666,19,0.05263157894736842
ITEM-00083,审美欣赏,False,2,0.23333333333333334,19,0.10526315789473684
ITEM-00083,希望,False,2,0.26666666666666666,19,0.10526315789473684
ITEM-00083,平静,False,1,0.4,19,0.05263157894736842
ITEM-00083,怀旧,False,1,0.13333333333333333,19,0.05263157894736842
ITEM-00083,愉悦,False,2,0.26666666666666666,19,0.10526315789473684
ITEM-00083,渴望,False,1,0.4,19,0.05263157894736842
ITEM-00083,满足,False,1,0.06666666666666667,19,0.05263157894736842
ITEM-00083,爱,True,16,0.2833333333333333,19,0.8421052631578947
ITEM-00083,紧张,False,2,0.33333333333333337,19,0.10526315789473684
ITEM-00083,蔑视,False,1,0.2,19,0.05263157894736842
ITEM-00083,轻松,False,2,0.26666666666666666,19,0.10526315789473684
ITEM-00083,遗憾,False,2,0.3,19,0.10526315789473684
ITEM-00083,释然,True,6,0.37777777777777777,19,0.3157894736842105
ITEM-00084,不屑,False,1,0.2857142857142857,43,0.023255813953488372
ITEM-00084,内疚,False,2,0.07142857142857142,43,0.046511627906976744
ITEM-00084,冷静,False,1,0.0,43,0.023255813953488372
ITEM-00084,厌倦,False,1,0.14285714285714285,43,0.023255813953488372
ITEM-00084,厌恶,False,2,0.14285714285714285,43,0.046511627906976744
ITEM-00084,困惑,False,2,0.3571428571428571,43,0.046511627906976744
ITEM-00084,失望,False,5,0.2571428571428571,43,0.11627906976744186
ITEM-00084,委屈,False,4,0.14285714285714285,43,0.09302325581395349
ITEM-00084,嫉妒,False,5,0.2,43,0.11627906976744186
ITEM-00084,尴尬,False,2,0.07142857142857142,43,0.046511627906976744
ITEM-00084,快乐,False,1,0.2857142857142857,43,0.023255813953488372
ITEM-00084,怨恨,False,6,0.19047619047619047,43,0.13953488372093023
ITEM-00084,悲伤,False,2,0.21428571428571427,43,0.046511627906976744
ITEM-00084,惊讶,False,1,0.14285714285714285,43,0.023255813953488372
ITEM-00084,愁闷,False,3,0.14285714285714285,43,0.06976744186046512
ITEM-00084,愤怒,False,6,0.21428571428571427,43,0.13953488372093023
ITEM-00084,担忧,False,1,0.14285714285714285,43,0.023255813953488372
ITEM-00084,敌意,False,2,0.21428571428571427,43,0.046511627906976744
ITEM-00084,烦躁,True,24,0.24404761904761904,43,0.5581395348837209
ITEM-00084,焦虑,False,3,0.19047619047619047,43,0.06976744186046512
ITEM-00084,痛苦,False,2,0.3571428571428571,43,0.046511627906976744
ITEM-00084,绝望,False,1,0.0,43,0.023255813953488372
ITEM-00084,羞耻,True,7,0.2857142857142857,43,0.16279069767441862
ITEM-00084,蔑视,False,4,0.17857142857142855,43,0.09302325581395349
ITEM-00084,震惊,False,4,0.2857142857142857,43,0.09302325581395349
ITEM-00085,兴奋,True,12,0.3,13,0.9230769230769231
ITEM-00085,委屈,False,1,0.26666666666666666,13,0.07692307692307693
ITEM-00085,希望,False,1,0.26666666666666666,13,0.07692307692307693
ITEM-00085,快乐,False,1,0.5333333333333333,13,0.07692307692307693
ITEM-00085,惊喜,False,1,0.4666666666666667,13,0.07692307692307693
ITEM-00085,惊讶,False,1,0.26666666666666666,13,0.07692307692307693
ITEM-00085,愉悦,False,1,0.2,13,0.07692307692307693
ITEM-00085,感动,False,2,0.43333333333333335,13,0.15384615384615385
ITEM-00085,感激,False,1,0.13333333333333333,13,0.07692307692307693
ITEM-00085,满足,False,3,0.2888888888888889,13,0.23076923076923078
ITEM-00085,爱,False,2,0.4,13,0.15384615384615385
ITEM-00085,自豪,True,13,0.28717948717948716,13,1.0
ITEM-00086,不屑,False,3,0.19047619047619047,51,0.058823529411764705
ITEM-00086,共情痛苦,False,1,0.0,51,0.0196078431372549
ITEM-00086,厌倦,True,29,0.19704433497536947,51,0.5686274509803921
ITEM-00086,厌恶,False,2,0.07142857142857142,51,0.0392156862745098
ITEM-00086,困惑,False,1,0.0,51,0.0196078431372549
ITEM-00086,失望,False,2,0.14285714285714285,51,0.0392156862745098
ITEM-00086,委屈,False,1,0.14285714285714285,51,0.0196078431372549
ITEM-00086,嫉妒,False,2,0.14285714285714285,51,0.0392156862745098
ITEM-00086,怨恨,False,3,0.3333333333333333,51,0.058823529411764705
ITEM-00086,愤怒,False,2,0.2857142857142857,51,0.0392156862745098
ITEM-00086,敌意,False,8,0.25,51,0.1568627450980392
ITEM-00086,烦躁,True,43,0.19933554817275748,51,0.8431372549019608
ITEM-00086,羞耻,False,1,0.14285714285714285,51,0.0196078431372549
ITEM-00086,自豪,False,1,0.14285714285714285,51,0.0196078431372549
ITEM-00086,蔑视,False,5,0.22857142857142856,51,0.09803921568627451
ITEM-00086,轻松,False,1,0.0,51,0.0196078431372549
ITEM-00086,释然,False,1,0.0,51,0.0196078431372549
ITEM-00086,震惊,False,3,0.14285714285714285,51,0.058823529411764705
ITEM-00087,兴奋,True,11,0.28484848484848485,17,0.6470588235294118
ITEM-00087,兴趣,False,2,0.2,17,0.11764705882352941
ITEM-00087,好奇,False,3,0.26666666666666666,17,0.17647058823529413
ITEM-00087,崇拜,False,1,0.3333333333333333,17,0.058823529411764705
ITEM-00087,希望,False,1,0.3333333333333333,17,0.058823529411764705
ITEM-00087,快乐,False,4,0.3833333333333333,17,0.23529411764705882
ITEM-00087,惊喜,True,12,0.3333333333333333,17,0.7058823529411765
ITEM-00087,愉悦,False,3,0.3333333333333333,17,0.17647058823529413
ITEM-00087,感动,False,2,0.26666666666666666,17,0.11764705882352941
ITEM-00087,满足,False,2,0.26666666666666666,17,0.11764705882352941
ITEM-00087,爱,True,13,0.2769230769230769,17,0.7647058823529411
ITEM-00087,遗憾,False,1,0.26666666666666666,17,0.058823529411764705
ITEM-00087,震惊,False,1,0.4,17,0.058823529411764705
ITEM-00088,兴奋,True,22,0.3242424242424242,24,0.9166666666666666
ITEM-00088,快乐,True,20,0.33999999999999997,24,0.8333333333333334
ITEM-00088,惊喜,True,19,0.3192982456140351,24,0.7916666666666666
ITEM-00088,惊讶,False,1,0.3333333333333333,24,0.041666666666666664
ITEM-00088,愉悦,False,2,0.3666666666666667,24,0.08333333333333333
ITEM-00088,爱,True,18,0.337037037037037,24,0.75
ITEM-00088,轻松,False,1,0.26666666666666666,24,0.041666666666666664
ITEM-00089,兴奋,False,1,0.13333333333333333,19,0.05263157894736842
ITEM-00089,内疚,False,1,0.3333333333333333,19,0.05263157894736842
ITEM-00089,厌恶,False,1,0.4,19,0.05263157894736842
ITEM-00089,同情,True,13,0.3128205128205128,19,0.6842105263157895
ITEM-00089,困惑,False,2,0.26666666666666666,19,0.10526315789473684
ITEM-00089,失望,False,1,0.4666666666666667,19,0.05263157894736842
ITEM-00089,委屈,False,1,0.3333333333333333,19,0.05263157894736842
ITEM-00089,悲伤,True,15,0.3333333333333333,19,0.7894736842105263
ITEM-00089,感激,False,1,0.13333333333333333,19,0.05263157894736842
ITEM-00089,抑郁,False,1,0.3333333333333333,19,0.05263157894736842
ITEM-00089,担忧,True,13,0.29230769230769227,19,0.6842105263157895
ITEM-00089,敌意,False,1,0.3333333333333333,19,0.05263157894736842
ITEM-00089,痛苦,False,2,0.33333333333333337,19,0.10526315789473684
ITEM-00089,紧张,False,1,0.26666666666666666,19,0.05263157894736842
ITEM-00089,震惊,False,4,0.3666666666666667,19,0.21052631578947367
ITEM-00090,共情痛苦,False,1,0.13333333333333333,29,0.034482758620689655
ITEM-00090,兴奋,False,1,0.2,29,0.034482758620689655
ITEM-00090,内疚,False,2,0.3,29,0.06896551724137931
ITEM-00090,厌恶,False,3,0.24444444444444446,29,0.10344827586206896
ITEM-00090,困惑,False,2,0.26666666666666666,29,0.06896551724137931
ITEM-00090,失望,True,21,0.32063492063492066,29,0.7241379310344828
ITEM-00090,委屈,False,1,0.26666666666666666,29,0.034482758620689655
ITEM-00090,希望,False,1,0.2,29,0.034482758620689655
ITEM-00090,怨恨,True,25,0.304,29,0.8620689655172413
ITEM-00090,恐惧,False,1,0.4,29,0.034482758620689655
ITEM-00090,悲伤,False,2,0.3333333333333333,29,0.06896551724137931
ITEM-00090,愁闷,False,1,0.4,29,0.034482758620689655
ITEM-00090,愤怒,False,1,0.3333333333333333,29,0.034482758620689655
ITEM-00090,抑郁,False,1,0.4,29,0.034482758620689655
ITEM-00090,敌意,False,3,0.2222222222222222,29,0.10344827586206896
ITEM-00090,烦躁,False,2,0.26666666666666666,29,0.06896551724137931
ITEM-00090,焦虑,False,1,0.26666666666666666,29,0.034482758620689655
ITEM-00090,痛苦,False,4,0.4166666666666667,29,0.13793103448275862
ITEM-00090,紧张,False,1,0.13333333333333333,29,0.034482758620689655
ITEM-00090,绝望,False,4,0.2833333333333333,29,0.13793103448275862
ITEM-00090,遗憾,False,2,0.26666666666666666,29,0.06896551724137931
ITEM-00090,震惊,False,1,0.3333333333333333,29,0.034482758620689655
ITEM-00091,不屑,False,1,0.2,28,0.03571428571428571
ITEM-00091,共情痛苦,False,4,0.2833333333333333,28,0.14285714285714285
ITEM-00091,兴奋,False,1,0.13333333333333333,28,0.03571428571428571
ITEM-00091,内疚,True,14,0.3523809523809524,28,0.5
ITEM-00091,厌倦,False,1,0.2,28,0.03571428571428571
ITEM-00091,失望,False,2,0.26666666666666666,28,0.07142857142857142
ITEM-00091,委屈,False,3,0.3333333333333333,28,0.10714285714285714
ITEM-00091,恐惧,False,1,0.2,28,0.03571428571428571
ITEM-00091,悲伤,False,2,0.3333333333333333,28,0.07142857142857142
ITEM-00091,抑郁,False,1,0.4,28,0.03571428571428571
ITEM-00091,担忧,False,3,0.2222222222222222,28,0.10714285714285714
ITEM-00091,渴望,False,1,0.13333333333333333,28,0.03571428571428571
ITEM-00091,烦躁,False,3,0.26666666666666666,28,0.10714285714285714
ITEM-00091,痛苦,True,22,0.3151515151515152,28,0.7857142857142857
ITEM-00091,紧张,False,2,0.26666666666666666,28,0.07142857142857142
ITEM-00091,绝望,False,2,0.3,28,0.07142857142857142
ITEM-00091,遗憾,False,1,0.3333333333333333,28,0.03571428571428571
ITEM-00091,震惊,False,1,0.13333333333333333,28,0.03571428571428571
ITEM-00092,共情痛苦,False,1,0.5333333333333333,28,0.03571428571428571
ITEM-00092,内疚,True,20,0.31666666666666665,28,0.7142857142857143
ITEM-00092,委屈,False,1,0.2,28,0.03571428571428571
ITEM-00092,怀旧,False,1,0.13333333333333333,28,0.03571428571428571
ITEM-00092,悲伤,True,25,0.304,28,0.8928571428571429
ITEM-00092,愁闷,False,2,0.23333333333333334,28,0.07142857142857142
ITEM-00092,抑郁,False,1,0.4,28,0.03571428571428571
ITEM-00092,担忧,False,1,0.2,28,0.03571428571428571
ITEM-00092,烦躁,False,2,0.26666666666666666,28,0.07142857142857142
ITEM-00092,爱,False,2,0.2,28,0.07142857142857142
ITEM-00092,痛苦,True,21,0.2984126984126984,28,0.75
ITEM-00092,羞耻,False,1,0.26666666666666666,28,0.03571428571428571
ITEM-00092,遗憾,False,3,0.3333333333333333,28,0.10714285714285714
ITEM-00093,共情痛苦,False,2,0.3666666666666667,36,0.05555555555555555
ITEM-00093,内疚,False,1,0.3333333333333333,36,0.027777777777777776
ITEM-00093,困惑,False,2,0.3,36,0.05555555555555555
ITEM-00093,失望,False,3,0.2888888888888889,36,0.08333333333333333
ITEM-00093,委屈,True,26,0.3,36,0.7222222222222222
ITEM-00093,审美欣赏,False,1,0.26666666666666666,36,0.027777777777777776
ITEM-00093,怨恨,False,1,0.3333333333333333,36,0.027777777777777776
ITEM-00093,恐惧,False,1,0.26666666666666666,36,0.027777777777777776
ITEM-00093,悲伤,True,26,0.30512820512820515,36,0.7222222222222222
ITEM-00093,愁闷,False,2,0.13333333333333333,36,0.05555555555555555
ITEM-00093,感动,False,3,0.19999999999999998,36,0.08333333333333333
ITEM-00093,满足,False,1,0.4,36,0.027777777777777776
ITEM-00093,烦躁,False,2,0.26666666666666666,36,0.05555555555555555
ITEM-00093,焦虑,False,3,0.3111111111111111,36,0.08333333333333333
ITEM-00093,痛苦,False,2,0.43333333333333335,36,0.05555555555555555
ITEM-00093,紧张,False,3,0.2888888888888889,36,0.08333333333333333
ITEM-00093,绝望,False,4,0.2833333333333333,36,0.1111111111111111
ITEM-00093,遗憾,False,2,0.19999999999999998,36,0.05555555555555555
ITEM-00093,释然,False,1,0.2,36,0.027777777777777776
ITEM-00094,共情痛苦,False,1,0.13333333333333333,23,0.043478260869565216
ITEM-00094,兴趣,True,13,0.358974358974359,23,0.5652173913043478
ITEM-00094,厌恶,False,1,0.3333333333333333,23,0.043478260869565216
ITEM-00094,好奇,False,2,0.4,23,0.08695652173913043
ITEM-00094,审美欣赏,False,1,0.2,23,0.043478260869565216
ITEM-00094,尴尬,False,2,0.26666666666666666,23,0.08695652173913043
ITEM-00094,希望,False,1,0.2,23,0.043478260869565216
ITEM-00094,平静,False,1,0.13333333333333333,23,0.043478260869565216
ITEM-00094,快乐,False,1,0.26666666666666666,23,0.043478260869565216
ITEM-00094,怀旧,False,1,0.4666666666666667,23,0.043478260869565216
ITEM-00094,愉悦,False,2,0.16666666666666669,23,0.08695652173913043
ITEM-00094,愤怒,False,1,0.3333333333333333,23,0.043478260869565216
ITEM-00094,担忧,False,1,0.26666666666666666,23,0.043478260869565216
ITEM-00094,渴望,True,5,0.37333333333333335,23,0.21739130434782608
ITEM-00094,爱,False,1,0.4666666666666667,23,0.043478260869565216
ITEM-00094,紧张,False,1,0.4666666666666667,23,0.043478260869565216
ITEM-00094,轻松,False,3,0.2888888888888889,23,0.13043478260869565
ITEM-00094,释然,False,1,0.2,23,0.043478260869565216
ITEM-00094,震惊,False,1,0.13333333333333333,23,0.043478260869565216
ITEM-00095,共情痛苦,False,1,0.4,28,0.03571428571428571
ITEM-00095,内疚,True,26,0.32564102564102565,28,0.9285714285714286
ITEM-00095,厌倦,False,1,0.2,28,0.03571428571428571
ITEM-00095,委屈,False,2,0.30000000000000004,28,0.07142857142857142
ITEM-00095,希望,False,1,0.3333333333333333,28,0.03571428571428571
ITEM-00095,恐惧,False,1,0.4,28,0.03571428571428571
ITEM-00095,悲伤,False,3,0.37777777777777777,28,0.10714285714285714
ITEM-00095,抑郁,False,2,0.3666666666666667,28,0.07142857142857142
ITEM-00095,焦虑,False,1,0.2,28,0.03571428571428571
ITEM-00095,爱,False,1,0.2,28,0.03571428571428571
ITEM-00095,痛苦,True,23,0.34782608695652173,28,0.8214285714285714
ITEM-00095,紧张,False,1,0.2,28,0.03571428571428571
ITEM-00095,绝望,False,1,0.4,28,0.03571428571428571
ITEM-00095,羞耻,False,3,0.3333333333333333,28,0.10714285714285714
ITEM-00095,遗憾,False,5,0.4133333333333334,28,0.17857142857142858
ITEM-00096,兴奋,False,1,0.13333333333333333,40,0.025
ITEM-00096,兴趣,False,2,0.3666666666666667,40,0.05
ITEM-00096,好奇,False,1,0.3333333333333333,40,0.025
ITEM-00096,审美欣赏,True,29,0.30574712643678165,40,0.725
ITEM-00096,希望,False,4,0.31666666666666665,40,0.1
ITEM-00096,平静,False,6,0.2777777777777778,40,0.15
ITEM-00096,快乐,False,7,0.2761904761904762,40,0.175
ITEM-00096,怀旧,False,1,0.2,40,0.025
ITEM-00096,惊喜,False,3,0.4222222222222222,40,0.075
ITEM-00096,愉悦,True,31,0.3290322580645161,40,0.775
ITEM-00096,感激,False,2,0.2,40,0.05
ITEM-00096,渴望,False,1,0.4666666666666667,40,0.025
ITEM-00096,满足,False,6,0.35555555555555557,40,0.15
ITEM-00096,爱,False,4,0.2833333333333333,40,0.1
ITEM-00096,自满,False,2,0.16666666666666669,40,0.05
ITEM-00096,轻松,False,4,0.4,40,0.1
ITEM-00096,释然,False,1,0.2,40,0.025
ITEM-00096,震惊,False,1,0.5333333333333333,40,0.025
ITEM-00097,冷静,False,1,0.2,36,0.027777777777777776
ITEM-00097,厌倦,False,3,0.26666666666666666,36,0.08333333333333333
ITEM-00097,厌恶,False,1,0.26666666666666666,36,0.027777777777777776
ITEM-00097,嫉妒,False,1,0.2,36,0.027777777777777776
ITEM-00097,审美欣赏,False,1,0.2,36,0.027777777777777776
ITEM-00097,希望,False,2,0.33333333333333337,36,0.05555555555555555
ITEM-00097,平静,False,3,0.15555555555555556,36,0.08333333333333333
ITEM-00097,快乐,True,8,0.3,36,0.2222222222222222
ITEM-00097,怀旧,False,4,0.2833333333333333,36,0.1111111111111111
ITEM-00097,恐惧,False,1,0.26666666666666666,36,0.027777777777777776
ITEM-00097,愁闷,False,1,0.26666666666666666,36,0.027777777777777776
ITEM-00097,愉悦,False,4,0.31666666666666665,36,0.1111111111111111
ITEM-00097,担忧,False,1,0.26666666666666666,36,0.027777777777777776
ITEM-00097,敌意,False,2,0.2,36,0.05555555555555555
ITEM-00097,渴望,False,1,0.06666666666666667,36,0.027777777777777776
ITEM-00097,满足,False,3,0.26666666666666666,36,0.08333333333333333
ITEM-00097,烦躁,False,1,0.26666666666666666,36,0.027777777777777776
ITEM-00097,紧张,False,1,0.26666666666666666,36,0.027777777777777776
ITEM-00097,绝望,False,1,0.26666666666666666,36,0.027777777777777776
ITEM-00097,自满,False,2,0.2,36,0.05555555555555555
ITEM-00097,自豪,False,4,0.33333333333333337,36,0.1111111111111111
ITEM-00097,蔑视,False,3,0.22222222222222224,36,0.08333333333333333
ITEM-00097,轻松,True,19,0.3017543859649123,36,0.5277777777777778
ITEM-00097,遗憾,False,2,0.23333333333333334,36,0.05555555555555555
ITEM-00097,释然,False,1,0.4,36,0.027777777777777776
ITEM-00098,共情痛苦,False,1,0.14285714285714285,28,0.03571428571428571
ITEM-00098,兴趣,False,1,0.2857142857142857,28,0.03571428571428571
ITEM-00098,审美欣赏,False,1,0.2857142857142857,28,0.03571428571428571
ITEM-00098,平静,False,1,0.2857142857142857,28,0.03571428571428571
ITEM-00098,快乐,False,5,0.3142857142857143,28,0.17857142857142858
ITEM-00098,愉悦,False,2,0.21428571428571427,28,0.07142857142857142
ITEM-00098,感激,True,9,0.23809523809523808,28,0.32142857142857145
ITEM-00098,担忧,False,1,0.0,28,0.03571428571428571
ITEM-00098,渴望,False,1,0.2857142857142857,28,0.03571428571428571
ITEM-00098,满足,True,12,0.2857142857142857,28,0.42857142857142855
ITEM-00098,烦躁,False,1,0.0,28,0.03571428571428571
ITEM-00098,爱,False,1,0.2857142857142857,28,0.03571428571428571
ITEM-00098,紧张,False,2,0.2857142857142857,28,0.07142857142857142
ITEM-00098,自满,False,1,0.14285714285714285,28,0.03571428571428571
ITEM-00098,自豪,True,21,0.2789115646258503,28,0.75
ITEM-00098,震惊,False,2,0.07142857142857142,28,0.07142857142857142
ITEM-00100,不屑,True,20,0.20714285714285713,33,0.6060606060606061
ITEM-00100,兴奋,False,1,0.42857142857142855,33,0.030303030303030304
ITEM-00100,内疚,False,1,0.14285714285714285,33,0.030303030303030304
ITEM-00100,厌恶,False,3,0.047619047619047616,33,0.09090909090909091
ITEM-00100,好奇,False,1,0.2857142857142857,33,0.030303030303030304
ITEM-00100,委屈,False,1,0.14285714285714285,33,0.030303030303030304
ITEM-00100,希望,False,1,0.0,33,0.030303030303030304
ITEM-00100,平静,False,1,0.14285714285714285,33,0.030303030303030304
ITEM-00100,得意,True,19,0.20300751879699247,33,0.5757575757575758
ITEM-00100,快乐,False,1,0.14285714285714285,33,0.030303030303030304
ITEM-00100,怨恨,False,1,0.2857142857142857,33,0.030303030303030304
ITEM-00100,悲伤,False,1,0.14285714285714285,33,0.030303030303030304
ITEM-00100,惊讶,False,1,0.5714285714285714,33,0.030303030303030304
ITEM-00100,愁闷,False,1,0.42857142857142855,33,0.030303030303030304
ITEM-00100,抑郁,False,1,0.2857142857142857,33,0.030303030303030304
ITEM-00100,担忧,False,1,0.14285714285714285,33,0.030303030303030304
ITEM-00100,满足,False,1,0.42857142857142855,33,0.030303030303030304
ITEM-00100,烦躁,False,4,0.07142857142857142,33,0.12121212121212122
ITEM-00100,焦虑,False,1,0.14285714285714285,33,0.030303030303030304
ITEM-00100,绝望,False,2,0.5,33,0.06060606060606061
ITEM-00100,自满,False,4,0.21428571428571427,33,0.12121212121212122
ITEM-00100,自豪,False,2,0.2857142857142857,33,0.06060606060606061
ITEM-00100,蔑视,False,3,0.23809523809523805,33,0.09090909090909091
ITEM-00100,轻松,False,5,0.17142857142857143,33,0.15151515151515152
ITEM-00100,遗憾,False,1,0.42857142857142855,33,0.030303030303030304
ITEM-00100,震惊,False,2,0.07142857142857142,33,0.06060606060606061
ITEM-00101,不屑,False,3,0.19047619047619047,28,0.10714285714285714
ITEM-00101,厌恶,False,2,0.14285714285714285,28,0.07142857142857142
ITEM-00101,困惑,True,15,0.19047619047619044,28,0.5357142857142857
ITEM-00101,失望,False,2,0.2857142857142857,28,0.07142857142857142
ITEM-00101,委屈,False,2,0.14285714285714285,28,0.07142857142857142
ITEM-00101,尴尬,True,17,0.21848739495798317,28,0.6071428571428571
ITEM-00101,惊喜,False,1,0.14285714285714285,28,0.03571428571428571
ITEM-00101,惊讶,False,5,0.17142857142857143,28,0.17857142857142858
ITEM-00101,愁闷,False,2,0.14285714285714285,28,0.07142857142857142
ITEM-00101,愤怒,False,2,0.14285714285714285,28,0.07142857142857142
ITEM-00101,敌意,False,2,0.2857142857142857,28,0.07142857142857142
ITEM-00101,焦虑,False,1,0.0,28,0.03571428571428571
ITEM-00101,痛苦,False,1,0.0,28,0.03571428571428571
ITEM-00101,紧张,False,1,0.14285714285714285,28,0.03571428571428571
ITEM-00101,绝望,False,1,0.0,28,0.03571428571428571
ITEM-00101,释然,False,1,0.14285714285714285,28,0.03571428571428571
ITEM-00102,兴奋,False,1,0.14285714285714285,35,0.02857142857142857
ITEM-00102,厌倦,False,4,0.17857142857142855,35,0.11428571428571428
ITEM-00102,厌恶,False,2,0.14285714285714285,35,0.05714285714285714
ITEM-00102,困惑,False,1,0.2857142857142857,35,0.02857142857142857
ITEM-00102,失望,False,3,0.14285714285714285,35,0.08571428571428572
ITEM-00102,委屈,False,1,0.0,35,0.02857142857142857
ITEM-00102,希望,False,1,0.14285714285714285,35,0.02857142857142857
ITEM-00102,平静,False,1,0.0,35,0.02857142857142857
ITEM-00102,惊讶,False,1,0.14285714285714285,35,0.02857142857142857
ITEM-00102,愁闷,False,1,0.14285714285714285,35,0.02857142857142857
ITEM-00102,愤怒,True,25,0.20571428571428568,35,0.7142857142857143
ITEM-00102,抑郁,False,1,0.0,35,0.02857142857142857
ITEM-00102,担忧,False,2,0.2857142857142857,35,0.05714285714285714
ITEM-00102,敌意,False,3,0.23809523809523805,35,0.08571428571428572
ITEM-00102,渴望,False,1,0.14285714285714285,35,0.02857142857142857
ITEM-00102,烦躁,True,28,0.19387755102040813,35,0.8
ITEM-00102,焦虑,False,2,0.07142857142857142,35,0.05714285714285714
ITEM-00102,蔑视,False,2,0.14285714285714285,35,0.05714285714285714
ITEM-00102,轻松,False,1,0.14285714285714285,35,0.02857142857142857
ITEM-00102,震惊,False,1,0.0,35,0.02857142857142857
ITEM-00104,兴奋,True,26,0.13736263736263735,27,0.9629629629629629
ITEM-00104,自豪,False,1,0.2857142857142857,27,0.037037037037037035
ITEM-00105,不屑,False,1,0.2857142857142857,41,0.024390243902439025
ITEM-00105,共情痛苦,False,2,0.07142857142857142,41,0.04878048780487805
ITEM-00105,内疚,True,20,0.2928571428571428,41,0.4878048780487805
ITEM-00105,冷静,False,1,0.14285714285714285,41,0.024390243902439025
ITEM-00105,厌倦,False,1,0.14285714285714285,41,0.024390243902439025
ITEM-00105,厌恶,False,2,0.14285714285714285,41,0.04878048780487805
ITEM-00105,失望,False,3,0.2857142857142857,41,0.07317073170731707
ITEM-00105,委屈,False,1,0.14285714285714285,41,0.024390243902439025
ITEM-00105,尴尬,False,1,0.14285714285714285,41,0.024390243902439025
ITEM-00105,怨恨,False,1,0.14285714285714285,41,0.024390243902439025
ITEM-00105,恐惧,False,2,0.14285714285714285,41,0.04878048780487805
ITEM-00105,悲伤,False,2,0.2857142857142857,41,0.04878048780487805
ITEM-00105,惊讶,False,3,0.23809523809523805,41,0.07317073170731707
ITEM-00105,愁闷,False,2,0.14285714285714285,41,0.04878048780487805
ITEM-00105,愤怒,False,3,0.14285714285714285,41,0.07317073170731707
ITEM-00105,担忧,False,1,0.0,41,0.024390243902439025
ITEM-00105,敌意,False,1,0.14285714285714285,41,0.024390243902439025
ITEM-00105,渴望,False,1,0.42857142857142855,41,0.024390243902439025
ITEM-00105,烦躁,False,1,0.2857142857142857,41,0.024390243902439025
ITEM-00105,焦虑,True,15,0.2857142857142857,41,0.36585365853658536
ITEM-00105,痛苦,False,2,0.14285714285714285,41,0.04878048780487805
ITEM-00105,紧张,True,27,0.2857142857142857,41,0.6585365853658537
ITEM-00105,遗憾,False,1,0.14285714285714285,41,0.024390243902439025
ITEM-00105,震惊,False,3,0.4761904761904761,41,0.07317073170731707
ITEM-00106,共情痛苦,False,1,0.14285714285714285,31,0.03225806451612903
ITEM-00106,冷静,False,1,0.14285714285714285,31,0.03225806451612903
ITEM-00106,审美欣赏,False,2,0.07142857142857142,31,0.06451612903225806
ITEM-00106,快乐,True,15,0.1238095238095238,31,0.4838709677419355
ITEM-00106,惊喜,False,1,0.0,31,0.03225806451612903
ITEM-00106,愉悦,False,2,0.21428571428571427,31,0.06451612903225806
ITEM-00106,敌意,False,1,0.0,31,0.03225806451612903
ITEM-00106,满足,False,4,0.07142857142857142,31,0.12903225806451613
ITEM-00106,爱,False,4,0.21428571428571427,31,0.12903225806451613
ITEM-00107,兴奋,False,3,0.14285714285714285,25,0.12
ITEM-00107,厌恶,False,1,0.14285714285714285,25,0.04
ITEM-00107,好奇,False,1,0.14285714285714285,25,0.04
ITEM-00107,尴尬,False,2,0.07142857142857142,25,0.08
ITEM-00107,崇拜,False,1,0.14285714285714285,25,0.04
ITEM-00107,希望,False,2,0.21428571428571427,25,0.08
ITEM-00107,快乐,True,19,0.21052631578947367,25,0.76
ITEM-00107,惊讶,False,1,0.14285714285714285,25,0.04
ITEM-00107,愉悦,False,4,0.14285714285714285,25,0.16
ITEM-00107,感动,True,9,0.1746031746031746,25,0.36
ITEM-00107,渴望,False,3,0.19047619047619047,25,0.12
ITEM-00107,满足,True,8,0.21428571428571427,25,0.32
ITEM-00107,爱,False,2,0.2857142857142857,25,0.08
ITEM-00107,紧张,False,1,0.14285714285714285,25,0.04
ITEM-00107,自满,False,1,0.2857142857142857,25,0.04
ITEM-00107,自豪,False,1,0.2857142857142857,25,0.04
ITEM-00107,轻松,False,1,0.14285714285714285,25,0.04
ITEM-00107,震惊,False,1,0.14285714285714285,25,0.04
ITEM-00108,共情痛苦,False,2,0.2857142857142857,35,0.05714285714285714
ITEM-00108,兴奋,False,1,0.14285714285714285,35,0.02857142857142857
ITEM-00108,内疚,False,5,0.2571428571428571,35,0.14285714285714285
ITEM-00108,厌恶,False,1,0.0,35,0.02857142857142857
ITEM-00108,困惑,False,1,0.14285714285714285,35,0.02857142857142857
ITEM-00108,失望,False,2,0.14285714285714285,35,0.05714285714285714
ITEM-00108,好奇,False,1,0.14285714285714285,35,0.02857142857142857
ITEM-00108,委屈,False,2,0.21428571428571427,35,0.05714285714285714
ITEM-00108,尴尬,False,1,0.2857142857142857,35,0.02857142857142857
ITEM-00108,平静,False,2,0.14285714285714285,35,0.05714285714285714
ITEM-00108,快乐,False,1,0.14285714285714285,35,0.02857142857142857
ITEM-00108,怨恨,False,1,0.42857142857142855,35,0.02857142857142857
ITEM-00108,恐惧,False,2,0.2857142857142857,35,0.05714285714285714
ITEM-00108,悲伤,False,10,0.17142857142857143,35,0.2857142857142857
ITEM-00108,惊喜,False,1,0.14285714285714285,35,0.02857142857142857
ITEM-00108,惊讶,False,1,0.2857142857142857,35,0.02857142857142857
ITEM-00108,愁闷,False,3,0.14285714285714285,35,0.08571428571428572
ITEM-00108,愉悦,False,1,0.14285714285714285,35,0.02857142857142857
ITEM-00108,感动,False,4,0.25,35,0.11428571428571428
ITEM-00108,抑郁,True,11,0.23376623376623373,35,0.3142857142857143
ITEM-00108,担忧,False,1,0.0,35,0.02857142857142857
ITEM-00108,烦躁,False,1,0.14285714285714285,35,0.02857142857142857
ITEM-00108,焦虑,False,2,0.3571428571428571,35,0.05714285714285714
ITEM-00108,爱,False,1,0.2857142857142857,35,0.02857142857142857
ITEM-00108,痛苦,True,21,0.26530612244897955,35,0.6
ITEM-00108,紧张,False,2,0.14285714285714285,35,0.05714285714285714
ITEM-00108,绝望,False,2,0.14285714285714285,35,0.05714285714285714
ITEM-00108,释然,False,2,0.14285714285714285,35,0.05714285714285714
ITEM-00109,不屑,False,3,0.23809523809523805,49,0.061224489795918366
ITEM-00109,兴趣,False,2,0.21428571428571427,49,0.04081632653061224
ITEM-00109,厌倦,True,27,0.21693121693121692,49,0.5510204081632653
ITEM-00109,厌恶,False,5,0.2571428571428571,49,0.10204081632653061
ITEM-00109,困惑,True,17,0.1680672268907563,49,0.3469387755102041
ITEM-00109,失望,False,4,0.25,49,0.08163265306122448
ITEM-00109,好奇,False,2,0.14285714285714285,49,0.04081632653061224
ITEM-00109,委屈,False,1,0.0,49,0.02040816326530612
ITEM-00109,尴尬,False,2,0.14285714285714285,49,0.04081632653061224
ITEM-00109,希望,False,1,0.14285714285714285,49,0.02040816326530612
ITEM-00109,平静,False,3,0.2857142857142857,49,0.061224489795918366
ITEM-00109,怨恨,False,1,0.42857142857142855,49,0.02040816326530612
ITEM-00109,悲伤,False,3,0.19047619047619047,49,0.061224489795918366
ITEM-00109,惊讶,False,1,0.42857142857142855,49,0.02040816326530612
ITEM-00109,愁闷,False,5,0.2857142857142857,49,0.10204081632653061
ITEM-00109,感动,False,1,0.0,49,0.02040816326530612
ITEM-00109,感激,False,2,0.14285714285714285,49,0.04081632653061224
ITEM-00109,愤怒,False,2,0.07142857142857142,49,0.04081632653061224
ITEM-00109,抑郁,False,1,0.2857142857142857,49,0.02040816326530612
ITEM-00109,敌意,False,2,0.3571428571428571,49,0.04081632653061224
ITEM-00109,渴望,False,2,0.14285714285714285,49,0.04081632653061224
ITEM-00109,烦躁,False,3,0.19047619047619047,49,0.061224489795918366
ITEM-00109,爱,False,1,0.5714285714285714,49,0.02040816326530612
ITEM-00109,痛苦,False,1,0.14285714285714285,49,0.02040816326530612
ITEM-00109,紧张,False,1,0.14285714285714285,49,0.02040816326530612
ITEM-00109,绝望,False,1,0.14285714285714285,49,0.02040816326530612
ITEM-00109,羞耻,False,1,0.14285714285714285,49,0.02040816326530612
ITEM-00109,自满,False,1,0.14285714285714285,49,0.02040816326530612
ITEM-00109,自豪,False,1,0.0,49,0.02040816326530612
ITEM-00109,轻松,False,1,0.14285714285714285,49,0.02040816326530612
ITEM-00109,释然,False,3,0.047619047619047616,49,0.061224489795918366
ITEM-00109,震惊,False,1,0.2857142857142857,49,0.02040816326530612
ITEM-00110,共情痛苦,False,4,0.17857142857142855,32,0.125
ITEM-00110,内疚,False,4,0.2857142857142857,32,0.125
ITEM-00110,冷静,False,1,0.14285714285714285,32,0.03125
ITEM-00110,厌倦,False,1,0.0,32,0.03125
ITEM-00110,厌恶,False,1,0.42857142857142855,32,0.03125
ITEM-00110,困惑,False,1,0.0,32,0.03125
ITEM-00110,失望,False,1,0.0,32,0.03125
ITEM-00110,委屈,False,2,0.3571428571428571,32,0.0625
ITEM-00110,尴尬,False,1,0.2857142857142857,32,0.03125
ITEM-00110,平静,False,1,0.2857142857142857,32,0.03125
ITEM-00110,怨恨,False,1,0.14285714285714285,32,0.03125
ITEM-00110,恐惧,False,1,0.14285714285714285,32,0.03125
ITEM-00110,悲伤,False,2,0.07142857142857142,32,0.0625
ITEM-00110,惊讶,False,2,0.14285714285714285,32,0.0625
ITEM-00110,愁闷,False,5,0.22857142857142856,32,0.15625
ITEM-00110,感动,False,1,0.14285714285714285,32,0.03125
ITEM-00110,抑郁,True,10,0.1857142857142857,32,0.3125
ITEM-00110,担忧,False,3,0.09523809523809523,32,0.09375
ITEM-00110,烦躁,False,1,0.14285714285714285,32,0.03125
ITEM-00110,焦虑,False,3,0.2857142857142857,32,0.09375
ITEM-00110,痛苦,True,24,0.1845238095238095,32,0.75
ITEM-00110,紧张,False,1,0.0,32,0.03125
ITEM-00110,绝望,False,1,0.0,32,0.03125
ITEM-00110,羞耻,False,1,0.0,32,0.03125
ITEM-00110,遗憾,False,4,0.14285714285714285,32,0.125
ITEM-00111,冷静,False,1,0.4,12,0.08333333333333333
ITEM-00111,困惑,False,1,0.2,12,0.08333333333333333
ITEM-00111,好奇,False,1,0.4666666666666667,12,0.08333333333333333
ITEM-00111,平静,False,1,0.3333333333333333,12,0.08333333333333333
ITEM-00111,无奈,True,7,0.2857142857142857,12,0.5833333333333334
ITEM-00111,蔑视,False,1,0.26666666666666666,12,0.08333333333333333
ITEM-00112,厌恶,False,1,0.26666666666666666,7,0.14285714285714285
ITEM-00112,怨恨,False,1,0.26666666666666666,7,0.14285714285714285
ITEM-00112,惊喜,False,1,0.2,7,0.14285714285714285
ITEM-00112,愤怒,False,2,0.3666666666666667,7,0.2857142857142857
ITEM-00112,敌意,False,1,0.4,7,0.14285714285714285
ITEM-00112,蔑视,False,1,0.26666666666666666,7,0.14285714285714285
ITEM-00113,共情痛苦,True,1,0.4,7,0.14285714285714285
ITEM-00113,好奇,False,3,0.3111111111111111,7,0.42857142857142855
ITEM-00113,希望,False,1,0.13333333333333333,7,0.14285714285714285
ITEM-00113,紧张,False,1,0.3333333333333333,7,0.14285714285714285
ITEM-00113,蔑视,False,1,0.3333333333333333,7,0.14285714285714285
ITEM-00114,共情痛苦,False,1,0.26666666666666666,9,0.1111111111111111
ITEM-00114,困惑,False,3,0.19999999999999998,9,0.3333333333333333
ITEM-00114,悲伤,False,1,0.3333333333333333,9,0.1111111111111111
ITEM-00114,惊讶,False,2,0.2,9,0.2222222222222222
ITEM-00114,遗憾,True,1,0.4666666666666667,9,0.1111111111111111
ITEM-00114,震惊,False,1,0.4,9,0.1111111111111111
ITEM-00115,恐惧,False,1,0.26666666666666666,10,0.1
ITEM-00115,担忧,False,1,0.26666666666666666,10,0.1
ITEM-00115,震惊,True,8,0.25833333333333336,10,0.8
ITEM-00116,共情痛苦,False,1,0.4666666666666667,12,0.08333333333333333
ITEM-00116,兴奋,False,1,0.2,12,0.08333333333333333
ITEM-00116,悲伤,True,7,0.2857142857142857,12,0.5833333333333334
ITEM-00116,感动,False,2,0.16666666666666669,12,0.16666666666666666
ITEM-00116,感激,False,1,0.26666666666666666,12,0.08333333333333333
ITEM-00117,委屈,False,2,0.23333333333333334,10,0.2
ITEM-00117,崇拜,False,1,0.2,10,0.1
ITEM-00117,怨恨,False,2,0.3,10,0.2
ITEM-00117,焦虑,True,2,0.3,10,0.2
ITEM-00117,爱,False,1,0.13333333333333333,10,0.1
ITEM-00117,痛苦,False,1,0.3333333333333333,10,0.1
ITEM-00117,遗憾,False,1,0.3333333333333333,10,0.1
ITEM-00118,厌倦,False,1,0.26666666666666666,11,0.09090909090909091
ITEM-00118,厌恶,False,2,0.3,11,0.18181818181818182
ITEM-00118,困惑,True,4,0.25,11,0.36363636363636365
ITEM-00118,怨恨,False,1,0.26666666666666666,11,0.09090909090909091
ITEM-00118,惊讶,False,1,0.3333333333333333,11,0.09090909090909091
ITEM-00118,担忧,False,1,0.2,11,0.09090909090909091
ITEM-00118,烦躁,False,1,0.3333333333333333,11,0.09090909090909091
ITEM-00119,冷静,False,1,0.13333333333333333,8,0.125
ITEM-00119,厌倦,True,2,0.26666666666666666,8,0.25
ITEM-00119,厌恶,False,1,0.6666666666666666,8,0.125
ITEM-00119,惊讶,False,1,0.13333333333333333,8,0.125
ITEM-00119,痛苦,False,1,0.2,8,0.125
ITEM-00119,自满,False,1,0.26666666666666666,8,0.125
ITEM-00119,蔑视,False,1,0.13333333333333333,8,0.125
ITEM-00120,不屑,False,1,0.4,8,0.125
ITEM-00120,好奇,False,1,0.13333333333333333,8,0.125
ITEM-00120,尴尬,False,1,0.13333333333333333,8,0.125
ITEM-00120,怨恨,False,1,0.26666666666666666,8,0.125
ITEM-00120,担忧,False,1,0.4666666666666667,8,0.125
ITEM-00120,紧张,True,1,0.2,8,0.125
ITEM-00120,羡慕,False,1,0.2,8,0.125
ITEM-00120,蔑视,False,1,0.26666666666666666,8,0.125
ITEM-00121,好奇,False,1,0.2,14,0.07142857142857142
ITEM-00121,惊讶,True,10,0.29333333333333333,14,0.7142857142857143
ITEM-00121,担忧,False,1,0.13333333333333333,14,0.07142857142857142
ITEM-00121,震惊,False,2,0.3,14,0.14285714285714285
ITEM-00122,嫉妒,False,3,0.22222222222222224,11,0.2727272727272727
ITEM-00122,快乐,False,1,0.13333333333333333,11,0.09090909090909091
ITEM-00122,怨恨,False,1,0.4,11,0.09090909090909091
ITEM-00122,悲伤,False,1,0.3333333333333333,11,0.09090909090909091
ITEM-00122,痛苦,False,1,0.3333333333333333,11,0.09090909090909091
ITEM-00122,羡慕,True,4,0.23333333333333334,11,0.36363636363636365
ITEM-00123,恐惧,False,2,0.2,41,0.04878048780487805
ITEM-00123,抑郁,False,1,0.3333333333333333,41,0.024390243902439025
ITEM-00123,担忧,False,1,0.2,41,0.024390243902439025
ITEM-00123,焦虑,False,1,0.3333333333333333,41,0.024390243902439025
ITEM-00123,痛苦,False,5,0.2533333333333333,41,0.12195121951219512
ITEM-00123,紧张,False,4,0.4666666666666667,41,0.0975609756097561
ITEM-00123,绝望,True,26,0.3,41,0.6341463414634146
ITEM-00123,震惊,False,1,0.26666666666666666,41,0.024390243902439025
ITEM-00124,不屑,False,1,0.13333333333333333,39,0.02564102564102564
ITEM-00124,崇拜,False,1,0.4666666666666667,39,0.02564102564102564
ITEM-00124,希望,False,1,0.2,39,0.02564102564102564
ITEM-00124,平静,False,3,0.3111111111111111,39,0.07692307692307693
ITEM-00124,惊讶,False,1,0.13333333333333333,39,0.02564102564102564
ITEM-00124,感动,False,1,0.13333333333333333,39,0.02564102564102564
ITEM-00124,感激,False,1,0.26666666666666666,39,0.02564102564102564
ITEM-00124,焦虑,False,1,0.2,39,0.02564102564102564
ITEM-00124,轻松,False,3,0.2888888888888889,39,0.07692307692307693
ITEM-00124,释然,True,26,0.2794871794871795,39,0.6666666666666666
ITEM-00125,不屑,True,15,0.3066666666666667,26,0.5769230769230769
ITEM-00125,共情痛苦,False,1,0.4666666666666667,26,0.038461538461538464
ITEM-00125,兴奋,False,2,0.4,26,0.07692307692307693
ITEM-00125,内疚,False,1,0.4,26,0.038461538461538464
ITEM-00125,冷静,False,1,0.4,26,0.038461538461538464
ITEM-00125,厌恶,False,2,0.26666666666666666,26,0.07692307692307693
ITEM-00125,困惑,False,1,0.4,26,0.038461538461538464
ITEM-00125,尴尬,False,3,0.2888888888888889,26,0.11538461538461539
ITEM-00125,崇拜,False,2,0.23333333333333334,26,0.07692307692307693
ITEM-00125,希望,False,3,0.4222222222222222,26,0.11538461538461539
ITEM-00125,平静,False,1,0.2,26,0.038461538461538464
ITEM-00125,惊喜,False,1,0.4,26,0.038461538461538464
ITEM-00125,愁闷,False,1,0.13333333333333333,26,0.038461538461538464
ITEM-00125,愉悦,True,12,0.3055555555555555,26,0.46153846153846156
ITEM-00125,感动,False,3,0.4000000000000001,26,0.11538461538461539
ITEM-00125,感激,True,23,0.32753623188405795,26,0.8846153846153846
ITEM-00125,满足,False,1,0.4,26,0.038461538461538464
ITEM-00125,烦躁,False,1,0.4,26,0.038461538461538464
ITEM-00125,爱,False,2,0.4,26,0.07692307692307693
ITEM-00125,自豪,False,1,0.4,26,0.038461538461538464
ITEM-00125,蔑视,False,1,0.13333333333333333,26,0.038461538461538464
ITEM-00125,震惊,False,2,0.4,26,0.07692307692307693
ITEM-00126,兴奋,False,1,0.26666666666666666,17,0.058823529411764705
ITEM-00126,兴趣,False,2,0.2,17,0.11764705882352941
ITEM-00126,冷静,False,1,0.2,17,0.058823529411764705
ITEM-00126,困惑,False,1,0.3333333333333333,17,0.058823529411764705
ITEM-00126,失望,False,1,0.2,17,0.058823529411764705
ITEM-00126,嫉妒,False,1,0.3333333333333333,17,0.058823529411764705
ITEM-00126,尴尬,False,1,0.13333333333333333,17,0.058823529411764705
ITEM-00126,希望,False,1,0.13333333333333333,17,0.058823529411764705
ITEM-00126,平静,False,1,0.2,17,0.058823529411764705
ITEM-00126,悲伤,False,1,0.2,17,0.058823529411764705
ITEM-00126,惊喜,False,2,0.5333333333333333,17,0.11764705882352941
ITEM-00126,惊讶,True,13,0.2717948717948718,17,0.7647058823529411
ITEM-00126,愁闷,False,1,0.4666666666666667,17,0.058823529411764705
ITEM-00126,愉悦,True,2,0.2,17,0.11764705882352941
ITEM-00126,感激,False,1,0.4,17,0.058823529411764705
ITEM-00126,担忧,False,4,0.25,17,0.23529411764705882
ITEM-00126,渴望,False,1,0.13333333333333333,17,0.058823529411764705
ITEM-00126,烦躁,False,3,0.20000000000000004,17,0.17647058823529413
ITEM-00126,紧张,False,1,0.26666666666666666,17,0.058823529411764705
ITEM-00126,羞耻,False,1,0.2,17,0.058823529411764705
ITEM-00126,震惊,False,1,0.3333333333333333,17,0.058823529411764705
ITEM-00127,冷静,False,2,0.3,20,0.1
ITEM-00127,同情,True,9,0.24444444444444446,20,0.45
ITEM-00127,困惑,False,2,0.26666666666666666,20,0.1
ITEM-00127,委屈,False,1,0.26666666666666666,20,0.05
ITEM-00127,审美欣赏,False,1,0.2,20,0.05
ITEM-00127,尴尬,False,1,0.2,20,0.05
ITEM-00127,平静,False,2,0.23333333333333334,20,0.1
ITEM-00127,悲伤,False,1,0.26666666666666666,20,0.05
ITEM-00127,惊喜,False,1,0.13333333333333333,20,0.05
ITEM-00127,惊讶,False,1,0.2,20,0.05
ITEM-00127,愁闷,False,1,0.2,20,0.05
ITEM-00127,感激,False,1,0.13333333333333333,20,0.05
ITEM-00127,担忧,False,2,0.5,20,0.1
ITEM-00127,敌意,False,1,0.2,20,0.05
ITEM-00127,羞耻,False,1,0.4666666666666667,20,0.05
ITEM-00127,自满,False,1,0.26666666666666666,20,0.05
ITEM-00127,自豪,False,1,0.4,20,0.05
ITEM-00127,蔑视,True,6,0.32222222222222224,20,0.3
ITEM-00127,震惊,True,12,0.3277777777777778,20,0.6
ITEM-00128,兴奋,True,15,0.31555555555555553,17,0.8823529411764706
ITEM-00128,兴趣,False,2,0.26666666666666666,17,0.11764705882352941
ITEM-00128,困惑,False,1,0.4,17,0.058823529411764705
ITEM-00128,失望,False,1,0.4,17,0.058823529411764705
ITEM-00128,委屈,False,1,0.26666666666666666,17,0.058823529411764705
ITEM-00128,惊讶,False,1,0.4666666666666667,17,0.058823529411764705
ITEM-00128,愁闷,False,1,0.26666666666666666,17,0.058823529411764705
ITEM-00128,感动,False,2,0.43333333333333335,17,0.11764705882352941
ITEM-00128,感激,False,1,0.4,17,0.058823529411764705
ITEM-00128,担忧,False,1,0.4,17,0.058823529411764705
ITEM-00128,期望,True,6,0.3333333333333333,17,0.35294117647058826
ITEM-00128,烦躁,False,1,0.26666666666666666,17,0.058823529411764705
ITEM-00128,爱,False,1,0.2,17,0.058823529411764705
ITEM-00128,痛苦,False,1,0.26666666666666666,17,0.058823529411764705
ITEM-00128,自豪,False,1,0.3333333333333333,17,0.058823529411764705
ITEM-00128,轻松,False,2,0.3,17,0.11764705882352941
ITEM-00128,遗憾,False,1,0.26666666666666666,17,0.058823529411764705
ITEM-00129,不屑,True,14,0.37142857142857144,21,0.6666666666666666
ITEM-00129,兴奋,False,4,0.39999999999999997,21,0.19047619047619047
ITEM-00129,兴趣,False,1,0.26666666666666666,21,0.047619047619047616
ITEM-00129,冷静,False,1,0.13333333333333333,21,0.047619047619047616
ITEM-00129,崇拜,False,1,0.3333333333333333,21,0.047619047619047616
ITEM-00129,快乐,False,2,0.30000000000000004,21,0.09523809523809523
ITEM-00129,敌意,True,7,0.3333333333333333,21,0.3333333333333333
ITEM-00129,渴望,False,1,0.4,21,0.047619047619047616
ITEM-00129,满足,False,1,0.5333333333333333,21,0.047619047619047616
ITEM-00129,爱,False,1,0.13333333333333333,21,0.047619047619047616
ITEM-00129,自豪,False,1,0.4666666666666667,21,0.047619047619047616
ITEM-00129,蔑视,False,4,0.35,21,0.19047619047619047
ITEM-00129,轻松,False,2,0.16666666666666669,21,0.09523809523809523
ITEM-00129,震惊,False,1,0.4,21,0.047619047619047616
ITEM-00130,好奇,False,2,0.30000000000000004,19,0.10526315789473684
ITEM-00130,恐惧,False,1,0.4,19,0.05263157894736842
ITEM-00130,悲伤,False,1,0.3333333333333333,19,0.05263157894736842
ITEM-00130,惊喜,False,1,0.26666666666666666,19,0.05263157894736842
ITEM-00130,惊讶,False,3,0.26666666666666666,19,0.15789473684210525
ITEM-00130,愤怒,True,5,0.37333333333333335,19,0.2631578947368421
ITEM-00130,担忧,False,2,0.33333333333333337,19,0.10526315789473684
ITEM-00130,敌意,False,2,0.30000000000000004,19,0.10526315789473684
ITEM-00130,紧张,False,1,0.4,19,0.05263157894736842
ITEM-00130,蔑视,False,1,0.4,19,0.05263157894736842
ITEM-00130,震惊,True,16,0.3375,19,0.8421052631578947
ITEM-00131,不屑,False,1,0.13333333333333333,14,0.07142857142857142
ITEM-00131,兴奋,True,10,0.3333333333333333,14,0.7142857142857143
ITEM-00131,兴趣,False,1,0.5333333333333333,14,0.07142857142857142
ITEM-00131,好奇,False,1,0.4,14,0.07142857142857142
ITEM-00131,审美欣赏,False,2,0.2,14,0.14285714285714285
ITEM-00131,崇拜,False,2,0.3666666666666667,14,0.14285714285714285
ITEM-00131,快乐,False,1,0.4,14,0.07142857142857142
ITEM-00131,悲伤,False,1,0.13333333333333333,14,0.07142857142857142
ITEM-00131,惊喜,False,1,0.4,14,0.07142857142857142
ITEM-00131,愉悦,True,9,0.3333333333333333,14,0.6428571428571429
ITEM-00131,渴望,False,1,0.3333333333333333,14,0.07142857142857142
ITEM-00131,满足,False,1,0.4,14,0.07142857142857142
ITEM-00131,爱,False,1,0.3333333333333333,14,0.07142857142857142
ITEM-00131,自满,False,1,0.3333333333333333,14,0.07142857142857142
ITEM-00131,轻松,False,3,0.4444444444444444,14,0.21428571428571427
ITEM-00132,不屑,False,2,0.23333333333333334,14,0.14285714285714285
ITEM-00132,兴奋,False,1,0.13333333333333333,14,0.07142857142857142
ITEM-00132,兴趣,False,1,0.4666666666666667,14,0.07142857142857142
ITEM-00132,厌倦,False,1,0.2,14,0.07142857142857142
ITEM-00132,好奇,False,1,0.4666666666666667,14,0.07142857142857142
ITEM-00132,嫉妒,False,1,0.2,14,0.07142857142857142
ITEM-00132,崇拜,False,1,0.13333333333333333,14,0.07142857142857142
ITEM-00132,平静,True,5,0.2666666666666667,14,0.35714285714285715
ITEM-00132,恐惧,False,2,0.23333333333333334,14,0.14285714285714285
ITEM-00132,恭敬,True,14,0.2571428571428572,14,1.0
ITEM-00132,满足,False,1,0.13333333333333333,14,0.07142857142857142
ITEM-00132,烦躁,False,1,0.26666666666666666,14,0.07142857142857142
ITEM-00132,爱,False,1,0.4,14,0.07142857142857142
ITEM-00132,羡慕,False,2,0.23333333333333334,14,0.14285714285714285
ITEM-00132,蔑视,False,1,0.3333333333333333,14,0.07142857142857142
ITEM-00132,轻松,False,1,0.4,14,0.07142857142857142
ITEM-00133,共情痛苦,False,1,0.3333333333333333,11,0.09090909090909091
ITEM-00133,兴奋,False,1,0.2,11,0.09090909090909091
ITEM-00133,兴趣,False,2,0.4666666666666667,11,0.18181818181818182
ITEM-00133,冷静,False,1,0.26666666666666666,11,0.09090909090909091
ITEM-00133,厌恶,False,2,0.3333333333333333,11,0.18181818181818182
ITEM-00133,崇拜,False,1,0.2,11,0.09090909090909091
ITEM-00133,平静,True,5,0.30666666666666664,11,0.45454545454545453
ITEM-00133,抑郁,False,1,0.3333333333333333,11,0.09090909090909091
ITEM-00133,敌意,False,1,0.2,11,0.09090909090909091
ITEM-00133,期待,True,5,0.3333333333333333,11,0.45454545454545453
ITEM-00133,爱,False,2,0.26666666666666666,11,0.18181818181818182
ITEM-00133,紧张,False,1,0.13333333333333333,11,0.09090909090909091
ITEM-00133,自满,False,1,0.2,11,0.09090909090909091
ITEM-00133,遗憾,False,1,0.4,11,0.09090909090909091
ITEM-00133,震惊,False,1,0.4,11,0.09090909090909091
ITEM-00134,不屑,True,22,0.32727272727272727,34,0.6470588235294118
ITEM-00134,兴趣,False,1,0.26666666666666666,34,0.029411764705882353
ITEM-00134,冷静,False,1,0.3333333333333333,34,0.029411764705882353
ITEM-00134,厌恶,False,2,0.6333333333333333,34,0.058823529411764705
ITEM-00134,困惑,False,1,0.4,34,0.029411764705882353
ITEM-00134,好奇,False,1,0.3333333333333333,34,0.029411764705882353
ITEM-00134,审美欣赏,False,1,0.13333333333333333,34,0.029411764705882353
ITEM-00134,怀旧,False,1,0.13333333333333333,34,0.029411764705882353
ITEM-00134,怨恨,False,4,0.2833333333333333,34,0.11764705882352941
ITEM-00134,愁闷,False,1,0.13333333333333333,34,0.029411764705882353
ITEM-00134,愤怒,False,3,0.37777777777777777,34,0.08823529411764706
ITEM-00134,敌意,True,30,0.31555555555555553,34,0.8823529411764706
ITEM-00134,烦躁,False,3,0.26666666666666666,34,0.08823529411764706
ITEM-00134,蔑视,False,8,0.25,34,0.23529411764705882
ITEM-00134,震惊,False,2,0.33333333333333337,34,0.058823529411764705
ITEM-00135,不屑,True,22,0.3090909090909091,39,0.5641025641025641
ITEM-00135,共情痛苦,False,1,0.13333333333333333,39,0.02564102564102564
ITEM-00135,厌倦,False,4,0.21666666666666665,39,0.10256410256410256
ITEM-00135,厌恶,False,5,0.2533333333333333,39,0.1282051282051282
ITEM-00135,失望,False,3,0.3111111111111111,39,0.07692307692307693
ITEM-00135,委屈,False,3,0.35555555555555557,39,0.07692307692307693
ITEM-00135,怨恨,False,1,0.4,39,0.02564102564102564
ITEM-00135,恐惧,False,3,0.35555555555555557,39,0.07692307692307693
ITEM-00135,惊吓,True,19,0.32982456140350874,39,0.48717948717948717
ITEM-00135,惊讶,False,1,0.4,39,0.02564102564102564
ITEM-00135,愤怒,False,9,0.26666666666666666,39,0.23076923076923078
ITEM-00135,担忧,False,5,0.29333333333333333,39,0.1282051282051282
ITEM-00135,敌意,False,6,0.3666666666666667,39,0.15384615384615385
ITEM-00135,烦躁,False,4,0.26666666666666666,39,0.10256410256410256
ITEM-00135,焦虑,False,1,0.3333333333333333,39,0.02564102564102564
ITEM-00135,痛苦,False,1,0.3333333333333333,39,0.02564102564102564
ITEM-00135,紧张,False,5,0.2,39,0.1282051282051282
ITEM-00135,羞耻,False,1,0.3333333333333333,39,0.02564102564102564
ITEM-00135,自豪,False,1,0.3333333333333333,39,0.02564102564102564
ITEM-00135,蔑视,False,6,0.39999999999999997,39,0.15384615384615385
ITEM-00136,不屑,True,9,0.2518518518518518,21,0.42857142857142855
ITEM-00136,厌恶,False,1,0.13333333333333333,21,0.047619047619047616
ITEM-00136,困惑,False,1,0.26666666666666666,21,0.047619047619047616
ITEM-00136,失望,False,1,0.3333333333333333,21,0.047619047619047616
ITEM-00136,委屈,True,18,0.24444444444444446,21,0.8571428571428571
ITEM-00136,恐惧,True,10,0.26666666666666666,21,0.47619047619047616
ITEM-00136,悲伤,False,2,0.23333333333333334,21,0.09523809523809523
ITEM-00136,愤怒,False,1,0.26666666666666666,21,0.047619047619047616
ITEM-00136,敌意,False,1,0.3333333333333333,21,0.047619047619047616
ITEM-00136,烦躁,False,1,0.26666666666666666,21,0.047619047619047616
ITEM-00136,焦虑,False,2,0.3,21,0.09523809523809523
ITEM-00136,绝望,False,2,0.3,21,0.09523809523809523
ITEM-00136,自满,False,1,0.13333333333333333,21,0.047619047619047616
ITEM-00136,蔑视,False,3,0.24444444444444444,21,0.14285714285714285
ITEM-00137,不屑,False,5,0.24,33,0.15151515151515152
ITEM-00137,厌倦,False,2,0.3,33,0.06060606060606061
ITEM-00137,厌恶,False,4,0.26666666666666666,33,0.12121212121212122
ITEM-00137,委屈,False,1,0.5333333333333333,33,0.030303030303030304
ITEM-00137,崇拜,False,1,0.3333333333333333,33,0.030303030303030304
ITEM-00137,惊讶,False,1,0.3333333333333333,33,0.030303030303030304
ITEM-00137,愉悦,False,1,0.3333333333333333,33,0.030303030303030304
ITEM-00137,愤怒,True,28,0.30238095238095236,33,0.8484848484848485
ITEM-00137,担忧,False,1,0.2,33,0.030303030303030304
ITEM-00137,敌意,False,5,0.44000000000000006,33,0.15151515151515152
ITEM-00137,烦躁,False,1,0.4,33,0.030303030303030304
ITEM-00137,焦虑,False,2,0.30000000000000004,33,0.06060606060606061
ITEM-00137,紧张,False,2,0.3666666666666667,33,0.06060606060606061
ITEM-00137,自满,False,1,0.13333333333333333,33,0.030303030303030304
ITEM-00137,蔑视,False,3,0.2888888888888889,33,0.09090909090909091
ITEM-00137,轻松,False,1,0.2,33,0.030303030303030304
ITEM-00137,轻视,True,20,0.29333333333333333,33,0.6060606060606061
ITEM-00138,不屑,True,6,0.23809523809523805,37,0.16216216216216217
ITEM-00138,共情痛苦,False,3,0.09523809523809523,37,0.08108108108108109
ITEM-00138,内疚,False,2,0.2857142857142857,37,0.05405405405405406
ITEM-00138,冷静,False,2,0.3571428571428571,37,0.05405405405405406
ITEM-00138,厌倦,False,3,0.3333333333333333,37,0.08108108108108109
ITEM-00138,厌恶,False,1,0.42857142857142855,37,0.02702702702702703
ITEM-00138,可惜,True,15,0.19047619047619044,37,0.40540540540540543
ITEM-00138,失望,False,3,0.3333333333333333,37,0.08108108108108109
ITEM-00138,审美欣赏,False,1,0.2857142857142857,37,0.02702702702702703
ITEM-00138,尴尬,False,1,0.14285714285714285,37,0.02702702702702703
ITEM-00138,平静,False,5,0.2857142857142857,37,0.13513513513513514
ITEM-00138,快乐,False,1,0.0,37,0.02702702702702703
ITEM-00138,悲伤,False,5,0.17142857142857143,37,0.13513513513513514
ITEM-00138,愁闷,False,2,0.2857142857142857,37,0.05405405405405406
ITEM-00138,愉悦,False,1,0.14285714285714285,37,0.02702702702702703
ITEM-00138,感动,False,1,0.14285714285714285,37,0.02702702702702703
ITEM-00138,感激,False,2,0.21428571428571427,37,0.05405405405405406
ITEM-00138,担忧,False,1,0.42857142857142855,37,0.02702702702702703
ITEM-00138,满足,False,1,0.14285714285714285,37,0.02702702702702703
ITEM-00138,烦躁,False,2,0.21428571428571427,37,0.05405405405405406
ITEM-00138,痛苦,False,1,0.14285714285714285,37,0.02702702702702703
ITEM-00138,自豪,False,1,0.14285714285714285,37,0.02702702702702703
ITEM-00138,蔑视,False,1,0.0,37,0.02702702702702703
ITEM-00138,轻松,False,2,0.21428571428571427,37,0.05405405405405406
ITEM-00138,遗憾,False,3,0.14285714285714285,37,0.08108108108108109
ITEM-00138,释然,False,2,0.14285714285714285,37,0.05405405405405406
ITEM-00138,震惊,False,1,0.14285714285714285,37,0.02702702702702703
ITEM-00139,不屑,False,2,0.07142857142857142,64,0.03125
ITEM-00139,兴奋,False,1,0.2857142857142857,64,0.015625
ITEM-00139,兴趣,False,4,0.25,64,0.0625
ITEM-00139,冷静,False,1,0.14285714285714285,64,0.015625
ITEM-00139,困惑,False,1,0.14285714285714285,64,0.015625
ITEM-00139,好奇,False,2,0.21428571428571427,64,0.03125
ITEM-00139,委屈,False,1,0.14285714285714285,64,0.015625
ITEM-00139,嫉妒,False,1,0.14285714285714285,64,0.015625
ITEM-00139,审美欣赏,False,1,0.0,64,0.015625
ITEM-00139,尴尬,False,3,0.19047619047619047,64,0.046875
ITEM-00139,崇拜,False,2,0.07142857142857142,64,0.03125
ITEM-00139,希望,False,3,0.38095238095238093,64,0.046875
ITEM-00139,平静,False,2,0.21428571428571427,64,0.03125
ITEM-00139,快乐,False,1,0.42857142857142855,64,0.015625
ITEM-00139,怨恨,False,1,0.14285714285714285,64,0.015625
ITEM-00139,恐惧,False,1,0.14285714285714285,64,0.015625
ITEM-00139,惊喜,False,1,0.42857142857142855,64,0.015625
ITEM-00139,惊讶,False,5,0.19999999999999998,64,0.078125
ITEM-00139,愁闷,False,1,0.2857142857142857,64,0.015625
ITEM-00139,愉悦,False,2,0.07142857142857142,64,0.03125
ITEM-00139,担忧,False,1,0.14285714285714285,64,0.015625
ITEM-00139,敌意,False,1,0.14285714285714285,64,0.015625
ITEM-00139,敬畏,True,41,0.2229965156794425,64,0.640625
ITEM-00139,渴望,False,3,0.14285714285714285,64,0.046875
ITEM-00139,满足,False,2,0.14285714285714285,64,0.03125
ITEM-00139,焦虑,True,11,0.24675324675324672,64,0.171875
ITEM-00139,紧张,False,6,0.21428571428571427,64,0.09375
ITEM-00139,自满,False,2,0.42857142857142855,64,0.03125
ITEM-00139,自豪,False,1,0.0,64,0.015625
ITEM-00139,蔑视,False,3,0.09523809523809523,64,0.046875
ITEM-00139,震惊,False,2,0.2857142857142857,64,0.03125
ITEM-00140,共情痛苦,False,1,0.14285714285714285,48,0.020833333333333332
ITEM-00140,兴奋,True,25,0.23428571428571426,48,0.5208333333333334
ITEM-00140,兴趣,False,7,0.36734693877551017,48,0.14583333333333334
ITEM-00140,好奇,False,9,0.2222222222222222,48,0.1875
ITEM-00140,审美欣赏,False,4,0.21428571428571427,48,0.08333333333333333
ITEM-00140,崇拜,False,1,0.14285714285714285,48,0.020833333333333332
ITEM-00140,希望,False,6,0.26190476190476186,48,0.125
ITEM-00140,平静,False,2,0.5,48,0.041666666666666664
ITEM-00140,怀旧,False,1,0.2857142857142857,48,0.020833333333333332
ITEM-00140,惊喜,True,39,0.25274725274725274,48,0.8125
ITEM-00140,惊讶,False,1,0.14285714285714285,48,0.020833333333333332
ITEM-00140,愉悦,False,3,0.2857142857142857,48,0.0625
ITEM-00140,感激,False,1,0.14285714285714285,48,0.020833333333333332
ITEM-00140,担忧,False,1,0.2857142857142857,48,0.020833333333333332
ITEM-00140,满足,False,1,0.0,48,0.020833333333333332
ITEM-00140,爱,False,2,0.14285714285714285,48,0.041666666666666664
ITEM-00140,自豪,False,3,0.09523809523809523,48,0.0625
ITEM-00140,蔑视,False,1,0.14285714285714285,48,0.020833333333333332
ITEM-00140,轻松,False,2,0.2857142857142857,48,0.041666666666666664
ITEM-00141,不屑,False,1,0.14285714285714285,48,0.020833333333333332
ITEM-00141,兴奋,False,1,0.42857142857142855,48,0.020833333333333332
ITEM-00141,兴趣,False,1,0.14285714285714285,48,0.020833333333333332
ITEM-00141,厌恶,False,3,0.19047619047619047,48,0.0625
ITEM-00141,困惑,False,2,0.2857142857142857,48,0.041666666666666664
ITEM-00141,失望,False,1,0.14285714285714285,48,0.020833333333333332
ITEM-00141,好奇,False,1,0.14285714285714285,48,0.020833333333333332
ITEM-00141,委屈,False,2,0.2857142857142857,48,0.041666666666666664
ITEM-00141,嫉妒,False,1,0.14285714285714285,48,0.020833333333333332
ITEM-00141,审美欣赏,False,2,0.21428571428571427,48,0.041666666666666664
ITEM-00141,尴尬,False,2,0.21428571428571427,48,0.041666666666666664
ITEM-00141,怨恨,False,3,0.09523809523809523,48,0.0625
ITEM-00141,惊讶,True,16,0.26785714285714285,48,0.3333333333333333
ITEM-00141,愁闷,False,2,0.21428571428571427,48,0.041666666666666664
ITEM-00141,愤怒,True,37,0.21235521235521235,48,0.7708333333333334
ITEM-00141,敌意,False,6,0.2857142857142857,48,0.125
ITEM-00141,烦躁,False,1,0.2857142857142857,48,0.020833333333333332
ITEM-00141,焦虑,False,2,0.14285714285714285,48,0.041666666666666664
ITEM-00141,痛苦,False,1,0.2857142857142857,48,0.020833333333333332
ITEM-00141,羞耻,False,3,0.3333333333333333,48,0.0625
ITEM-00141,自满,False,2,0.2857142857142857,48,0.041666666666666664
ITEM-00141,蔑视,False,2,0.2857142857142857,48,0.041666666666666664
ITEM-00141,遗憾,False,1,0.0,48,0.020833333333333332
ITEM-00141,震惊,False,4,0.2857142857142857,48,0.08333333333333333
ITEM-00142,不屑,False,1,0.0,33,0.030303030303030304
ITEM-00142,兴趣,False,1,0.14285714285714285,33,0.030303030303030304
ITEM-00142,内疚,False,1,0.0,33,0.030303030303030304
ITEM-00142,厌恶,False,2,0.14285714285714285,33,0.06060606060606061
ITEM-00142,好奇,False,1,0.2857142857142857,33,0.030303030303030304
ITEM-00142,委屈,False,1,0.0,33,0.030303030303030304
ITEM-00142,嫉妒,False,1,0.14285714285714285,33,0.030303030303030304
ITEM-00142,尴尬,False,2,0.07142857142857142,33,0.06060606060606061
ITEM-00142,恐惧,False,1,0.14285714285714285,33,0.030303030303030304
ITEM-00142,愉悦,False,1,0.14285714285714285,33,0.030303030303030304
ITEM-00142,愤怒,False,2,0.21428571428571427,33,0.06060606060606061
ITEM-00142,抑郁,False,1,0.14285714285714285,33,0.030303030303030304
ITEM-00142,敌意,True,13,0.1758241758241758,33,0.3939393939393939
ITEM-00142,烦躁,False,2,0.07142857142857142,33,0.06060606060606061
ITEM-00142,焦虑,False,1,0.14285714285714285,33,0.030303030303030304
ITEM-00142,紧张,False,1,0.2857142857142857,33,0.030303030303030304
ITEM-00142,蔑视,False,1,0.2857142857142857,33,0.030303030303030304
ITEM-00143,不屑,True,11,0.16883116883116883,37,0.2972972972972973
ITEM-00143,内疚,False,1,0.14285714285714285,37,0.02702702702702703
ITEM-00143,厌倦,False,2,0.0,37,0.05405405405405406
ITEM-00143,厌恶,False,4,0.14285714285714285,37,0.10810810810810811
ITEM-00143,平静,False,1,0.14285714285714285,37,0.02702702702702703
ITEM-00143,怨恨,False,2,0.21428571428571427,37,0.05405405405405406
ITEM-00143,愁闷,False,1,0.14285714285714285,37,0.02702702702702703
ITEM-00143,愤怒,False,2,0.14285714285714285,37,0.05405405405405406
ITEM-00143,敌意,False,1,0.42857142857142855,37,0.02702702702702703
ITEM-00143,烦躁,False,1,0.0,37,0.02702702702702703
ITEM-00143,痛苦,False,2,0.07142857142857142,37,0.05405405405405406
ITEM-00143,绝望,False,4,0.17857142857142855,37,0.10810810810810811
ITEM-00143,蔑视,False,5,0.2571428571428571,37,0.13513513513513514
ITEM-00144,不屑,False,2,0.21428571428571427,31,0.06451612903225806
ITEM-00144,厌倦,False,4,0.17857142857142855,31,0.12903225806451613
ITEM-00144,厌恶,False,1,0.2857142857142857,31,0.03225806451612903
ITEM-00144,失望,True,14,0.15306122448979592,31,0.45161290322580644
ITEM-00144,尴尬,False,1,0.0,31,0.03225806451612903
ITEM-00144,平静,False,1,0.0,31,0.03225806451612903
ITEM-00144,愁闷,False,2,0.07142857142857142,31,0.06451612903225806
ITEM-00144,愉悦,False,1,0.14285714285714285,31,0.03225806451612903
ITEM-00144,愤怒,False,1,0.14285714285714285,31,0.03225806451612903
ITEM-00144,担忧,False,1,0.14285714285714285,31,0.03225806451612903
ITEM-00144,敌意,False,1,0.14285714285714285,31,0.03225806451612903
ITEM-00144,烦躁,False,1,0.2857142857142857,31,0.03225806451612903
ITEM-00144,痛苦,False,1,0.0,31,0.03225806451612903
ITEM-00145,不屑,False,3,0.24444444444444446,29,0.10344827586206896
ITEM-00145,兴奋,False,2,0.23333333333333334,29,0.06896551724137931
ITEM-00145,兴趣,False,1,0.2,29,0.034482758620689655
ITEM-00145,冷静,False,2,0.3333333333333333,29,0.06896551724137931
ITEM-00145,厌倦,False,1,0.2,29,0.034482758620689655
ITEM-00145,厌恶,False,4,0.3,29,0.13793103448275862
ITEM-00145,困惑,False,1,0.26666666666666666,29,0.034482758620689655
ITEM-00145,失望,False,1,0.3333333333333333,29,0.034482758620689655
ITEM-00145,好奇,False,1,0.2,29,0.034482758620689655
ITEM-00145,嫉妒,False,1,0.26666666666666666,29,0.034482758620689655
ITEM-00145,快乐,False,1,0.26666666666666666,29,0.034482758620689655
ITEM-00145,惊讶,False,2,0.26666666666666666,29,0.06896551724137931
ITEM-00145,愁闷,False,1,0.4,29,0.034482758620689655
ITEM-00145,愤怒,True,22,0.29696969696969694,29,0.7586206896551724
ITEM-00145,担忧,False,1,0.4,29,0.034482758620689655
ITEM-00145,敌意,False,1,0.13333333333333333,29,0.034482758620689655
ITEM-00145,渴望,False,1,0.2,29,0.034482758620689655
ITEM-00145,烦躁,False,2,0.5666666666666667,29,0.06896551724137931
ITEM-00145,绝望,False,1,0.2,29,0.034482758620689655
ITEM-00145,自满,False,1,0.26666666666666666,29,0.034482758620689655
ITEM-00145,蔑视,False,3,0.2222222222222222,29,0.10344827586206896
ITEM-00145,轻松,False,1,0.13333333333333333,29,0.034482758620689655
ITEM-00145,震惊,True,7,0.2571428571428572,29,0.2413793103448276
ITEM-00146,不屑,False,2,0.16666666666666669,31,0.06451612903225806
ITEM-00146,厌倦,False,1,0.4666666666666667,31,0.03225806451612903
ITEM-00146,厌恶,False,2,0.23333333333333334,31,0.06451612903225806
ITEM-00146,困惑,False,1,0.4,31,0.03225806451612903
ITEM-00146,失望,True,21,0.3174603174603175,31,0.6774193548387096
ITEM-00146,委屈,False,2,0.26666666666666666,31,0.06451612903225806
ITEM-00146,希望,False,1,0.2,31,0.03225806451612903
ITEM-00146,平静,False,2,0.33333333333333337,31,0.06451612903225806
ITEM-00146,怨恨,False,3,0.2888888888888889,31,0.0967741935483871
ITEM-00146,悲伤,False,1,0.4,31,0.03225806451612903
ITEM-00146,愉悦,False,1,0.13333333333333333,31,0.03225806451612903
ITEM-00146,愤怒,False,3,0.35555555555555557,31,0.0967741935483871
ITEM-00146,敌意,False,1,0.3333333333333333,31,0.03225806451612903
ITEM-00146,烦躁,True,26,0.3230769230769231,31,0.8387096774193549
ITEM-00146,焦虑,False,1,0.4,31,0.03225806451612903
ITEM-00146,爱,False,1,0.13333333333333333,31,0.03225806451612903
ITEM-00146,痛苦,False,1,0.4666666666666667,31,0.03225806451612903
ITEM-00146,轻松,False,1,0.3333333333333333,31,0.03225806451612903
ITEM-00147,内疚,False,1,0.2,4,0.25
ITEM-00147,感动,True,3,0.39999999999999997,4,0.75
ITEM-00148,不屑,False,1,0.26666666666666666,12,0.08333333333333333
ITEM-00148,尴尬,True,9,0.24444444444444446,12,0.75
ITEM-00148,紧张,False,1,0.26666666666666666,12,0.08333333333333333
ITEM-00148,震惊,False,1,0.26666666666666666,12,0.08333333333333333
ITEM-00149,共情痛苦,False,1,0.2857142857142857,33,0.030303030303030304
ITEM-00149,内疚,False,2,0.0,33,0.06060606060606061
ITEM-00149,困惑,False,1,0.14285714285714285,33,0.030303030303030304
ITEM-00149,失望,False,1,0.14285714285714285,33,0.030303030303030304
ITEM-00149,怨恨,False,1,0.14285714285714285,33,0.030303030303030304
ITEM-00149,恐惧,False,1,0.14285714285714285,33,0.030303030303030304
ITEM-00149,悲伤,False,2,0.14285714285714285,33,0.06060606060606061
ITEM-00149,愁闷,False,5,0.2,33,0.15151515151515152
ITEM-00149,担忧,True,12,0.14285714285714285,33,0.36363636363636365
ITEM-00149,敌意,False,1,0.0,33,0.030303030303030304
ITEM-00149,爱,False,1,0.0,33,0.030303030303030304
ITEM-00149,痛苦,False,2,0.21428571428571427,33,0.06060606060606061
ITEM-00149,绝望,False,1,0.0,33,0.030303030303030304
ITEM-00149,自满,False,1,0.0,33,0.030303030303030304
ITEM-00149,遗憾,False,1,0.0,33,0.030303030303030304
ITEM-00150,不屑,False,3,0.19047619047619047,38,0.07894736842105263
ITEM-00150,共情痛苦,False,1,0.42857142857142855,38,0.02631578947368421
ITEM-00150,兴奋,False,1,0.42857142857142855,38,0.02631578947368421
ITEM-00150,内疚,False,1,0.42857142857142855,38,0.02631578947368421
ITEM-00150,冷静,False,3,0.23809523809523805,38,0.07894736842105263
ITEM-00150,困惑,False,3,0.047619047619047616,38,0.07894736842105263
ITEM-00150,失望,False,1,0.0,38,0.02631578947368421
ITEM-00150,好奇,False,1,0.2857142857142857,38,0.02631578947368421
ITEM-00150,委屈,False,2,0.07142857142857142,38,0.05263157894736842
ITEM-00150,尴尬,False,4,0.25,38,0.10526315789473684
ITEM-00150,崇拜,False,1,0.42857142857142855,38,0.02631578947368421
ITEM-00150,平静,False,1,0.14285714285714285,38,0.02631578947368421
ITEM-00150,快乐,True,12,0.2976190476190476,38,0.3157894736842105
ITEM-00150,怀旧,False,1,0.2857142857142857,38,0.02631578947368421
ITEM-00150,悲伤,False,3,0.19047619047619047,38,0.07894736842105263
ITEM-00150,惊喜,False,2,0.14285714285714285,38,0.05263157894736842
ITEM-00150,惊讶,False,3,0.23809523809523805,38,0.07894736842105263
ITEM-00150,愁闷,False,3,0.23809523809523805,38,0.07894736842105263
ITEM-00150,愉悦,False,1,0.2857142857142857,38,0.02631578947368421
ITEM-00150,感动,False,1,0.14285714285714285,38,0.02631578947368421
ITEM-00150,抑郁,False,1,0.2857142857142857,38,0.02631578947368421
ITEM-00150,担忧,False,4,0.3214285714285714,38,0.10526315789473684
ITEM-00150,渴望,False,1,0.14285714285714285,38,0.02631578947368421
ITEM-00150,满足,True,13,0.29670329670329665,38,0.34210526315789475
ITEM-00150,爱,False,1,0.14285714285714285,38,0.02631578947368421
ITEM-00150,绝望,False,1,0.2857142857142857,38,0.02631578947368421
ITEM-00150,羡慕,False,1,0.2857142857142857,38,0.02631578947368421
ITEM-00150,自豪,False,2,0.3571428571428571,38,0.05263157894736842
ITEM-00150,轻松,False,1,0.42857142857142855,38,0.02631578947368421
ITEM-00150,遗憾,False,1,0.14285714285714285,38,0.02631578947368421
ITEM-00150,震惊,False,3,0.2857142857142857,38,0.07894736842105263
