题目编号,题目标题,选项,是否原题答案选项,选项性质,选择人数,有效作答人数,选择概率_选择人数除以该题作答人数,选择百分比_选择人数除以该题作答人数,情绪出现在本题候选情绪中的次数,被选数/出现数,被选数/出现数百分比,是否零选择选项,分析口径
ITEM-00001,3,平静,False,非答案候选选项,1,5,0.2,20.0,1,1.0,100.0,False,按实际呈现人数
ITEM-00001,3,震惊,True,标准答案选项,4,5,0.8,80.0,5,0.8,80.0,False,按实际呈现人数
ITEM-00001,3,不屑,False,非答案候选选项,0,5,0.0,0.0,1,0.0,0.0,True,按实际呈现人数
ITEM-00001,3,共情痛苦,False,非答案候选选项,0,5,0.0,0.0,1,0.0,0.0,True,按实际呈现人数
ITEM-00001,3,兴奋,False,非答案候选选项,0,5,0.0,0.0,2,0.0,0.0,True,按实际呈现人数
ITEM-00001,3,内疚,False,非答案候选选项,0,5,0.0,0.0,2,0.0,0.0,True,按实际呈现人数
ITEM-00001,3,失望,False,非答案候选选项,0,5,0.0,0.0,1,0.0,0.0,True,按实际呈现人数
ITEM-00001,3,尴尬,False,非答案候选选项,0,5,0.0,0.0,2,0.0,0.0,True,按实际呈现人数
ITEM-00001,3,希望,False,非答案候选选项,0,5,0.0,0.0,1,0.0,0.0,True,按实际呈现人数
ITEM-00001,3,快乐,False,非答案候选选项,0,5,0.0,0.0,1,0.0,0.0,True,按实际呈现人数
ITEM-00001,3,怀旧,False,非答案候选选项,0,5,0.0,0.0,3,0.0,0.0,True,按实际呈现人数
ITEM-00001,3,怨恨,False,非答案候选选项,0,5,0.0,0.0,3,0.0,0.0,True,按实际呈现人数
ITEM-00001,3,悲伤,False,非答案候选选项,0,5,0.0,0.0,4,0.0,0.0,True,按实际呈现人数
ITEM-00001,3,惊喜,False,非答案候选选项,0,5,0.0,0.0,1,0.0,0.0,True,按实际呈现人数
ITEM-00001,3,惊讶,False,非答案候选选项,0,5,0.0,0.0,1,0.0,0.0,True,按实际呈现人数
ITEM-00001,3,愁闷,False,非答案候选选项,0,5,0.0,0.0,1,0.0,0.0,True,按实际呈现人数
ITEM-00001,3,愉悦,False,非答案候选选项,0,5,0.0,0.0,1,0.0,0.0,True,按实际呈现人数
ITEM-00001,3,感动,False,非答案候选选项,0,5,0.0,0.0,1,0.0,0.0,True,按实际呈现人数
ITEM-00001,3,感激,False,非答案候选选项,0,5,0.0,0.0,2,0.0,0.0,True,按实际呈现人数
ITEM-00001,3,愤怒,False,非答案候选选项,0,5,0.0,0.0,1,0.0,0.0,True,按实际呈现人数
ITEM-00001,3,抑郁,False,非答案候选选项,0,5,0.0,0.0,1,0.0,0.0,True,按实际呈现人数
ITEM-00001,3,担忧,False,非答案候选选项,0,5,0.0,0.0,1,0.0,0.0,True,按实际呈现人数
ITEM-00001,3,敌意,False,非答案候选选项,0,5,0.0,0.0,2,0.0,0.0,True,按实际呈现人数
ITEM-00001,3,渴望,False,非答案候选选项,0,5,0.0,0.0,1,0.0,0.0,True,按实际呈现人数
ITEM-00001,3,满足,False,非答案候选选项,0,5,0.0,0.0,1,0.0,0.0,True,按实际呈现人数
ITEM-00001,3,爱,False,非答案候选选项,0,5,0.0,0.0,1,0.0,0.0,True,按实际呈现人数
ITEM-00001,3,痛苦,False,非答案候选选项,0,5,0.0,0.0,1,0.0,0.0,True,按实际呈现人数
ITEM-00001,3,绝望,False,非答案候选选项,0,5,0.0,0.0,2,0.0,0.0,True,按实际呈现人数
ITEM-00001,3,羞耻,False,非答案候选选项,0,5,0.0,0.0,1,0.0,0.0,True,按实际呈现人数
ITEM-00001,3,羡慕,False,非答案候选选项,0,5,0.0,0.0,1,0.0,0.0,True,按实际呈现人数
ITEM-00001,3,蔑视,False,非答案候选选项,0,5,0.0,0.0,1,0.0,0.0,True,按实际呈现人数
ITEM-00001,3,轻松,False,非答案候选选项,0,5,0.0,0.0,1,0.0,0.0,True,按实际呈现人数
ITEM-00001,3,释然,False,非答案候选选项,0,5,0.0,0.0,1,0.0,0.0,True,按实际呈现人数
ITEM-00002,6,内疚,False,非答案候选选项,2,30,0.06666666666666667,6.666666666666667,3,0.6666666666666666,66.66666666666666,False,按实际呈现人数
ITEM-00002,6,感动,True,标准答案选项,16,30,0.5333333333333333,53.333333333333336,30,0.5333333333333333,53.333333333333336,False,按实际呈现人数
ITEM-00002,6,愁闷,False,非答案候选选项,2,30,0.06666666666666667,6.666666666666667,4,0.5,50.0,False,按实际呈现人数
ITEM-00002,6,感激,False,非答案候选选项,3,30,0.1,10.0,9,0.3333333333333333,33.33333333333333,False,按实际呈现人数
ITEM-00002,6,爱,False,非答案候选选项,2,30,0.06666666666666667,6.666666666666667,6,0.3333333333333333,33.33333333333333,False,按实际呈现人数
ITEM-00002,6,悲伤,False,非答案候选选项,1,30,0.03333333333333333,3.3333333333333335,6,0.16666666666666666,16.666666666666664,False,按实际呈现人数
ITEM-00002,6,渴望,False,非答案候选选项,1,30,0.03333333333333333,3.3333333333333335,6,0.16666666666666666,16.666666666666664,False,按实际呈现人数
ITEM-00002,6,痛苦,False,非答案候选选项,1,30,0.03333333333333333,3.3333333333333335,6,0.16666666666666666,16.666666666666664,False,按实际呈现人数
ITEM-00002,6,平静,False,非答案候选选项,1,30,0.03333333333333333,3.3333333333333335,8,0.125,12.5,False,按实际呈现人数
ITEM-00002,6,担忧,False,非答案候选选项,1,30,0.03333333333333333,3.3333333333333335,12,0.08333333333333333,8.333333333333332,False,按实际呈现人数
ITEM-00002,6,不屑,False,非答案候选选项,0,30,0.0,0.0,6,0.0,0.0,True,按实际呈现人数
ITEM-00002,6,共情痛苦,False,非答案候选选项,0,30,0.0,0.0,5,0.0,0.0,True,按实际呈现人数
ITEM-00002,6,兴奋,False,非答案候选选项,0,30,0.0,0.0,4,0.0,0.0,True,按实际呈现人数
ITEM-00002,6,兴趣,False,非答案候选选项,0,30,0.0,0.0,3,0.0,0.0,True,按实际呈现人数
ITEM-00002,6,冷静,False,非答案候选选项,0,30,0.0,0.0,9,0.0,0.0,True,按实际呈现人数
ITEM-00002,6,厌倦,False,非答案候选选项,0,30,0.0,0.0,3,0.0,0.0,True,按实际呈现人数
ITEM-00002,6,厌恶,False,非答案候选选项,0,30,0.0,0.0,1,0.0,0.0,True,按实际呈现人数
ITEM-00002,6,困惑,False,非答案候选选项,0,30,0.0,0.0,4,0.0,0.0,True,按实际呈现人数
ITEM-00002,6,失望,False,非答案候选选项,0,30,0.0,0.0,6,0.0,0.0,True,按实际呈现人数
ITEM-00002,6,好奇,False,非答案候选选项,0,30,0.0,0.0,12,0.0,0.0,True,按实际呈现人数
ITEM-00002,6,委屈,False,非答案候选选项,0,30,0.0,0.0,4,0.0,0.0,True,按实际呈现人数
ITEM-00002,6,嫉妒,False,非答案候选选项,0,30,0.0,0.0,6,0.0,0.0,True,按实际呈现人数
ITEM-00002,6,审美欣赏,False,非答案候选选项,0,30,0.0,0.0,4,0.0,0.0,True,按实际呈现人数
ITEM-00002,6,尴尬,False,非答案候选选项,0,30,0.0,0.0,7,0.0,0.0,True,按实际呈现人数
ITEM-00002,6,崇拜,False,非答案候选选项,0,30,0.0,0.0,6,0.0,0.0,True,按实际呈现人数
ITEM-00002,6,希望,False,非答案候选选项,0,30,0.0,0.0,7,0.0,0.0,True,按实际呈现人数
ITEM-00002,6,快乐,False,非答案候选选项,0,30,0.0,0.0,5,0.0,0.0,True,按实际呈现人数
ITEM-00002,6,怀旧,False,非答案候选选项,0,30,0.0,0.0,5,0.0,0.0,True,按实际呈现人数
ITEM-00002,6,怨恨,False,非答案候选选项,0,30,0.0,0.0,1,0.0,0.0,True,按实际呈现人数
ITEM-00002,6,恐惧,False,非答案候选选项,0,30,0.0,0.0,9,0.0,0.0,True,按实际呈现人数
ITEM-00002,6,惊喜,False,非答案候选选项,0,30,0.0,0.0,10,0.0,0.0,True,按实际呈现人数
ITEM-00002,6,惊讶,False,非答案候选选项,0,30,0.0,0.0,7,0.0,0.0,True,按实际呈现人数
ITEM-00002,6,愉悦,False,非答案候选选项,0,30,0.0,0.0,8,0.0,0.0,True,按实际呈现人数
ITEM-00002,6,愤怒,False,非答案候选选项,0,30,0.0,0.0,6,0.0,0.0,True,按实际呈现人数
ITEM-00002,6,抑郁,False,非答案候选选项,0,30,0.0,0.0,4,0.0,0.0,True,按实际呈现人数
ITEM-00002,6,敌意,False,非答案候选选项,0,30,0.0,0.0,4,0.0,0.0,True,按实际呈现人数
ITEM-00002,6,满足,False,非答案候选选项,0,30,0.0,0.0,1,0.0,0.0,True,按实际呈现人数
ITEM-00002,6,烦躁,False,非答案候选选项,0,30,0.0,0.0,4,0.0,0.0,True,按实际呈现人数
ITEM-00002,6,焦虑,False,非答案候选选项,0,30,0.0,0.0,3,0.0,0.0,True,按实际呈现人数
ITEM-00002,6,紧张,False,非答案候选选项,0,30,0.0,0.0,3,0.0,0.0,True,按实际呈现人数
ITEM-00002,6,绝望,False,非答案候选选项,0,30,0.0,0.0,5,0.0,0.0,True,按实际呈现人数
ITEM-00002,6,羞耻,False,非答案候选选项,0,30,0.0,0.0,10,0.0,0.0,True,按实际呈现人数
ITEM-00002,6,羡慕,False,非答案候选选项,0,30,0.0,0.0,10,0.0,0.0,True,按实际呈现人数
ITEM-00002,6,自满,False,非答案候选选项,0,30,0.0,0.0,3,0.0,0.0,True,按实际呈现人数
ITEM-00002,6,自豪,False,非答案候选选项,0,30,0.0,0.0,5,0.0,0.0,True,按实际呈现人数
ITEM-00002,6,蔑视,False,非答案候选选项,0,30,0.0,0.0,1,0.0,0.0,True,按实际呈现人数
ITEM-00002,6,轻松,False,非答案候选选项,0,30,0.0,0.0,6,0.0,0.0,True,按实际呈现人数
ITEM-00002,6,遗憾,False,非答案候选选项,0,30,0.0,0.0,5,0.0,0.0,True,按实际呈现人数
ITEM-00002,6,释然,False,非答案候选选项,0,30,0.0,0.0,2,0.0,0.0,True,按实际呈现人数
ITEM-00002,6,震惊,False,非答案候选选项,0,30,0.0,0.0,6,0.0,0.0,True,按实际呈现人数
ITEM-00003,21,好奇,False,非答案候选选项,1,3,0.3333333333333333,33.33333333333333,1,1.0,100.0,False,按实际呈现人数
ITEM-00003,21,遗憾,True,标准答案选项,2,3,0.6666666666666666,66.66666666666666,3,0.6666666666666666,66.66666666666666,False,按实际呈现人数
ITEM-00003,21,共情痛苦,False,非答案候选选项,0,3,0.0,0.0,2,0.0,0.0,True,按实际呈现人数
ITEM-00003,21,兴奋,False,非答案候选选项,0,3,0.0,0.0,1,0.0,0.0,True,按实际呈现人数
ITEM-00003,21,内疚,False,非答案候选选项,0,3,0.0,0.0,1,0.0,0.0,True,按实际呈现人数
ITEM-00003,21,厌恶,False,非答案候选选项,0,3,0.0,0.0,1,0.0,0.0,True,按实际呈现人数
ITEM-00003,21,困惑,False,非答案候选选项,0,3,0.0,0.0,1,0.0,0.0,True,按实际呈现人数
ITEM-00003,21,嫉妒,False,非答案候选选项,0,3,0.0,0.0,2,0.0,0.0,True,按实际呈现人数
ITEM-00003,21,尴尬,False,非答案候选选项,0,3,0.0,0.0,1,0.0,0.0,True,按实际呈现人数
ITEM-00003,21,崇拜,False,非答案候选选项,0,3,0.0,0.0,1,0.0,0.0,True,按实际呈现人数
ITEM-00003,21,怨恨,False,非答案候选选项,0,3,0.0,0.0,1,0.0,0.0,True,按实际呈现人数
ITEM-00003,21,惊喜,False,非答案候选选项,0,3,0.0,0.0,1,0.0,0.0,True,按实际呈现人数
ITEM-00003,21,惊讶,False,非答案候选选项,0,3,0.0,0.0,2,0.0,0.0,True,按实际呈现人数
ITEM-00003,21,愁闷,False,非答案候选选项,0,3,0.0,0.0,1,0.0,0.0,True,按实际呈现人数
ITEM-00003,21,感动,False,非答案候选选项,0,3,0.0,0.0,2,0.0,0.0,True,按实际呈现人数
ITEM-00003,21,感激,False,非答案候选选项,0,3,0.0,0.0,1,0.0,0.0,True,按实际呈现人数
ITEM-00003,21,抑郁,False,非答案候选选项,0,3,0.0,0.0,1,0.0,0.0,True,按实际呈现人数
ITEM-00003,21,爱,False,非答案候选选项,0,3,0.0,0.0,3,0.0,0.0,True,按实际呈现人数
ITEM-00003,21,绝望,False,非答案候选选项,0,3,0.0,0.0,1,0.0,0.0,True,按实际呈现人数
ITEM-00003,21,自满,False,非答案候选选项,0,3,0.0,0.0,1,0.0,0.0,True,按实际呈现人数
ITEM-00003,21,蔑视,False,非答案候选选项,0,3,0.0,0.0,1,0.0,0.0,True,按实际呈现人数
ITEM-00003,21,震惊,False,非答案候选选项,0,3,0.0,0.0,1,0.0,0.0,True,按实际呈现人数
ITEM-00004,62,尴尬,True,标准答案选项,26,34,0.7647058823529411,76.47058823529412,34,0.7647058823529411,76.47058823529412,False,按实际呈现人数
ITEM-00004,62,平静,False,非答案候选选项,1,34,0.029411764705882353,2.941176470588235,2,0.5,50.0,False,按实际呈现人数
ITEM-00004,62,怀旧,False,非答案候选选项,1,34,0.029411764705882353,2.941176470588235,4,0.25,25.0,False,按实际呈现人数
ITEM-00004,62,审美欣赏,False,非答案候选选项,1,34,0.029411764705882353,2.941176470588235,7,0.14285714285714285,14.285714285714285,False,按实际呈现人数
ITEM-00004,62,释然,False,非答案候选选项,1,34,0.029411764705882353,2.941176470588235,7,0.14285714285714285,14.285714285714285,False,按实际呈现人数
ITEM-00004,62,震惊,False,非答案候选选项,1,34,0.029411764705882353,2.941176470588235,7,0.14285714285714285,14.285714285714285,False,按实际呈现人数
ITEM-00004,62,渴望,False,非答案候选选项,1,34,0.029411764705882353,2.941176470588235,8,0.125,12.5,False,按实际呈现人数
ITEM-00004,62,遗憾,False,非答案候选选项,1,34,0.029411764705882353,2.941176470588235,8,0.125,12.5,False,按实际呈现人数
ITEM-00004,62,冷静,False,非答案候选选项,1,34,0.029411764705882353,2.941176470588235,9,0.1111111111111111,11.11111111111111,False,按实际呈现人数
ITEM-00004,62,不屑,False,非答案候选选项,0,34,0.0,0.0,6,0.0,0.0,True,按实际呈现人数
ITEM-00004,62,共情痛苦,False,非答案候选选项,0,34,0.0,0.0,6,0.0,0.0,True,按实际呈现人数
ITEM-00004,62,兴奋,False,非答案候选选项,0,34,0.0,0.0,4,0.0,0.0,True,按实际呈现人数
ITEM-00004,62,兴趣,False,非答案候选选项,0,34,0.0,0.0,3,0.0,0.0,True,按实际呈现人数
ITEM-00004,62,内疚,False,非答案候选选项,0,34,0.0,0.0,7,0.0,0.0,True,按实际呈现人数
ITEM-00004,62,厌倦,False,非答案候选选项,0,34,0.0,0.0,10,0.0,0.0,True,按实际呈现人数
ITEM-00004,62,厌恶,False,非答案候选选项,0,34,0.0,0.0,7,0.0,0.0,True,按实际呈现人数
ITEM-00004,62,困惑,False,非答案候选选项,0,34,0.0,0.0,3,0.0,0.0,True,按实际呈现人数
ITEM-00004,62,失望,False,非答案候选选项,0,34,0.0,0.0,6,0.0,0.0,True,按实际呈现人数
ITEM-00004,62,好奇,False,非答案候选选项,0,34,0.0,0.0,4,0.0,0.0,True,按实际呈现人数
ITEM-00004,62,委屈,False,非答案候选选项,0,34,0.0,0.0,8,0.0,0.0,True,按实际呈现人数
ITEM-00004,62,嫉妒,False,非答案候选选项,0,34,0.0,0.0,8,0.0,0.0,True,按实际呈现人数
ITEM-00004,62,崇拜,False,非答案候选选项,0,34,0.0,0.0,5,0.0,0.0,True,按实际呈现人数
ITEM-00004,62,希望,False,非答案候选选项,0,34,0.0,0.0,7,0.0,0.0,True,按实际呈现人数
ITEM-00004,62,快乐,False,非答案候选选项,0,34,0.0,0.0,7,0.0,0.0,True,按实际呈现人数
ITEM-00004,62,怨恨,False,非答案候选选项,0,34,0.0,0.0,9,0.0,0.0,True,按实际呈现人数
ITEM-00004,62,恐惧,False,非答案候选选项,0,34,0.0,0.0,4,0.0,0.0,True,按实际呈现人数
ITEM-00004,62,悲伤,False,非答案候选选项,0,34,0.0,0.0,5,0.0,0.0,True,按实际呈现人数
ITEM-00004,62,惊喜,False,非答案候选选项,0,34,0.0,0.0,5,0.0,0.0,True,按实际呈现人数
ITEM-00004,62,惊讶,False,非答案候选选项,0,34,0.0,0.0,6,0.0,0.0,True,按实际呈现人数
ITEM-00004,62,愁闷,False,非答案候选选项,0,34,0.0,0.0,3,0.0,0.0,True,按实际呈现人数
ITEM-00004,62,愉悦,False,非答案候选选项,0,34,0.0,0.0,9,0.0,0.0,True,按实际呈现人数
ITEM-00004,62,感动,False,非答案候选选项,0,34,0.0,0.0,9,0.0,0.0,True,按实际呈现人数
ITEM-00004,62,感激,False,非答案候选选项,0,34,0.0,0.0,8,0.0,0.0,True,按实际呈现人数
ITEM-00004,62,愤怒,False,非答案候选选项,0,34,0.0,0.0,7,0.0,0.0,True,按实际呈现人数
ITEM-00004,62,抑郁,False,非答案候选选项,0,34,0.0,0.0,9,0.0,0.0,True,按实际呈现人数
ITEM-00004,62,担忧,False,非答案候选选项,0,34,0.0,0.0,2,0.0,0.0,True,按实际呈现人数
ITEM-00004,62,敌意,False,非答案候选选项,0,34,0.0,0.0,9,0.0,0.0,True,按实际呈现人数
ITEM-00004,62,满足,False,非答案候选选项,0,34,0.0,0.0,7,0.0,0.0,True,按实际呈现人数
ITEM-00004,62,烦躁,False,非答案候选选项,0,34,0.0,0.0,3,0.0,0.0,True,按实际呈现人数
ITEM-00004,62,焦虑,False,非答案候选选项,0,34,0.0,0.0,4,0.0,0.0,True,按实际呈现人数
ITEM-00004,62,爱,False,非答案候选选项,0,34,0.0,0.0,7,0.0,0.0,True,按实际呈现人数
ITEM-00004,62,痛苦,False,非答案候选选项,0,34,0.0,0.0,5,0.0,0.0,True,按实际呈现人数
ITEM-00004,62,紧张,False,非答案候选选项,0,34,0.0,0.0,7,0.0,0.0,True,按实际呈现人数
ITEM-00004,62,绝望,False,非答案候选选项,0,34,0.0,0.0,7,0.0,0.0,True,按实际呈现人数
ITEM-00004,62,羞耻,False,非答案候选选项,0,34,0.0,0.0,4,0.0,0.0,True,按实际呈现人数
ITEM-00004,62,羡慕,False,非答案候选选项,0,34,0.0,0.0,10,0.0,0.0,True,按实际呈现人数
ITEM-00004,62,自满,False,非答案候选选项,0,34,0.0,0.0,4,0.0,0.0,True,按实际呈现人数
ITEM-00004,62,自豪,False,非答案候选选项,0,34,0.0,0.0,6,0.0,0.0,True,按实际呈现人数
ITEM-00004,62,蔑视,False,非答案候选选项,0,34,0.0,0.0,5,0.0,0.0,True,按实际呈现人数
ITEM-00004,62,轻松,False,非答案候选选项,0,34,0.0,0.0,9,0.0,0.0,True,按实际呈现人数
ITEM-00005,70,尴尬,False,非答案候选选项,1,8,0.125,12.5,1,1.0,100.0,False,按实际呈现人数
ITEM-00005,70,好奇,False,非答案候选选项,1,8,0.125,12.5,2,0.5,50.0,False,按实际呈现人数
ITEM-00005,70,审美欣赏,True,标准答案选项,4,8,0.5,50.0,8,0.5,50.0,False,按实际呈现人数
ITEM-00005,70,渴望,False,非答案候选选项,1,8,0.125,12.5,2,0.5,50.0,False,按实际呈现人数
ITEM-00005,70,惊讶,False,非答案候选选项,1,8,0.125,12.5,3,0.3333333333333333,33.33333333333333,False,按实际呈现人数
ITEM-00005,70,不屑,False,非答案候选选项,0,8,0.0,0.0,1,0.0,0.0,True,按实际呈现人数
ITEM-00005,70,兴奋,False,非答案候选选项,0,8,0.0,0.0,1,0.0,0.0,True,按实际呈现人数
ITEM-00005,70,内疚,False,非答案候选选项,0,8,0.0,0.0,1,0.0,0.0,True,按实际呈现人数
ITEM-00005,70,厌倦,False,非答案候选选项,0,8,0.0,0.0,3,0.0,0.0,True,按实际呈现人数
ITEM-00005,70,厌恶,False,非答案候选选项,0,8,0.0,0.0,3,0.0,0.0,True,按实际呈现人数
ITEM-00005,70,困惑,False,非答案候选选项,0,8,0.0,0.0,3,0.0,0.0,True,按实际呈现人数
ITEM-00005,70,失望,False,非答案候选选项,0,8,0.0,0.0,2,0.0,0.0,True,按实际呈现人数
ITEM-00005,70,嫉妒,False,非答案候选选项,0,8,0.0,0.0,5,0.0,0.0,True,按实际呈现人数
ITEM-00005,70,崇拜,False,非答案候选选项,0,8,0.0,0.0,3,0.0,0.0,True,按实际呈现人数
ITEM-00005,70,怀旧,False,非答案候选选项,0,8,0.0,0.0,1,0.0,0.0,True,按实际呈现人数
ITEM-00005,70,怨恨,False,非答案候选选项,0,8,0.0,0.0,2,0.0,0.0,True,按实际呈现人数
ITEM-00005,70,恐惧,False,非答案候选选项,0,8,0.0,0.0,3,0.0,0.0,True,按实际呈现人数
ITEM-00005,70,悲伤,False,非答案候选选项,0,8,0.0,0.0,2,0.0,0.0,True,按实际呈现人数
ITEM-00005,70,愁闷,False,非答案候选选项,0,8,0.0,0.0,2,0.0,0.0,True,按实际呈现人数
ITEM-00005,70,愉悦,False,非答案候选选项,0,8,0.0,0.0,4,0.0,0.0,True,按实际呈现人数
ITEM-00005,70,感动,False,非答案候选选项,0,8,0.0,0.0,2,0.0,0.0,True,按实际呈现人数
ITEM-00005,70,感激,False,非答案候选选项,0,8,0.0,0.0,3,0.0,0.0,True,按实际呈现人数
ITEM-00005,70,愤怒,False,非答案候选选项,0,8,0.0,0.0,4,0.0,0.0,True,按实际呈现人数
ITEM-00005,70,抑郁,False,非答案候选选项,0,8,0.0,0.0,2,0.0,0.0,True,按实际呈现人数
ITEM-00005,70,敌意,False,非答案候选选项,0,8,0.0,0.0,2,0.0,0.0,True,按实际呈现人数
ITEM-00005,70,烦躁,False,非答案候选选项,0,8,0.0,0.0,2,0.0,0.0,True,按实际呈现人数
ITEM-00005,70,焦虑,False,非答案候选选项,0,8,0.0,0.0,3,0.0,0.0,True,按实际呈现人数
ITEM-00005,70,爱,False,非答案候选选项,0,8,0.0,0.0,2,0.0,0.0,True,按实际呈现人数
ITEM-00005,70,绝望,False,非答案候选选项,0,8,0.0,0.0,2,0.0,0.0,True,按实际呈现人数
ITEM-00005,70,羞耻,False,非答案候选选项,0,8,0.0,0.0,1,0.0,0.0,True,按实际呈现人数
ITEM-00005,70,羡慕,False,非答案候选选项,0,8,0.0,0.0,1,0.0,0.0,True,按实际呈现人数
ITEM-00005,70,自豪,False,非答案候选选项,0,8,0.0,0.0,2,0.0,0.0,True,按实际呈现人数
ITEM-00005,70,轻松,False,非答案候选选项,0,8,0.0,0.0,1,0.0,0.0,True,按实际呈现人数
ITEM-00005,70,遗憾,False,非答案候选选项,0,8,0.0,0.0,1,0.0,0.0,True,按实际呈现人数
ITEM-00006,28,紧张,True,标准答案选项,5,6,0.8333333333333334,83.33333333333334,6,0.8333333333333334,83.33333333333334,False,按实际呈现人数
ITEM-00006,28,失望,False,非答案候选选项,1,6,0.16666666666666666,16.666666666666664,3,0.3333333333333333,33.33333333333333,False,按实际呈现人数
ITEM-00006,28,不屑,False,非答案候选选项,0,6,0.0,0.0,2,0.0,0.0,True,按实际呈现人数
ITEM-00006,28,共情痛苦,False,非答案候选选项,0,6,0.0,0.0,1,0.0,0.0,True,按实际呈现人数
ITEM-00006,28,兴奋,False,非答案候选选项,0,6,0.0,0.0,1,0.0,0.0,True,按实际呈现人数
ITEM-00006,28,兴趣,False,非答案候选选项,0,6,0.0,0.0,2,0.0,0.0,True,按实际呈现人数
ITEM-00006,28,冷静,False,非答案候选选项,0,6,0.0,0.0,2,0.0,0.0,True,按实际呈现人数
ITEM-00006,28,厌恶,False,非答案候选选项,0,6,0.0,0.0,1,0.0,0.0,True,按实际呈现人数
ITEM-00006,28,好奇,False,非答案候选选项,0,6,0.0,0.0,1,0.0,0.0,True,按实际呈现人数
ITEM-00006,28,委屈,False,非答案候选选项,0,6,0.0,0.0,1,0.0,0.0,True,按实际呈现人数
ITEM-00006,28,嫉妒,False,非答案候选选项,0,6,0.0,0.0,1,0.0,0.0,True,按实际呈现人数
ITEM-00006,28,崇拜,False,非答案候选选项,0,6,0.0,0.0,2,0.0,0.0,True,按实际呈现人数
ITEM-00006,28,希望,False,非答案候选选项,0,6,0.0,0.0,1,0.0,0.0,True,按实际呈现人数
ITEM-00006,28,平静,False,非答案候选选项,0,6,0.0,0.0,2,0.0,0.0,True,按实际呈现人数
ITEM-00006,28,快乐,False,非答案候选选项,0,6,0.0,0.0,3,0.0,0.0,True,按实际呈现人数
ITEM-00006,28,怨恨,False,非答案候选选项,0,6,0.0,0.0,2,0.0,0.0,True,按实际呈现人数
ITEM-00006,28,恐惧,False,非答案候选选项,0,6,0.0,0.0,2,0.0,0.0,True,按实际呈现人数
ITEM-00006,28,悲伤,False,非答案候选选项,0,6,0.0,0.0,1,0.0,0.0,True,按实际呈现人数
ITEM-00006,28,惊喜,False,非答案候选选项,0,6,0.0,0.0,2,0.0,0.0,True,按实际呈现人数
ITEM-00006,28,惊讶,False,非答案候选选项,0,6,0.0,0.0,1,0.0,0.0,True,按实际呈现人数
ITEM-00006,28,愁闷,False,非答案候选选项,0,6,0.0,0.0,1,0.0,0.0,True,按实际呈现人数
ITEM-00006,28,愉悦,False,非答案候选选项,0,6,0.0,0.0,1,0.0,0.0,True,按实际呈现人数
ITEM-00006,28,感激,False,非答案候选选项,0,6,0.0,0.0,1,0.0,0.0,True,按实际呈现人数
ITEM-00006,28,愤怒,False,非答案候选选项,0,6,0.0,0.0,1,0.0,0.0,True,按实际呈现人数
ITEM-00006,28,敌意,False,非答案候选选项,0,6,0.0,0.0,1,0.0,0.0,True,按实际呈现人数
ITEM-00006,28,渴望,False,非答案候选选项,0,6,0.0,0.0,1,0.0,0.0,True,按实际呈现人数
ITEM-00006,28,满足,False,非答案候选选项,0,6,0.0,0.0,2,0.0,0.0,True,按实际呈现人数
ITEM-00006,28,烦躁,False,非答案候选选项,0,6,0.0,0.0,2,0.0,0.0,True,按实际呈现人数
ITEM-00006,28,焦虑,False,非答案候选选项,0,6,0.0,0.0,1,0.0,0.0,True,按实际呈现人数
ITEM-00006,28,痛苦,False,非答案候选选项,0,6,0.0,0.0,1,0.0,0.0,True,按实际呈现人数
ITEM-00006,28,绝望,False,非答案候选选项,0,6,0.0,0.0,1,0.0,0.0,True,按实际呈现人数
ITEM-00006,28,羞耻,False,非答案候选选项,0,6,0.0,0.0,1,0.0,0.0,True,按实际呈现人数
ITEM-00006,28,羡慕,False,非答案候选选项,0,6,0.0,0.0,2,0.0,0.0,True,按实际呈现人数
ITEM-00006,28,自满,False,非答案候选选项,0,6,0.0,0.0,1,0.0,0.0,True,按实际呈现人数
ITEM-00006,28,蔑视,False,非答案候选选项,0,6,0.0,0.0,3,0.0,0.0,True,按实际呈现人数
ITEM-00006,28,轻松,False,非答案候选选项,0,6,0.0,0.0,1,0.0,0.0,True,按实际呈现人数
ITEM-00006,28,释然,False,非答案候选选项,0,6,0.0,0.0,1,0.0,0.0,True,按实际呈现人数
ITEM-00006,28,震惊,False,非答案候选选项,0,6,0.0,0.0,1,0.0,0.0,True,按实际呈现人数
ITEM-00007,29,愁闷,False,非答案候选选项,1,13,0.07692307692307693,7.6923076923076925,1,1.0,100.0,False,按实际呈现人数
ITEM-00007,29,困惑,False,非答案候选选项,1,13,0.07692307692307693,7.6923076923076925,2,0.5,50.0,False,按实际呈现人数
ITEM-00007,29,焦虑,False,非答案候选选项,1,13,0.07692307692307693,7.6923076923076925,2,0.5,50.0,False,按实际呈现人数
ITEM-00007,29,共情痛苦,False,非答案候选选项,2,13,0.15384615384615385,15.384615384615385,5,0.4,40.0,False,按实际呈现人数
ITEM-00007,29,痛苦,False,非答案候选选项,2,13,0.15384615384615385,15.384615384615385,5,0.4,40.0,False,按实际呈现人数
ITEM-00007,29,担忧,False,非答案候选选项,1,13,0.07692307692307693,7.6923076923076925,3,0.3333333333333333,33.33333333333333,False,按实际呈现人数
ITEM-00007,29,不屑,False,非答案候选选项,1,13,0.07692307692307693,7.6923076923076925,4,0.25,25.0,False,按实际呈现人数
ITEM-00007,29,好奇,False,非答案候选选项,1,13,0.07692307692307693,7.6923076923076925,5,0.2,20.0,False,按实际呈现人数
ITEM-00007,29,恐惧,False,非答案候选选项,1,13,0.07692307692307693,7.6923076923076925,5,0.2,20.0,False,按实际呈现人数
ITEM-00007,29,惊讶,True,标准答案选项,2,13,0.15384615384615385,15.384615384615385,13,0.15384615384615385,15.384615384615385,False,按实际呈现人数
ITEM-00007,29,兴奋,False,非答案候选选项,0,13,0.0,0.0,2,0.0,0.0,True,按实际呈现人数
ITEM-00007,29,内疚,False,非答案候选选项,0,13,0.0,0.0,2,0.0,0.0,True,按实际呈现人数
ITEM-00007,29,冷静,False,非答案候选选项,0,13,0.0,0.0,2,0.0,0.0,True,按实际呈现人数
ITEM-00007,29,厌倦,False,非答案候选选项,0,13,0.0,0.0,3,0.0,0.0,True,按实际呈现人数
ITEM-00007,29,厌恶,False,非答案候选选项,0,13,0.0,0.0,4,0.0,0.0,True,按实际呈现人数
ITEM-00007,29,失望,False,非答案候选选项,0,13,0.0,0.0,2,0.0,0.0,True,按实际呈现人数
ITEM-00007,29,委屈,False,非答案候选选项,0,13,0.0,0.0,5,0.0,0.0,True,按实际呈现人数
ITEM-00007,29,嫉妒,False,非答案候选选项,0,13,0.0,0.0,3,0.0,0.0,True,按实际呈现人数
ITEM-00007,29,尴尬,False,非答案候选选项,0,13,0.0,0.0,1,0.0,0.0,True,按实际呈现人数
ITEM-00007,29,崇拜,False,非答案候选选项,0,13,0.0,0.0,4,0.0,0.0,True,按实际呈现人数
ITEM-00007,29,希望,False,非答案候选选项,0,13,0.0,0.0,2,0.0,0.0,True,按实际呈现人数
ITEM-00007,29,平静,False,非答案候选选项,0,13,0.0,0.0,2,0.0,0.0,True,按实际呈现人数
ITEM-00007,29,快乐,False,非答案候选选项,0,13,0.0,0.0,1,0.0,0.0,True,按实际呈现人数
ITEM-00007,29,怀旧,False,非答案候选选项,0,13,0.0,0.0,2,0.0,0.0,True,按实际呈现人数
ITEM-00007,29,怨恨,False,非答案候选选项,0,13,0.0,0.0,3,0.0,0.0,True,按实际呈现人数
ITEM-00007,29,悲伤,False,非答案候选选项,0,13,0.0,0.0,3,0.0,0.0,True,按实际呈现人数
ITEM-00007,29,惊喜,False,非答案候选选项,0,13,0.0,0.0,6,0.0,0.0,True,按实际呈现人数
ITEM-00007,29,感动,False,非答案候选选项,0,13,0.0,0.0,2,0.0,0.0,True,按实际呈现人数
ITEM-00007,29,感激,False,非答案候选选项,0,13,0.0,0.0,1,0.0,0.0,True,按实际呈现人数
ITEM-00007,29,抑郁,False,非答案候选选项,0,13,0.0,0.0,2,0.0,0.0,True,按实际呈现人数
ITEM-00007,29,敌意,False,非答案候选选项,0,13,0.0,0.0,5,0.0,0.0,True,按实际呈现人数
ITEM-00007,29,满足,False,非答案候选选项,0,13,0.0,0.0,2,0.0,0.0,True,按实际呈现人数
ITEM-00007,29,爱,False,非答案候选选项,0,13,0.0,0.0,1,0.0,0.0,True,按实际呈现人数
ITEM-00007,29,紧张,False,非答案候选选项,0,13,0.0,0.0,4,0.0,0.0,True,按实际呈现人数
ITEM-00007,29,绝望,False,非答案候选选项,0,13,0.0,0.0,1,0.0,0.0,True,按实际呈现人数
ITEM-00007,29,羞耻,False,非答案候选选项,0,13,0.0,0.0,3,0.0,0.0,True,按实际呈现人数
ITEM-00007,29,羡慕,False,非答案候选选项,0,13,0.0,0.0,3,0.0,0.0,True,按实际呈现人数
ITEM-00007,29,自满,False,非答案候选选项,0,13,0.0,0.0,2,0.0,0.0,True,按实际呈现人数
ITEM-00007,29,自豪,False,非答案候选选项,0,13,0.0,0.0,2,0.0,0.0,True,按实际呈现人数
ITEM-00007,29,蔑视,False,非答案候选选项,0,13,0.0,0.0,1,0.0,0.0,True,按实际呈现人数
ITEM-00007,29,轻松,False,非答案候选选项,0,13,0.0,0.0,3,0.0,0.0,True,按实际呈现人数
ITEM-00007,29,遗憾,False,非答案候选选项,0,13,0.0,0.0,2,0.0,0.0,True,按实际呈现人数
ITEM-00007,29,释然,False,非答案候选选项,0,13,0.0,0.0,1,0.0,0.0,True,按实际呈现人数
ITEM-00007,29,震惊,False,非答案候选选项,0,13,0.0,0.0,3,0.0,0.0,True,按实际呈现人数
ITEM-00008,30,希望,False,非答案候选选项,1,8,0.125,12.5,1,1.0,100.0,False,按实际呈现人数
ITEM-00008,30,悲伤,False,非答案候选选项,1,8,0.125,12.5,1,1.0,100.0,False,按实际呈现人数
ITEM-00008,30,内疚,False,非答案候选选项,1,8,0.125,12.5,2,0.5,50.0,False,按实际呈现人数
ITEM-00008,30,感动,False,非答案候选选项,1,8,0.125,12.5,2,0.5,50.0,False,按实际呈现人数
ITEM-00008,30,绝望,False,非答案候选选项,1,8,0.125,12.5,2,0.5,50.0,False,按实际呈现人数
ITEM-00008,30,兴奋,False,非答案候选选项,1,8,0.125,12.5,3,0.3333333333333333,33.33333333333333,False,按实际呈现人数
ITEM-00008,30,兴趣,False,非答案候选选项,1,8,0.125,12.5,3,0.3333333333333333,33.33333333333333,False,按实际呈现人数
ITEM-00008,30,共情痛苦,False,非答案候选选项,1,8,0.125,12.5,4,0.25,25.0,False,按实际呈现人数
ITEM-00008,30,不屑,False,非答案候选选项,0,8,0.0,0.0,1,0.0,0.0,True,按实际呈现人数
ITEM-00008,30,冷静,False,非答案候选选项,0,8,0.0,0.0,1,0.0,0.0,True,按实际呈现人数
ITEM-00008,30,厌倦,False,非答案候选选项,0,8,0.0,0.0,3,0.0,0.0,True,按实际呈现人数
ITEM-00008,30,困惑,True,标准答案选项,0,8,0.0,0.0,8,0.0,0.0,True,按实际呈现人数
ITEM-00008,30,失望,False,非答案候选选项,0,8,0.0,0.0,4,0.0,0.0,True,按实际呈现人数
ITEM-00008,30,好奇,False,非答案候选选项,0,8,0.0,0.0,1,0.0,0.0,True,按实际呈现人数
ITEM-00008,30,委屈,False,非答案候选选项,0,8,0.0,0.0,2,0.0,0.0,True,按实际呈现人数
ITEM-00008,30,尴尬,False,非答案候选选项,0,8,0.0,0.0,1,0.0,0.0,True,按实际呈现人数
ITEM-00008,30,崇拜,False,非答案候选选项,0,8,0.0,0.0,1,0.0,0.0,True,按实际呈现人数
ITEM-00008,30,平静,False,非答案候选选项,0,8,0.0,0.0,2,0.0,0.0,True,按实际呈现人数
ITEM-00008,30,怀旧,False,非答案候选选项,0,8,0.0,0.0,2,0.0,0.0,True,按实际呈现人数
ITEM-00008,30,怨恨,False,非答案候选选项,0,8,0.0,0.0,1,0.0,0.0,True,按实际呈现人数
ITEM-00008,30,惊喜,False,非答案候选选项,0,8,0.0,0.0,1,0.0,0.0,True,按实际呈现人数
ITEM-00008,30,惊讶,False,非答案候选选项,0,8,0.0,0.0,2,0.0,0.0,True,按实际呈现人数
ITEM-00008,30,愁闷,False,非答案候选选项,0,8,0.0,0.0,3,0.0,0.0,True,按实际呈现人数
ITEM-00008,30,愉悦,False,非答案候选选项,0,8,0.0,0.0,2,0.0,0.0,True,按实际呈现人数
ITEM-00008,30,感激,False,非答案候选选项,0,8,0.0,0.0,1,0.0,0.0,True,按实际呈现人数
ITEM-00008,30,愤怒,False,非答案候选选项,0,8,0.0,0.0,1,0.0,0.0,True,按实际呈现人数
ITEM-00008,30,抑郁,False,非答案候选选项,0,8,0.0,0.0,1,0.0,0.0,True,按实际呈现人数
ITEM-00008,30,担忧,False,非答案候选选项,0,8,0.0,0.0,1,0.0,0.0,True,按实际呈现人数
ITEM-00008,30,敌意,False,非答案候选选项,0,8,0.0,0.0,3,0.0,0.0,True,按实际呈现人数
ITEM-00008,30,渴望,False,非答案候选选项,0,8,0.0,0.0,1,0.0,0.0,True,按实际呈现人数
ITEM-00008,30,满足,False,非答案候选选项,0,8,0.0,0.0,1,0.0,0.0,True,按实际呈现人数
ITEM-00008,30,烦躁,False,非答案候选选项,0,8,0.0,0.0,2,0.0,0.0,True,按实际呈现人数
ITEM-00008,30,焦虑,False,非答案候选选项,0,8,0.0,0.0,3,0.0,0.0,True,按实际呈现人数
ITEM-00008,30,爱,False,非答案候选选项,0,8,0.0,0.0,1,0.0,0.0,True,按实际呈现人数
ITEM-00008,30,痛苦,False,非答案候选选项,0,8,0.0,0.0,1,0.0,0.0,True,按实际呈现人数
ITEM-00008,30,羞耻,False,非答案候选选项,0,8,0.0,0.0,1,0.0,0.0,True,按实际呈现人数
ITEM-00008,30,自满,False,非答案候选选项,0,8,0.0,0.0,1,0.0,0.0,True,按实际呈现人数
ITEM-00008,30,自豪,False,非答案候选选项,0,8,0.0,0.0,1,0.0,0.0,True,按实际呈现人数
ITEM-00008,30,蔑视,False,非答案候选选项,0,8,0.0,0.0,2,0.0,0.0,True,按实际呈现人数
ITEM-00008,30,轻松,False,非答案候选选项,0,8,0.0,0.0,1,0.0,0.0,True,按实际呈现人数
ITEM-00008,30,遗憾,False,非答案候选选项,0,8,0.0,0.0,2,0.0,0.0,True,按实际呈现人数
ITEM-00008,30,释然,False,非答案候选选项,0,8,0.0,0.0,1,0.0,0.0,True,按实际呈现人数
ITEM-00008,30,震惊,False,非答案候选选项,0,8,0.0,0.0,2,0.0,0.0,True,按实际呈现人数
ITEM-00009,7,轻松,False,非答案候选选项,1,35,0.02857142857142857,2.857142857142857,1,1.0,100.0,False,按实际呈现人数
ITEM-00009,7,兴奋,False,非答案候选选项,5,35,0.14285714285714285,14.285714285714285,9,0.5555555555555556,55.55555555555556,False,按实际呈现人数
ITEM-00009,7,紧张,True,标准答案选项,14,35,0.4,40.0,35,0.4,40.0,False,按实际呈现人数
ITEM-00009,7,惊喜,False,非答案候选选项,2,35,0.05714285714285714,5.714285714285714,6,0.3333333333333333,33.33333333333333,False,按实际呈现人数
ITEM-00009,7,愉悦,False,非答案候选选项,2,35,0.05714285714285714,5.714285714285714,6,0.3333333333333333,33.33333333333333,False,按实际呈现人数
ITEM-00009,7,快乐,False,非答案候选选项,2,35,0.05714285714285714,5.714285714285714,7,0.2857142857142857,28.57142857142857,False,按实际呈现人数
ITEM-00009,7,惊讶,False,非答案候选选项,2,35,0.05714285714285714,5.714285714285714,7,0.2857142857142857,28.57142857142857,False,按实际呈现人数
ITEM-00009,7,兴趣,False,非答案候选选项,1,35,0.02857142857142857,2.857142857142857,5,0.2,20.0,False,按实际呈现人数
ITEM-00009,7,担忧,False,非答案候选选项,2,35,0.05714285714285714,5.714285714285714,10,0.2,20.0,False,按实际呈现人数
ITEM-00009,7,释然,False,非答案候选选项,1,35,0.02857142857142857,2.857142857142857,7,0.14285714285714285,14.285714285714285,False,按实际呈现人数
ITEM-00009,7,冷静,False,非答案候选选项,1,35,0.02857142857142857,2.857142857142857,8,0.125,12.5,False,按实际呈现人数
ITEM-00009,7,烦躁,False,非答案候选选项,1,35,0.02857142857142857,2.857142857142857,8,0.125,12.5,False,按实际呈现人数
ITEM-00009,7,好奇,False,非答案候选选项,1,35,0.02857142857142857,2.857142857142857,11,0.09090909090909091,9.090909090909092,False,按实际呈现人数
ITEM-00009,7,不屑,False,非答案候选选项,0,35,0.0,0.0,3,0.0,0.0,True,按实际呈现人数
ITEM-00009,7,共情痛苦,False,非答案候选选项,0,35,0.0,0.0,10,0.0,0.0,True,按实际呈现人数
ITEM-00009,7,内疚,False,非答案候选选项,0,35,0.0,0.0,10,0.0,0.0,True,按实际呈现人数
ITEM-00009,7,厌倦,False,非答案候选选项,0,35,0.0,0.0,11,0.0,0.0,True,按实际呈现人数
ITEM-00009,7,厌恶,False,非答案候选选项,0,35,0.0,0.0,9,0.0,0.0,True,按实际呈现人数
ITEM-00009,7,困惑,False,非答案候选选项,0,35,0.0,0.0,6,0.0,0.0,True,按实际呈现人数
ITEM-00009,7,失望,False,非答案候选选项,0,35,0.0,0.0,5,0.0,0.0,True,按实际呈现人数
ITEM-00009,7,委屈,False,非答案候选选项,0,35,0.0,0.0,6,0.0,0.0,True,按实际呈现人数
ITEM-00009,7,嫉妒,False,非答案候选选项,0,35,0.0,0.0,7,0.0,0.0,True,按实际呈现人数
ITEM-00009,7,审美欣赏,False,非答案候选选项,0,35,0.0,0.0,6,0.0,0.0,True,按实际呈现人数
ITEM-00009,7,尴尬,False,非答案候选选项,0,35,0.0,0.0,4,0.0,0.0,True,按实际呈现人数
ITEM-00009,7,崇拜,False,非答案候选选项,0,35,0.0,0.0,4,0.0,0.0,True,按实际呈现人数
ITEM-00009,7,希望,False,非答案候选选项,0,35,0.0,0.0,7,0.0,0.0,True,按实际呈现人数
ITEM-00009,7,平静,False,非答案候选选项,0,35,0.0,0.0,6,0.0,0.0,True,按实际呈现人数
ITEM-00009,7,怀旧,False,非答案候选选项,0,35,0.0,0.0,5,0.0,0.0,True,按实际呈现人数
ITEM-00009,7,怨恨,False,非答案候选选项,0,35,0.0,0.0,8,0.0,0.0,True,按实际呈现人数
ITEM-00009,7,恐惧,False,非答案候选选项,0,35,0.0,0.0,3,0.0,0.0,True,按实际呈现人数
ITEM-00009,7,悲伤,False,非答案候选选项,0,35,0.0,0.0,6,0.0,0.0,True,按实际呈现人数
ITEM-00009,7,愁闷,False,非答案候选选项,0,35,0.0,0.0,7,0.0,0.0,True,按实际呈现人数
ITEM-00009,7,感动,False,非答案候选选项,0,35,0.0,0.0,4,0.0,0.0,True,按实际呈现人数
ITEM-00009,7,感激,False,非答案候选选项,0,35,0.0,0.0,7,0.0,0.0,True,按实际呈现人数
ITEM-00009,7,愤怒,False,非答案候选选项,0,35,0.0,0.0,7,0.0,0.0,True,按实际呈现人数
ITEM-00009,7,抑郁,False,非答案候选选项,0,35,0.0,0.0,10,0.0,0.0,True,按实际呈现人数
ITEM-00009,7,敌意,False,非答案候选选项,0,35,0.0,0.0,7,0.0,0.0,True,按实际呈现人数
ITEM-00009,7,渴望,False,非答案候选选项,0,35,0.0,0.0,4,0.0,0.0,True,按实际呈现人数
ITEM-00009,7,焦虑,False,非答案候选选项,0,35,0.0,0.0,4,0.0,0.0,True,按实际呈现人数
ITEM-00009,7,爱,False,非答案候选选项,0,35,0.0,0.0,7,0.0,0.0,True,按实际呈现人数
ITEM-00009,7,痛苦,False,非答案候选选项,0,35,0.0,0.0,10,0.0,0.0,True,按实际呈现人数
ITEM-00009,7,绝望,False,非答案候选选项,0,35,0.0,0.0,4,0.0,0.0,True,按实际呈现人数
ITEM-00009,7,羞耻,False,非答案候选选项,0,35,0.0,0.0,3,0.0,0.0,True,按实际呈现人数
ITEM-00009,7,羡慕,False,非答案候选选项,0,35,0.0,0.0,7,0.0,0.0,True,按实际呈现人数
ITEM-00009,7,自满,False,非答案候选选项,0,35,0.0,0.0,4,0.0,0.0,True,按实际呈现人数
ITEM-00009,7,自豪,False,非答案候选选项,0,35,0.0,0.0,7,0.0,0.0,True,按实际呈现人数
ITEM-00009,7,蔑视,False,非答案候选选项,0,35,0.0,0.0,9,0.0,0.0,True,按实际呈现人数
ITEM-00009,7,遗憾,False,非答案候选选项,0,35,0.0,0.0,5,0.0,0.0,True,按实际呈现人数
ITEM-00009,7,震惊,False,非答案候选选项,0,35,0.0,0.0,8,0.0,0.0,True,按实际呈现人数
ITEM-00010,63,兴奋,True,标准答案选项,27,33,0.8181818181818182,81.81818181818183,33,0.8181818181818182,81.81818181818183,False,按实际呈现人数
ITEM-00010,63,兴趣,False,非答案候选选项,4,33,0.12121212121212122,12.121212121212121,5,0.8,80.0,False,按实际呈现人数
ITEM-00010,63,惊喜,True,标准答案选项,25,33,0.7575757575757576,75.75757575757575,33,0.7575757575757576,75.75757575757575,False,按实际呈现人数
ITEM-00010,63,渴望,False,非答案候选选项,3,33,0.09090909090909091,9.090909090909092,4,0.75,75.0,False,按实际呈现人数
ITEM-00010,63,愉悦,False,非答案候选选项,5,33,0.15151515151515152,15.151515151515152,7,0.7142857142857143,71.42857142857143,False,按实际呈现人数
ITEM-00010,63,快乐,False,非答案候选选项,3,33,0.09090909090909091,9.090909090909092,5,0.6,60.0,False,按实际呈现人数
ITEM-00010,63,满足,False,非答案候选选项,3,33,0.09090909090909091,9.090909090909092,6,0.5,50.0,False,按实际呈现人数
ITEM-00010,63,自豪,False,非答案候选选项,2,33,0.06060606060606061,6.0606060606060606,4,0.5,50.0,False,按实际呈现人数
ITEM-00010,63,震惊,False,非答案候选选项,2,33,0.06060606060606061,6.0606060606060606,4,0.5,50.0,False,按实际呈现人数
ITEM-00010,63,惊讶,False,非答案候选选项,2,33,0.06060606060606061,6.0606060606060606,6,0.3333333333333333,33.33333333333333,False,按实际呈现人数
ITEM-00010,63,释然,False,非答案候选选项,1,33,0.030303030303030304,3.0303030303030303,3,0.3333333333333333,33.33333333333333,False,按实际呈现人数
ITEM-00010,63,内疚,False,非答案候选选项,1,33,0.030303030303030304,3.0303030303030303,4,0.25,25.0,False,按实际呈现人数
ITEM-00010,63,感动,False,非答案候选选项,1,33,0.030303030303030304,3.0303030303030303,4,0.25,25.0,False,按实际呈现人数
ITEM-00010,63,感激,False,非答案候选选项,1,33,0.030303030303030304,3.0303030303030303,6,0.16666666666666666,16.666666666666664,False,按实际呈现人数
ITEM-00010,63,平静,False,非答案候选选项,1,33,0.030303030303030304,3.0303030303030303,9,0.1111111111111111,11.11111111111111,False,按实际呈现人数
ITEM-00010,63,轻松,False,非答案候选选项,1,33,0.030303030303030304,3.0303030303030303,10,0.1,10.0,False,按实际呈现人数
ITEM-00010,63,自满,False,非答案候选选项,1,33,0.030303030303030304,3.0303030303030303,11,0.09090909090909091,9.090909090909092,False,按实际呈现人数
ITEM-00010,63,不屑,False,非答案候选选项,0,33,0.0,0.0,7,0.0,0.0,True,按实际呈现人数
ITEM-00010,63,共情痛苦,False,非答案候选选项,0,33,0.0,0.0,2,0.0,0.0,True,按实际呈现人数
ITEM-00010,63,冷静,False,非答案候选选项,0,33,0.0,0.0,5,0.0,0.0,True,按实际呈现人数
ITEM-00010,63,厌倦,False,非答案候选选项,0,33,0.0,0.0,3,0.0,0.0,True,按实际呈现人数
ITEM-00010,63,厌恶,False,非答案候选选项,0,33,0.0,0.0,6,0.0,0.0,True,按实际呈现人数
ITEM-00010,63,困惑,False,非答案候选选项,0,33,0.0,0.0,4,0.0,0.0,True,按实际呈现人数
ITEM-00010,63,失望,False,非答案候选选项,0,33,0.0,0.0,12,0.0,0.0,True,按实际呈现人数
ITEM-00010,63,好奇,False,非答案候选选项,0,33,0.0,0.0,3,0.0,0.0,True,按实际呈现人数
ITEM-00010,63,委屈,False,非答案候选选项,0,33,0.0,0.0,4,0.0,0.0,True,按实际呈现人数
ITEM-00010,63,嫉妒,False,非答案候选选项,0,33,0.0,0.0,6,0.0,0.0,True,按实际呈现人数
ITEM-00010,63,审美欣赏,False,非答案候选选项,0,33,0.0,0.0,2,0.0,0.0,True,按实际呈现人数
ITEM-00010,63,尴尬,False,非答案候选选项,0,33,0.0,0.0,3,0.0,0.0,True,按实际呈现人数
ITEM-00010,63,崇拜,False,非答案候选选项,0,33,0.0,0.0,5,0.0,0.0,True,按实际呈现人数
ITEM-00010,63,希望,False,非答案候选选项,0,33,0.0,0.0,5,0.0,0.0,True,按实际呈现人数
ITEM-00010,63,怀旧,False,非答案候选选项,0,33,0.0,0.0,7,0.0,0.0,True,按实际呈现人数
ITEM-00010,63,怨恨,False,非答案候选选项,0,33,0.0,0.0,7,0.0,0.0,True,按实际呈现人数
ITEM-00010,63,恐惧,False,非答案候选选项,0,33,0.0,0.0,9,0.0,0.0,True,按实际呈现人数
ITEM-00010,63,悲伤,False,非答案候选选项,0,33,0.0,0.0,8,0.0,0.0,True,按实际呈现人数
ITEM-00010,63,愁闷,False,非答案候选选项,0,33,0.0,0.0,6,0.0,0.0,True,按实际呈现人数
ITEM-00010,63,愤怒,False,非答案候选选项,0,33,0.0,0.0,9,0.0,0.0,True,按实际呈现人数
ITEM-00010,63,抑郁,False,非答案候选选项,0,33,0.0,0.0,3,0.0,0.0,True,按实际呈现人数
ITEM-00010,63,担忧,False,非答案候选选项,0,33,0.0,0.0,4,0.0,0.0,True,按实际呈现人数
ITEM-00010,63,敌意,False,非答案候选选项,0,33,0.0,0.0,5,0.0,0.0,True,按实际呈现人数
ITEM-00010,63,烦躁,False,非答案候选选项,0,33,0.0,0.0,9,0.0,0.0,True,按实际呈现人数
ITEM-00010,63,焦虑,False,非答案候选选项,0,33,0.0,0.0,5,0.0,0.0,True,按实际呈现人数
ITEM-00010,63,爱,False,非答案候选选项,0,33,0.0,0.0,4,0.0,0.0,True,按实际呈现人数
ITEM-00010,63,痛苦,False,非答案候选选项,0,33,0.0,0.0,4,0.0,0.0,True,按实际呈现人数
ITEM-00010,63,紧张,False,非答案候选选项,0,33,0.0,0.0,4,0.0,0.0,True,按实际呈现人数
ITEM-00010,63,绝望,False,非答案候选选项,0,33,0.0,0.0,4,0.0,0.0,True,按实际呈现人数
ITEM-00010,63,羞耻,False,非答案候选选项,0,33,0.0,0.0,6,0.0,0.0,True,按实际呈现人数
ITEM-00010,63,羡慕,False,非答案候选选项,0,33,0.0,0.0,3,0.0,0.0,True,按实际呈现人数
ITEM-00010,63,蔑视,False,非答案候选选项,0,33,0.0,0.0,4,0.0,0.0,True,按实际呈现人数
ITEM-00010,63,遗憾,False,非答案候选选项,0,33,0.0,0.0,8,0.0,0.0,True,按实际呈现人数
ITEM-00011,25,担忧,True,标准答案选项,9,10,0.9,90.0,10,0.9,90.0,False,按实际呈现人数
ITEM-00011,25,平静,False,非答案候选选项,1,10,0.1,10.0,5,0.2,20.0,False,按实际呈现人数
ITEM-00011,25,共情痛苦,False,非答案候选选项,0,10,0.0,0.0,1,0.0,0.0,True,按实际呈现人数
ITEM-00011,25,兴趣,False,非答案候选选项,0,10,0.0,0.0,2,0.0,0.0,True,按实际呈现人数
ITEM-00011,25,内疚,False,非答案候选选项,0,10,0.0,0.0,2,0.0,0.0,True,按实际呈现人数
ITEM-00011,25,冷静,False,非答案候选选项,0,10,0.0,0.0,4,0.0,0.0,True,按实际呈现人数
ITEM-00011,25,厌倦,False,非答案候选选项,0,10,0.0,0.0,2,0.0,0.0,True,按实际呈现人数
ITEM-00011,25,困惑,False,非答案候选选项,0,10,0.0,0.0,3,0.0,0.0,True,按实际呈现人数
ITEM-00011,25,好奇,False,非答案候选选项,0,10,0.0,0.0,1,0.0,0.0,True,按实际呈现人数
ITEM-00011,25,委屈,False,非答案候选选项,0,10,0.0,0.0,1,0.0,0.0,True,按实际呈现人数
ITEM-00011,25,嫉妒,False,非答案候选选项,0,10,0.0,0.0,2,0.0,0.0,True,按实际呈现人数
ITEM-00011,25,审美欣赏,False,非答案候选选项,0,10,0.0,0.0,3,0.0,0.0,True,按实际呈现人数
ITEM-00011,25,尴尬,False,非答案候选选项,0,10,0.0,0.0,1,0.0,0.0,True,按实际呈现人数
ITEM-00011,25,崇拜,False,非答案候选选项,0,10,0.0,0.0,3,0.0,0.0,True,按实际呈现人数
ITEM-00011,25,希望,False,非答案候选选项,0,10,0.0,0.0,3,0.0,0.0,True,按实际呈现人数
ITEM-00011,25,快乐,False,非答案候选选项,0,10,0.0,0.0,2,0.0,0.0,True,按实际呈现人数
ITEM-00011,25,怀旧,False,非答案候选选项,0,10,0.0,0.0,6,0.0,0.0,True,按实际呈现人数
ITEM-00011,25,怨恨,False,非答案候选选项,0,10,0.0,0.0,1,0.0,0.0,True,按实际呈现人数
ITEM-00011,25,悲伤,False,非答案候选选项,0,10,0.0,0.0,1,0.0,0.0,True,按实际呈现人数
ITEM-00011,25,惊讶,False,非答案候选选项,0,10,0.0,0.0,3,0.0,0.0,True,按实际呈现人数
ITEM-00011,25,愁闷,False,非答案候选选项,0,10,0.0,0.0,1,0.0,0.0,True,按实际呈现人数
ITEM-00011,25,愉悦,False,非答案候选选项,0,10,0.0,0.0,3,0.0,0.0,True,按实际呈现人数
ITEM-00011,25,感动,False,非答案候选选项,0,10,0.0,0.0,1,0.0,0.0,True,按实际呈现人数
ITEM-00011,25,感激,False,非答案候选选项,0,10,0.0,0.0,1,0.0,0.0,True,按实际呈现人数
ITEM-00011,25,愤怒,False,非答案候选选项,0,10,0.0,0.0,4,0.0,0.0,True,按实际呈现人数
ITEM-00011,25,抑郁,False,非答案候选选项,0,10,0.0,0.0,1,0.0,0.0,True,按实际呈现人数
ITEM-00011,25,敌意,False,非答案候选选项,0,10,0.0,0.0,2,0.0,0.0,True,按实际呈现人数
ITEM-00011,25,渴望,False,非答案候选选项,0,10,0.0,0.0,4,0.0,0.0,True,按实际呈现人数
ITEM-00011,25,满足,False,非答案候选选项,0,10,0.0,0.0,1,0.0,0.0,True,按实际呈现人数
ITEM-00011,25,烦躁,False,非答案候选选项,0,10,0.0,0.0,2,0.0,0.0,True,按实际呈现人数
ITEM-00011,25,焦虑,False,非答案候选选项,0,10,0.0,0.0,3,0.0,0.0,True,按实际呈现人数
ITEM-00011,25,爱,False,非答案候选选项,0,10,0.0,0.0,1,0.0,0.0,True,按实际呈现人数
ITEM-00011,25,痛苦,False,非答案候选选项,0,10,0.0,0.0,2,0.0,0.0,True,按实际呈现人数
ITEM-00011,25,紧张,False,非答案候选选项,0,10,0.0,0.0,2,0.0,0.0,True,按实际呈现人数
ITEM-00011,25,绝望,False,非答案候选选项,0,10,0.0,0.0,3,0.0,0.0,True,按实际呈现人数
ITEM-00011,25,羞耻,False,非答案候选选项,0,10,0.0,0.0,1,0.0,0.0,True,按实际呈现人数
ITEM-00011,25,羡慕,False,非答案候选选项,0,10,0.0,0.0,5,0.0,0.0,True,按实际呈现人数
ITEM-00011,25,自满,False,非答案候选选项,0,10,0.0,0.0,2,0.0,0.0,True,按实际呈现人数
ITEM-00011,25,蔑视,False,非答案候选选项,0,10,0.0,0.0,1,0.0,0.0,True,按实际呈现人数
ITEM-00011,25,轻松,False,非答案候选选项,0,10,0.0,0.0,3,0.0,0.0,True,按实际呈现人数
ITEM-00011,25,遗憾,False,非答案候选选项,0,10,0.0,0.0,1,0.0,0.0,True,按实际呈现人数
ITEM-00012,26,愤怒,True,标准答案选项,11,12,0.9166666666666666,91.66666666666666,12,0.9166666666666666,91.66666666666666,False,按实际呈现人数
ITEM-00012,26,悲伤,False,非答案候选选项,1,12,0.08333333333333333,8.333333333333332,4,0.25,25.0,False,按实际呈现人数
ITEM-00012,26,不屑,False,非答案候选选项,0,12,0.0,0.0,4,0.0,0.0,True,按实际呈现人数
ITEM-00012,26,共情痛苦,False,非答案候选选项,0,12,0.0,0.0,3,0.0,0.0,True,按实际呈现人数
ITEM-00012,26,兴奋,False,非答案候选选项,0,12,0.0,0.0,2,0.0,0.0,True,按实际呈现人数
ITEM-00012,26,兴趣,False,非答案候选选项,0,12,0.0,0.0,2,0.0,0.0,True,按实际呈现人数
ITEM-00012,26,冷静,False,非答案候选选项,0,12,0.0,0.0,4,0.0,0.0,True,按实际呈现人数
ITEM-00012,26,厌倦,False,非答案候选选项,0,12,0.0,0.0,3,0.0,0.0,True,按实际呈现人数
ITEM-00012,26,厌恶,False,非答案候选选项,0,12,0.0,0.0,2,0.0,0.0,True,按实际呈现人数
ITEM-00012,26,困惑,False,非答案候选选项,0,12,0.0,0.0,2,0.0,0.0,True,按实际呈现人数
ITEM-00012,26,失望,False,非答案候选选项,0,12,0.0,0.0,1,0.0,0.0,True,按实际呈现人数
ITEM-00012,26,好奇,False,非答案候选选项,0,12,0.0,0.0,2,0.0,0.0,True,按实际呈现人数
ITEM-00012,26,委屈,False,非答案候选选项,0,12,0.0,0.0,2,0.0,0.0,True,按实际呈现人数
ITEM-00012,26,嫉妒,False,非答案候选选项,0,12,0.0,0.0,1,0.0,0.0,True,按实际呈现人数
ITEM-00012,26,审美欣赏,False,非答案候选选项,0,12,0.0,0.0,1,0.0,0.0,True,按实际呈现人数
ITEM-00012,26,尴尬,False,非答案候选选项,0,12,0.0,0.0,4,0.0,0.0,True,按实际呈现人数
ITEM-00012,26,希望,False,非答案候选选项,0,12,0.0,0.0,2,0.0,0.0,True,按实际呈现人数
ITEM-00012,26,平静,False,非答案候选选项,0,12,0.0,0.0,3,0.0,0.0,True,按实际呈现人数
ITEM-00012,26,快乐,False,非答案候选选项,0,12,0.0,0.0,3,0.0,0.0,True,按实际呈现人数
ITEM-00012,26,怨恨,False,非答案候选选项,0,12,0.0,0.0,1,0.0,0.0,True,按实际呈现人数
ITEM-00012,26,恐惧,False,非答案候选选项,0,12,0.0,0.0,1,0.0,0.0,True,按实际呈现人数
ITEM-00012,26,惊喜,False,非答案候选选项,0,12,0.0,0.0,2,0.0,0.0,True,按实际呈现人数
ITEM-00012,26,惊讶,False,非答案候选选项,0,12,0.0,0.0,1,0.0,0.0,True,按实际呈现人数
ITEM-00012,26,愁闷,False,非答案候选选项,0,12,0.0,0.0,2,0.0,0.0,True,按实际呈现人数
ITEM-00012,26,愉悦,False,非答案候选选项,0,12,0.0,0.0,2,0.0,0.0,True,按实际呈现人数
ITEM-00012,26,感动,False,非答案候选选项,0,12,0.0,0.0,3,0.0,0.0,True,按实际呈现人数
ITEM-00012,26,感激,False,非答案候选选项,0,12,0.0,0.0,2,0.0,0.0,True,按实际呈现人数
ITEM-00012,26,抑郁,False,非答案候选选项,0,12,0.0,0.0,3,0.0,0.0,True,按实际呈现人数
ITEM-00012,26,担忧,False,非答案候选选项,0,12,0.0,0.0,1,0.0,0.0,True,按实际呈现人数
ITEM-00012,26,敌意,False,非答案候选选项,0,12,0.0,0.0,3,0.0,0.0,True,按实际呈现人数
ITEM-00012,26,满足,False,非答案候选选项,0,12,0.0,0.0,5,0.0,0.0,True,按实际呈现人数
ITEM-00012,26,烦躁,False,非答案候选选项,0,12,0.0,0.0,2,0.0,0.0,True,按实际呈现人数
ITEM-00012,26,焦虑,False,非答案候选选项,0,12,0.0,0.0,1,0.0,0.0,True,按实际呈现人数
ITEM-00012,26,爱,False,非答案候选选项,0,12,0.0,0.0,2,0.0,0.0,True,按实际呈现人数
ITEM-00012,26,痛苦,False,非答案候选选项,0,12,0.0,0.0,3,0.0,0.0,True,按实际呈现人数
ITEM-00012,26,紧张,False,非答案候选选项,0,12,0.0,0.0,2,0.0,0.0,True,按实际呈现人数
ITEM-00012,26,绝望,False,非答案候选选项,0,12,0.0,0.0,6,0.0,0.0,True,按实际呈现人数
ITEM-00012,26,羞耻,False,非答案候选选项,0,12,0.0,0.0,3,0.0,0.0,True,按实际呈现人数
ITEM-00012,26,羡慕,False,非答案候选选项,0,12,0.0,0.0,4,0.0,0.0,True,按实际呈现人数
ITEM-00012,26,自满,False,非答案候选选项,0,12,0.0,0.0,1,0.0,0.0,True,按实际呈现人数
ITEM-00012,26,自豪,False,非答案候选选项,0,12,0.0,0.0,3,0.0,0.0,True,按实际呈现人数
ITEM-00012,26,蔑视,False,非答案候选选项,0,12,0.0,0.0,2,0.0,0.0,True,按实际呈现人数
ITEM-00012,26,轻松,False,非答案候选选项,0,12,0.0,0.0,1,0.0,0.0,True,按实际呈现人数
ITEM-00012,26,遗憾,False,非答案候选选项,0,12,0.0,0.0,2,0.0,0.0,True,按实际呈现人数
ITEM-00012,26,释然,False,非答案候选选项,0,12,0.0,0.0,2,0.0,0.0,True,按实际呈现人数
ITEM-00012,26,震惊,False,非答案候选选项,0,12,0.0,0.0,3,0.0,0.0,True,按实际呈现人数
ITEM-00013,27,愤怒,True,标准答案选项,13,15,0.8666666666666667,86.66666666666667,15,0.8666666666666667,86.66666666666667,False,按实际呈现人数
ITEM-00013,27,怨恨,False,非答案候选选项,2,15,0.13333333333333333,13.333333333333334,6,0.3333333333333333,33.33333333333333,False,按实际呈现人数
ITEM-00013,27,不屑,False,非答案候选选项,0,15,0.0,0.0,3,0.0,0.0,True,按实际呈现人数
ITEM-00013,27,共情痛苦,False,非答案候选选项,0,15,0.0,0.0,5,0.0,0.0,True,按实际呈现人数
ITEM-00013,27,兴奋,False,非答案候选选项,0,15,0.0,0.0,5,0.0,0.0,True,按实际呈现人数
ITEM-00013,27,兴趣,False,非答案候选选项,0,15,0.0,0.0,2,0.0,0.0,True,按实际呈现人数
ITEM-00013,27,内疚,False,非答案候选选项,0,15,0.0,0.0,2,0.0,0.0,True,按实际呈现人数
ITEM-00013,27,冷静,False,非答案候选选项,0,15,0.0,0.0,2,0.0,0.0,True,按实际呈现人数
ITEM-00013,27,厌倦,False,非答案候选选项,0,15,0.0,0.0,2,0.0,0.0,True,按实际呈现人数
ITEM-00013,27,厌恶,False,非答案候选选项,0,15,0.0,0.0,2,0.0,0.0,True,按实际呈现人数
ITEM-00013,27,困惑,False,非答案候选选项,0,15,0.0,0.0,2,0.0,0.0,True,按实际呈现人数
ITEM-00013,27,失望,False,非答案候选选项,0,15,0.0,0.0,4,0.0,0.0,True,按实际呈现人数
ITEM-00013,27,好奇,False,非答案候选选项,0,15,0.0,0.0,4,0.0,0.0,True,按实际呈现人数
ITEM-00013,27,委屈,False,非答案候选选项,0,15,0.0,0.0,3,0.0,0.0,True,按实际呈现人数
ITEM-00013,27,嫉妒,False,非答案候选选项,0,15,0.0,0.0,1,0.0,0.0,True,按实际呈现人数
ITEM-00013,27,审美欣赏,False,非答案候选选项,0,15,0.0,0.0,3,0.0,0.0,True,按实际呈现人数
ITEM-00013,27,尴尬,False,非答案候选选项,0,15,0.0,0.0,3,0.0,0.0,True,按实际呈现人数
ITEM-00013,27,崇拜,False,非答案候选选项,0,15,0.0,0.0,1,0.0,0.0,True,按实际呈现人数
ITEM-00013,27,希望,False,非答案候选选项,0,15,0.0,0.0,6,0.0,0.0,True,按实际呈现人数
ITEM-00013,27,平静,False,非答案候选选项,0,15,0.0,0.0,2,0.0,0.0,True,按实际呈现人数
ITEM-00013,27,快乐,False,非答案候选选项,0,15,0.0,0.0,2,0.0,0.0,True,按实际呈现人数
ITEM-00013,27,怀旧,False,非答案候选选项,0,15,0.0,0.0,3,0.0,0.0,True,按实际呈现人数
ITEM-00013,27,恐惧,False,非答案候选选项,0,15,0.0,0.0,3,0.0,0.0,True,按实际呈现人数
ITEM-00013,27,悲伤,False,非答案候选选项,0,15,0.0,0.0,2,0.0,0.0,True,按实际呈现人数
ITEM-00013,27,惊喜,False,非答案候选选项,0,15,0.0,0.0,1,0.0,0.0,True,按实际呈现人数
ITEM-00013,27,惊讶,False,非答案候选选项,0,15,0.0,0.0,4,0.0,0.0,True,按实际呈现人数
ITEM-00013,27,愁闷,False,非答案候选选项,0,15,0.0,0.0,4,0.0,0.0,True,按实际呈现人数
ITEM-00013,27,愉悦,False,非答案候选选项,0,15,0.0,0.0,1,0.0,0.0,True,按实际呈现人数
ITEM-00013,27,感动,False,非答案候选选项,0,15,0.0,0.0,2,0.0,0.0,True,按实际呈现人数
ITEM-00013,27,感激,False,非答案候选选项,0,15,0.0,0.0,2,0.0,0.0,True,按实际呈现人数
ITEM-00013,27,抑郁,False,非答案候选选项,0,15,0.0,0.0,4,0.0,0.0,True,按实际呈现人数
ITEM-00013,27,担忧,False,非答案候选选项,0,15,0.0,0.0,2,0.0,0.0,True,按实际呈现人数
ITEM-00013,27,敌意,False,非答案候选选项,0,15,0.0,0.0,2,0.0,0.0,True,按实际呈现人数
ITEM-00013,27,渴望,False,非答案候选选项,0,15,0.0,0.0,3,0.0,0.0,True,按实际呈现人数
ITEM-00013,27,满足,False,非答案候选选项,0,15,0.0,0.0,3,0.0,0.0,True,按实际呈现人数
ITEM-00013,27,烦躁,False,非答案候选选项,0,15,0.0,0.0,2,0.0,0.0,True,按实际呈现人数
ITEM-00013,27,焦虑,False,非答案候选选项,0,15,0.0,0.0,2,0.0,0.0,True,按实际呈现人数
ITEM-00013,27,爱,False,非答案候选选项,0,15,0.0,0.0,1,0.0,0.0,True,按实际呈现人数
ITEM-00013,27,痛苦,False,非答案候选选项,0,15,0.0,0.0,4,0.0,0.0,True,按实际呈现人数
ITEM-00013,27,紧张,False,非答案候选选项,0,15,0.0,0.0,5,0.0,0.0,True,按实际呈现人数
ITEM-00013,27,绝望,False,非答案候选选项,0,15,0.0,0.0,3,0.0,0.0,True,按实际呈现人数
ITEM-00013,27,羞耻,False,非答案候选选项,0,15,0.0,0.0,3,0.0,0.0,True,按实际呈现人数
ITEM-00013,27,羡慕,False,非答案候选选项,0,15,0.0,0.0,1,0.0,0.0,True,按实际呈现人数
ITEM-00013,27,自满,False,非答案候选选项,0,15,0.0,0.0,4,0.0,0.0,True,按实际呈现人数
ITEM-00013,27,自豪,False,非答案候选选项,0,15,0.0,0.0,1,0.0,0.0,True,按实际呈现人数
ITEM-00013,27,蔑视,False,非答案候选选项,0,15,0.0,0.0,5,0.0,0.0,True,按实际呈现人数
ITEM-00013,27,轻松,False,非答案候选选项,0,15,0.0,0.0,1,0.0,0.0,True,按实际呈现人数
ITEM-00013,27,遗憾,False,非答案候选选项,0,15,0.0,0.0,2,0.0,0.0,True,按实际呈现人数
ITEM-00013,27,释然,False,非答案候选选项,0,15,0.0,0.0,2,0.0,0.0,True,按实际呈现人数
ITEM-00013,27,震惊,False,非答案候选选项,0,15,0.0,0.0,3,0.0,0.0,True,按实际呈现人数
ITEM-00014,1,崇拜,True,标准答案选项,7,8,0.875,87.5,8,0.875,87.5,False,按实际呈现人数
ITEM-00014,1,愉悦,False,非答案候选选项,1,8,0.125,12.5,2,0.5,50.0,False,按实际呈现人数
ITEM-00014,1,不屑,False,非答案候选选项,0,8,0.0,0.0,1,0.0,0.0,True,按实际呈现人数
ITEM-00014,1,共情痛苦,False,非答案候选选项,0,8,0.0,0.0,1,0.0,0.0,True,按实际呈现人数
ITEM-00014,1,兴奋,False,非答案候选选项,0,8,0.0,0.0,1,0.0,0.0,True,按实际呈现人数
ITEM-00014,1,兴趣,False,非答案候选选项,0,8,0.0,0.0,1,0.0,0.0,True,按实际呈现人数
ITEM-00014,1,内疚,False,非答案候选选项,0,8,0.0,0.0,1,0.0,0.0,True,按实际呈现人数
ITEM-00014,1,冷静,False,非答案候选选项,0,8,0.0,0.0,3,0.0,0.0,True,按实际呈现人数
ITEM-00014,1,厌倦,False,非答案候选选项,0,8,0.0,0.0,1,0.0,0.0,True,按实际呈现人数
ITEM-00014,1,厌恶,False,非答案候选选项,0,8,0.0,0.0,2,0.0,0.0,True,按实际呈现人数
ITEM-00014,1,失望,False,非答案候选选项,0,8,0.0,0.0,2,0.0,0.0,True,按实际呈现人数
ITEM-00014,1,好奇,False,非答案候选选项,0,8,0.0,0.0,3,0.0,0.0,True,按实际呈现人数
ITEM-00014,1,委屈,False,非答案候选选项,0,8,0.0,0.0,1,0.0,0.0,True,按实际呈现人数
ITEM-00014,1,审美欣赏,False,非答案候选选项,0,8,0.0,0.0,1,0.0,0.0,True,按实际呈现人数
ITEM-00014,1,尴尬,False,非答案候选选项,0,8,0.0,0.0,3,0.0,0.0,True,按实际呈现人数
ITEM-00014,1,希望,False,非答案候选选项,0,8,0.0,0.0,2,0.0,0.0,True,按实际呈现人数
ITEM-00014,1,平静,False,非答案候选选项,0,8,0.0,0.0,1,0.0,0.0,True,按实际呈现人数
ITEM-00014,1,怀旧,False,非答案候选选项,0,8,0.0,0.0,3,0.0,0.0,True,按实际呈现人数
ITEM-00014,1,恐惧,False,非答案候选选项,0,8,0.0,0.0,1,0.0,0.0,True,按实际呈现人数
ITEM-00014,1,悲伤,False,非答案候选选项,0,8,0.0,0.0,3,0.0,0.0,True,按实际呈现人数
ITEM-00014,1,惊喜,False,非答案候选选项,0,8,0.0,0.0,1,0.0,0.0,True,按实际呈现人数
ITEM-00014,1,愁闷,False,非答案候选选项,0,8,0.0,0.0,2,0.0,0.0,True,按实际呈现人数
ITEM-00014,1,感动,False,非答案候选选项,0,8,0.0,0.0,2,0.0,0.0,True,按实际呈现人数
ITEM-00014,1,感激,False,非答案候选选项,0,8,0.0,0.0,2,0.0,0.0,True,按实际呈现人数
ITEM-00014,1,愤怒,False,非答案候选选项,0,8,0.0,0.0,3,0.0,0.0,True,按实际呈现人数
ITEM-00014,1,担忧,False,非答案候选选项,0,8,0.0,0.0,3,0.0,0.0,True,按实际呈现人数
ITEM-00014,1,敌意,False,非答案候选选项,0,8,0.0,0.0,1,0.0,0.0,True,按实际呈现人数
ITEM-00014,1,满足,False,非答案候选选项,0,8,0.0,0.0,1,0.0,0.0,True,按实际呈现人数
ITEM-00014,1,烦躁,False,非答案候选选项,0,8,0.0,0.0,2,0.0,0.0,True,按实际呈现人数
ITEM-00014,1,焦虑,False,非答案候选选项,0,8,0.0,0.0,2,0.0,0.0,True,按实际呈现人数
ITEM-00014,1,爱,False,非答案候选选项,0,8,0.0,0.0,1,0.0,0.0,True,按实际呈现人数
ITEM-00014,1,痛苦,False,非答案候选选项,0,8,0.0,0.0,1,0.0,0.0,True,按实际呈现人数
ITEM-00014,1,紧张,False,非答案候选选项,0,8,0.0,0.0,1,0.0,0.0,True,按实际呈现人数
ITEM-00014,1,羞耻,False,非答案候选选项,0,8,0.0,0.0,4,0.0,0.0,True,按实际呈现人数
ITEM-00014,1,羡慕,False,非答案候选选项,0,8,0.0,0.0,2,0.0,0.0,True,按实际呈现人数
ITEM-00014,1,自豪,False,非答案候选选项,0,8,0.0,0.0,3,0.0,0.0,True,按实际呈现人数
ITEM-00014,1,蔑视,False,非答案候选选项,0,8,0.0,0.0,1,0.0,0.0,True,按实际呈现人数
ITEM-00014,1,轻松,False,非答案候选选项,0,8,0.0,0.0,2,0.0,0.0,True,按实际呈现人数
ITEM-00014,1,遗憾,False,非答案候选选项,0,8,0.0,0.0,1,0.0,0.0,True,按实际呈现人数
ITEM-00014,1,释然,False,非答案候选选项,0,8,0.0,0.0,2,0.0,0.0,True,按实际呈现人数
ITEM-00014,1,震惊,False,非答案候选选项,0,8,0.0,0.0,2,0.0,0.0,True,按实际呈现人数
ITEM-00015,4,悲伤,False,非答案候选选项,1,6,0.16666666666666666,16.666666666666664,1,1.0,100.0,False,按实际呈现人数
ITEM-00015,4,痛苦,False,非答案候选选项,1,6,0.16666666666666666,16.666666666666664,1,1.0,100.0,False,按实际呈现人数
ITEM-00015,4,焦虑,False,非答案候选选项,1,6,0.16666666666666666,16.666666666666664,2,0.5,50.0,False,按实际呈现人数
ITEM-00015,4,释然,False,非答案候选选项,1,6,0.16666666666666666,16.666666666666664,2,0.5,50.0,False,按实际呈现人数
ITEM-00015,4,紧张,False,非答案候选选项,1,6,0.16666666666666666,16.666666666666664,3,0.3333333333333333,33.33333333333333,False,按实际呈现人数
ITEM-00015,4,绝望,True,标准答案选项,1,6,0.16666666666666666,16.666666666666664,6,0.16666666666666666,16.666666666666664,False,按实际呈现人数
ITEM-00015,4,不屑,False,非答案候选选项,0,6,0.0,0.0,1,0.0,0.0,True,按实际呈现人数
ITEM-00015,4,兴奋,False,非答案候选选项,0,6,0.0,0.0,1,0.0,0.0,True,按实际呈现人数
ITEM-00015,4,兴趣,False,非答案候选选项,0,6,0.0,0.0,1,0.0,0.0,True,按实际呈现人数
ITEM-00015,4,内疚,False,非答案候选选项,0,6,0.0,0.0,1,0.0,0.0,True,按实际呈现人数
ITEM-00015,4,厌倦,False,非答案候选选项,0,6,0.0,0.0,1,0.0,0.0,True,按实际呈现人数
ITEM-00015,4,困惑,False,非答案候选选项,0,6,0.0,0.0,1,0.0,0.0,True,按实际呈现人数
ITEM-00015,4,失望,False,非答案候选选项,0,6,0.0,0.0,1,0.0,0.0,True,按实际呈现人数
ITEM-00015,4,好奇,False,非答案候选选项,0,6,0.0,0.0,2,0.0,0.0,True,按实际呈现人数
ITEM-00015,4,委屈,False,非答案候选选项,0,6,0.0,0.0,2,0.0,0.0,True,按实际呈现人数
ITEM-00015,4,嫉妒,False,非答案候选选项,0,6,0.0,0.0,1,0.0,0.0,True,按实际呈现人数
ITEM-00015,4,尴尬,False,非答案候选选项,0,6,0.0,0.0,1,0.0,0.0,True,按实际呈现人数
ITEM-00015,4,崇拜,False,非答案候选选项,0,6,0.0,0.0,1,0.0,0.0,True,按实际呈现人数
ITEM-00015,4,平静,False,非答案候选选项,0,6,0.0,0.0,1,0.0,0.0,True,按实际呈现人数
ITEM-00015,4,怨恨,False,非答案候选选项,0,6,0.0,0.0,3,0.0,0.0,True,按实际呈现人数
ITEM-00015,4,恐惧,False,非答案候选选项,0,6,0.0,0.0,1,0.0,0.0,True,按实际呈现人数
ITEM-00015,4,惊喜,False,非答案候选选项,0,6,0.0,0.0,2,0.0,0.0,True,按实际呈现人数
ITEM-00015,4,惊讶,False,非答案候选选项,0,6,0.0,0.0,2,0.0,0.0,True,按实际呈现人数
ITEM-00015,4,愉悦,False,非答案候选选项,0,6,0.0,0.0,3,0.0,0.0,True,按实际呈现人数
ITEM-00015,4,感激,False,非答案候选选项,0,6,0.0,0.0,3,0.0,0.0,True,按实际呈现人数
ITEM-00015,4,担忧,False,非答案候选选项,0,6,0.0,0.0,1,0.0,0.0,True,按实际呈现人数
ITEM-00015,4,敌意,False,非答案候选选项,0,6,0.0,0.0,2,0.0,0.0,True,按实际呈现人数
ITEM-00015,4,满足,False,非答案候选选项,0,6,0.0,0.0,2,0.0,0.0,True,按实际呈现人数
ITEM-00015,4,爱,False,非答案候选选项,0,6,0.0,0.0,1,0.0,0.0,True,按实际呈现人数
ITEM-00015,4,羞耻,False,非答案候选选项,0,6,0.0,0.0,1,0.0,0.0,True,按实际呈现人数
ITEM-00015,4,羡慕,False,非答案候选选项,0,6,0.0,0.0,2,0.0,0.0,True,按实际呈现人数
ITEM-00015,4,蔑视,False,非答案候选选项,0,6,0.0,0.0,2,0.0,0.0,True,按实际呈现人数
ITEM-00015,4,轻松,False,非答案候选选项,0,6,0.0,0.0,2,0.0,0.0,True,按实际呈现人数
ITEM-00015,4,遗憾,False,非答案候选选项,0,6,0.0,0.0,2,0.0,0.0,True,按实际呈现人数
ITEM-00015,4,震惊,False,非答案候选选项,0,6,0.0,0.0,1,0.0,0.0,True,按实际呈现人数
ITEM-00016,9,兴奋,False,非答案候选选项,1,8,0.125,12.5,1,1.0,100.0,False,按实际呈现人数
ITEM-00016,9,不屑,True,标准答案选项,6,8,0.75,75.0,8,0.75,75.0,False,按实际呈现人数
ITEM-00016,9,蔑视,False,非答案候选选项,1,8,0.125,12.5,3,0.3333333333333333,33.33333333333333,False,按实际呈现人数
ITEM-00016,9,共情痛苦,False,非答案候选选项,0,8,0.0,0.0,2,0.0,0.0,True,按实际呈现人数
ITEM-00016,9,兴趣,False,非答案候选选项,0,8,0.0,0.0,2,0.0,0.0,True,按实际呈现人数
ITEM-00016,9,冷静,False,非答案候选选项,0,8,0.0,0.0,1,0.0,0.0,True,按实际呈现人数
ITEM-00016,9,厌倦,False,非答案候选选项,0,8,0.0,0.0,3,0.0,0.0,True,按实际呈现人数
ITEM-00016,9,厌恶,False,非答案候选选项,0,8,0.0,0.0,3,0.0,0.0,True,按实际呈现人数
ITEM-00016,9,困惑,False,非答案候选选项,0,8,0.0,0.0,4,0.0,0.0,True,按实际呈现人数
ITEM-00016,9,失望,False,非答案候选选项,0,8,0.0,0.0,1,0.0,0.0,True,按实际呈现人数
ITEM-00016,9,好奇,False,非答案候选选项,0,8,0.0,0.0,1,0.0,0.0,True,按实际呈现人数
ITEM-00016,9,委屈,False,非答案候选选项,0,8,0.0,0.0,1,0.0,0.0,True,按实际呈现人数
ITEM-00016,9,嫉妒,False,非答案候选选项,0,8,0.0,0.0,1,0.0,0.0,True,按实际呈现人数
ITEM-00016,9,尴尬,False,非答案候选选项,0,8,0.0,0.0,3,0.0,0.0,True,按实际呈现人数
ITEM-00016,9,崇拜,False,非答案候选选项,0,8,0.0,0.0,2,0.0,0.0,True,按实际呈现人数
ITEM-00016,9,希望,False,非答案候选选项,0,8,0.0,0.0,1,0.0,0.0,True,按实际呈现人数
ITEM-00016,9,平静,False,非答案候选选项,0,8,0.0,0.0,2,0.0,0.0,True,按实际呈现人数
ITEM-00016,9,快乐,False,非答案候选选项,0,8,0.0,0.0,1,0.0,0.0,True,按实际呈现人数
ITEM-00016,9,怀旧,False,非答案候选选项,0,8,0.0,0.0,2,0.0,0.0,True,按实际呈现人数
ITEM-00016,9,恐惧,False,非答案候选选项,0,8,0.0,0.0,2,0.0,0.0,True,按实际呈现人数
ITEM-00016,9,悲伤,False,非答案候选选项,0,8,0.0,0.0,3,0.0,0.0,True,按实际呈现人数
ITEM-00016,9,惊喜,False,非答案候选选项,0,8,0.0,0.0,3,0.0,0.0,True,按实际呈现人数
ITEM-00016,9,惊讶,False,非答案候选选项,0,8,0.0,0.0,1,0.0,0.0,True,按实际呈现人数
ITEM-00016,9,愁闷,False,非答案候选选项,0,8,0.0,0.0,1,0.0,0.0,True,按实际呈现人数
ITEM-00016,9,愉悦,False,非答案候选选项,0,8,0.0,0.0,3,0.0,0.0,True,按实际呈现人数
ITEM-00016,9,感动,False,非答案候选选项,0,8,0.0,0.0,2,0.0,0.0,True,按实际呈现人数
ITEM-00016,9,感激,False,非答案候选选项,0,8,0.0,0.0,2,0.0,0.0,True,按实际呈现人数
ITEM-00016,9,愤怒,False,非答案候选选项,0,8,0.0,0.0,2,0.0,0.0,True,按实际呈现人数
ITEM-00016,9,抑郁,False,非答案候选选项,0,8,0.0,0.0,1,0.0,0.0,True,按实际呈现人数
ITEM-00016,9,担忧,False,非答案候选选项,0,8,0.0,0.0,1,0.0,0.0,True,按实际呈现人数
ITEM-00016,9,敌意,False,非答案候选选项,0,8,0.0,0.0,1,0.0,0.0,True,按实际呈现人数
ITEM-00016,9,渴望,False,非答案候选选项,0,8,0.0,0.0,1,0.0,0.0,True,按实际呈现人数
ITEM-00016,9,满足,False,非答案候选选项,0,8,0.0,0.0,2,0.0,0.0,True,按实际呈现人数
ITEM-00016,9,烦躁,False,非答案候选选项,0,8,0.0,0.0,3,0.0,0.0,True,按实际呈现人数
ITEM-00016,9,焦虑,False,非答案候选选项,0,8,0.0,0.0,3,0.0,0.0,True,按实际呈现人数
ITEM-00016,9,痛苦,False,非答案候选选项,0,8,0.0,0.0,1,0.0,0.0,True,按实际呈现人数
ITEM-00016,9,羞耻,False,非答案候选选项,0,8,0.0,0.0,2,0.0,0.0,True,按实际呈现人数
ITEM-00016,9,羡慕,False,非答案候选选项,0,8,0.0,0.0,2,0.0,0.0,True,按实际呈现人数
ITEM-00016,9,自满,False,非答案候选选项,0,8,0.0,0.0,1,0.0,0.0,True,按实际呈现人数
ITEM-00016,9,震惊,False,非答案候选选项,0,8,0.0,0.0,1,0.0,0.0,True,按实际呈现人数
ITEM-00017,10,敌意,False,非答案候选选项,1,6,0.16666666666666666,16.666666666666664,1,1.0,100.0,False,按实际呈现人数
ITEM-00017,10,愤怒,True,标准答案选项,5,6,0.8333333333333334,83.33333333333334,6,0.8333333333333334,83.33333333333334,False,按实际呈现人数
ITEM-00017,10,兴奋,False,非答案候选选项,0,6,0.0,0.0,2,0.0,0.0,True,按实际呈现人数
ITEM-00017,10,内疚,False,非答案候选选项,0,6,0.0,0.0,1,0.0,0.0,True,按实际呈现人数
ITEM-00017,10,冷静,False,非答案候选选项,0,6,0.0,0.0,2,0.0,0.0,True,按实际呈现人数
ITEM-00017,10,厌倦,False,非答案候选选项,0,6,0.0,0.0,2,0.0,0.0,True,按实际呈现人数
ITEM-00017,10,困惑,False,非答案候选选项,0,6,0.0,0.0,2,0.0,0.0,True,按实际呈现人数
ITEM-00017,10,失望,False,非答案候选选项,0,6,0.0,0.0,1,0.0,0.0,True,按实际呈现人数
ITEM-00017,10,好奇,False,非答案候选选项,0,6,0.0,0.0,1,0.0,0.0,True,按实际呈现人数
ITEM-00017,10,嫉妒,False,非答案候选选项,0,6,0.0,0.0,1,0.0,0.0,True,按实际呈现人数
ITEM-00017,10,审美欣赏,False,非答案候选选项,0,6,0.0,0.0,1,0.0,0.0,True,按实际呈现人数
ITEM-00017,10,尴尬,False,非答案候选选项,0,6,0.0,0.0,1,0.0,0.0,True,按实际呈现人数
ITEM-00017,10,崇拜,False,非答案候选选项,0,6,0.0,0.0,1,0.0,0.0,True,按实际呈现人数
ITEM-00017,10,平静,False,非答案候选选项,0,6,0.0,0.0,1,0.0,0.0,True,按实际呈现人数
ITEM-00017,10,怀旧,False,非答案候选选项,0,6,0.0,0.0,1,0.0,0.0,True,按实际呈现人数
ITEM-00017,10,恐惧,False,非答案候选选项,0,6,0.0,0.0,4,0.0,0.0,True,按实际呈现人数
ITEM-00017,10,悲伤,False,非答案候选选项,0,6,0.0,0.0,2,0.0,0.0,True,按实际呈现人数
ITEM-00017,10,愁闷,False,非答案候选选项,0,6,0.0,0.0,3,0.0,0.0,True,按实际呈现人数
ITEM-00017,10,愉悦,False,非答案候选选项,0,6,0.0,0.0,3,0.0,0.0,True,按实际呈现人数
ITEM-00017,10,感动,False,非答案候选选项,0,6,0.0,0.0,1,0.0,0.0,True,按实际呈现人数
ITEM-00017,10,感激,False,非答案候选选项,0,6,0.0,0.0,2,0.0,0.0,True,按实际呈现人数
ITEM-00017,10,担忧,False,非答案候选选项,0,6,0.0,0.0,1,0.0,0.0,True,按实际呈现人数
ITEM-00017,10,渴望,False,非答案候选选项,0,6,0.0,0.0,3,0.0,0.0,True,按实际呈现人数
ITEM-00017,10,满足,False,非答案候选选项,0,6,0.0,0.0,1,0.0,0.0,True,按实际呈现人数
ITEM-00017,10,焦虑,False,非答案候选选项,0,6,0.0,0.0,1,0.0,0.0,True,按实际呈现人数
ITEM-00017,10,爱,False,非答案候选选项,0,6,0.0,0.0,1,0.0,0.0,True,按实际呈现人数
ITEM-00017,10,痛苦,False,非答案候选选项,0,6,0.0,0.0,1,0.0,0.0,True,按实际呈现人数
ITEM-00017,10,紧张,False,非答案候选选项,0,6,0.0,0.0,2,0.0,0.0,True,按实际呈现人数
ITEM-00017,10,羡慕,False,非答案候选选项,0,6,0.0,0.0,1,0.0,0.0,True,按实际呈现人数
ITEM-00017,10,自满,False,非答案候选选项,0,6,0.0,0.0,4,0.0,0.0,True,按实际呈现人数
ITEM-00017,10,自豪,False,非答案候选选项,0,6,0.0,0.0,1,0.0,0.0,True,按实际呈现人数
ITEM-00017,10,轻松,False,非答案候选选项,0,6,0.0,0.0,1,0.0,0.0,True,按实际呈现人数
ITEM-00017,10,遗憾,False,非答案候选选项,0,6,0.0,0.0,2,0.0,0.0,True,按实际呈现人数
ITEM-00017,10,释然,False,非答案候选选项,0,6,0.0,0.0,1,0.0,0.0,True,按实际呈现人数
ITEM-00017,10,震惊,False,非答案候选选项,0,6,0.0,0.0,1,0.0,0.0,True,按实际呈现人数
ITEM-00018,11,共情痛苦,True,标准答案选项,5,6,0.8333333333333334,83.33333333333334,6,0.8333333333333334,83.33333333333334,False,按实际呈现人数
ITEM-00018,11,悲伤,False,非答案候选选项,1,6,0.16666666666666666,16.666666666666664,3,0.3333333333333333,33.33333333333333,False,按实际呈现人数
ITEM-00018,11,兴奋,False,非答案候选选项,0,6,0.0,0.0,3,0.0,0.0,True,按实际呈现人数
ITEM-00018,11,兴趣,False,非答案候选选项,0,6,0.0,0.0,2,0.0,0.0,True,按实际呈现人数
ITEM-00018,11,内疚,False,非答案候选选项,0,6,0.0,0.0,1,0.0,0.0,True,按实际呈现人数
ITEM-00018,11,冷静,False,非答案候选选项,0,6,0.0,0.0,1,0.0,0.0,True,按实际呈现人数
ITEM-00018,11,厌倦,False,非答案候选选项,0,6,0.0,0.0,2,0.0,0.0,True,按实际呈现人数
ITEM-00018,11,厌恶,False,非答案候选选项,0,6,0.0,0.0,2,0.0,0.0,True,按实际呈现人数
ITEM-00018,11,困惑,False,非答案候选选项,0,6,0.0,0.0,1,0.0,0.0,True,按实际呈现人数
ITEM-00018,11,嫉妒,False,非答案候选选项,0,6,0.0,0.0,2,0.0,0.0,True,按实际呈现人数
ITEM-00018,11,尴尬,False,非答案候选选项,0,6,0.0,0.0,1,0.0,0.0,True,按实际呈现人数
ITEM-00018,11,崇拜,False,非答案候选选项,0,6,0.0,0.0,1,0.0,0.0,True,按实际呈现人数
ITEM-00018,11,平静,False,非答案候选选项,0,6,0.0,0.0,1,0.0,0.0,True,按实际呈现人数
ITEM-00018,11,快乐,False,非答案候选选项,0,6,0.0,0.0,1,0.0,0.0,True,按实际呈现人数
ITEM-00018,11,怀旧,False,非答案候选选项,0,6,0.0,0.0,2,0.0,0.0,True,按实际呈现人数
ITEM-00018,11,怨恨,False,非答案候选选项,0,6,0.0,0.0,2,0.0,0.0,True,按实际呈现人数
ITEM-00018,11,惊讶,False,非答案候选选项,0,6,0.0,0.0,3,0.0,0.0,True,按实际呈现人数
ITEM-00018,11,愁闷,False,非答案候选选项,0,6,0.0,0.0,2,0.0,0.0,True,按实际呈现人数
ITEM-00018,11,愉悦,False,非答案候选选项,0,6,0.0,0.0,3,0.0,0.0,True,按实际呈现人数
ITEM-00018,11,感动,False,非答案候选选项,0,6,0.0,0.0,2,0.0,0.0,True,按实际呈现人数
ITEM-00018,11,愤怒,False,非答案候选选项,0,6,0.0,0.0,2,0.0,0.0,True,按实际呈现人数
ITEM-00018,11,渴望,False,非答案候选选项,0,6,0.0,0.0,2,0.0,0.0,True,按实际呈现人数
ITEM-00018,11,烦躁,False,非答案候选选项,0,6,0.0,0.0,1,0.0,0.0,True,按实际呈现人数
ITEM-00018,11,焦虑,False,非答案候选选项,0,6,0.0,0.0,1,0.0,0.0,True,按实际呈现人数
ITEM-00018,11,爱,False,非答案候选选项,0,6,0.0,0.0,1,0.0,0.0,True,按实际呈现人数
ITEM-00018,11,痛苦,False,非答案候选选项,0,6,0.0,0.0,2,0.0,0.0,True,按实际呈现人数
ITEM-00018,11,绝望,False,非答案候选选项,0,6,0.0,0.0,1,0.0,0.0,True,按实际呈现人数
ITEM-00018,11,羞耻,False,非答案候选选项,0,6,0.0,0.0,1,0.0,0.0,True,按实际呈现人数
ITEM-00018,11,羡慕,False,非答案候选选项,0,6,0.0,0.0,1,0.0,0.0,True,按实际呈现人数
ITEM-00018,11,自满,False,非答案候选选项,0,6,0.0,0.0,2,0.0,0.0,True,按实际呈现人数
ITEM-00018,11,遗憾,False,非答案候选选项,0,6,0.0,0.0,1,0.0,0.0,True,按实际呈现人数
ITEM-00018,11,释然,False,非答案候选选项,0,6,0.0,0.0,2,0.0,0.0,True,按实际呈现人数
ITEM-00018,11,震惊,False,非答案候选选项,0,6,0.0,0.0,2,0.0,0.0,True,按实际呈现人数
ITEM-00019,12,愁闷,False,非答案候选选项,2,7,0.2857142857142857,28.57142857142857,2,1.0,100.0,False,按实际呈现人数
ITEM-00019,12,烦躁,True,标准答案选项,4,7,0.5714285714285714,57.14285714285714,7,0.5714285714285714,57.14285714285714,False,按实际呈现人数
ITEM-00019,12,厌倦,False,非答案候选选项,1,7,0.14285714285714285,14.285714285714285,2,0.5,50.0,False,按实际呈现人数
ITEM-00019,12,不屑,False,非答案候选选项,0,7,0.0,0.0,1,0.0,0.0,True,按实际呈现人数
ITEM-00019,12,共情痛苦,False,非答案候选选项,0,7,0.0,0.0,3,0.0,0.0,True,按实际呈现人数
ITEM-00019,12,冷静,False,非答案候选选项,0,7,0.0,0.0,2,0.0,0.0,True,按实际呈现人数
ITEM-00019,12,厌恶,False,非答案候选选项,0,7,0.0,0.0,5,0.0,0.0,True,按实际呈现人数
ITEM-00019,12,困惑,False,非答案候选选项,0,7,0.0,0.0,3,0.0,0.0,True,按实际呈现人数
ITEM-00019,12,失望,False,非答案候选选项,0,7,0.0,0.0,1,0.0,0.0,True,按实际呈现人数
ITEM-00019,12,好奇,False,非答案候选选项,0,7,0.0,0.0,1,0.0,0.0,True,按实际呈现人数
ITEM-00019,12,委屈,False,非答案候选选项,0,7,0.0,0.0,2,0.0,0.0,True,按实际呈现人数
ITEM-00019,12,审美欣赏,False,非答案候选选项,0,7,0.0,0.0,2,0.0,0.0,True,按实际呈现人数
ITEM-00019,12,尴尬,False,非答案候选选项,0,7,0.0,0.0,1,0.0,0.0,True,按实际呈现人数
ITEM-00019,12,崇拜,False,非答案候选选项,0,7,0.0,0.0,3,0.0,0.0,True,按实际呈现人数
ITEM-00019,12,平静,False,非答案候选选项,0,7,0.0,0.0,1,0.0,0.0,True,按实际呈现人数
ITEM-00019,12,快乐,False,非答案候选选项,0,7,0.0,0.0,1,0.0,0.0,True,按实际呈现人数
ITEM-00019,12,怀旧,False,非答案候选选项,0,7,0.0,0.0,1,0.0,0.0,True,按实际呈现人数
ITEM-00019,12,怨恨,False,非答案候选选项,0,7,0.0,0.0,2,0.0,0.0,True,按实际呈现人数
ITEM-00019,12,惊喜,False,非答案候选选项,0,7,0.0,0.0,2,0.0,0.0,True,按实际呈现人数
ITEM-00019,12,惊讶,False,非答案候选选项,0,7,0.0,0.0,2,0.0,0.0,True,按实际呈现人数
ITEM-00019,12,感动,False,非答案候选选项,0,7,0.0,0.0,1,0.0,0.0,True,按实际呈现人数
ITEM-00019,12,抑郁,False,非答案候选选项,0,7,0.0,0.0,1,0.0,0.0,True,按实际呈现人数
ITEM-00019,12,担忧,False,非答案候选选项,0,7,0.0,0.0,1,0.0,0.0,True,按实际呈现人数
ITEM-00019,12,敌意,False,非答案候选选项,0,7,0.0,0.0,3,0.0,0.0,True,按实际呈现人数
ITEM-00019,12,渴望,False,非答案候选选项,0,7,0.0,0.0,5,0.0,0.0,True,按实际呈现人数
ITEM-00019,12,焦虑,False,非答案候选选项,0,7,0.0,0.0,4,0.0,0.0,True,按实际呈现人数
ITEM-00019,12,痛苦,False,非答案候选选项,0,7,0.0,0.0,2,0.0,0.0,True,按实际呈现人数
ITEM-00019,12,紧张,False,非答案候选选项,0,7,0.0,0.0,1,0.0,0.0,True,按实际呈现人数
ITEM-00019,12,羡慕,False,非答案候选选项,0,7,0.0,0.0,1,0.0,0.0,True,按实际呈现人数
ITEM-00019,12,自满,False,非答案候选选项,0,7,0.0,0.0,1,0.0,0.0,True,按实际呈现人数
ITEM-00019,12,自豪,False,非答案候选选项,0,7,0.0,0.0,2,0.0,0.0,True,按实际呈现人数
ITEM-00019,12,蔑视,False,非答案候选选项,0,7,0.0,0.0,1,0.0,0.0,True,按实际呈现人数
ITEM-00019,12,轻松,False,非答案候选选项,0,7,0.0,0.0,1,0.0,0.0,True,按实际呈现人数
ITEM-00019,12,遗憾,False,非答案候选选项,0,7,0.0,0.0,1,0.0,0.0,True,按实际呈现人数
ITEM-00019,12,释然,False,非答案候选选项,0,7,0.0,0.0,1,0.0,0.0,True,按实际呈现人数
ITEM-00020,13,紧张,False,非答案候选选项,1,10,0.1,10.0,1,1.0,100.0,False,按实际呈现人数
ITEM-00020,13,自满,False,非答案候选选项,1,10,0.1,10.0,1,1.0,100.0,False,按实际呈现人数
ITEM-00020,13,尴尬,True,标准答案选项,5,10,0.5,50.0,10,0.5,50.0,False,按实际呈现人数
ITEM-00020,13,愁闷,False,非答案候选选项,1,10,0.1,10.0,3,0.3333333333333333,33.33333333333333,False,按实际呈现人数
ITEM-00020,13,困惑,False,非答案候选选项,1,10,0.1,10.0,4,0.25,25.0,False,按实际呈现人数
ITEM-00020,13,震惊,False,非答案候选选项,1,10,0.1,10.0,5,0.2,20.0,False,按实际呈现人数
ITEM-00020,13,不屑,False,非答案候选选项,0,10,0.0,0.0,1,0.0,0.0,True,按实际呈现人数
ITEM-00020,13,兴趣,False,非答案候选选项,0,10,0.0,0.0,1,0.0,0.0,True,按实际呈现人数
ITEM-00020,13,内疚,False,非答案候选选项,0,10,0.0,0.0,1,0.0,0.0,True,按实际呈现人数
ITEM-00020,13,冷静,False,非答案候选选项,0,10,0.0,0.0,1,0.0,0.0,True,按实际呈现人数
ITEM-00020,13,厌倦,False,非答案候选选项,0,10,0.0,0.0,2,0.0,0.0,True,按实际呈现人数
ITEM-00020,13,厌恶,False,非答案候选选项,0,10,0.0,0.0,1,0.0,0.0,True,按实际呈现人数
ITEM-00020,13,失望,False,非答案候选选项,0,10,0.0,0.0,1,0.0,0.0,True,按实际呈现人数
ITEM-00020,13,好奇,False,非答案候选选项,0,10,0.0,0.0,4,0.0,0.0,True,按实际呈现人数
ITEM-00020,13,委屈,False,非答案候选选项,0,10,0.0,0.0,2,0.0,0.0,True,按实际呈现人数
ITEM-00020,13,嫉妒,False,非答案候选选项,0,10,0.0,0.0,4,0.0,0.0,True,按实际呈现人数
ITEM-00020,13,审美欣赏,False,非答案候选选项,0,10,0.0,0.0,2,0.0,0.0,True,按实际呈现人数
ITEM-00020,13,崇拜,False,非答案候选选项,0,10,0.0,0.0,1,0.0,0.0,True,按实际呈现人数
ITEM-00020,13,平静,False,非答案候选选项,0,10,0.0,0.0,2,0.0,0.0,True,按实际呈现人数
ITEM-00020,13,快乐,False,非答案候选选项,0,10,0.0,0.0,2,0.0,0.0,True,按实际呈现人数
ITEM-00020,13,怀旧,False,非答案候选选项,0,10,0.0,0.0,1,0.0,0.0,True,按实际呈现人数
ITEM-00020,13,悲伤,False,非答案候选选项,0,10,0.0,0.0,2,0.0,0.0,True,按实际呈现人数
ITEM-00020,13,惊喜,False,非答案候选选项,0,10,0.0,0.0,1,0.0,0.0,True,按实际呈现人数
ITEM-00020,13,惊讶,False,非答案候选选项,0,10,0.0,0.0,2,0.0,0.0,True,按实际呈现人数
ITEM-00020,13,愉悦,False,非答案候选选项,0,10,0.0,0.0,3,0.0,0.0,True,按实际呈现人数
ITEM-00020,13,感动,False,非答案候选选项,0,10,0.0,0.0,5,0.0,0.0,True,按实际呈现人数
ITEM-00020,13,感激,False,非答案候选选项,0,10,0.0,0.0,2,0.0,0.0,True,按实际呈现人数
ITEM-00020,13,愤怒,False,非答案候选选项,0,10,0.0,0.0,4,0.0,0.0,True,按实际呈现人数
ITEM-00020,13,抑郁,False,非答案候选选项,0,10,0.0,0.0,2,0.0,0.0,True,按实际呈现人数
ITEM-00020,13,敌意,False,非答案候选选项,0,10,0.0,0.0,1,0.0,0.0,True,按实际呈现人数
ITEM-00020,13,渴望,False,非答案候选选项,0,10,0.0,0.0,3,0.0,0.0,True,按实际呈现人数
ITEM-00020,13,满足,False,非答案候选选项,0,10,0.0,0.0,1,0.0,0.0,True,按实际呈现人数
ITEM-00020,13,烦躁,False,非答案候选选项,0,10,0.0,0.0,1,0.0,0.0,True,按实际呈现人数
ITEM-00020,13,焦虑,False,非答案候选选项,0,10,0.0,0.0,2,0.0,0.0,True,按实际呈现人数
ITEM-00020,13,爱,False,非答案候选选项,0,10,0.0,0.0,2,0.0,0.0,True,按实际呈现人数
ITEM-00020,13,痛苦,False,非答案候选选项,0,10,0.0,0.0,1,0.0,0.0,True,按实际呈现人数
ITEM-00020,13,绝望,False,非答案候选选项,0,10,0.0,0.0,2,0.0,0.0,True,按实际呈现人数
ITEM-00020,13,羡慕,False,非答案候选选项,0,10,0.0,0.0,2,0.0,0.0,True,按实际呈现人数
ITEM-00020,13,自豪,False,非答案候选选项,0,10,0.0,0.0,2,0.0,0.0,True,按实际呈现人数
ITEM-00020,13,蔑视,False,非答案候选选项,0,10,0.0,0.0,1,0.0,0.0,True,按实际呈现人数
ITEM-00020,13,轻松,False,非答案候选选项,0,10,0.0,0.0,3,0.0,0.0,True,按实际呈现人数
ITEM-00020,13,遗憾,False,非答案候选选项,0,10,0.0,0.0,5,0.0,0.0,True,按实际呈现人数
ITEM-00020,13,释然,False,非答案候选选项,0,10,0.0,0.0,3,0.0,0.0,True,按实际呈现人数
ITEM-00021,14,兴趣,False,非答案候选选项,1,6,0.16666666666666666,16.666666666666664,1,1.0,100.0,False,按实际呈现人数
ITEM-00021,14,快乐,False,非答案候选选项,1,6,0.16666666666666666,16.666666666666664,1,1.0,100.0,False,按实际呈现人数
ITEM-00021,14,感动,False,非答案候选选项,1,6,0.16666666666666666,16.666666666666664,1,1.0,100.0,False,按实际呈现人数
ITEM-00021,14,惊喜,False,非答案候选选项,1,6,0.16666666666666666,16.666666666666664,2,0.5,50.0,False,按实际呈现人数
ITEM-00021,14,愁闷,False,非答案候选选项,1,6,0.16666666666666666,16.666666666666664,3,0.3333333333333333,33.33333333333333,False,按实际呈现人数
ITEM-00021,14,怀旧,True,标准答案选项,1,6,0.16666666666666666,16.666666666666664,6,0.16666666666666666,16.666666666666664,False,按实际呈现人数
ITEM-00021,14,不屑,False,非答案候选选项,0,6,0.0,0.0,1,0.0,0.0,True,按实际呈现人数
ITEM-00021,14,兴奋,False,非答案候选选项,0,6,0.0,0.0,1,0.0,0.0,True,按实际呈现人数
ITEM-00021,14,内疚,False,非答案候选选项,0,6,0.0,0.0,2,0.0,0.0,True,按实际呈现人数
ITEM-00021,14,冷静,False,非答案候选选项,0,6,0.0,0.0,1,0.0,0.0,True,按实际呈现人数
ITEM-00021,14,厌倦,False,非答案候选选项,0,6,0.0,0.0,2,0.0,0.0,True,按实际呈现人数
ITEM-00021,14,厌恶,False,非答案候选选项,0,6,0.0,0.0,1,0.0,0.0,True,按实际呈现人数
ITEM-00021,14,困惑,False,非答案候选选项,0,6,0.0,0.0,2,0.0,0.0,True,按实际呈现人数
ITEM-00021,14,失望,False,非答案候选选项,0,6,0.0,0.0,1,0.0,0.0,True,按实际呈现人数
ITEM-00021,14,好奇,False,非答案候选选项,0,6,0.0,0.0,1,0.0,0.0,True,按实际呈现人数
ITEM-00021,14,嫉妒,False,非答案候选选项,0,6,0.0,0.0,1,0.0,0.0,True,按实际呈现人数
ITEM-00021,14,审美欣赏,False,非答案候选选项,0,6,0.0,0.0,2,0.0,0.0,True,按实际呈现人数
ITEM-00021,14,尴尬,False,非答案候选选项,0,6,0.0,0.0,1,0.0,0.0,True,按实际呈现人数
ITEM-00021,14,崇拜,False,非答案候选选项,0,6,0.0,0.0,2,0.0,0.0,True,按实际呈现人数
ITEM-00021,14,希望,False,非答案候选选项,0,6,0.0,0.0,1,0.0,0.0,True,按实际呈现人数
ITEM-00021,14,平静,False,非答案候选选项,0,6,0.0,0.0,1,0.0,0.0,True,按实际呈现人数
ITEM-00021,14,怨恨,False,非答案候选选项,0,6,0.0,0.0,1,0.0,0.0,True,按实际呈现人数
ITEM-00021,14,恐惧,False,非答案候选选项,0,6,0.0,0.0,1,0.0,0.0,True,按实际呈现人数
ITEM-00021,14,悲伤,False,非答案候选选项,0,6,0.0,0.0,3,0.0,0.0,True,按实际呈现人数
ITEM-00021,14,感激,False,非答案候选选项,0,6,0.0,0.0,1,0.0,0.0,True,按实际呈现人数
ITEM-00021,14,愤怒,False,非答案候选选项,0,6,0.0,0.0,1,0.0,0.0,True,按实际呈现人数
ITEM-00021,14,担忧,False,非答案候选选项,0,6,0.0,0.0,3,0.0,0.0,True,按实际呈现人数
ITEM-00021,14,渴望,False,非答案候选选项,0,6,0.0,0.0,2,0.0,0.0,True,按实际呈现人数
ITEM-00021,14,烦躁,False,非答案候选选项,0,6,0.0,0.0,1,0.0,0.0,True,按实际呈现人数
ITEM-00021,14,爱,False,非答案候选选项,0,6,0.0,0.0,1,0.0,0.0,True,按实际呈现人数
ITEM-00021,14,痛苦,False,非答案候选选项,0,6,0.0,0.0,1,0.0,0.0,True,按实际呈现人数
ITEM-00021,14,紧张,False,非答案候选选项,0,6,0.0,0.0,1,0.0,0.0,True,按实际呈现人数
ITEM-00021,14,绝望,False,非答案候选选项,0,6,0.0,0.0,1,0.0,0.0,True,按实际呈现人数
ITEM-00021,14,羞耻,False,非答案候选选项,0,6,0.0,0.0,1,0.0,0.0,True,按实际呈现人数
ITEM-00021,14,羡慕,False,非答案候选选项,0,6,0.0,0.0,1,0.0,0.0,True,按实际呈现人数
ITEM-00021,14,自满,False,非答案候选选项,0,6,0.0,0.0,2,0.0,0.0,True,按实际呈现人数
ITEM-00021,14,自豪,False,非答案候选选项,0,6,0.0,0.0,2,0.0,0.0,True,按实际呈现人数
ITEM-00021,14,轻松,False,非答案候选选项,0,6,0.0,0.0,1,0.0,0.0,True,按实际呈现人数
ITEM-00021,14,震惊,False,非答案候选选项,0,6,0.0,0.0,2,0.0,0.0,True,按实际呈现人数
ITEM-00022,16,震惊,True,标准答案选项,6,9,0.6666666666666666,66.66666666666666,9,0.6666666666666666,66.66666666666666,False,按实际呈现人数
ITEM-00022,16,惊讶,False,非答案候选选项,1,9,0.1111111111111111,11.11111111111111,2,0.5,50.0,False,按实际呈现人数
ITEM-00022,16,困惑,False,非答案候选选项,1,9,0.1111111111111111,11.11111111111111,3,0.3333333333333333,33.33333333333333,False,按实际呈现人数
ITEM-00022,16,恐惧,False,非答案候选选项,1,9,0.1111111111111111,11.11111111111111,3,0.3333333333333333,33.33333333333333,False,按实际呈现人数
ITEM-00022,16,不屑,False,非答案候选选项,0,9,0.0,0.0,3,0.0,0.0,True,按实际呈现人数
ITEM-00022,16,共情痛苦,False,非答案候选选项,0,9,0.0,0.0,1,0.0,0.0,True,按实际呈现人数
ITEM-00022,16,兴趣,False,非答案候选选项,0,9,0.0,0.0,2,0.0,0.0,True,按实际呈现人数
ITEM-00022,16,冷静,False,非答案候选选项,0,9,0.0,0.0,2,0.0,0.0,True,按实际呈现人数
ITEM-00022,16,厌倦,False,非答案候选选项,0,9,0.0,0.0,2,0.0,0.0,True,按实际呈现人数
ITEM-00022,16,厌恶,False,非答案候选选项,0,9,0.0,0.0,3,0.0,0.0,True,按实际呈现人数
ITEM-00022,16,失望,False,非答案候选选项,0,9,0.0,0.0,2,0.0,0.0,True,按实际呈现人数
ITEM-00022,16,好奇,False,非答案候选选项,0,9,0.0,0.0,2,0.0,0.0,True,按实际呈现人数
ITEM-00022,16,委屈,False,非答案候选选项,0,9,0.0,0.0,2,0.0,0.0,True,按实际呈现人数
ITEM-00022,16,嫉妒,False,非答案候选选项,0,9,0.0,0.0,1,0.0,0.0,True,按实际呈现人数
ITEM-00022,16,审美欣赏,False,非答案候选选项,0,9,0.0,0.0,1,0.0,0.0,True,按实际呈现人数
ITEM-00022,16,崇拜,False,非答案候选选项,0,9,0.0,0.0,2,0.0,0.0,True,按实际呈现人数
ITEM-00022,16,希望,False,非答案候选选项,0,9,0.0,0.0,1,0.0,0.0,True,按实际呈现人数
ITEM-00022,16,平静,False,非答案候选选项,0,9,0.0,0.0,4,0.0,0.0,True,按实际呈现人数
ITEM-00022,16,快乐,False,非答案候选选项,0,9,0.0,0.0,2,0.0,0.0,True,按实际呈现人数
ITEM-00022,16,怀旧,False,非答案候选选项,0,9,0.0,0.0,2,0.0,0.0,True,按实际呈现人数
ITEM-00022,16,悲伤,False,非答案候选选项,0,9,0.0,0.0,1,0.0,0.0,True,按实际呈现人数
ITEM-00022,16,愁闷,False,非答案候选选项,0,9,0.0,0.0,2,0.0,0.0,True,按实际呈现人数
ITEM-00022,16,愉悦,False,非答案候选选项,0,9,0.0,0.0,1,0.0,0.0,True,按实际呈现人数
ITEM-00022,16,感动,False,非答案候选选项,0,9,0.0,0.0,2,0.0,0.0,True,按实际呈现人数
ITEM-00022,16,感激,False,非答案候选选项,0,9,0.0,0.0,1,0.0,0.0,True,按实际呈现人数
ITEM-00022,16,抑郁,False,非答案候选选项,0,9,0.0,0.0,2,0.0,0.0,True,按实际呈现人数
ITEM-00022,16,担忧,False,非答案候选选项,0,9,0.0,0.0,2,0.0,0.0,True,按实际呈现人数
ITEM-00022,16,渴望,False,非答案候选选项,0,9,0.0,0.0,2,0.0,0.0,True,按实际呈现人数
ITEM-00022,16,烦躁,False,非答案候选选项,0,9,0.0,0.0,1,0.0,0.0,True,按实际呈现人数
ITEM-00022,16,焦虑,False,非答案候选选项,0,9,0.0,0.0,5,0.0,0.0,True,按实际呈现人数
ITEM-00022,16,爱,False,非答案候选选项,0,9,0.0,0.0,3,0.0,0.0,True,按实际呈现人数
ITEM-00022,16,痛苦,False,非答案候选选项,0,9,0.0,0.0,3,0.0,0.0,True,按实际呈现人数
ITEM-00022,16,紧张,False,非答案候选选项,0,9,0.0,0.0,2,0.0,0.0,True,按实际呈现人数
ITEM-00022,16,羞耻,False,非答案候选选项,0,9,0.0,0.0,1,0.0,0.0,True,按实际呈现人数
ITEM-00022,16,羡慕,False,非答案候选选项,0,9,0.0,0.0,3,0.0,0.0,True,按实际呈现人数
ITEM-00022,16,自满,False,非答案候选选项,0,9,0.0,0.0,2,0.0,0.0,True,按实际呈现人数
ITEM-00022,16,自豪,False,非答案候选选项,0,9,0.0,0.0,2,0.0,0.0,True,按实际呈现人数
ITEM-00022,16,蔑视,False,非答案候选选项,0,9,0.0,0.0,1,0.0,0.0,True,按实际呈现人数
ITEM-00022,16,轻松,False,非答案候选选项,0,9,0.0,0.0,2,0.0,0.0,True,按实际呈现人数
ITEM-00022,16,遗憾,False,非答案候选选项,0,9,0.0,0.0,2,0.0,0.0,True,按实际呈现人数
ITEM-00022,16,释然,False,非答案候选选项,0,9,0.0,0.0,1,0.0,0.0,True,按实际呈现人数
ITEM-00023,55,敌意,True,标准答案选项,5,7,0.7142857142857143,71.42857142857143,7,0.7142857142857143,71.42857142857143,False,按实际呈现人数
ITEM-00023,55,困惑,False,非答案候选选项,1,7,0.14285714285714285,14.285714285714285,2,0.5,50.0,False,按实际呈现人数
ITEM-00023,55,震惊,False,非答案候选选项,1,7,0.14285714285714285,14.285714285714285,2,0.5,50.0,False,按实际呈现人数
ITEM-00023,55,不屑,False,非答案候选选项,0,7,0.0,0.0,1,0.0,0.0,True,按实际呈现人数
ITEM-00023,55,兴奋,False,非答案候选选项,0,7,0.0,0.0,1,0.0,0.0,True,按实际呈现人数
ITEM-00023,55,内疚,False,非答案候选选项,0,7,0.0,0.0,1,0.0,0.0,True,按实际呈现人数
ITEM-00023,55,冷静,False,非答案候选选项,0,7,0.0,0.0,2,0.0,0.0,True,按实际呈现人数
ITEM-00023,55,厌倦,False,非答案候选选项,0,7,0.0,0.0,4,0.0,0.0,True,按实际呈现人数
ITEM-00023,55,厌恶,False,非答案候选选项,0,7,0.0,0.0,2,0.0,0.0,True,按实际呈现人数
ITEM-00023,55,好奇,False,非答案候选选项,0,7,0.0,0.0,2,0.0,0.0,True,按实际呈现人数
ITEM-00023,55,委屈,False,非答案候选选项,0,7,0.0,0.0,3,0.0,0.0,True,按实际呈现人数
ITEM-00023,55,嫉妒,False,非答案候选选项,0,7,0.0,0.0,1,0.0,0.0,True,按实际呈现人数
ITEM-00023,55,审美欣赏,False,非答案候选选项,0,7,0.0,0.0,2,0.0,0.0,True,按实际呈现人数
ITEM-00023,55,崇拜,False,非答案候选选项,0,7,0.0,0.0,1,0.0,0.0,True,按实际呈现人数
ITEM-00023,55,希望,False,非答案候选选项,0,7,0.0,0.0,3,0.0,0.0,True,按实际呈现人数
ITEM-00023,55,平静,False,非答案候选选项,0,7,0.0,0.0,3,0.0,0.0,True,按实际呈现人数
ITEM-00023,55,快乐,False,非答案候选选项,0,7,0.0,0.0,3,0.0,0.0,True,按实际呈现人数
ITEM-00023,55,怀旧,False,非答案候选选项,0,7,0.0,0.0,2,0.0,0.0,True,按实际呈现人数
ITEM-00023,55,怨恨,False,非答案候选选项,0,7,0.0,0.0,1,0.0,0.0,True,按实际呈现人数
ITEM-00023,55,恐惧,False,非答案候选选项,0,7,0.0,0.0,1,0.0,0.0,True,按实际呈现人数
ITEM-00023,55,悲伤,False,非答案候选选项,0,7,0.0,0.0,1,0.0,0.0,True,按实际呈现人数
ITEM-00023,55,惊喜,False,非答案候选选项,0,7,0.0,0.0,3,0.0,0.0,True,按实际呈现人数
ITEM-00023,55,惊讶,False,非答案候选选项,0,7,0.0,0.0,2,0.0,0.0,True,按实际呈现人数
ITEM-00023,55,愉悦,False,非答案候选选项,0,7,0.0,0.0,2,0.0,0.0,True,按实际呈现人数
ITEM-00023,55,抑郁,False,非答案候选选项,0,7,0.0,0.0,1,0.0,0.0,True,按实际呈现人数
ITEM-00023,55,渴望,False,非答案候选选项,0,7,0.0,0.0,3,0.0,0.0,True,按实际呈现人数
ITEM-00023,55,满足,False,非答案候选选项,0,7,0.0,0.0,2,0.0,0.0,True,按实际呈现人数
ITEM-00023,55,烦躁,False,非答案候选选项,0,7,0.0,0.0,1,0.0,0.0,True,按实际呈现人数
ITEM-00023,55,焦虑,False,非答案候选选项,0,7,0.0,0.0,1,0.0,0.0,True,按实际呈现人数
ITEM-00023,55,爱,False,非答案候选选项,0,7,0.0,0.0,2,0.0,0.0,True,按实际呈现人数
ITEM-00023,55,痛苦,False,非答案候选选项,0,7,0.0,0.0,1,0.0,0.0,True,按实际呈现人数
ITEM-00023,55,绝望,False,非答案候选选项,0,7,0.0,0.0,1,0.0,0.0,True,按实际呈现人数
ITEM-00023,55,自满,False,非答案候选选项,0,7,0.0,0.0,2,0.0,0.0,True,按实际呈现人数
ITEM-00023,55,蔑视,False,非答案候选选项,0,7,0.0,0.0,1,0.0,0.0,True,按实际呈现人数
ITEM-00023,55,遗憾,False,非答案候选选项,0,7,0.0,0.0,1,0.0,0.0,True,按实际呈现人数
ITEM-00023,55,释然,False,非答案候选选项,0,7,0.0,0.0,2,0.0,0.0,True,按实际呈现人数
ITEM-00024,57,不屑,False,非答案候选选项,1,3,0.3333333333333333,33.33333333333333,1,1.0,100.0,False,按实际呈现人数
ITEM-00024,57,抑郁,False,非答案候选选项,1,3,0.3333333333333333,33.33333333333333,2,0.5,50.0,False,按实际呈现人数
ITEM-00024,57,紧张,True,标准答案选项,1,3,0.3333333333333333,33.33333333333333,3,0.3333333333333333,33.33333333333333,False,按实际呈现人数
ITEM-00024,57,兴奋,False,非答案候选选项,0,3,0.0,0.0,1,0.0,0.0,True,按实际呈现人数
ITEM-00024,57,平静,False,非答案候选选项,0,3,0.0,0.0,1,0.0,0.0,True,按实际呈现人数
ITEM-00024,57,快乐,False,非答案候选选项,0,3,0.0,0.0,1,0.0,0.0,True,按实际呈现人数
ITEM-00024,57,怀旧,False,非答案候选选项,0,3,0.0,0.0,1,0.0,0.0,True,按实际呈现人数
ITEM-00024,57,怨恨,False,非答案候选选项,0,3,0.0,0.0,1,0.0,0.0,True,按实际呈现人数
ITEM-00024,57,惊喜,False,非答案候选选项,0,3,0.0,0.0,1,0.0,0.0,True,按实际呈现人数
ITEM-00024,57,惊讶,False,非答案候选选项,0,3,0.0,0.0,1,0.0,0.0,True,按实际呈现人数
ITEM-00024,57,愉悦,False,非答案候选选项,0,3,0.0,0.0,1,0.0,0.0,True,按实际呈现人数
ITEM-00024,57,愤怒,False,非答案候选选项,0,3,0.0,0.0,1,0.0,0.0,True,按实际呈现人数
ITEM-00024,57,担忧,False,非答案候选选项,0,3,0.0,0.0,2,0.0,0.0,True,按实际呈现人数
ITEM-00024,57,爱,False,非答案候选选项,0,3,0.0,0.0,1,0.0,0.0,True,按实际呈现人数
ITEM-00024,57,痛苦,False,非答案候选选项,0,3,0.0,0.0,1,0.0,0.0,True,按实际呈现人数
ITEM-00024,57,羞耻,False,非答案候选选项,0,3,0.0,0.0,3,0.0,0.0,True,按实际呈现人数
ITEM-00024,57,羡慕,False,非答案候选选项,0,3,0.0,0.0,1,0.0,0.0,True,按实际呈现人数
ITEM-00024,57,自豪,False,非答案候选选项,0,3,0.0,0.0,2,0.0,0.0,True,按实际呈现人数
ITEM-00024,57,遗憾,False,非答案候选选项,0,3,0.0,0.0,1,0.0,0.0,True,按实际呈现人数
ITEM-00024,57,释然,False,非答案候选选项,0,3,0.0,0.0,2,0.0,0.0,True,按实际呈现人数
ITEM-00024,57,震惊,False,非答案候选选项,0,3,0.0,0.0,2,0.0,0.0,True,按实际呈现人数
ITEM-00025,60,感动,False,非答案候选选项,1,4,0.25,25.0,1,1.0,100.0,False,按实际呈现人数
ITEM-00025,60,怀旧,False,非答案候选选项,1,4,0.25,25.0,2,0.5,50.0,False,按实际呈现人数
ITEM-00025,60,痛苦,True,标准答案选项,2,4,0.5,50.0,4,0.5,50.0,False,按实际呈现人数
ITEM-00025,60,兴趣,False,非答案候选选项,0,4,0.0,0.0,1,0.0,0.0,True,按实际呈现人数
ITEM-00025,60,内疚,False,非答案候选选项,0,4,0.0,0.0,1,0.0,0.0,True,按实际呈现人数
ITEM-00025,60,困惑,False,非答案候选选项,0,4,0.0,0.0,1,0.0,0.0,True,按实际呈现人数
ITEM-00025,60,失望,False,非答案候选选项,0,4,0.0,0.0,2,0.0,0.0,True,按实际呈现人数
ITEM-00025,60,好奇,False,非答案候选选项,0,4,0.0,0.0,1,0.0,0.0,True,按实际呈现人数
ITEM-00025,60,委屈,False,非答案候选选项,0,4,0.0,0.0,1,0.0,0.0,True,按实际呈现人数
ITEM-00025,60,尴尬,False,非答案候选选项,0,4,0.0,0.0,1,0.0,0.0,True,按实际呈现人数
ITEM-00025,60,希望,False,非答案候选选项,0,4,0.0,0.0,1,0.0,0.0,True,按实际呈现人数
ITEM-00025,60,平静,False,非答案候选选项,0,4,0.0,0.0,2,0.0,0.0,True,按实际呈现人数
ITEM-00025,60,快乐,False,非答案候选选项,0,4,0.0,0.0,1,0.0,0.0,True,按实际呈现人数
ITEM-00025,60,怨恨,False,非答案候选选项,0,4,0.0,0.0,3,0.0,0.0,True,按实际呈现人数
ITEM-00025,60,惊讶,False,非答案候选选项,0,4,0.0,0.0,1,0.0,0.0,True,按实际呈现人数
ITEM-00025,60,愁闷,False,非答案候选选项,0,4,0.0,0.0,1,0.0,0.0,True,按实际呈现人数
ITEM-00025,60,愉悦,False,非答案候选选项,0,4,0.0,0.0,1,0.0,0.0,True,按实际呈现人数
ITEM-00025,60,愤怒,False,非答案候选选项,0,4,0.0,0.0,1,0.0,0.0,True,按实际呈现人数
ITEM-00025,60,担忧,False,非答案候选选项,0,4,0.0,0.0,2,0.0,0.0,True,按实际呈现人数
ITEM-00025,60,渴望,False,非答案候选选项,0,4,0.0,0.0,2,0.0,0.0,True,按实际呈现人数
ITEM-00025,60,爱,False,非答案候选选项,0,4,0.0,0.0,1,0.0,0.0,True,按实际呈现人数
ITEM-00025,60,紧张,False,非答案候选选项,0,4,0.0,0.0,1,0.0,0.0,True,按实际呈现人数
ITEM-00025,60,绝望,False,非答案候选选项,0,4,0.0,0.0,1,0.0,0.0,True,按实际呈现人数
ITEM-00025,60,羞耻,False,非答案候选选项,0,4,0.0,0.0,1,0.0,0.0,True,按实际呈现人数
ITEM-00025,60,羡慕,False,非答案候选选项,0,4,0.0,0.0,1,0.0,0.0,True,按实际呈现人数
ITEM-00025,60,自满,False,非答案候选选项,0,4,0.0,0.0,1,0.0,0.0,True,按实际呈现人数
ITEM-00025,60,蔑视,False,非答案候选选项,0,4,0.0,0.0,1,0.0,0.0,True,按实际呈现人数
ITEM-00025,60,轻松,False,非答案候选选项,0,4,0.0,0.0,1,0.0,0.0,True,按实际呈现人数
ITEM-00025,60,遗憾,False,非答案候选选项,0,4,0.0,0.0,1,0.0,0.0,True,按实际呈现人数
ITEM-00025,60,释然,False,非答案候选选项,0,4,0.0,0.0,1,0.0,0.0,True,按实际呈现人数
ITEM-00026,64,渴望,False,非答案候选选项,1,8,0.125,12.5,1,1.0,100.0,False,按实际呈现人数
ITEM-00026,64,悲伤,True,标准答案选项,5,8,0.625,62.5,8,0.625,62.5,False,按实际呈现人数
ITEM-00026,64,抑郁,False,非答案候选选项,1,8,0.125,12.5,3,0.3333333333333333,33.33333333333333,False,按实际呈现人数
ITEM-00026,64,遗憾,False,非答案候选选项,1,8,0.125,12.5,3,0.3333333333333333,33.33333333333333,False,按实际呈现人数
ITEM-00026,64,共情痛苦,False,非答案候选选项,0,8,0.0,0.0,1,0.0,0.0,True,按实际呈现人数
ITEM-00026,64,兴奋,False,非答案候选选项,0,8,0.0,0.0,4,0.0,0.0,True,按实际呈现人数
ITEM-00026,64,兴趣,False,非答案候选选项,0,8,0.0,0.0,2,0.0,0.0,True,按实际呈现人数
ITEM-00026,64,内疚,False,非答案候选选项,0,8,0.0,0.0,4,0.0,0.0,True,按实际呈现人数
ITEM-00026,64,冷静,False,非答案候选选项,0,8,0.0,0.0,1,0.0,0.0,True,按实际呈现人数
ITEM-00026,64,厌倦,False,非答案候选选项,0,8,0.0,0.0,1,0.0,0.0,True,按实际呈现人数
ITEM-00026,64,厌恶,False,非答案候选选项,0,8,0.0,0.0,1,0.0,0.0,True,按实际呈现人数
ITEM-00026,64,失望,False,非答案候选选项,0,8,0.0,0.0,3,0.0,0.0,True,按实际呈现人数
ITEM-00026,64,好奇,False,非答案候选选项,0,8,0.0,0.0,1,0.0,0.0,True,按实际呈现人数
ITEM-00026,64,嫉妒,False,非答案候选选项,0,8,0.0,0.0,1,0.0,0.0,True,按实际呈现人数
ITEM-00026,64,审美欣赏,False,非答案候选选项,0,8,0.0,0.0,2,0.0,0.0,True,按实际呈现人数
ITEM-00026,64,尴尬,False,非答案候选选项,0,8,0.0,0.0,1,0.0,0.0,True,按实际呈现人数
ITEM-00026,64,崇拜,False,非答案候选选项,0,8,0.0,0.0,1,0.0,0.0,True,按实际呈现人数
ITEM-00026,64,快乐,False,非答案候选选项,0,8,0.0,0.0,1,0.0,0.0,True,按实际呈现人数
ITEM-00026,64,怀旧,False,非答案候选选项,0,8,0.0,0.0,2,0.0,0.0,True,按实际呈现人数
ITEM-00026,64,怨恨,False,非答案候选选项,0,8,0.0,0.0,1,0.0,0.0,True,按实际呈现人数
ITEM-00026,64,恐惧,False,非答案候选选项,0,8,0.0,0.0,1,0.0,0.0,True,按实际呈现人数
ITEM-00026,64,惊喜,False,非答案候选选项,0,8,0.0,0.0,1,0.0,0.0,True,按实际呈现人数
ITEM-00026,64,惊讶,False,非答案候选选项,0,8,0.0,0.0,1,0.0,0.0,True,按实际呈现人数
ITEM-00026,64,愁闷,False,非答案候选选项,0,8,0.0,0.0,2,0.0,0.0,True,按实际呈现人数
ITEM-00026,64,感动,False,非答案候选选项,0,8,0.0,0.0,2,0.0,0.0,True,按实际呈现人数
ITEM-00026,64,感激,False,非答案候选选项,0,8,0.0,0.0,3,0.0,0.0,True,按实际呈现人数
ITEM-00026,64,愤怒,False,非答案候选选项,0,8,0.0,0.0,2,0.0,0.0,True,按实际呈现人数
ITEM-00026,64,担忧,False,非答案候选选项,0,8,0.0,0.0,1,0.0,0.0,True,按实际呈现人数
ITEM-00026,64,敌意,False,非答案候选选项,0,8,0.0,0.0,2,0.0,0.0,True,按实际呈现人数
ITEM-00026,64,满足,False,非答案候选选项,0,8,0.0,0.0,2,0.0,0.0,True,按实际呈现人数
ITEM-00026,64,烦躁,False,非答案候选选项,0,8,0.0,0.0,1,0.0,0.0,True,按实际呈现人数
ITEM-00026,64,焦虑,False,非答案候选选项,0,8,0.0,0.0,1,0.0,0.0,True,按实际呈现人数
ITEM-00026,64,爱,False,非答案候选选项,0,8,0.0,0.0,2,0.0,0.0,True,按实际呈现人数
ITEM-00026,64,紧张,False,非答案候选选项,0,8,0.0,0.0,2,0.0,0.0,True,按实际呈现人数
ITEM-00026,64,绝望,False,非答案候选选项,0,8,0.0,0.0,2,0.0,0.0,True,按实际呈现人数
ITEM-00026,64,羞耻,False,非答案候选选项,0,8,0.0,0.0,1,0.0,0.0,True,按实际呈现人数
ITEM-00026,64,羡慕,False,非答案候选选项,0,8,0.0,0.0,1,0.0,0.0,True,按实际呈现人数
ITEM-00026,64,自满,False,非答案候选选项,0,8,0.0,0.0,5,0.0,0.0,True,按实际呈现人数
ITEM-00026,64,自豪,False,非答案候选选项,0,8,0.0,0.0,1,0.0,0.0,True,按实际呈现人数
ITEM-00026,64,蔑视,False,非答案候选选项,0,8,0.0,0.0,2,0.0,0.0,True,按实际呈现人数
ITEM-00026,64,释然,False,非答案候选选项,0,8,0.0,0.0,2,0.0,0.0,True,按实际呈现人数
ITEM-00026,64,震惊,False,非答案候选选项,0,8,0.0,0.0,1,0.0,0.0,True,按实际呈现人数
ITEM-00027,83,愉悦,False,非答案候选选项,1,8,0.125,12.5,1,1.0,100.0,False,按实际呈现人数
ITEM-00027,83,好奇,False,非答案候选选项,2,8,0.25,25.0,3,0.6666666666666666,66.66666666666666,False,按实际呈现人数
ITEM-00027,83,快乐,True,标准答案选项,4,8,0.5,50.0,8,0.5,50.0,False,按实际呈现人数
ITEM-00027,83,轻松,False,非答案候选选项,1,8,0.125,12.5,2,0.5,50.0,False,按实际呈现人数
ITEM-00027,83,不屑,False,非答案候选选项,0,8,0.0,0.0,1,0.0,0.0,True,按实际呈现人数
ITEM-00027,83,共情痛苦,False,非答案候选选项,0,8,0.0,0.0,3,0.0,0.0,True,按实际呈现人数
ITEM-00027,83,兴奋,False,非答案候选选项,0,8,0.0,0.0,1,0.0,0.0,True,按实际呈现人数
ITEM-00027,83,兴趣,False,非答案候选选项,0,8,0.0,0.0,1,0.0,0.0,True,按实际呈现人数
ITEM-00027,83,内疚,False,非答案候选选项,0,8,0.0,0.0,2,0.0,0.0,True,按实际呈现人数
ITEM-00027,83,冷静,False,非答案候选选项,0,8,0.0,0.0,4,0.0,0.0,True,按实际呈现人数
ITEM-00027,83,厌倦,False,非答案候选选项,0,8,0.0,0.0,3,0.0,0.0,True,按实际呈现人数
ITEM-00027,83,厌恶,False,非答案候选选项,0,8,0.0,0.0,2,0.0,0.0,True,按实际呈现人数
ITEM-00027,83,困惑,False,非答案候选选项,0,8,0.0,0.0,1,0.0,0.0,True,按实际呈现人数
ITEM-00027,83,失望,False,非答案候选选项,0,8,0.0,0.0,1,0.0,0.0,True,按实际呈现人数
ITEM-00027,83,委屈,False,非答案候选选项,0,8,0.0,0.0,1,0.0,0.0,True,按实际呈现人数
ITEM-00027,83,审美欣赏,False,非答案候选选项,0,8,0.0,0.0,1,0.0,0.0,True,按实际呈现人数
ITEM-00027,83,崇拜,False,非答案候选选项,0,8,0.0,0.0,2,0.0,0.0,True,按实际呈现人数
ITEM-00027,83,平静,False,非答案候选选项,0,8,0.0,0.0,3,0.0,0.0,True,按实际呈现人数
ITEM-00027,83,怀旧,False,非答案候选选项,0,8,0.0,0.0,1,0.0,0.0,True,按实际呈现人数
ITEM-00027,83,恐惧,False,非答案候选选项,0,8,0.0,0.0,2,0.0,0.0,True,按实际呈现人数
ITEM-00027,83,悲伤,False,非答案候选选项,0,8,0.0,0.0,2,0.0,0.0,True,按实际呈现人数
ITEM-00027,83,惊讶,False,非答案候选选项,0,8,0.0,0.0,2,0.0,0.0,True,按实际呈现人数
ITEM-00027,83,愁闷,False,非答案候选选项,0,8,0.0,0.0,2,0.0,0.0,True,按实际呈现人数
ITEM-00027,83,感动,False,非答案候选选项,0,8,0.0,0.0,1,0.0,0.0,True,按实际呈现人数
ITEM-00027,83,感激,False,非答案候选选项,0,8,0.0,0.0,1,0.0,0.0,True,按实际呈现人数
ITEM-00027,83,愤怒,False,非答案候选选项,0,8,0.0,0.0,1,0.0,0.0,True,按实际呈现人数
ITEM-00027,83,抑郁,False,非答案候选选项,0,8,0.0,0.0,3,0.0,0.0,True,按实际呈现人数
ITEM-00027,83,敌意,False,非答案候选选项,0,8,0.0,0.0,2,0.0,0.0,True,按实际呈现人数
ITEM-00027,83,渴望,False,非答案候选选项,0,8,0.0,0.0,1,0.0,0.0,True,按实际呈现人数
ITEM-00027,83,满足,False,非答案候选选项,0,8,0.0,0.0,1,0.0,0.0,True,按实际呈现人数
ITEM-00027,83,烦躁,False,非答案候选选项,0,8,0.0,0.0,2,0.0,0.0,True,按实际呈现人数
ITEM-00027,83,焦虑,False,非答案候选选项,0,8,0.0,0.0,1,0.0,0.0,True,按实际呈现人数
ITEM-00027,83,爱,False,非答案候选选项,0,8,0.0,0.0,1,0.0,0.0,True,按实际呈现人数
ITEM-00027,83,痛苦,False,非答案候选选项,0,8,0.0,0.0,1,0.0,0.0,True,按实际呈现人数
ITEM-00027,83,羞耻,False,非答案候选选项,0,8,0.0,0.0,1,0.0,0.0,True,按实际呈现人数
ITEM-00027,83,羡慕,False,非答案候选选项,0,8,0.0,0.0,3,0.0,0.0,True,按实际呈现人数
ITEM-00027,83,自满,False,非答案候选选项,0,8,0.0,0.0,3,0.0,0.0,True,按实际呈现人数
ITEM-00027,83,自豪,False,非答案候选选项,0,8,0.0,0.0,3,0.0,0.0,True,按实际呈现人数
ITEM-00027,83,蔑视,False,非答案候选选项,0,8,0.0,0.0,1,0.0,0.0,True,按实际呈现人数
ITEM-00027,83,释然,False,非答案候选选项,0,8,0.0,0.0,3,0.0,0.0,True,按实际呈现人数
ITEM-00027,83,震惊,False,非答案候选选项,0,8,0.0,0.0,2,0.0,0.0,True,按实际呈现人数
ITEM-00028,24,希望,False,非答案候选选项,1,3,0.3333333333333333,33.33333333333333,1,1.0,100.0,False,按实际呈现人数
ITEM-00028,24,痛苦,False,非答案候选选项,1,3,0.3333333333333333,33.33333333333333,1,1.0,100.0,False,按实际呈现人数
ITEM-00028,24,悲伤,True,标准答案选项,1,3,0.3333333333333333,33.33333333333333,3,0.3333333333333333,33.33333333333333,False,按实际呈现人数
ITEM-00028,24,不屑,False,非答案候选选项,0,3,0.0,0.0,1,0.0,0.0,True,按实际呈现人数
ITEM-00028,24,厌恶,False,非答案候选选项,0,3,0.0,0.0,1,0.0,0.0,True,按实际呈现人数
ITEM-00028,24,失望,False,非答案候选选项,0,3,0.0,0.0,1,0.0,0.0,True,按实际呈现人数
ITEM-00028,24,嫉妒,False,非答案候选选项,0,3,0.0,0.0,1,0.0,0.0,True,按实际呈现人数
ITEM-00028,24,审美欣赏,False,非答案候选选项,0,3,0.0,0.0,1,0.0,0.0,True,按实际呈现人数
ITEM-00028,24,尴尬,False,非答案候选选项,0,3,0.0,0.0,2,0.0,0.0,True,按实际呈现人数
ITEM-00028,24,崇拜,False,非答案候选选项,0,3,0.0,0.0,1,0.0,0.0,True,按实际呈现人数
ITEM-00028,24,怀旧,False,非答案候选选项,0,3,0.0,0.0,1,0.0,0.0,True,按实际呈现人数
ITEM-00028,24,怨恨,False,非答案候选选项,0,3,0.0,0.0,1,0.0,0.0,True,按实际呈现人数
ITEM-00028,24,愁闷,False,非答案候选选项,0,3,0.0,0.0,1,0.0,0.0,True,按实际呈现人数
ITEM-00028,24,愉悦,False,非答案候选选项,0,3,0.0,0.0,1,0.0,0.0,True,按实际呈现人数
ITEM-00028,24,感动,False,非答案候选选项,0,3,0.0,0.0,1,0.0,0.0,True,按实际呈现人数
ITEM-00028,24,愤怒,False,非答案候选选项,0,3,0.0,0.0,1,0.0,0.0,True,按实际呈现人数
ITEM-00028,24,抑郁,False,非答案候选选项,0,3,0.0,0.0,1,0.0,0.0,True,按实际呈现人数
ITEM-00028,24,担忧,False,非答案候选选项,0,3,0.0,0.0,1,0.0,0.0,True,按实际呈现人数
ITEM-00028,24,渴望,False,非答案候选选项,0,3,0.0,0.0,1,0.0,0.0,True,按实际呈现人数
ITEM-00028,24,满足,False,非答案候选选项,0,3,0.0,0.0,1,0.0,0.0,True,按实际呈现人数
ITEM-00028,24,羡慕,False,非答案候选选项,0,3,0.0,0.0,1,0.0,0.0,True,按实际呈现人数
ITEM-00028,24,自豪,False,非答案候选选项,0,3,0.0,0.0,1,0.0,0.0,True,按实际呈现人数
ITEM-00028,24,轻松,False,非答案候选选项,0,3,0.0,0.0,2,0.0,0.0,True,按实际呈现人数
ITEM-00028,24,释然,False,非答案候选选项,0,3,0.0,0.0,3,0.0,0.0,True,按实际呈现人数
ITEM-00029,34,共情痛苦,False,非答案候选选项,2,6,0.3333333333333333,33.33333333333333,2,1.0,100.0,False,按实际呈现人数
ITEM-00029,34,焦虑,False,非答案候选选项,1,6,0.16666666666666666,16.666666666666664,1,1.0,100.0,False,按实际呈现人数
ITEM-00029,34,痛苦,False,非答案候选选项,2,6,0.3333333333333333,33.33333333333333,3,0.6666666666666666,66.66666666666666,False,按实际呈现人数
ITEM-00029,34,委屈,False,非答案候选选项,1,6,0.16666666666666666,16.666666666666664,2,0.5,50.0,False,按实际呈现人数
ITEM-00029,34,不屑,False,非答案候选选项,0,6,0.0,0.0,1,0.0,0.0,True,按实际呈现人数
ITEM-00029,34,内疚,False,非答案候选选项,0,6,0.0,0.0,1,0.0,0.0,True,按实际呈现人数
ITEM-00029,34,冷静,False,非答案候选选项,0,6,0.0,0.0,1,0.0,0.0,True,按实际呈现人数
ITEM-00029,34,厌恶,True,标准答案选项,0,6,0.0,0.0,6,0.0,0.0,True,按实际呈现人数
ITEM-00029,34,失望,False,非答案候选选项,0,6,0.0,0.0,1,0.0,0.0,True,按实际呈现人数
ITEM-00029,34,好奇,False,非答案候选选项,0,6,0.0,0.0,1,0.0,0.0,True,按实际呈现人数
ITEM-00029,34,审美欣赏,False,非答案候选选项,0,6,0.0,0.0,2,0.0,0.0,True,按实际呈现人数
ITEM-00029,34,希望,False,非答案候选选项,0,6,0.0,0.0,1,0.0,0.0,True,按实际呈现人数
ITEM-00029,34,平静,False,非答案候选选项,0,6,0.0,0.0,1,0.0,0.0,True,按实际呈现人数
ITEM-00029,34,快乐,False,非答案候选选项,0,6,0.0,0.0,1,0.0,0.0,True,按实际呈现人数
ITEM-00029,34,怨恨,False,非答案候选选项,0,6,0.0,0.0,2,0.0,0.0,True,按实际呈现人数
ITEM-00029,34,悲伤,False,非答案候选选项,0,6,0.0,0.0,1,0.0,0.0,True,按实际呈现人数
ITEM-00029,34,惊喜,False,非答案候选选项,0,6,0.0,0.0,1,0.0,0.0,True,按实际呈现人数
ITEM-00029,34,惊讶,False,非答案候选选项,0,6,0.0,0.0,3,0.0,0.0,True,按实际呈现人数
ITEM-00029,34,愉悦,False,非答案候选选项,0,6,0.0,0.0,2,0.0,0.0,True,按实际呈现人数
ITEM-00029,34,感动,False,非答案候选选项,0,6,0.0,0.0,1,0.0,0.0,True,按实际呈现人数
ITEM-00029,34,感激,False,非答案候选选项,0,6,0.0,0.0,1,0.0,0.0,True,按实际呈现人数
ITEM-00029,34,愤怒,False,非答案候选选项,0,6,0.0,0.0,3,0.0,0.0,True,按实际呈现人数
ITEM-00029,34,抑郁,False,非答案候选选项,0,6,0.0,0.0,2,0.0,0.0,True,按实际呈现人数
ITEM-00029,34,担忧,False,非答案候选选项,0,6,0.0,0.0,2,0.0,0.0,True,按实际呈现人数
ITEM-00029,34,敌意,False,非答案候选选项,0,6,0.0,0.0,2,0.0,0.0,True,按实际呈现人数
ITEM-00029,34,渴望,False,非答案候选选项,0,6,0.0,0.0,1,0.0,0.0,True,按实际呈现人数
ITEM-00029,34,烦躁,False,非答案候选选项,0,6,0.0,0.0,1,0.0,0.0,True,按实际呈现人数
ITEM-00029,34,爱,False,非答案候选选项,0,6,0.0,0.0,3,0.0,0.0,True,按实际呈现人数
ITEM-00029,34,紧张,False,非答案候选选项,0,6,0.0,0.0,2,0.0,0.0,True,按实际呈现人数
ITEM-00029,34,绝望,False,非答案候选选项,0,6,0.0,0.0,2,0.0,0.0,True,按实际呈现人数
ITEM-00029,34,羞耻,False,非答案候选选项,0,6,0.0,0.0,2,0.0,0.0,True,按实际呈现人数
ITEM-00029,34,羡慕,False,非答案候选选项,0,6,0.0,0.0,1,0.0,0.0,True,按实际呈现人数
ITEM-00029,34,自满,False,非答案候选选项,0,6,0.0,0.0,1,0.0,0.0,True,按实际呈现人数
ITEM-00029,34,蔑视,False,非答案候选选项,0,6,0.0,0.0,1,0.0,0.0,True,按实际呈现人数
ITEM-00029,34,轻松,False,非答案候选选项,0,6,0.0,0.0,2,0.0,0.0,True,按实际呈现人数
ITEM-00030,42,失望,False,非答案候选选项,1,8,0.125,12.5,1,1.0,100.0,False,按实际呈现人数
ITEM-00030,42,困惑,True,标准答案选项,4,8,0.5,50.0,8,0.5,50.0,False,按实际呈现人数
ITEM-00030,42,委屈,False,非答案候选选项,1,8,0.125,12.5,2,0.5,50.0,False,按实际呈现人数
ITEM-00030,42,审美欣赏,False,非答案候选选项,1,8,0.125,12.5,2,0.5,50.0,False,按实际呈现人数
ITEM-00030,42,怀旧,False,非答案候选选项,1,8,0.125,12.5,3,0.3333333333333333,33.33333333333333,False,按实际呈现人数
ITEM-00030,42,不屑,False,非答案候选选项,0,8,0.0,0.0,2,0.0,0.0,True,按实际呈现人数
ITEM-00030,42,共情痛苦,False,非答案候选选项,0,8,0.0,0.0,2,0.0,0.0,True,按实际呈现人数
ITEM-00030,42,兴奋,False,非答案候选选项,0,8,0.0,0.0,1,0.0,0.0,True,按实际呈现人数
ITEM-00030,42,内疚,False,非答案候选选项,0,8,0.0,0.0,3,0.0,0.0,True,按实际呈现人数
ITEM-00030,42,冷静,False,非答案候选选项,0,8,0.0,0.0,1,0.0,0.0,True,按实际呈现人数
ITEM-00030,42,厌倦,False,非答案候选选项,0,8,0.0,0.0,1,0.0,0.0,True,按实际呈现人数
ITEM-00030,42,厌恶,False,非答案候选选项,0,8,0.0,0.0,1,0.0,0.0,True,按实际呈现人数
ITEM-00030,42,好奇,False,非答案候选选项,0,8,0.0,0.0,4,0.0,0.0,True,按实际呈现人数
ITEM-00030,42,尴尬,False,非答案候选选项,0,8,0.0,0.0,3,0.0,0.0,True,按实际呈现人数
ITEM-00030,42,希望,False,非答案候选选项,0,8,0.0,0.0,1,0.0,0.0,True,按实际呈现人数
ITEM-00030,42,平静,False,非答案候选选项,0,8,0.0,0.0,1,0.0,0.0,True,按实际呈现人数
ITEM-00030,42,快乐,False,非答案候选选项,0,8,0.0,0.0,2,0.0,0.0,True,按实际呈现人数
ITEM-00030,42,怨恨,False,非答案候选选项,0,8,0.0,0.0,1,0.0,0.0,True,按实际呈现人数
ITEM-00030,42,恐惧,False,非答案候选选项,0,8,0.0,0.0,1,0.0,0.0,True,按实际呈现人数
ITEM-00030,42,悲伤,False,非答案候选选项,0,8,0.0,0.0,4,0.0,0.0,True,按实际呈现人数
ITEM-00030,42,惊喜,False,非答案候选选项,0,8,0.0,0.0,1,0.0,0.0,True,按实际呈现人数
ITEM-00030,42,愉悦,False,非答案候选选项,0,8,0.0,0.0,1,0.0,0.0,True,按实际呈现人数
ITEM-00030,42,感动,False,非答案候选选项,0,8,0.0,0.0,2,0.0,0.0,True,按实际呈现人数
ITEM-00030,42,感激,False,非答案候选选项,0,8,0.0,0.0,3,0.0,0.0,True,按实际呈现人数
ITEM-00030,42,愤怒,False,非答案候选选项,0,8,0.0,0.0,3,0.0,0.0,True,按实际呈现人数
ITEM-00030,42,抑郁,False,非答案候选选项,0,8,0.0,0.0,2,0.0,0.0,True,按实际呈现人数
ITEM-00030,42,担忧,False,非答案候选选项,0,8,0.0,0.0,2,0.0,0.0,True,按实际呈现人数
ITEM-00030,42,敌意,False,非答案候选选项,0,8,0.0,0.0,1,0.0,0.0,True,按实际呈现人数
ITEM-00030,42,满足,False,非答案候选选项,0,8,0.0,0.0,1,0.0,0.0,True,按实际呈现人数
ITEM-00030,42,烦躁,False,非答案候选选项,0,8,0.0,0.0,3,0.0,0.0,True,按实际呈现人数
ITEM-00030,42,焦虑,False,非答案候选选项,0,8,0.0,0.0,1,0.0,0.0,True,按实际呈现人数
ITEM-00030,42,爱,False,非答案候选选项,0,8,0.0,0.0,3,0.0,0.0,True,按实际呈现人数
ITEM-00030,42,痛苦,False,非答案候选选项,0,8,0.0,0.0,1,0.0,0.0,True,按实际呈现人数
ITEM-00030,42,紧张,False,非答案候选选项,0,8,0.0,0.0,1,0.0,0.0,True,按实际呈现人数
ITEM-00030,42,绝望,False,非答案候选选项,0,8,0.0,0.0,3,0.0,0.0,True,按实际呈现人数
ITEM-00030,42,羞耻,False,非答案候选选项,0,8,0.0,0.0,2,0.0,0.0,True,按实际呈现人数
ITEM-00030,42,羡慕,False,非答案候选选项,0,8,0.0,0.0,2,0.0,0.0,True,按实际呈现人数
ITEM-00030,42,自豪,False,非答案候选选项,0,8,0.0,0.0,1,0.0,0.0,True,按实际呈现人数
ITEM-00030,42,轻松,False,非答案候选选项,0,8,0.0,0.0,2,0.0,0.0,True,按实际呈现人数
ITEM-00030,42,遗憾,False,非答案候选选项,0,8,0.0,0.0,1,0.0,0.0,True,按实际呈现人数
ITEM-00032,41,平静,False,非答案候选选项,1,5,0.2,20.0,1,1.0,100.0,False,按实际呈现人数
ITEM-00032,41,满足,False,非答案候选选项,1,5,0.2,20.0,1,1.0,100.0,False,按实际呈现人数
ITEM-00032,41,愉悦,True,标准答案选项,2,5,0.4,40.0,5,0.4,40.0,False,按实际呈现人数
ITEM-00032,41,兴趣,False,非答案候选选项,1,5,0.2,20.0,3,0.3333333333333333,33.33333333333333,False,按实际呈现人数
ITEM-00032,41,内疚,False,非答案候选选项,0,5,0.0,0.0,2,0.0,0.0,True,按实际呈现人数
ITEM-00032,41,冷静,False,非答案候选选项,0,5,0.0,0.0,1,0.0,0.0,True,按实际呈现人数
ITEM-00032,41,厌倦,False,非答案候选选项,0,5,0.0,0.0,2,0.0,0.0,True,按实际呈现人数
ITEM-00032,41,困惑,False,非答案候选选项,0,5,0.0,0.0,3,0.0,0.0,True,按实际呈现人数
ITEM-00032,41,失望,False,非答案候选选项,0,5,0.0,0.0,1,0.0,0.0,True,按实际呈现人数
ITEM-00032,41,好奇,False,非答案候选选项,0,5,0.0,0.0,1,0.0,0.0,True,按实际呈现人数
ITEM-00032,41,嫉妒,False,非答案候选选项,0,5,0.0,0.0,1,0.0,0.0,True,按实际呈现人数
ITEM-00032,41,尴尬,False,非答案候选选项,0,5,0.0,0.0,1,0.0,0.0,True,按实际呈现人数
ITEM-00032,41,怀旧,False,非答案候选选项,0,5,0.0,0.0,1,0.0,0.0,True,按实际呈现人数
ITEM-00032,41,怨恨,False,非答案候选选项,0,5,0.0,0.0,1,0.0,0.0,True,按实际呈现人数
ITEM-00032,41,恐惧,False,非答案候选选项,0,5,0.0,0.0,1,0.0,0.0,True,按实际呈现人数
ITEM-00032,41,悲伤,False,非答案候选选项,0,5,0.0,0.0,1,0.0,0.0,True,按实际呈现人数
ITEM-00032,41,愁闷,False,非答案候选选项,0,5,0.0,0.0,1,0.0,0.0,True,按实际呈现人数
ITEM-00032,41,愤怒,False,非答案候选选项,0,5,0.0,0.0,1,0.0,0.0,True,按实际呈现人数
ITEM-00032,41,抑郁,False,非答案候选选项,0,5,0.0,0.0,3,0.0,0.0,True,按实际呈现人数
ITEM-00032,41,担忧,False,非答案候选选项,0,5,0.0,0.0,2,0.0,0.0,True,按实际呈现人数
ITEM-00032,41,渴望,False,非答案候选选项,0,5,0.0,0.0,4,0.0,0.0,True,按实际呈现人数
ITEM-00032,41,烦躁,False,非答案候选选项,0,5,0.0,0.0,1,0.0,0.0,True,按实际呈现人数
ITEM-00032,41,爱,False,非答案候选选项,0,5,0.0,0.0,1,0.0,0.0,True,按实际呈现人数
ITEM-00032,41,羞耻,False,非答案候选选项,0,5,0.0,0.0,1,0.0,0.0,True,按实际呈现人数
ITEM-00032,41,羡慕,False,非答案候选选项,0,5,0.0,0.0,1,0.0,0.0,True,按实际呈现人数
ITEM-00032,41,自满,False,非答案候选选项,0,5,0.0,0.0,4,0.0,0.0,True,按实际呈现人数
ITEM-00032,41,蔑视,False,非答案候选选项,0,5,0.0,0.0,1,0.0,0.0,True,按实际呈现人数
ITEM-00032,41,遗憾,False,非答案候选选项,0,5,0.0,0.0,2,0.0,0.0,True,按实际呈现人数
ITEM-00032,41,释然,False,非答案候选选项,0,5,0.0,0.0,1,0.0,0.0,True,按实际呈现人数
ITEM-00032,41,震惊,False,非答案候选选项,0,5,0.0,0.0,1,0.0,0.0,True,按实际呈现人数
ITEM-00033,44,震惊,False,非答案候选选项,4,9,0.4444444444444444,44.44444444444444,5,0.8,80.0,False,按实际呈现人数
ITEM-00033,44,惊讶,True,标准答案选项,5,9,0.5555555555555556,55.55555555555556,9,0.5555555555555556,55.55555555555556,False,按实际呈现人数
ITEM-00033,44,共情痛苦,False,非答案候选选项,0,9,0.0,0.0,1,0.0,0.0,True,按实际呈现人数
ITEM-00033,44,兴奋,False,非答案候选选项,0,9,0.0,0.0,1,0.0,0.0,True,按实际呈现人数
ITEM-00033,44,兴趣,False,非答案候选选项,0,9,0.0,0.0,1,0.0,0.0,True,按实际呈现人数
ITEM-00033,44,冷静,False,非答案候选选项,0,9,0.0,0.0,2,0.0,0.0,True,按实际呈现人数
ITEM-00033,44,厌倦,False,非答案候选选项,0,9,0.0,0.0,3,0.0,0.0,True,按实际呈现人数
ITEM-00033,44,厌恶,False,非答案候选选项,0,9,0.0,0.0,4,0.0,0.0,True,按实际呈现人数
ITEM-00033,44,困惑,False,非答案候选选项,0,9,0.0,0.0,2,0.0,0.0,True,按实际呈现人数
ITEM-00033,44,好奇,False,非答案候选选项,0,9,0.0,0.0,2,0.0,0.0,True,按实际呈现人数
ITEM-00033,44,委屈,False,非答案候选选项,0,9,0.0,0.0,6,0.0,0.0,True,按实际呈现人数
ITEM-00033,44,嫉妒,False,非答案候选选项,0,9,0.0,0.0,2,0.0,0.0,True,按实际呈现人数
ITEM-00033,44,审美欣赏,False,非答案候选选项,0,9,0.0,0.0,2,0.0,0.0,True,按实际呈现人数
ITEM-00033,44,尴尬,False,非答案候选选项,0,9,0.0,0.0,1,0.0,0.0,True,按实际呈现人数
ITEM-00033,44,希望,False,非答案候选选项,0,9,0.0,0.0,2,0.0,0.0,True,按实际呈现人数
ITEM-00033,44,平静,False,非答案候选选项,0,9,0.0,0.0,2,0.0,0.0,True,按实际呈现人数
ITEM-00033,44,快乐,False,非答案候选选项,0,9,0.0,0.0,5,0.0,0.0,True,按实际呈现人数
ITEM-00033,44,怀旧,False,非答案候选选项,0,9,0.0,0.0,1,0.0,0.0,True,按实际呈现人数
ITEM-00033,44,怨恨,False,非答案候选选项,0,9,0.0,0.0,1,0.0,0.0,True,按实际呈现人数
ITEM-00033,44,悲伤,False,非答案候选选项,0,9,0.0,0.0,3,0.0,0.0,True,按实际呈现人数
ITEM-00033,44,惊喜,False,非答案候选选项,0,9,0.0,0.0,4,0.0,0.0,True,按实际呈现人数
ITEM-00033,44,愁闷,False,非答案候选选项,0,9,0.0,0.0,3,0.0,0.0,True,按实际呈现人数
ITEM-00033,44,感动,False,非答案候选选项,0,9,0.0,0.0,1,0.0,0.0,True,按实际呈现人数
ITEM-00033,44,感激,False,非答案候选选项,0,9,0.0,0.0,4,0.0,0.0,True,按实际呈现人数
ITEM-00033,44,抑郁,False,非答案候选选项,0,9,0.0,0.0,1,0.0,0.0,True,按实际呈现人数
ITEM-00033,44,担忧,False,非答案候选选项,0,9,0.0,0.0,2,0.0,0.0,True,按实际呈现人数
ITEM-00033,44,敌意,False,非答案候选选项,0,9,0.0,0.0,2,0.0,0.0,True,按实际呈现人数
ITEM-00033,44,渴望,False,非答案候选选项,0,9,0.0,0.0,3,0.0,0.0,True,按实际呈现人数
ITEM-00033,44,烦躁,False,非答案候选选项,0,9,0.0,0.0,4,0.0,0.0,True,按实际呈现人数
ITEM-00033,44,焦虑,False,非答案候选选项,0,9,0.0,0.0,1,0.0,0.0,True,按实际呈现人数
ITEM-00033,44,爱,False,非答案候选选项,0,9,0.0,0.0,2,0.0,0.0,True,按实际呈现人数
ITEM-00033,44,羞耻,False,非答案候选选项,0,9,0.0,0.0,1,0.0,0.0,True,按实际呈现人数
ITEM-00033,44,羡慕,False,非答案候选选项,0,9,0.0,0.0,2,0.0,0.0,True,按实际呈现人数
ITEM-00033,44,自满,False,非答案候选选项,0,9,0.0,0.0,1,0.0,0.0,True,按实际呈现人数
ITEM-00033,44,自豪,False,非答案候选选项,0,9,0.0,0.0,2,0.0,0.0,True,按实际呈现人数
ITEM-00033,44,蔑视,False,非答案候选选项,0,9,0.0,0.0,1,0.0,0.0,True,按实际呈现人数
ITEM-00033,44,遗憾,False,非答案候选选项,0,9,0.0,0.0,1,0.0,0.0,True,按实际呈现人数
ITEM-00034,43,希望,False,非答案候选选项,1,8,0.125,12.5,1,1.0,100.0,False,按实际呈现人数
ITEM-00034,43,爱,True,标准答案选项,7,8,0.875,87.5,8,0.875,87.5,False,按实际呈现人数
ITEM-00034,43,不屑,False,非答案候选选项,0,8,0.0,0.0,2,0.0,0.0,True,按实际呈现人数
ITEM-00034,43,共情痛苦,False,非答案候选选项,0,8,0.0,0.0,3,0.0,0.0,True,按实际呈现人数
ITEM-00034,43,兴奋,False,非答案候选选项,0,8,0.0,0.0,1,0.0,0.0,True,按实际呈现人数
ITEM-00034,43,兴趣,False,非答案候选选项,0,8,0.0,0.0,1,0.0,0.0,True,按实际呈现人数
ITEM-00034,43,内疚,False,非答案候选选项,0,8,0.0,0.0,2,0.0,0.0,True,按实际呈现人数
ITEM-00034,43,冷静,False,非答案候选选项,0,8,0.0,0.0,1,0.0,0.0,True,按实际呈现人数
ITEM-00034,43,厌倦,False,非答案候选选项,0,8,0.0,0.0,1,0.0,0.0,True,按实际呈现人数
ITEM-00034,43,厌恶,False,非答案候选选项,0,8,0.0,0.0,3,0.0,0.0,True,按实际呈现人数
ITEM-00034,43,困惑,False,非答案候选选项,0,8,0.0,0.0,2,0.0,0.0,True,按实际呈现人数
ITEM-00034,43,失望,False,非答案候选选项,0,8,0.0,0.0,1,0.0,0.0,True,按实际呈现人数
ITEM-00034,43,好奇,False,非答案候选选项,0,8,0.0,0.0,1,0.0,0.0,True,按实际呈现人数
ITEM-00034,43,委屈,False,非答案候选选项,0,8,0.0,0.0,4,0.0,0.0,True,按实际呈现人数
ITEM-00034,43,嫉妒,False,非答案候选选项,0,8,0.0,0.0,2,0.0,0.0,True,按实际呈现人数
ITEM-00034,43,崇拜,False,非答案候选选项,0,8,0.0,0.0,2,0.0,0.0,True,按实际呈现人数
ITEM-00034,43,平静,False,非答案候选选项,0,8,0.0,0.0,1,0.0,0.0,True,按实际呈现人数
ITEM-00034,43,怀旧,False,非答案候选选项,0,8,0.0,0.0,1,0.0,0.0,True,按实际呈现人数
ITEM-00034,43,怨恨,False,非答案候选选项,0,8,0.0,0.0,4,0.0,0.0,True,按实际呈现人数
ITEM-00034,43,恐惧,False,非答案候选选项,0,8,0.0,0.0,1,0.0,0.0,True,按实际呈现人数
ITEM-00034,43,悲伤,False,非答案候选选项,0,8,0.0,0.0,4,0.0,0.0,True,按实际呈现人数
ITEM-00034,43,惊喜,False,非答案候选选项,0,8,0.0,0.0,2,0.0,0.0,True,按实际呈现人数
ITEM-00034,43,惊讶,False,非答案候选选项,0,8,0.0,0.0,2,0.0,0.0,True,按实际呈现人数
ITEM-00034,43,愉悦,False,非答案候选选项,0,8,0.0,0.0,1,0.0,0.0,True,按实际呈现人数
ITEM-00034,43,感动,False,非答案候选选项,0,8,0.0,0.0,3,0.0,0.0,True,按实际呈现人数
ITEM-00034,43,感激,False,非答案候选选项,0,8,0.0,0.0,2,0.0,0.0,True,按实际呈现人数
ITEM-00034,43,愤怒,False,非答案候选选项,0,8,0.0,0.0,1,0.0,0.0,True,按实际呈现人数
ITEM-00034,43,抑郁,False,非答案候选选项,0,8,0.0,0.0,1,0.0,0.0,True,按实际呈现人数
ITEM-00034,43,担忧,False,非答案候选选项,0,8,0.0,0.0,1,0.0,0.0,True,按实际呈现人数
ITEM-00034,43,渴望,False,非答案候选选项,0,8,0.0,0.0,2,0.0,0.0,True,按实际呈现人数
ITEM-00034,43,焦虑,False,非答案候选选项,0,8,0.0,0.0,1,0.0,0.0,True,按实际呈现人数
ITEM-00034,43,痛苦,False,非答案候选选项,0,8,0.0,0.0,4,0.0,0.0,True,按实际呈现人数
ITEM-00034,43,紧张,False,非答案候选选项,0,8,0.0,0.0,2,0.0,0.0,True,按实际呈现人数
ITEM-00034,43,绝望,False,非答案候选选项,0,8,0.0,0.0,1,0.0,0.0,True,按实际呈现人数
ITEM-00034,43,羡慕,False,非答案候选选项,0,8,0.0,0.0,2,0.0,0.0,True,按实际呈现人数
ITEM-00034,43,自满,False,非答案候选选项,0,8,0.0,0.0,1,0.0,0.0,True,按实际呈现人数
ITEM-00034,43,自豪,False,非答案候选选项,0,8,0.0,0.0,2,0.0,0.0,True,按实际呈现人数
ITEM-00034,43,轻松,False,非答案候选选项,0,8,0.0,0.0,2,0.0,0.0,True,按实际呈现人数
ITEM-00034,43,遗憾,False,非答案候选选项,0,8,0.0,0.0,1,0.0,0.0,True,按实际呈现人数
ITEM-00034,43,释然,False,非答案候选选项,0,8,0.0,0.0,2,0.0,0.0,True,按实际呈现人数
ITEM-00034,43,震惊,False,非答案候选选项,0,8,0.0,0.0,1,0.0,0.0,True,按实际呈现人数
ITEM-00035,96,恐惧,False,非答案候选选项,1,3,0.3333333333333333,33.33333333333333,1,1.0,100.0,False,按实际呈现人数
ITEM-00035,96,震惊,False,非答案候选选项,1,3,0.3333333333333333,33.33333333333333,1,1.0,100.0,False,按实际呈现人数
ITEM-00035,96,惊讶,True,标准答案选项,1,3,0.3333333333333333,33.33333333333333,3,0.3333333333333333,33.33333333333333,False,按实际呈现人数
ITEM-00035,96,共情痛苦,False,非答案候选选项,0,3,0.0,0.0,1,0.0,0.0,True,按实际呈现人数
ITEM-00035,96,冷静,False,非答案候选选项,0,3,0.0,0.0,1,0.0,0.0,True,按实际呈现人数
ITEM-00035,96,厌倦,False,非答案候选选项,0,3,0.0,0.0,1,0.0,0.0,True,按实际呈现人数
ITEM-00035,96,厌恶,False,非答案候选选项,0,3,0.0,0.0,1,0.0,0.0,True,按实际呈现人数
ITEM-00035,96,委屈,False,非答案候选选项,0,3,0.0,0.0,1,0.0,0.0,True,按实际呈现人数
ITEM-00035,96,尴尬,False,非答案候选选项,0,3,0.0,0.0,1,0.0,0.0,True,按实际呈现人数
ITEM-00035,96,希望,False,非答案候选选项,0,3,0.0,0.0,2,0.0,0.0,True,按实际呈现人数
ITEM-00035,96,怀旧,False,非答案候选选项,0,3,0.0,0.0,1,0.0,0.0,True,按实际呈现人数
ITEM-00035,96,悲伤,False,非答案候选选项,0,3,0.0,0.0,2,0.0,0.0,True,按实际呈现人数
ITEM-00035,96,愉悦,False,非答案候选选项,0,3,0.0,0.0,1,0.0,0.0,True,按实际呈现人数
ITEM-00035,96,抑郁,False,非答案候选选项,0,3,0.0,0.0,1,0.0,0.0,True,按实际呈现人数
ITEM-00035,96,担忧,False,非答案候选选项,0,3,0.0,0.0,1,0.0,0.0,True,按实际呈现人数
ITEM-00035,96,渴望,False,非答案候选选项,0,3,0.0,0.0,1,0.0,0.0,True,按实际呈现人数
ITEM-00035,96,满足,False,非答案候选选项,0,3,0.0,0.0,1,0.0,0.0,True,按实际呈现人数
ITEM-00035,96,爱,False,非答案候选选项,0,3,0.0,0.0,2,0.0,0.0,True,按实际呈现人数
ITEM-00035,96,痛苦,False,非答案候选选项,0,3,0.0,0.0,1,0.0,0.0,True,按实际呈现人数
ITEM-00035,96,羞耻,False,非答案候选选项,0,3,0.0,0.0,2,0.0,0.0,True,按实际呈现人数
ITEM-00035,96,自满,False,非答案候选选项,0,3,0.0,0.0,2,0.0,0.0,True,按实际呈现人数
ITEM-00035,96,自豪,False,非答案候选选项,0,3,0.0,0.0,1,0.0,0.0,True,按实际呈现人数
ITEM-00035,96,轻松,False,非答案候选选项,0,3,0.0,0.0,1,0.0,0.0,True,按实际呈现人数
ITEM-00036,45,担忧,False,非答案候选选项,2,7,0.2857142857142857,28.57142857142857,2,1.0,100.0,False,按实际呈现人数
ITEM-00036,45,震惊,False,非答案候选选项,1,7,0.14285714285714285,14.285714285714285,1,1.0,100.0,False,按实际呈现人数
ITEM-00036,45,敌意,False,非答案候选选项,1,7,0.14285714285714285,14.285714285714285,2,0.5,50.0,False,按实际呈现人数
ITEM-00036,45,释然,False,非答案候选选项,1,7,0.14285714285714285,14.285714285714285,4,0.25,25.0,False,按实际呈现人数
ITEM-00036,45,困惑,False,非答案候选选项,1,7,0.14285714285714285,14.285714285714285,5,0.2,20.0,False,按实际呈现人数
ITEM-00036,45,兴趣,True,标准答案选项,1,7,0.14285714285714285,14.285714285714285,7,0.14285714285714285,14.285714285714285,False,按实际呈现人数
ITEM-00036,45,共情痛苦,False,非答案候选选项,0,7,0.0,0.0,1,0.0,0.0,True,按实际呈现人数
ITEM-00036,45,兴奋,False,非答案候选选项,0,7,0.0,0.0,4,0.0,0.0,True,按实际呈现人数
ITEM-00036,45,内疚,False,非答案候选选项,0,7,0.0,0.0,2,0.0,0.0,True,按实际呈现人数
ITEM-00036,45,厌恶,False,非答案候选选项,0,7,0.0,0.0,1,0.0,0.0,True,按实际呈现人数
ITEM-00036,45,失望,False,非答案候选选项,0,7,0.0,0.0,3,0.0,0.0,True,按实际呈现人数
ITEM-00036,45,委屈,False,非答案候选选项,0,7,0.0,0.0,3,0.0,0.0,True,按实际呈现人数
ITEM-00036,45,嫉妒,False,非答案候选选项,0,7,0.0,0.0,1,0.0,0.0,True,按实际呈现人数
ITEM-00036,45,审美欣赏,False,非答案候选选项,0,7,0.0,0.0,2,0.0,0.0,True,按实际呈现人数
ITEM-00036,45,尴尬,False,非答案候选选项,0,7,0.0,0.0,2,0.0,0.0,True,按实际呈现人数
ITEM-00036,45,希望,False,非答案候选选项,0,7,0.0,0.0,1,0.0,0.0,True,按实际呈现人数
ITEM-00036,45,平静,False,非答案候选选项,0,7,0.0,0.0,2,0.0,0.0,True,按实际呈现人数
ITEM-00036,45,悲伤,False,非答案候选选项,0,7,0.0,0.0,2,0.0,0.0,True,按实际呈现人数
ITEM-00036,45,惊喜,False,非答案候选选项,0,7,0.0,0.0,1,0.0,0.0,True,按实际呈现人数
ITEM-00036,45,愁闷,False,非答案候选选项,0,7,0.0,0.0,2,0.0,0.0,True,按实际呈现人数
ITEM-00036,45,感动,False,非答案候选选项,0,7,0.0,0.0,1,0.0,0.0,True,按实际呈现人数
ITEM-00036,45,感激,False,非答案候选选项,0,7,0.0,0.0,1,0.0,0.0,True,按实际呈现人数
ITEM-00036,45,愤怒,False,非答案候选选项,0,7,0.0,0.0,1,0.0,0.0,True,按实际呈现人数
ITEM-00036,45,抑郁,False,非答案候选选项,0,7,0.0,0.0,3,0.0,0.0,True,按实际呈现人数
ITEM-00036,45,渴望,False,非答案候选选项,0,7,0.0,0.0,1,0.0,0.0,True,按实际呈现人数
ITEM-00036,45,满足,False,非答案候选选项,0,7,0.0,0.0,3,0.0,0.0,True,按实际呈现人数
ITEM-00036,45,烦躁,False,非答案候选选项,0,7,0.0,0.0,3,0.0,0.0,True,按实际呈现人数
ITEM-00036,45,焦虑,False,非答案候选选项,0,7,0.0,0.0,1,0.0,0.0,True,按实际呈现人数
ITEM-00036,45,紧张,False,非答案候选选项,0,7,0.0,0.0,1,0.0,0.0,True,按实际呈现人数
ITEM-00036,45,绝望,False,非答案候选选项,0,7,0.0,0.0,1,0.0,0.0,True,按实际呈现人数
ITEM-00036,45,羞耻,False,非答案候选选项,0,7,0.0,0.0,1,0.0,0.0,True,按实际呈现人数
ITEM-00036,45,羡慕,False,非答案候选选项,0,7,0.0,0.0,1,0.0,0.0,True,按实际呈现人数
ITEM-00036,45,自满,False,非答案候选选项,0,7,0.0,0.0,1,0.0,0.0,True,按实际呈现人数
ITEM-00036,45,自豪,False,非答案候选选项,0,7,0.0,0.0,1,0.0,0.0,True,按实际呈现人数
ITEM-00036,45,蔑视,False,非答案候选选项,0,7,0.0,0.0,1,0.0,0.0,True,按实际呈现人数
ITEM-00036,45,轻松,False,非答案候选选项,0,7,0.0,0.0,1,0.0,0.0,True,按实际呈现人数
ITEM-00037,50,蔑视,True,标准答案选项,10,14,0.7142857142857143,71.42857142857143,14,0.7142857142857143,71.42857142857143,False,按实际呈现人数
ITEM-00037,50,冷静,False,非答案候选选项,1,14,0.07142857142857142,7.142857142857142,2,0.5,50.0,False,按实际呈现人数
ITEM-00037,50,烦躁,False,非答案候选选项,1,14,0.07142857142857142,7.142857142857142,2,0.5,50.0,False,按实际呈现人数
ITEM-00037,50,不屑,False,非答案候选选项,1,14,0.07142857142857142,7.142857142857142,3,0.3333333333333333,33.33333333333333,False,按实际呈现人数
ITEM-00037,50,绝望,False,非答案候选选项,1,14,0.07142857142857142,7.142857142857142,3,0.3333333333333333,33.33333333333333,False,按实际呈现人数
ITEM-00037,50,共情痛苦,False,非答案候选选项,0,14,0.0,0.0,2,0.0,0.0,True,按实际呈现人数
ITEM-00037,50,兴奋,False,非答案候选选项,0,14,0.0,0.0,2,0.0,0.0,True,按实际呈现人数
ITEM-00037,50,兴趣,False,非答案候选选项,0,14,0.0,0.0,2,0.0,0.0,True,按实际呈现人数
ITEM-00037,50,内疚,False,非答案候选选项,0,14,0.0,0.0,3,0.0,0.0,True,按实际呈现人数
ITEM-00037,50,厌倦,False,非答案候选选项,0,14,0.0,0.0,2,0.0,0.0,True,按实际呈现人数
ITEM-00037,50,厌恶,False,非答案候选选项,0,14,0.0,0.0,2,0.0,0.0,True,按实际呈现人数
ITEM-00037,50,困惑,False,非答案候选选项,0,14,0.0,0.0,2,0.0,0.0,True,按实际呈现人数
ITEM-00037,50,失望,False,非答案候选选项,0,14,0.0,0.0,4,0.0,0.0,True,按实际呈现人数
ITEM-00037,50,好奇,False,非答案候选选项,0,14,0.0,0.0,3,0.0,0.0,True,按实际呈现人数
ITEM-00037,50,委屈,False,非答案候选选项,0,14,0.0,0.0,3,0.0,0.0,True,按实际呈现人数
ITEM-00037,50,嫉妒,False,非答案候选选项,0,14,0.0,0.0,1,0.0,0.0,True,按实际呈现人数
ITEM-00037,50,审美欣赏,False,非答案候选选项,0,14,0.0,0.0,2,0.0,0.0,True,按实际呈现人数
ITEM-00037,50,尴尬,False,非答案候选选项,0,14,0.0,0.0,3,0.0,0.0,True,按实际呈现人数
ITEM-00037,50,崇拜,False,非答案候选选项,0,14,0.0,0.0,3,0.0,0.0,True,按实际呈现人数
ITEM-00037,50,希望,False,非答案候选选项,0,14,0.0,0.0,6,0.0,0.0,True,按实际呈现人数
ITEM-00037,50,平静,False,非答案候选选项,0,14,0.0,0.0,2,0.0,0.0,True,按实际呈现人数
ITEM-00037,50,快乐,False,非答案候选选项,0,14,0.0,0.0,2,0.0,0.0,True,按实际呈现人数
ITEM-00037,50,怀旧,False,非答案候选选项,0,14,0.0,0.0,2,0.0,0.0,True,按实际呈现人数
ITEM-00037,50,怨恨,False,非答案候选选项,0,14,0.0,0.0,3,0.0,0.0,True,按实际呈现人数
ITEM-00037,50,恐惧,False,非答案候选选项,0,14,0.0,0.0,2,0.0,0.0,True,按实际呈现人数
ITEM-00037,50,惊喜,False,非答案候选选项,0,14,0.0,0.0,3,0.0,0.0,True,按实际呈现人数
ITEM-00037,50,惊讶,False,非答案候选选项,0,14,0.0,0.0,3,0.0,0.0,True,按实际呈现人数
ITEM-00037,50,愁闷,False,非答案候选选项,0,14,0.0,0.0,1,0.0,0.0,True,按实际呈现人数
ITEM-00037,50,愉悦,False,非答案候选选项,0,14,0.0,0.0,1,0.0,0.0,True,按实际呈现人数
ITEM-00037,50,感动,False,非答案候选选项,0,14,0.0,0.0,5,0.0,0.0,True,按实际呈现人数
ITEM-00037,50,感激,False,非答案候选选项,0,14,0.0,0.0,2,0.0,0.0,True,按实际呈现人数
ITEM-00037,50,愤怒,False,非答案候选选项,0,14,0.0,0.0,3,0.0,0.0,True,按实际呈现人数
ITEM-00037,50,抑郁,False,非答案候选选项,0,14,0.0,0.0,4,0.0,0.0,True,按实际呈现人数
ITEM-00037,50,担忧,False,非答案候选选项,0,14,0.0,0.0,4,0.0,0.0,True,按实际呈现人数
ITEM-00037,50,敌意,False,非答案候选选项,0,14,0.0,0.0,3,0.0,0.0,True,按实际呈现人数
ITEM-00037,50,渴望,False,非答案候选选项,0,14,0.0,0.0,2,0.0,0.0,True,按实际呈现人数
ITEM-00037,50,满足,False,非答案候选选项,0,14,0.0,0.0,2,0.0,0.0,True,按实际呈现人数
ITEM-00037,50,焦虑,False,非答案候选选项,0,14,0.0,0.0,5,0.0,0.0,True,按实际呈现人数
ITEM-00037,50,爱,False,非答案候选选项,0,14,0.0,0.0,6,0.0,0.0,True,按实际呈现人数
ITEM-00037,50,痛苦,False,非答案候选选项,0,14,0.0,0.0,2,0.0,0.0,True,按实际呈现人数
ITEM-00037,50,紧张,False,非答案候选选项,0,14,0.0,0.0,1,0.0,0.0,True,按实际呈现人数
ITEM-00037,50,羞耻,False,非答案候选选项,0,14,0.0,0.0,3,0.0,0.0,True,按实际呈现人数
ITEM-00037,50,羡慕,False,非答案候选选项,0,14,0.0,0.0,3,0.0,0.0,True,按实际呈现人数
ITEM-00037,50,自满,False,非答案候选选项,0,14,0.0,0.0,2,0.0,0.0,True,按实际呈现人数
ITEM-00037,50,自豪,False,非答案候选选项,0,14,0.0,0.0,2,0.0,0.0,True,按实际呈现人数
ITEM-00037,50,轻松,False,非答案候选选项,0,14,0.0,0.0,3,0.0,0.0,True,按实际呈现人数
ITEM-00037,50,遗憾,False,非答案候选选项,0,14,0.0,0.0,3,0.0,0.0,True,按实际呈现人数
ITEM-00037,50,释然,False,非答案候选选项,0,14,0.0,0.0,2,0.0,0.0,True,按实际呈现人数
ITEM-00038,51,自满,True,标准答案选项,7,9,0.7777777777777778,77.77777777777779,9,0.7777777777777778,77.77777777777779,False,按实际呈现人数
ITEM-00038,51,烦躁,False,非答案候选选项,1,9,0.1111111111111111,11.11111111111111,2,0.5,50.0,False,按实际呈现人数
ITEM-00038,51,自豪,False,非答案候选选项,1,9,0.1111111111111111,11.11111111111111,3,0.3333333333333333,33.33333333333333,False,按实际呈现人数
ITEM-00038,51,不屑,False,非答案候选选项,0,9,0.0,0.0,1,0.0,0.0,True,按实际呈现人数
ITEM-00038,51,共情痛苦,False,非答案候选选项,0,9,0.0,0.0,5,0.0,0.0,True,按实际呈现人数
ITEM-00038,51,兴奋,False,非答案候选选项,0,9,0.0,0.0,1,0.0,0.0,True,按实际呈现人数
ITEM-00038,51,兴趣,False,非答案候选选项,0,9,0.0,0.0,2,0.0,0.0,True,按实际呈现人数
ITEM-00038,51,内疚,False,非答案候选选项,0,9,0.0,0.0,2,0.0,0.0,True,按实际呈现人数
ITEM-00038,51,冷静,False,非答案候选选项,0,9,0.0,0.0,1,0.0,0.0,True,按实际呈现人数
ITEM-00038,51,厌倦,False,非答案候选选项,0,9,0.0,0.0,2,0.0,0.0,True,按实际呈现人数
ITEM-00038,51,厌恶,False,非答案候选选项,0,9,0.0,0.0,1,0.0,0.0,True,按实际呈现人数
ITEM-00038,51,委屈,False,非答案候选选项,0,9,0.0,0.0,2,0.0,0.0,True,按实际呈现人数
ITEM-00038,51,嫉妒,False,非答案候选选项,0,9,0.0,0.0,5,0.0,0.0,True,按实际呈现人数
ITEM-00038,51,审美欣赏,False,非答案候选选项,0,9,0.0,0.0,1,0.0,0.0,True,按实际呈现人数
ITEM-00038,51,尴尬,False,非答案候选选项,0,9,0.0,0.0,3,0.0,0.0,True,按实际呈现人数
ITEM-00038,51,崇拜,False,非答案候选选项,0,9,0.0,0.0,1,0.0,0.0,True,按实际呈现人数
ITEM-00038,51,希望,False,非答案候选选项,0,9,0.0,0.0,2,0.0,0.0,True,按实际呈现人数
ITEM-00038,51,平静,False,非答案候选选项,0,9,0.0,0.0,1,0.0,0.0,True,按实际呈现人数
ITEM-00038,51,快乐,False,非答案候选选项,0,9,0.0,0.0,2,0.0,0.0,True,按实际呈现人数
ITEM-00038,51,怀旧,False,非答案候选选项,0,9,0.0,0.0,3,0.0,0.0,True,按实际呈现人数
ITEM-00038,51,怨恨,False,非答案候选选项,0,9,0.0,0.0,3,0.0,0.0,True,按实际呈现人数
ITEM-00038,51,恐惧,False,非答案候选选项,0,9,0.0,0.0,1,0.0,0.0,True,按实际呈现人数
ITEM-00038,51,惊喜,False,非答案候选选项,0,9,0.0,0.0,2,0.0,0.0,True,按实际呈现人数
ITEM-00038,51,惊讶,False,非答案候选选项,0,9,0.0,0.0,4,0.0,0.0,True,按实际呈现人数
ITEM-00038,51,愁闷,False,非答案候选选项,0,9,0.0,0.0,2,0.0,0.0,True,按实际呈现人数
ITEM-00038,51,愉悦,False,非答案候选选项,0,9,0.0,0.0,1,0.0,0.0,True,按实际呈现人数
ITEM-00038,51,感动,False,非答案候选选项,0,9,0.0,0.0,1,0.0,0.0,True,按实际呈现人数
ITEM-00038,51,感激,False,非答案候选选项,0,9,0.0,0.0,1,0.0,0.0,True,按实际呈现人数
ITEM-00038,51,愤怒,False,非答案候选选项,0,9,0.0,0.0,2,0.0,0.0,True,按实际呈现人数
ITEM-00038,51,敌意,False,非答案候选选项,0,9,0.0,0.0,3,0.0,0.0,True,按实际呈现人数
ITEM-00038,51,渴望,False,非答案候选选项,0,9,0.0,0.0,1,0.0,0.0,True,按实际呈现人数
ITEM-00038,51,焦虑,False,非答案候选选项,0,9,0.0,0.0,2,0.0,0.0,True,按实际呈现人数
ITEM-00038,51,爱,False,非答案候选选项,0,9,0.0,0.0,1,0.0,0.0,True,按实际呈现人数
ITEM-00038,51,痛苦,False,非答案候选选项,0,9,0.0,0.0,3,0.0,0.0,True,按实际呈现人数
ITEM-00038,51,绝望,False,非答案候选选项,0,9,0.0,0.0,2,0.0,0.0,True,按实际呈现人数
ITEM-00038,51,羞耻,False,非答案候选选项,0,9,0.0,0.0,1,0.0,0.0,True,按实际呈现人数
ITEM-00038,51,羡慕,False,非答案候选选项,0,9,0.0,0.0,1,0.0,0.0,True,按实际呈现人数
ITEM-00038,51,蔑视,False,非答案候选选项,0,9,0.0,0.0,3,0.0,0.0,True,按实际呈现人数
ITEM-00038,51,轻松,False,非答案候选选项,0,9,0.0,0.0,3,0.0,0.0,True,按实际呈现人数
ITEM-00038,51,释然,False,非答案候选选项,0,9,0.0,0.0,2,0.0,0.0,True,按实际呈现人数
ITEM-00038,51,震惊,False,非答案候选选项,0,9,0.0,0.0,2,0.0,0.0,True,按实际呈现人数
ITEM-00039,52,焦虑,False,非答案候选选项,1,13,0.07692307692307693,7.6923076923076925,1,1.0,100.0,False,按实际呈现人数
ITEM-00039,52,痛苦,True,标准答案选项,11,13,0.8461538461538461,84.61538461538461,13,0.8461538461538461,84.61538461538461,False,按实际呈现人数
ITEM-00039,52,愁闷,False,非答案候选选项,1,13,0.07692307692307693,7.6923076923076925,3,0.3333333333333333,33.33333333333333,False,按实际呈现人数
ITEM-00039,52,不屑,False,非答案候选选项,0,13,0.0,0.0,6,0.0,0.0,True,按实际呈现人数
ITEM-00039,52,共情痛苦,False,非答案候选选项,0,13,0.0,0.0,1,0.0,0.0,True,按实际呈现人数
ITEM-00039,52,兴奋,False,非答案候选选项,0,13,0.0,0.0,1,0.0,0.0,True,按实际呈现人数
ITEM-00039,52,兴趣,False,非答案候选选项,0,13,0.0,0.0,1,0.0,0.0,True,按实际呈现人数
ITEM-00039,52,内疚,False,非答案候选选项,0,13,0.0,0.0,2,0.0,0.0,True,按实际呈现人数
ITEM-00039,52,冷静,False,非答案候选选项,0,13,0.0,0.0,1,0.0,0.0,True,按实际呈现人数
ITEM-00039,52,厌倦,False,非答案候选选项,0,13,0.0,0.0,4,0.0,0.0,True,按实际呈现人数
ITEM-00039,52,厌恶,False,非答案候选选项,0,13,0.0,0.0,2,0.0,0.0,True,按实际呈现人数
ITEM-00039,52,困惑,False,非答案候选选项,0,13,0.0,0.0,2,0.0,0.0,True,按实际呈现人数
ITEM-00039,52,失望,False,非答案候选选项,0,13,0.0,0.0,1,0.0,0.0,True,按实际呈现人数
ITEM-00039,52,好奇,False,非答案候选选项,0,13,0.0,0.0,1,0.0,0.0,True,按实际呈现人数
ITEM-00039,52,嫉妒,False,非答案候选选项,0,13,0.0,0.0,1,0.0,0.0,True,按实际呈现人数
ITEM-00039,52,审美欣赏,False,非答案候选选项,0,13,0.0,0.0,1,0.0,0.0,True,按实际呈现人数
ITEM-00039,52,尴尬,False,非答案候选选项,0,13,0.0,0.0,2,0.0,0.0,True,按实际呈现人数
ITEM-00039,52,崇拜,False,非答案候选选项,0,13,0.0,0.0,1,0.0,0.0,True,按实际呈现人数
ITEM-00039,52,希望,False,非答案候选选项,0,13,0.0,0.0,3,0.0,0.0,True,按实际呈现人数
ITEM-00039,52,平静,False,非答案候选选项,0,13,0.0,0.0,1,0.0,0.0,True,按实际呈现人数
ITEM-00039,52,快乐,False,非答案候选选项,0,13,0.0,0.0,4,0.0,0.0,True,按实际呈现人数
ITEM-00039,52,怀旧,False,非答案候选选项,0,13,0.0,0.0,2,0.0,0.0,True,按实际呈现人数
ITEM-00039,52,怨恨,False,非答案候选选项,0,13,0.0,0.0,5,0.0,0.0,True,按实际呈现人数
ITEM-00039,52,恐惧,False,非答案候选选项,0,13,0.0,0.0,3,0.0,0.0,True,按实际呈现人数
ITEM-00039,52,悲伤,False,非答案候选选项,0,13,0.0,0.0,2,0.0,0.0,True,按实际呈现人数
ITEM-00039,52,惊喜,False,非答案候选选项,0,13,0.0,0.0,1,0.0,0.0,True,按实际呈现人数
ITEM-00039,52,惊讶,False,非答案候选选项,0,13,0.0,0.0,3,0.0,0.0,True,按实际呈现人数
ITEM-00039,52,愉悦,False,非答案候选选项,0,13,0.0,0.0,3,0.0,0.0,True,按实际呈现人数
ITEM-00039,52,感动,False,非答案候选选项,0,13,0.0,0.0,3,0.0,0.0,True,按实际呈现人数
ITEM-00039,52,感激,False,非答案候选选项,0,13,0.0,0.0,2,0.0,0.0,True,按实际呈现人数
ITEM-00039,52,愤怒,False,非答案候选选项,0,13,0.0,0.0,1,0.0,0.0,True,按实际呈现人数
ITEM-00039,52,抑郁,False,非答案候选选项,0,13,0.0,0.0,2,0.0,0.0,True,按实际呈现人数
ITEM-00039,52,担忧,False,非答案候选选项,0,13,0.0,0.0,2,0.0,0.0,True,按实际呈现人数
ITEM-00039,52,敌意,False,非答案候选选项,0,13,0.0,0.0,1,0.0,0.0,True,按实际呈现人数
ITEM-00039,52,渴望,False,非答案候选选项,0,13,0.0,0.0,2,0.0,0.0,True,按实际呈现人数
ITEM-00039,52,满足,False,非答案候选选项,0,13,0.0,0.0,1,0.0,0.0,True,按实际呈现人数
ITEM-00039,52,烦躁,False,非答案候选选项,0,13,0.0,0.0,5,0.0,0.0,True,按实际呈现人数
ITEM-00039,52,紧张,False,非答案候选选项,0,13,0.0,0.0,5,0.0,0.0,True,按实际呈现人数
ITEM-00039,52,绝望,False,非答案候选选项,0,13,0.0,0.0,4,0.0,0.0,True,按实际呈现人数
ITEM-00039,52,羞耻,False,非答案候选选项,0,13,0.0,0.0,4,0.0,0.0,True,按实际呈现人数
ITEM-00039,52,羡慕,False,非答案候选选项,0,13,0.0,0.0,3,0.0,0.0,True,按实际呈现人数
ITEM-00039,52,自满,False,非答案候选选项,0,13,0.0,0.0,4,0.0,0.0,True,按实际呈现人数
ITEM-00039,52,自豪,False,非答案候选选项,0,13,0.0,0.0,4,0.0,0.0,True,按实际呈现人数
ITEM-00039,52,蔑视,False,非答案候选选项,0,13,0.0,0.0,6,0.0,0.0,True,按实际呈现人数
ITEM-00039,52,轻松,False,非答案候选选项,0,13,0.0,0.0,4,0.0,0.0,True,按实际呈现人数
ITEM-00039,52,遗憾,False,非答案候选选项,0,13,0.0,0.0,1,0.0,0.0,True,按实际呈现人数
ITEM-00039,52,释然,False,非答案候选选项,0,13,0.0,0.0,3,0.0,0.0,True,按实际呈现人数
ITEM-00039,52,震惊,False,非答案候选选项,0,13,0.0,0.0,2,0.0,0.0,True,按实际呈现人数
ITEM-00040,53,愤怒,False,非答案候选选项,4,16,0.25,25.0,5,0.8,80.0,False,按实际呈现人数
ITEM-00040,53,怨恨,True,标准答案选项,10,16,0.625,62.5,16,0.625,62.5,False,按实际呈现人数
ITEM-00040,53,敌意,False,非答案候选选项,1,16,0.0625,6.25,2,0.5,50.0,False,按实际呈现人数
ITEM-00040,53,委屈,False,非答案候选选项,1,16,0.0625,6.25,4,0.25,25.0,False,按实际呈现人数
ITEM-00040,53,不屑,False,非答案候选选项,0,16,0.0,0.0,3,0.0,0.0,True,按实际呈现人数
ITEM-00040,53,共情痛苦,False,非答案候选选项,0,16,0.0,0.0,1,0.0,0.0,True,按实际呈现人数
ITEM-00040,53,兴奋,False,非答案候选选项,0,16,0.0,0.0,1,0.0,0.0,True,按实际呈现人数
ITEM-00040,53,兴趣,False,非答案候选选项,0,16,0.0,0.0,2,0.0,0.0,True,按实际呈现人数
ITEM-00040,53,内疚,False,非答案候选选项,0,16,0.0,0.0,4,0.0,0.0,True,按实际呈现人数
ITEM-00040,53,冷静,False,非答案候选选项,0,16,0.0,0.0,1,0.0,0.0,True,按实际呈现人数
ITEM-00040,53,厌倦,False,非答案候选选项,0,16,0.0,0.0,6,0.0,0.0,True,按实际呈现人数
ITEM-00040,53,厌恶,False,非答案候选选项,0,16,0.0,0.0,1,0.0,0.0,True,按实际呈现人数
ITEM-00040,53,困惑,False,非答案候选选项,0,16,0.0,0.0,3,0.0,0.0,True,按实际呈现人数
ITEM-00040,53,失望,False,非答案候选选项,0,16,0.0,0.0,1,0.0,0.0,True,按实际呈现人数
ITEM-00040,53,好奇,False,非答案候选选项,0,16,0.0,0.0,3,0.0,0.0,True,按实际呈现人数
ITEM-00040,53,嫉妒,False,非答案候选选项,0,16,0.0,0.0,3,0.0,0.0,True,按实际呈现人数
ITEM-00040,53,审美欣赏,False,非答案候选选项,0,16,0.0,0.0,1,0.0,0.0,True,按实际呈现人数
ITEM-00040,53,尴尬,False,非答案候选选项,0,16,0.0,0.0,4,0.0,0.0,True,按实际呈现人数
ITEM-00040,53,崇拜,False,非答案候选选项,0,16,0.0,0.0,2,0.0,0.0,True,按实际呈现人数
ITEM-00040,53,希望,False,非答案候选选项,0,16,0.0,0.0,3,0.0,0.0,True,按实际呈现人数
ITEM-00040,53,平静,False,非答案候选选项,0,16,0.0,0.0,3,0.0,0.0,True,按实际呈现人数
ITEM-00040,53,快乐,False,非答案候选选项,0,16,0.0,0.0,3,0.0,0.0,True,按实际呈现人数
ITEM-00040,53,怀旧,False,非答案候选选项,0,16,0.0,0.0,3,0.0,0.0,True,按实际呈现人数
ITEM-00040,53,恐惧,False,非答案候选选项,0,16,0.0,0.0,6,0.0,0.0,True,按实际呈现人数
ITEM-00040,53,悲伤,False,非答案候选选项,0,16,0.0,0.0,2,0.0,0.0,True,按实际呈现人数
ITEM-00040,53,惊喜,False,非答案候选选项,0,16,0.0,0.0,4,0.0,0.0,True,按实际呈现人数
ITEM-00040,53,惊讶,False,非答案候选选项,0,16,0.0,0.0,4,0.0,0.0,True,按实际呈现人数
ITEM-00040,53,愁闷,False,非答案候选选项,0,16,0.0,0.0,4,0.0,0.0,True,按实际呈现人数
ITEM-00040,53,愉悦,False,非答案候选选项,0,16,0.0,0.0,2,0.0,0.0,True,按实际呈现人数
ITEM-00040,53,感激,False,非答案候选选项,0,16,0.0,0.0,4,0.0,0.0,True,按实际呈现人数
ITEM-00040,53,抑郁,False,非答案候选选项,0,16,0.0,0.0,3,0.0,0.0,True,按实际呈现人数
ITEM-00040,53,担忧,False,非答案候选选项,0,16,0.0,0.0,2,0.0,0.0,True,按实际呈现人数
ITEM-00040,53,渴望,False,非答案候选选项,0,16,0.0,0.0,4,0.0,0.0,True,按实际呈现人数
ITEM-00040,53,满足,False,非答案候选选项,0,16,0.0,0.0,2,0.0,0.0,True,按实际呈现人数
ITEM-00040,53,烦躁,False,非答案候选选项,0,16,0.0,0.0,1,0.0,0.0,True,按实际呈现人数
ITEM-00040,53,焦虑,False,非答案候选选项,0,16,0.0,0.0,3,0.0,0.0,True,按实际呈现人数
ITEM-00040,53,爱,False,非答案候选选项,0,16,0.0,0.0,4,0.0,0.0,True,按实际呈现人数
ITEM-00040,53,痛苦,False,非答案候选选项,0,16,0.0,0.0,6,0.0,0.0,True,按实际呈现人数
ITEM-00040,53,紧张,False,非答案候选选项,0,16,0.0,0.0,3,0.0,0.0,True,按实际呈现人数
ITEM-00040,53,绝望,False,非答案候选选项,0,16,0.0,0.0,3,0.0,0.0,True,按实际呈现人数
ITEM-00040,53,羞耻,False,非答案候选选项,0,16,0.0,0.0,4,0.0,0.0,True,按实际呈现人数
ITEM-00040,53,羡慕,False,非答案候选选项,0,16,0.0,0.0,6,0.0,0.0,True,按实际呈现人数
ITEM-00040,53,自满,False,非答案候选选项,0,16,0.0,0.0,3,0.0,0.0,True,按实际呈现人数
ITEM-00040,53,自豪,False,非答案候选选项,0,16,0.0,0.0,2,0.0,0.0,True,按实际呈现人数
ITEM-00040,53,蔑视,False,非答案候选选项,0,16,0.0,0.0,4,0.0,0.0,True,按实际呈现人数
ITEM-00040,53,轻松,False,非答案候选选项,0,16,0.0,0.0,1,0.0,0.0,True,按实际呈现人数
ITEM-00040,53,遗憾,False,非答案候选选项,0,16,0.0,0.0,3,0.0,0.0,True,按实际呈现人数
ITEM-00040,53,释然,False,非答案候选选项,0,16,0.0,0.0,3,0.0,0.0,True,按实际呈现人数
ITEM-00040,53,震惊,False,非答案候选选项,0,16,0.0,0.0,2,0.0,0.0,True,按实际呈现人数
ITEM-00041,54,不屑,False,非答案候选选项,1,18,0.05555555555555555,5.555555555555555,1,1.0,100.0,False,按实际呈现人数
ITEM-00041,54,嫉妒,False,非答案候选选项,3,18,0.16666666666666666,16.666666666666664,3,1.0,100.0,False,按实际呈现人数
ITEM-00041,54,怨恨,False,非答案候选选项,2,18,0.1111111111111111,11.11111111111111,2,1.0,100.0,False,按实际呈现人数
ITEM-00041,54,遗憾,False,非答案候选选项,3,18,0.16666666666666666,16.666666666666664,5,0.6,60.0,False,按实际呈现人数
ITEM-00041,54,蔑视,False,非答案候选选项,1,18,0.05555555555555555,5.555555555555555,2,0.5,50.0,False,按实际呈现人数
ITEM-00041,54,委屈,False,非答案候选选项,1,18,0.05555555555555555,5.555555555555555,3,0.3333333333333333,33.33333333333333,False,按实际呈现人数
ITEM-00041,54,愤怒,False,非答案候选选项,1,18,0.05555555555555555,5.555555555555555,3,0.3333333333333333,33.33333333333333,False,按实际呈现人数
ITEM-00041,54,烦躁,False,非答案候选选项,1,18,0.05555555555555555,5.555555555555555,4,0.25,25.0,False,按实际呈现人数
ITEM-00041,54,愁闷,False,非答案候选选项,1,18,0.05555555555555555,5.555555555555555,5,0.2,20.0,False,按实际呈现人数
ITEM-00041,54,绝望,False,非答案候选选项,1,18,0.05555555555555555,5.555555555555555,5,0.2,20.0,False,按实际呈现人数
ITEM-00041,54,自满,True,标准答案选项,3,18,0.16666666666666666,16.666666666666664,18,0.16666666666666666,16.666666666666664,False,按实际呈现人数
ITEM-00041,54,共情痛苦,False,非答案候选选项,0,18,0.0,0.0,4,0.0,0.0,True,按实际呈现人数
ITEM-00041,54,兴奋,False,非答案候选选项,0,18,0.0,0.0,2,0.0,0.0,True,按实际呈现人数
ITEM-00041,54,兴趣,False,非答案候选选项,0,18,0.0,0.0,6,0.0,0.0,True,按实际呈现人数
ITEM-00041,54,内疚,False,非答案候选选项,0,18,0.0,0.0,5,0.0,0.0,True,按实际呈现人数
ITEM-00041,54,冷静,False,非答案候选选项,0,18,0.0,0.0,3,0.0,0.0,True,按实际呈现人数
ITEM-00041,54,厌倦,False,非答案候选选项,0,18,0.0,0.0,1,0.0,0.0,True,按实际呈现人数
ITEM-00041,54,厌恶,False,非答案候选选项,0,18,0.0,0.0,1,0.0,0.0,True,按实际呈现人数
ITEM-00041,54,困惑,False,非答案候选选项,0,18,0.0,0.0,5,0.0,0.0,True,按实际呈现人数
ITEM-00041,54,失望,False,非答案候选选项,0,18,0.0,0.0,1,0.0,0.0,True,按实际呈现人数
ITEM-00041,54,好奇,False,非答案候选选项,0,18,0.0,0.0,4,0.0,0.0,True,按实际呈现人数
ITEM-00041,54,审美欣赏,False,非答案候选选项,0,18,0.0,0.0,1,0.0,0.0,True,按实际呈现人数
ITEM-00041,54,尴尬,False,非答案候选选项,0,18,0.0,0.0,6,0.0,0.0,True,按实际呈现人数
ITEM-00041,54,崇拜,False,非答案候选选项,0,18,0.0,0.0,5,0.0,0.0,True,按实际呈现人数
ITEM-00041,54,希望,False,非答案候选选项,0,18,0.0,0.0,5,0.0,0.0,True,按实际呈现人数
ITEM-00041,54,平静,False,非答案候选选项,0,18,0.0,0.0,4,0.0,0.0,True,按实际呈现人数
ITEM-00041,54,快乐,False,非答案候选选项,0,18,0.0,0.0,3,0.0,0.0,True,按实际呈现人数
ITEM-00041,54,怀旧,False,非答案候选选项,0,18,0.0,0.0,2,0.0,0.0,True,按实际呈现人数
ITEM-00041,54,恐惧,False,非答案候选选项,0,18,0.0,0.0,3,0.0,0.0,True,按实际呈现人数
ITEM-00041,54,悲伤,False,非答案候选选项,0,18,0.0,0.0,1,0.0,0.0,True,按实际呈现人数
ITEM-00041,54,惊喜,False,非答案候选选项,0,18,0.0,0.0,2,0.0,0.0,True,按实际呈现人数
ITEM-00041,54,惊讶,False,非答案候选选项,0,18,0.0,0.0,5,0.0,0.0,True,按实际呈现人数
ITEM-00041,54,愉悦,False,非答案候选选项,0,18,0.0,0.0,4,0.0,0.0,True,按实际呈现人数
ITEM-00041,54,感动,False,非答案候选选项,0,18,0.0,0.0,3,0.0,0.0,True,按实际呈现人数
ITEM-00041,54,感激,False,非答案候选选项,0,18,0.0,0.0,2,0.0,0.0,True,按实际呈现人数
ITEM-00041,54,抑郁,False,非答案候选选项,0,18,0.0,0.0,7,0.0,0.0,True,按实际呈现人数
ITEM-00041,54,担忧,False,非答案候选选项,0,18,0.0,0.0,5,0.0,0.0,True,按实际呈现人数
ITEM-00041,54,敌意,False,非答案候选选项,0,18,0.0,0.0,3,0.0,0.0,True,按实际呈现人数
ITEM-00041,54,渴望,False,非答案候选选项,0,18,0.0,0.0,2,0.0,0.0,True,按实际呈现人数
ITEM-00041,54,满足,False,非答案候选选项,0,18,0.0,0.0,1,0.0,0.0,True,按实际呈现人数
ITEM-00041,54,焦虑,False,非答案候选选项,0,18,0.0,0.0,3,0.0,0.0,True,按实际呈现人数
ITEM-00041,54,爱,False,非答案候选选项,0,18,0.0,0.0,1,0.0,0.0,True,按实际呈现人数
ITEM-00041,54,痛苦,False,非答案候选选项,0,18,0.0,0.0,7,0.0,0.0,True,按实际呈现人数
ITEM-00041,54,紧张,False,非答案候选选项,0,18,0.0,0.0,6,0.0,0.0,True,按实际呈现人数
ITEM-00041,54,羞耻,False,非答案候选选项,0,18,0.0,0.0,3,0.0,0.0,True,按实际呈现人数
ITEM-00041,54,羡慕,False,非答案候选选项,0,18,0.0,0.0,1,0.0,0.0,True,按实际呈现人数
ITEM-00041,54,自豪,False,非答案候选选项,0,18,0.0,0.0,3,0.0,0.0,True,按实际呈现人数
ITEM-00041,54,轻松,False,非答案候选选项,0,18,0.0,0.0,4,0.0,0.0,True,按实际呈现人数
ITEM-00041,54,释然,False,非答案候选选项,0,18,0.0,0.0,2,0.0,0.0,True,按实际呈现人数
ITEM-00041,54,震惊,False,非答案候选选项,0,18,0.0,0.0,3,0.0,0.0,True,按实际呈现人数
ITEM-00042,61,失望,False,非答案候选选项,2,22,0.09090909090909091,9.090909090909092,2,1.0,100.0,False,按实际呈现人数
ITEM-00042,61,冷静,False,非答案候选选项,2,22,0.09090909090909091,9.090909090909092,3,0.6666666666666666,66.66666666666666,False,按实际呈现人数
ITEM-00042,61,绝望,False,非答案候选选项,2,22,0.09090909090909091,9.090909090909092,3,0.6666666666666666,66.66666666666666,False,按实际呈现人数
ITEM-00042,61,委屈,True,标准答案选项,14,22,0.6363636363636364,63.63636363636363,22,0.6363636363636364,63.63636363636363,False,按实际呈现人数
ITEM-00042,61,悲伤,True,标准答案选项,13,22,0.5909090909090909,59.09090909090909,22,0.5909090909090909,59.09090909090909,False,按实际呈现人数
ITEM-00042,61,共情痛苦,False,非答案候选选项,2,22,0.09090909090909091,9.090909090909092,4,0.5,50.0,False,按实际呈现人数
ITEM-00042,61,震惊,False,非答案候选选项,2,22,0.09090909090909091,9.090909090909092,4,0.5,50.0,False,按实际呈现人数
ITEM-00042,61,平静,False,非答案候选选项,2,22,0.09090909090909091,9.090909090909092,5,0.4,40.0,False,按实际呈现人数
ITEM-00042,61,恐惧,False,非答案候选选项,2,22,0.09090909090909091,9.090909090909092,6,0.3333333333333333,33.33333333333333,False,按实际呈现人数
ITEM-00042,61,抑郁,False,非答案候选选项,1,22,0.045454545454545456,4.545454545454546,3,0.3333333333333333,33.33333333333333,False,按实际呈现人数
ITEM-00042,61,紧张,False,非答案候选选项,1,22,0.045454545454545456,4.545454545454546,3,0.3333333333333333,33.33333333333333,False,按实际呈现人数
ITEM-00042,61,释然,False,非答案候选选项,1,22,0.045454545454545456,4.545454545454546,3,0.3333333333333333,33.33333333333333,False,按实际呈现人数
ITEM-00042,61,困惑,False,非答案候选选项,1,22,0.045454545454545456,4.545454545454546,4,0.25,25.0,False,按实际呈现人数
ITEM-00042,61,担忧,False,非答案候选选项,1,22,0.045454545454545456,4.545454545454546,4,0.25,25.0,False,按实际呈现人数
ITEM-00042,61,焦虑,False,非答案候选选项,1,22,0.045454545454545456,4.545454545454546,4,0.25,25.0,False,按实际呈现人数
ITEM-00042,61,渴望,False,非答案候选选项,1,22,0.045454545454545456,4.545454545454546,6,0.16666666666666666,16.666666666666664,False,按实际呈现人数
ITEM-00042,61,审美欣赏,False,非答案候选选项,1,22,0.045454545454545456,4.545454545454546,7,0.14285714285714285,14.285714285714285,False,按实际呈现人数
ITEM-00042,61,不屑,False,非答案候选选项,0,22,0.0,0.0,5,0.0,0.0,True,按实际呈现人数
ITEM-00042,61,兴奋,False,非答案候选选项,0,22,0.0,0.0,3,0.0,0.0,True,按实际呈现人数
ITEM-00042,61,兴趣,False,非答案候选选项,0,22,0.0,0.0,3,0.0,0.0,True,按实际呈现人数
ITEM-00042,61,内疚,False,非答案候选选项,0,22,0.0,0.0,3,0.0,0.0,True,按实际呈现人数
ITEM-00042,61,厌倦,False,非答案候选选项,0,22,0.0,0.0,2,0.0,0.0,True,按实际呈现人数
ITEM-00042,61,厌恶,False,非答案候选选项,0,22,0.0,0.0,1,0.0,0.0,True,按实际呈现人数
ITEM-00042,61,好奇,False,非答案候选选项,0,22,0.0,0.0,3,0.0,0.0,True,按实际呈现人数
ITEM-00042,61,嫉妒,False,非答案候选选项,0,22,0.0,0.0,1,0.0,0.0,True,按实际呈现人数
ITEM-00042,61,尴尬,False,非答案候选选项,0,22,0.0,0.0,3,0.0,0.0,True,按实际呈现人数
ITEM-00042,61,崇拜,False,非答案候选选项,0,22,0.0,0.0,7,0.0,0.0,True,按实际呈现人数
ITEM-00042,61,希望,False,非答案候选选项,0,22,0.0,0.0,1,0.0,0.0,True,按实际呈现人数
ITEM-00042,61,快乐,False,非答案候选选项,0,22,0.0,0.0,6,0.0,0.0,True,按实际呈现人数
ITEM-00042,61,怀旧,False,非答案候选选项,0,22,0.0,0.0,2,0.0,0.0,True,按实际呈现人数
ITEM-00042,61,怨恨,False,非答案候选选项,0,22,0.0,0.0,3,0.0,0.0,True,按实际呈现人数
ITEM-00042,61,惊喜,False,非答案候选选项,0,22,0.0,0.0,4,0.0,0.0,True,按实际呈现人数
ITEM-00042,61,惊讶,False,非答案候选选项,0,22,0.0,0.0,1,0.0,0.0,True,按实际呈现人数
ITEM-00042,61,愁闷,False,非答案候选选项,0,22,0.0,0.0,2,0.0,0.0,True,按实际呈现人数
ITEM-00042,61,愉悦,False,非答案候选选项,0,22,0.0,0.0,7,0.0,0.0,True,按实际呈现人数
ITEM-00042,61,感动,False,非答案候选选项,0,22,0.0,0.0,2,0.0,0.0,True,按实际呈现人数
ITEM-00042,61,感激,False,非答案候选选项,0,22,0.0,0.0,4,0.0,0.0,True,按实际呈现人数
ITEM-00042,61,愤怒,False,非答案候选选项,0,22,0.0,0.0,3,0.0,0.0,True,按实际呈现人数
ITEM-00042,61,敌意,False,非答案候选选项,0,22,0.0,0.0,3,0.0,0.0,True,按实际呈现人数
ITEM-00042,61,满足,False,非答案候选选项,0,22,0.0,0.0,3,0.0,0.0,True,按实际呈现人数
ITEM-00042,61,烦躁,False,非答案候选选项,0,22,0.0,0.0,3,0.0,0.0,True,按实际呈现人数
ITEM-00042,61,爱,False,非答案候选选项,0,22,0.0,0.0,6,0.0,0.0,True,按实际呈现人数
ITEM-00042,61,痛苦,False,非答案候选选项,0,22,0.0,0.0,3,0.0,0.0,True,按实际呈现人数
ITEM-00042,61,羞耻,False,非答案候选选项,0,22,0.0,0.0,3,0.0,0.0,True,按实际呈现人数
ITEM-00042,61,羡慕,False,非答案候选选项,0,22,0.0,0.0,5,0.0,0.0,True,按实际呈现人数
ITEM-00042,61,自满,False,非答案候选选项,0,22,0.0,0.0,4,0.0,0.0,True,按实际呈现人数
ITEM-00042,61,自豪,False,非答案候选选项,0,22,0.0,0.0,2,0.0,0.0,True,按实际呈现人数
ITEM-00042,61,蔑视,False,非答案候选选项,0,22,0.0,0.0,4,0.0,0.0,True,按实际呈现人数
ITEM-00042,61,轻松,False,非答案候选选项,0,22,0.0,0.0,4,0.0,0.0,True,按实际呈现人数
ITEM-00042,61,遗憾,False,非答案候选选项,0,22,0.0,0.0,9,0.0,0.0,True,按实际呈现人数
ITEM-00043,65,内疚,False,非答案候选选项,1,17,0.058823529411764705,5.88235294117647,1,1.0,100.0,False,按实际呈现人数
ITEM-00043,65,悲伤,False,非答案候选选项,3,17,0.17647058823529413,17.647058823529413,3,1.0,100.0,False,按实际呈现人数
ITEM-00043,65,紧张,False,非答案候选选项,1,17,0.058823529411764705,5.88235294117647,1,1.0,100.0,False,按实际呈现人数
ITEM-00043,65,遗憾,True,标准答案选项,15,17,0.8823529411764706,88.23529411764706,17,0.8823529411764706,88.23529411764706,False,按实际呈现人数
ITEM-00043,65,怀旧,True,标准答案选项,9,17,0.5294117647058824,52.94117647058824,17,0.5294117647058824,52.94117647058824,False,按实际呈现人数
ITEM-00043,65,担忧,False,非答案候选选项,1,17,0.058823529411764705,5.88235294117647,2,0.5,50.0,False,按实际呈现人数
ITEM-00043,65,渴望,False,非答案候选选项,1,17,0.058823529411764705,5.88235294117647,2,0.5,50.0,False,按实际呈现人数
ITEM-00043,65,痛苦,False,非答案候选选项,1,17,0.058823529411764705,5.88235294117647,2,0.5,50.0,False,按实际呈现人数
ITEM-00043,65,爱,False,非答案候选选项,1,17,0.058823529411764705,5.88235294117647,3,0.3333333333333333,33.33333333333333,False,按实际呈现人数
ITEM-00043,65,绝望,False,非答案候选选项,1,17,0.058823529411764705,5.88235294117647,3,0.3333333333333333,33.33333333333333,False,按实际呈现人数
ITEM-00043,65,惊喜,False,非答案候选选项,1,17,0.058823529411764705,5.88235294117647,4,0.25,25.0,False,按实际呈现人数
ITEM-00043,65,感动,True,标准答案选项,1,17,0.058823529411764705,5.88235294117647,17,0.058823529411764705,5.88235294117647,False,按实际呈现人数
ITEM-00043,65,共情痛苦,False,非答案候选选项,0,17,0.0,0.0,1,0.0,0.0,True,按实际呈现人数
ITEM-00043,65,兴奋,False,非答案候选选项,0,17,0.0,0.0,5,0.0,0.0,True,按实际呈现人数
ITEM-00043,65,兴趣,False,非答案候选选项,0,17,0.0,0.0,1,0.0,0.0,True,按实际呈现人数
ITEM-00043,65,冷静,False,非答案候选选项,0,17,0.0,0.0,2,0.0,0.0,True,按实际呈现人数
ITEM-00043,65,厌倦,False,非答案候选选项,0,17,0.0,0.0,4,0.0,0.0,True,按实际呈现人数
ITEM-00043,65,厌恶,False,非答案候选选项,0,17,0.0,0.0,3,0.0,0.0,True,按实际呈现人数
ITEM-00043,65,困惑,False,非答案候选选项,0,17,0.0,0.0,3,0.0,0.0,True,按实际呈现人数
ITEM-00043,65,失望,False,非答案候选选项,0,17,0.0,0.0,3,0.0,0.0,True,按实际呈现人数
ITEM-00043,65,好奇,False,非答案候选选项,0,17,0.0,0.0,1,0.0,0.0,True,按实际呈现人数
ITEM-00043,65,委屈,False,非答案候选选项,0,17,0.0,0.0,2,0.0,0.0,True,按实际呈现人数
ITEM-00043,65,嫉妒,False,非答案候选选项,0,17,0.0,0.0,3,0.0,0.0,True,按实际呈现人数
ITEM-00043,65,审美欣赏,False,非答案候选选项,0,17,0.0,0.0,1,0.0,0.0,True,按实际呈现人数
ITEM-00043,65,尴尬,False,非答案候选选项,0,17,0.0,0.0,2,0.0,0.0,True,按实际呈现人数
ITEM-00043,65,崇拜,False,非答案候选选项,0,17,0.0,0.0,4,0.0,0.0,True,按实际呈现人数
ITEM-00043,65,希望,False,非答案候选选项,0,17,0.0,0.0,1,0.0,0.0,True,按实际呈现人数
ITEM-00043,65,平静,False,非答案候选选项,0,17,0.0,0.0,2,0.0,0.0,True,按实际呈现人数
ITEM-00043,65,快乐,False,非答案候选选项,0,17,0.0,0.0,3,0.0,0.0,True,按实际呈现人数
ITEM-00043,65,怨恨,False,非答案候选选项,0,17,0.0,0.0,3,0.0,0.0,True,按实际呈现人数
ITEM-00043,65,恐惧,False,非答案候选选项,0,17,0.0,0.0,3,0.0,0.0,True,按实际呈现人数
ITEM-00043,65,惊讶,False,非答案候选选项,0,17,0.0,0.0,3,0.0,0.0,True,按实际呈现人数
ITEM-00043,65,愁闷,False,非答案候选选项,0,17,0.0,0.0,2,0.0,0.0,True,按实际呈现人数
ITEM-00043,65,愉悦,True,标准答案选项,0,17,0.0,0.0,17,0.0,0.0,True,按实际呈现人数
ITEM-00043,65,感激,False,非答案候选选项,0,17,0.0,0.0,2,0.0,0.0,True,按实际呈现人数
ITEM-00043,65,抑郁,False,非答案候选选项,0,17,0.0,0.0,1,0.0,0.0,True,按实际呈现人数
ITEM-00043,65,敌意,False,非答案候选选项,0,17,0.0,0.0,4,0.0,0.0,True,按实际呈现人数
ITEM-00043,65,满足,False,非答案候选选项,0,17,0.0,0.0,1,0.0,0.0,True,按实际呈现人数
ITEM-00043,65,烦躁,False,非答案候选选项,0,17,0.0,0.0,2,0.0,0.0,True,按实际呈现人数
ITEM-00043,65,焦虑,False,非答案候选选项,0,17,0.0,0.0,4,0.0,0.0,True,按实际呈现人数
ITEM-00043,65,羞耻,False,非答案候选选项,0,17,0.0,0.0,2,0.0,0.0,True,按实际呈现人数
ITEM-00043,65,自满,False,非答案候选选项,0,17,0.0,0.0,3,0.0,0.0,True,按实际呈现人数
ITEM-00043,65,自豪,False,非答案候选选项,0,17,0.0,0.0,1,0.0,0.0,True,按实际呈现人数
ITEM-00043,65,蔑视,False,非答案候选选项,0,17,0.0,0.0,2,0.0,0.0,True,按实际呈现人数
ITEM-00043,65,轻松,False,非答案候选选项,0,17,0.0,0.0,2,0.0,0.0,True,按实际呈现人数
ITEM-00043,65,释然,False,非答案候选选项,0,17,0.0,0.0,1,0.0,0.0,True,按实际呈现人数
ITEM-00043,65,震惊,False,非答案候选选项,0,17,0.0,0.0,4,0.0,0.0,True,按实际呈现人数
ITEM-00044,80,担忧,False,非答案候选选项,1,21,0.047619047619047616,4.761904761904762,1,1.0,100.0,False,按实际呈现人数
ITEM-00044,80,敌意,False,非答案候选选项,3,21,0.14285714285714285,14.285714285714285,3,1.0,100.0,False,按实际呈现人数
ITEM-00044,80,紧张,True,标准答案选项,19,21,0.9047619047619048,90.47619047619048,21,0.9047619047619048,90.47619047619048,False,按实际呈现人数
ITEM-00044,80,兴趣,False,非答案候选选项,1,21,0.047619047619047616,4.761904761904762,2,0.5,50.0,False,按实际呈现人数
ITEM-00044,80,好奇,False,非答案候选选项,2,21,0.09523809523809523,9.523809523809524,4,0.5,50.0,False,按实际呈现人数
ITEM-00044,80,恐惧,False,非答案候选选项,2,21,0.09523809523809523,9.523809523809524,4,0.5,50.0,False,按实际呈现人数
ITEM-00044,80,烦躁,False,非答案候选选项,2,21,0.09523809523809523,9.523809523809524,5,0.4,40.0,False,按实际呈现人数
ITEM-00044,80,震惊,False,非答案候选选项,1,21,0.047619047619047616,4.761904761904762,3,0.3333333333333333,33.33333333333333,False,按实际呈现人数
ITEM-00044,80,冷静,False,非答案候选选项,1,21,0.047619047619047616,4.761904761904762,5,0.2,20.0,False,按实际呈现人数
ITEM-00044,80,平静,False,非答案候选选项,1,21,0.047619047619047616,4.761904761904762,5,0.2,20.0,False,按实际呈现人数
ITEM-00044,80,遗憾,False,非答案候选选项,1,21,0.047619047619047616,4.761904761904762,5,0.2,20.0,False,按实际呈现人数
ITEM-00044,80,惊讶,True,标准答案选项,4,21,0.19047619047619047,19.047619047619047,21,0.19047619047619047,19.047619047619047,False,按实际呈现人数
ITEM-00044,80,不屑,False,非答案候选选项,0,21,0.0,0.0,3,0.0,0.0,True,按实际呈现人数
ITEM-00044,80,共情痛苦,False,非答案候选选项,0,21,0.0,0.0,1,0.0,0.0,True,按实际呈现人数
ITEM-00044,80,兴奋,False,非答案候选选项,0,21,0.0,0.0,3,0.0,0.0,True,按实际呈现人数
ITEM-00044,80,内疚,False,非答案候选选项,0,21,0.0,0.0,2,0.0,0.0,True,按实际呈现人数
ITEM-00044,80,厌倦,False,非答案候选选项,0,21,0.0,0.0,3,0.0,0.0,True,按实际呈现人数
ITEM-00044,80,厌恶,False,非答案候选选项,0,21,0.0,0.0,2,0.0,0.0,True,按实际呈现人数
ITEM-00044,80,困惑,False,非答案候选选项,0,21,0.0,0.0,3,0.0,0.0,True,按实际呈现人数
ITEM-00044,80,失望,False,非答案候选选项,0,21,0.0,0.0,3,0.0,0.0,True,按实际呈现人数
ITEM-00044,80,委屈,False,非答案候选选项,0,21,0.0,0.0,5,0.0,0.0,True,按实际呈现人数
ITEM-00044,80,嫉妒,False,非答案候选选项,0,21,0.0,0.0,2,0.0,0.0,True,按实际呈现人数
ITEM-00044,80,审美欣赏,False,非答案候选选项,0,21,0.0,0.0,6,0.0,0.0,True,按实际呈现人数
ITEM-00044,80,尴尬,False,非答案候选选项,0,21,0.0,0.0,5,0.0,0.0,True,按实际呈现人数
ITEM-00044,80,崇拜,False,非答案候选选项,0,21,0.0,0.0,4,0.0,0.0,True,按实际呈现人数
ITEM-00044,80,希望,False,非答案候选选项,0,21,0.0,0.0,2,0.0,0.0,True,按实际呈现人数
ITEM-00044,80,快乐,False,非答案候选选项,0,21,0.0,0.0,4,0.0,0.0,True,按实际呈现人数
ITEM-00044,80,怀旧,False,非答案候选选项,0,21,0.0,0.0,4,0.0,0.0,True,按实际呈现人数
ITEM-00044,80,怨恨,False,非答案候选选项,0,21,0.0,0.0,5,0.0,0.0,True,按实际呈现人数
ITEM-00044,80,悲伤,False,非答案候选选项,0,21,0.0,0.0,3,0.0,0.0,True,按实际呈现人数
ITEM-00044,80,惊喜,False,非答案候选选项,0,21,0.0,0.0,2,0.0,0.0,True,按实际呈现人数
ITEM-00044,80,愁闷,False,非答案候选选项,0,21,0.0,0.0,6,0.0,0.0,True,按实际呈现人数
ITEM-00044,80,愉悦,False,非答案候选选项,0,21,0.0,0.0,1,0.0,0.0,True,按实际呈现人数
ITEM-00044,80,感动,False,非答案候选选项,0,21,0.0,0.0,5,0.0,0.0,True,按实际呈现人数
ITEM-00044,80,感激,False,非答案候选选项,0,21,0.0,0.0,4,0.0,0.0,True,按实际呈现人数
ITEM-00044,80,愤怒,False,非答案候选选项,0,21,0.0,0.0,5,0.0,0.0,True,按实际呈现人数
ITEM-00044,80,抑郁,False,非答案候选选项,0,21,0.0,0.0,2,0.0,0.0,True,按实际呈现人数
ITEM-00044,80,渴望,False,非答案候选选项,0,21,0.0,0.0,2,0.0,0.0,True,按实际呈现人数
ITEM-00044,80,满足,False,非答案候选选项,0,21,0.0,0.0,1,0.0,0.0,True,按实际呈现人数
ITEM-00044,80,焦虑,False,非答案候选选项,0,21,0.0,0.0,4,0.0,0.0,True,按实际呈现人数
ITEM-00044,80,爱,False,非答案候选选项,0,21,0.0,0.0,3,0.0,0.0,True,按实际呈现人数
ITEM-00044,80,痛苦,False,非答案候选选项,0,21,0.0,0.0,2,0.0,0.0,True,按实际呈现人数
ITEM-00044,80,绝望,False,非答案候选选项,0,21,0.0,0.0,2,0.0,0.0,True,按实际呈现人数
ITEM-00044,80,羞耻,False,非答案候选选项,0,21,0.0,0.0,7,0.0,0.0,True,按实际呈现人数
ITEM-00044,80,羡慕,False,非答案候选选项,0,21,0.0,0.0,2,0.0,0.0,True,按实际呈现人数
ITEM-00044,80,自满,False,非答案候选选项,0,21,0.0,0.0,3,0.0,0.0,True,按实际呈现人数
ITEM-00044,80,自豪,False,非答案候选选项,0,21,0.0,0.0,3,0.0,0.0,True,按实际呈现人数
ITEM-00044,80,蔑视,False,非答案候选选项,0,21,0.0,0.0,4,0.0,0.0,True,按实际呈现人数
ITEM-00044,80,轻松,False,非答案候选选项,0,21,0.0,0.0,6,0.0,0.0,True,按实际呈现人数
ITEM-00044,80,释然,False,非答案候选选项,0,21,0.0,0.0,7,0.0,0.0,True,按实际呈现人数
ITEM-00045,2,愤怒,False,非答案候选选项,3,31,0.0967741935483871,9.67741935483871,4,0.75,75.0,False,按实际呈现人数
ITEM-00045,2,内疚,False,非答案候选选项,1,31,0.03225806451612903,3.225806451612903,2,0.5,50.0,False,按实际呈现人数
ITEM-00045,2,焦虑,False,非答案候选选项,2,31,0.06451612903225806,6.451612903225806,5,0.4,40.0,False,按实际呈现人数
ITEM-00045,2,担忧,False,非答案候选选项,2,31,0.06451612903225806,6.451612903225806,6,0.3333333333333333,33.33333333333333,False,按实际呈现人数
ITEM-00045,2,紧张,True,标准答案选项,9,31,0.2903225806451613,29.03225806451613,31,0.2903225806451613,29.03225806451613,False,按实际呈现人数
ITEM-00045,2,困惑,False,非答案候选选项,2,31,0.06451612903225806,6.451612903225806,7,0.2857142857142857,28.57142857142857,False,按实际呈现人数
ITEM-00045,2,共情痛苦,False,非答案候选选项,1,31,0.03225806451612903,3.225806451612903,4,0.25,25.0,False,按实际呈现人数
ITEM-00045,2,愁闷,False,非答案候选选项,2,31,0.06451612903225806,6.451612903225806,8,0.25,25.0,False,按实际呈现人数
ITEM-00045,2,烦躁,False,非答案候选选项,2,31,0.06451612903225806,6.451612903225806,8,0.25,25.0,False,按实际呈现人数
ITEM-00045,2,委屈,False,非答案候选选项,2,31,0.06451612903225806,6.451612903225806,9,0.2222222222222222,22.22222222222222,False,按实际呈现人数
ITEM-00045,2,不屑,False,非答案候选选项,1,31,0.03225806451612903,3.225806451612903,6,0.16666666666666666,16.666666666666664,False,按实际呈现人数
ITEM-00045,2,悲伤,False,非答案候选选项,1,31,0.03225806451612903,3.225806451612903,7,0.14285714285714285,14.285714285714285,False,按实际呈现人数
ITEM-00045,2,痛苦,False,非答案候选选项,1,31,0.03225806451612903,3.225806451612903,7,0.14285714285714285,14.285714285714285,False,按实际呈现人数
ITEM-00045,2,怨恨,False,非答案候选选项,1,31,0.03225806451612903,3.225806451612903,8,0.125,12.5,False,按实际呈现人数
ITEM-00045,2,惊讶,False,非答案候选选项,1,31,0.03225806451612903,3.225806451612903,8,0.125,12.5,False,按实际呈现人数
ITEM-00045,2,兴奋,False,非答案候选选项,0,31,0.0,0.0,2,0.0,0.0,True,按实际呈现人数
ITEM-00045,2,兴趣,False,非答案候选选项,0,31,0.0,0.0,4,0.0,0.0,True,按实际呈现人数
ITEM-00045,2,冷静,False,非答案候选选项,0,31,0.0,0.0,5,0.0,0.0,True,按实际呈现人数
ITEM-00045,2,厌倦,False,非答案候选选项,0,31,0.0,0.0,6,0.0,0.0,True,按实际呈现人数
ITEM-00045,2,厌恶,False,非答案候选选项,0,31,0.0,0.0,3,0.0,0.0,True,按实际呈现人数
ITEM-00045,2,失望,False,非答案候选选项,0,31,0.0,0.0,6,0.0,0.0,True,按实际呈现人数
ITEM-00045,2,好奇,False,非答案候选选项,0,31,0.0,0.0,6,0.0,0.0,True,按实际呈现人数
ITEM-00045,2,嫉妒,False,非答案候选选项,0,31,0.0,0.0,5,0.0,0.0,True,按实际呈现人数
ITEM-00045,2,审美欣赏,False,非答案候选选项,0,31,0.0,0.0,5,0.0,0.0,True,按实际呈现人数
ITEM-00045,2,尴尬,False,非答案候选选项,0,31,0.0,0.0,2,0.0,0.0,True,按实际呈现人数
ITEM-00045,2,崇拜,False,非答案候选选项,0,31,0.0,0.0,5,0.0,0.0,True,按实际呈现人数
ITEM-00045,2,希望,False,非答案候选选项,0,31,0.0,0.0,8,0.0,0.0,True,按实际呈现人数
ITEM-00045,2,平静,False,非答案候选选项,0,31,0.0,0.0,5,0.0,0.0,True,按实际呈现人数
ITEM-00045,2,快乐,False,非答案候选选项,0,31,0.0,0.0,5,0.0,0.0,True,按实际呈现人数
ITEM-00045,2,怀旧,False,非答案候选选项,0,31,0.0,0.0,8,0.0,0.0,True,按实际呈现人数
ITEM-00045,2,恐惧,False,非答案候选选项,0,31,0.0,0.0,3,0.0,0.0,True,按实际呈现人数
ITEM-00045,2,惊喜,False,非答案候选选项,0,31,0.0,0.0,7,0.0,0.0,True,按实际呈现人数
ITEM-00045,2,愉悦,False,非答案候选选项,0,31,0.0,0.0,6,0.0,0.0,True,按实际呈现人数
ITEM-00045,2,感动,False,非答案候选选项,0,31,0.0,0.0,4,0.0,0.0,True,按实际呈现人数
ITEM-00045,2,感激,False,非答案候选选项,0,31,0.0,0.0,9,0.0,0.0,True,按实际呈现人数
ITEM-00045,2,抑郁,False,非答案候选选项,0,31,0.0,0.0,6,0.0,0.0,True,按实际呈现人数
ITEM-00045,2,敌意,False,非答案候选选项,0,31,0.0,0.0,5,0.0,0.0,True,按实际呈现人数
ITEM-00045,2,渴望,False,非答案候选选项,0,31,0.0,0.0,4,0.0,0.0,True,按实际呈现人数
ITEM-00045,2,满足,False,非答案候选选项,0,31,0.0,0.0,7,0.0,0.0,True,按实际呈现人数
ITEM-00045,2,爱,False,非答案候选选项,0,31,0.0,0.0,5,0.0,0.0,True,按实际呈现人数
ITEM-00045,2,绝望,False,非答案候选选项,0,31,0.0,0.0,5,0.0,0.0,True,按实际呈现人数
ITEM-00045,2,羞耻,False,非答案候选选项,0,31,0.0,0.0,9,0.0,0.0,True,按实际呈现人数
ITEM-00045,2,羡慕,False,非答案候选选项,0,31,0.0,0.0,6,0.0,0.0,True,按实际呈现人数
ITEM-00045,2,自满,False,非答案候选选项,0,31,0.0,0.0,5,0.0,0.0,True,按实际呈现人数
ITEM-00045,2,自豪,False,非答案候选选项,0,31,0.0,0.0,8,0.0,0.0,True,按实际呈现人数
ITEM-00045,2,蔑视,False,非答案候选选项,0,31,0.0,0.0,3,0.0,0.0,True,按实际呈现人数
ITEM-00045,2,轻松,False,非答案候选选项,0,31,0.0,0.0,5,0.0,0.0,True,按实际呈现人数
ITEM-00045,2,遗憾,False,非答案候选选项,0,31,0.0,0.0,7,0.0,0.0,True,按实际呈现人数
ITEM-00045,2,释然,False,非答案候选选项,0,31,0.0,0.0,4,0.0,0.0,True,按实际呈现人数
ITEM-00045,2,震惊,False,非答案候选选项,0,31,0.0,0.0,7,0.0,0.0,True,按实际呈现人数
ITEM-00046,89,委屈,False,非答案候选选项,1,12,0.08333333333333333,8.333333333333332,1,1.0,100.0,False,按实际呈现人数
ITEM-00046,89,痛苦,False,非答案候选选项,2,12,0.16666666666666666,16.666666666666664,2,1.0,100.0,False,按实际呈现人数
ITEM-00046,89,悲伤,True,标准答案选项,10,12,0.8333333333333334,83.33333333333334,12,0.8333333333333334,83.33333333333334,False,按实际呈现人数
ITEM-00046,89,不屑,False,非答案候选选项,1,12,0.08333333333333333,8.333333333333332,2,0.5,50.0,False,按实际呈现人数
ITEM-00046,89,失望,False,非答案候选选项,1,12,0.08333333333333333,8.333333333333332,2,0.5,50.0,False,按实际呈现人数
ITEM-00046,89,惊讶,False,非答案候选选项,1,12,0.08333333333333333,8.333333333333332,2,0.5,50.0,False,按实际呈现人数
ITEM-00046,89,愁闷,False,非答案候选选项,1,12,0.08333333333333333,8.333333333333332,2,0.5,50.0,False,按实际呈现人数
ITEM-00046,89,担忧,False,非答案候选选项,1,12,0.08333333333333333,8.333333333333332,2,0.5,50.0,False,按实际呈现人数
ITEM-00046,89,内疚,True,标准答案选项,5,12,0.4166666666666667,41.66666666666667,12,0.4166666666666667,41.66666666666667,False,按实际呈现人数
ITEM-00046,89,恐惧,False,非答案候选选项,1,12,0.08333333333333333,8.333333333333332,3,0.3333333333333333,33.33333333333333,False,按实际呈现人数
ITEM-00046,89,抑郁,False,非答案候选选项,1,12,0.08333333333333333,8.333333333333332,3,0.3333333333333333,33.33333333333333,False,按实际呈现人数
ITEM-00046,89,蔑视,False,非答案候选选项,1,12,0.08333333333333333,8.333333333333332,3,0.3333333333333333,33.33333333333333,False,按实际呈现人数
ITEM-00046,89,厌倦,False,非答案候选选项,1,12,0.08333333333333333,8.333333333333332,4,0.25,25.0,False,按实际呈现人数
ITEM-00046,89,共情痛苦,False,非答案候选选项,0,12,0.0,0.0,1,0.0,0.0,True,按实际呈现人数
ITEM-00046,89,兴奋,False,非答案候选选项,0,12,0.0,0.0,1,0.0,0.0,True,按实际呈现人数
ITEM-00046,89,兴趣,False,非答案候选选项,0,12,0.0,0.0,3,0.0,0.0,True,按实际呈现人数
ITEM-00046,89,冷静,False,非答案候选选项,0,12,0.0,0.0,3,0.0,0.0,True,按实际呈现人数
ITEM-00046,89,厌恶,False,非答案候选选项,0,12,0.0,0.0,3,0.0,0.0,True,按实际呈现人数
ITEM-00046,89,困惑,False,非答案候选选项,0,12,0.0,0.0,2,0.0,0.0,True,按实际呈现人数
ITEM-00046,89,好奇,False,非答案候选选项,0,12,0.0,0.0,2,0.0,0.0,True,按实际呈现人数
ITEM-00046,89,嫉妒,False,非答案候选选项,0,12,0.0,0.0,2,0.0,0.0,True,按实际呈现人数
ITEM-00046,89,审美欣赏,False,非答案候选选项,0,12,0.0,0.0,1,0.0,0.0,True,按实际呈现人数
ITEM-00046,89,尴尬,False,非答案候选选项,0,12,0.0,0.0,1,0.0,0.0,True,按实际呈现人数
ITEM-00046,89,崇拜,False,非答案候选选项,0,12,0.0,0.0,3,0.0,0.0,True,按实际呈现人数
ITEM-00046,89,希望,False,非答案候选选项,0,12,0.0,0.0,2,0.0,0.0,True,按实际呈现人数
ITEM-00046,89,平静,False,非答案候选选项,0,12,0.0,0.0,4,0.0,0.0,True,按实际呈现人数
ITEM-00046,89,快乐,False,非答案候选选项,0,12,0.0,0.0,4,0.0,0.0,True,按实际呈现人数
ITEM-00046,89,怀旧,False,非答案候选选项,0,12,0.0,0.0,1,0.0,0.0,True,按实际呈现人数
ITEM-00046,89,怨恨,False,非答案候选选项,0,12,0.0,0.0,3,0.0,0.0,True,按实际呈现人数
ITEM-00046,89,惊喜,False,非答案候选选项,0,12,0.0,0.0,3,0.0,0.0,True,按实际呈现人数
ITEM-00046,89,愉悦,False,非答案候选选项,0,12,0.0,0.0,5,0.0,0.0,True,按实际呈现人数
ITEM-00046,89,感激,False,非答案候选选项,0,12,0.0,0.0,2,0.0,0.0,True,按实际呈现人数
ITEM-00046,89,敌意,False,非答案候选选项,0,12,0.0,0.0,3,0.0,0.0,True,按实际呈现人数
ITEM-00046,89,满足,False,非答案候选选项,0,12,0.0,0.0,3,0.0,0.0,True,按实际呈现人数
ITEM-00046,89,烦躁,False,非答案候选选项,0,12,0.0,0.0,2,0.0,0.0,True,按实际呈现人数
ITEM-00046,89,爱,False,非答案候选选项,0,12,0.0,0.0,2,0.0,0.0,True,按实际呈现人数
ITEM-00046,89,紧张,False,非答案候选选项,0,12,0.0,0.0,2,0.0,0.0,True,按实际呈现人数
ITEM-00046,89,绝望,False,非答案候选选项,0,12,0.0,0.0,1,0.0,0.0,True,按实际呈现人数
ITEM-00046,89,羡慕,False,非答案候选选项,0,12,0.0,0.0,1,0.0,0.0,True,按实际呈现人数
ITEM-00046,89,自满,False,非答案候选选项,0,12,0.0,0.0,5,0.0,0.0,True,按实际呈现人数
ITEM-00046,89,自豪,False,非答案候选选项,0,12,0.0,0.0,3,0.0,0.0,True,按实际呈现人数
ITEM-00046,89,遗憾,False,非答案候选选项,0,12,0.0,0.0,1,0.0,0.0,True,按实际呈现人数
ITEM-00046,89,释然,False,非答案候选选项,0,12,0.0,0.0,1,0.0,0.0,True,按实际呈现人数
ITEM-00047,90,感激,False,非答案候选选项,1,16,0.0625,6.25,1,1.0,100.0,False,按实际呈现人数
ITEM-00047,90,满足,False,非答案候选选项,2,16,0.125,12.5,2,1.0,100.0,False,按实际呈现人数
ITEM-00047,90,轻松,False,非答案候选选项,1,16,0.0625,6.25,1,1.0,100.0,False,按实际呈现人数
ITEM-00047,90,愉悦,True,标准答案选项,11,16,0.6875,68.75,16,0.6875,68.75,False,按实际呈现人数
ITEM-00047,90,兴奋,False,非答案候选选项,4,16,0.25,25.0,6,0.6666666666666666,66.66666666666666,False,按实际呈现人数
ITEM-00047,90,快乐,True,标准答案选项,10,16,0.625,62.5,16,0.625,62.5,False,按实际呈现人数
ITEM-00047,90,惊喜,True,标准答案选项,9,16,0.5625,56.25,16,0.5625,56.25,False,按实际呈现人数
ITEM-00047,90,惊讶,False,非答案候选选项,1,16,0.0625,6.25,2,0.5,50.0,False,按实际呈现人数
ITEM-00047,90,共情痛苦,False,非答案候选选项,1,16,0.0625,6.25,3,0.3333333333333333,33.33333333333333,False,按实际呈现人数
ITEM-00047,90,困惑,False,非答案候选选项,1,16,0.0625,6.25,3,0.3333333333333333,33.33333333333333,False,按实际呈现人数
ITEM-00047,90,不屑,False,非答案候选选项,0,16,0.0,0.0,3,0.0,0.0,True,按实际呈现人数
ITEM-00047,90,兴趣,False,非答案候选选项,0,16,0.0,0.0,1,0.0,0.0,True,按实际呈现人数
ITEM-00047,90,内疚,False,非答案候选选项,0,16,0.0,0.0,3,0.0,0.0,True,按实际呈现人数
ITEM-00047,90,冷静,False,非答案候选选项,0,16,0.0,0.0,3,0.0,0.0,True,按实际呈现人数
ITEM-00047,90,厌倦,False,非答案候选选项,0,16,0.0,0.0,2,0.0,0.0,True,按实际呈现人数
ITEM-00047,90,厌恶,False,非答案候选选项,0,16,0.0,0.0,3,0.0,0.0,True,按实际呈现人数
ITEM-00047,90,失望,False,非答案候选选项,0,16,0.0,0.0,2,0.0,0.0,True,按实际呈现人数
ITEM-00047,90,好奇,False,非答案候选选项,0,16,0.0,0.0,4,0.0,0.0,True,按实际呈现人数
ITEM-00047,90,委屈,False,非答案候选选项,0,16,0.0,0.0,1,0.0,0.0,True,按实际呈现人数
ITEM-00047,90,嫉妒,False,非答案候选选项,0,16,0.0,0.0,4,0.0,0.0,True,按实际呈现人数
ITEM-00047,90,审美欣赏,False,非答案候选选项,0,16,0.0,0.0,3,0.0,0.0,True,按实际呈现人数
ITEM-00047,90,崇拜,False,非答案候选选项,0,16,0.0,0.0,1,0.0,0.0,True,按实际呈现人数
ITEM-00047,90,希望,False,非答案候选选项,0,16,0.0,0.0,3,0.0,0.0,True,按实际呈现人数
ITEM-00047,90,平静,False,非答案候选选项,0,16,0.0,0.0,7,0.0,0.0,True,按实际呈现人数
ITEM-00047,90,怀旧,False,非答案候选选项,0,16,0.0,0.0,4,0.0,0.0,True,按实际呈现人数
ITEM-00047,90,怨恨,False,非答案候选选项,0,16,0.0,0.0,2,0.0,0.0,True,按实际呈现人数
ITEM-00047,90,恐惧,False,非答案候选选项,0,16,0.0,0.0,5,0.0,0.0,True,按实际呈现人数
ITEM-00047,90,悲伤,False,非答案候选选项,0,16,0.0,0.0,2,0.0,0.0,True,按实际呈现人数
ITEM-00047,90,愁闷,False,非答案候选选项,0,16,0.0,0.0,2,0.0,0.0,True,按实际呈现人数
ITEM-00047,90,感动,False,非答案候选选项,0,16,0.0,0.0,2,0.0,0.0,True,按实际呈现人数
ITEM-00047,90,愤怒,False,非答案候选选项,0,16,0.0,0.0,1,0.0,0.0,True,按实际呈现人数
ITEM-00047,90,抑郁,False,非答案候选选项,0,16,0.0,0.0,2,0.0,0.0,True,按实际呈现人数
ITEM-00047,90,敌意,False,非答案候选选项,0,16,0.0,0.0,4,0.0,0.0,True,按实际呈现人数
ITEM-00047,90,渴望,False,非答案候选选项,0,16,0.0,0.0,1,0.0,0.0,True,按实际呈现人数
ITEM-00047,90,烦躁,False,非答案候选选项,0,16,0.0,0.0,2,0.0,0.0,True,按实际呈现人数
ITEM-00047,90,焦虑,False,非答案候选选项,0,16,0.0,0.0,3,0.0,0.0,True,按实际呈现人数
ITEM-00047,90,爱,False,非答案候选选项,0,16,0.0,0.0,5,0.0,0.0,True,按实际呈现人数
ITEM-00047,90,痛苦,False,非答案候选选项,0,16,0.0,0.0,2,0.0,0.0,True,按实际呈现人数
ITEM-00047,90,紧张,False,非答案候选选项,0,16,0.0,0.0,5,0.0,0.0,True,按实际呈现人数
ITEM-00047,90,羡慕,False,非答案候选选项,0,16,0.0,0.0,3,0.0,0.0,True,按实际呈现人数
ITEM-00047,90,自满,False,非答案候选选项,0,16,0.0,0.0,3,0.0,0.0,True,按实际呈现人数
ITEM-00047,90,蔑视,False,非答案候选选项,0,16,0.0,0.0,2,0.0,0.0,True,按实际呈现人数
ITEM-00047,90,遗憾,False,非答案候选选项,0,16,0.0,0.0,1,0.0,0.0,True,按实际呈现人数
ITEM-00047,90,释然,False,非答案候选选项,0,16,0.0,0.0,1,0.0,0.0,True,按实际呈现人数
ITEM-00047,90,震惊,False,非答案候选选项,0,16,0.0,0.0,2,0.0,0.0,True,按实际呈现人数
ITEM-00048,2,愤怒,True,标准答案选项,24,34,0.7058823529411765,70.58823529411765,34,0.7058823529411765,70.58823529411765,False,按实际呈现人数
ITEM-00048,2,烦躁,False,非答案候选选项,2,34,0.058823529411764705,5.88235294117647,10,0.2,20.0,False,按实际呈现人数
ITEM-00048,2,焦虑,False,非答案候选选项,1,34,0.029411764705882353,2.941176470588235,5,0.2,20.0,False,按实际呈现人数
ITEM-00048,2,蔑视,False,非答案候选选项,2,34,0.058823529411764705,5.88235294117647,10,0.2,20.0,False,按实际呈现人数
ITEM-00048,2,震惊,False,非答案候选选项,1,34,0.029411764705882353,2.941176470588235,6,0.16666666666666666,16.666666666666664,False,按实际呈现人数
ITEM-00048,2,紧张,False,非答案候选选项,1,34,0.029411764705882353,2.941176470588235,7,0.14285714285714285,14.285714285714285,False,按实际呈现人数
ITEM-00048,2,遗憾,False,非答案候选选项,1,34,0.029411764705882353,2.941176470588235,8,0.125,12.5,False,按实际呈现人数
ITEM-00048,2,自满,False,非答案候选选项,1,34,0.029411764705882353,2.941176470588235,9,0.1111111111111111,11.11111111111111,False,按实际呈现人数
ITEM-00048,2,困惑,False,非答案候选选项,1,34,0.029411764705882353,2.941176470588235,11,0.09090909090909091,9.090909090909092,False,按实际呈现人数
ITEM-00048,2,不屑,False,非答案候选选项,0,34,0.0,0.0,5,0.0,0.0,True,按实际呈现人数
ITEM-00048,2,共情痛苦,False,非答案候选选项,0,34,0.0,0.0,3,0.0,0.0,True,按实际呈现人数
ITEM-00048,2,兴奋,False,非答案候选选项,0,34,0.0,0.0,5,0.0,0.0,True,按实际呈现人数
ITEM-00048,2,兴趣,False,非答案候选选项,0,34,0.0,0.0,4,0.0,0.0,True,按实际呈现人数
ITEM-00048,2,内疚,False,非答案候选选项,0,34,0.0,0.0,7,0.0,0.0,True,按实际呈现人数
ITEM-00048,2,冷静,False,非答案候选选项,0,34,0.0,0.0,5,0.0,0.0,True,按实际呈现人数
ITEM-00048,2,厌倦,False,非答案候选选项,0,34,0.0,0.0,8,0.0,0.0,True,按实际呈现人数
ITEM-00048,2,厌恶,False,非答案候选选项,0,34,0.0,0.0,9,0.0,0.0,True,按实际呈现人数
ITEM-00048,2,失望,False,非答案候选选项,0,34,0.0,0.0,7,0.0,0.0,True,按实际呈现人数
ITEM-00048,2,好奇,False,非答案候选选项,0,34,0.0,0.0,9,0.0,0.0,True,按实际呈现人数
ITEM-00048,2,委屈,False,非答案候选选项,0,34,0.0,0.0,5,0.0,0.0,True,按实际呈现人数
ITEM-00048,2,嫉妒,False,非答案候选选项,0,34,0.0,0.0,5,0.0,0.0,True,按实际呈现人数
ITEM-00048,2,审美欣赏,False,非答案候选选项,0,34,0.0,0.0,6,0.0,0.0,True,按实际呈现人数
ITEM-00048,2,尴尬,False,非答案候选选项,0,34,0.0,0.0,2,0.0,0.0,True,按实际呈现人数
ITEM-00048,2,崇拜,False,非答案候选选项,0,34,0.0,0.0,4,0.0,0.0,True,按实际呈现人数
ITEM-00048,2,希望,False,非答案候选选项,0,34,0.0,0.0,8,0.0,0.0,True,按实际呈现人数
ITEM-00048,2,平静,False,非答案候选选项,0,34,0.0,0.0,7,0.0,0.0,True,按实际呈现人数
ITEM-00048,2,快乐,False,非答案候选选项,0,34,0.0,0.0,5,0.0,0.0,True,按实际呈现人数
ITEM-00048,2,怀旧,False,非答案候选选项,0,34,0.0,0.0,3,0.0,0.0,True,按实际呈现人数
ITEM-00048,2,怨恨,False,非答案候选选项,0,34,0.0,0.0,5,0.0,0.0,True,按实际呈现人数
ITEM-00048,2,恐惧,False,非答案候选选项,0,34,0.0,0.0,7,0.0,0.0,True,按实际呈现人数
ITEM-00048,2,悲伤,False,非答案候选选项,0,34,0.0,0.0,5,0.0,0.0,True,按实际呈现人数
ITEM-00048,2,惊喜,False,非答案候选选项,0,34,0.0,0.0,8,0.0,0.0,True,按实际呈现人数
ITEM-00048,2,惊讶,False,非答案候选选项,0,34,0.0,0.0,7,0.0,0.0,True,按实际呈现人数
ITEM-00048,2,愁闷,False,非答案候选选项,0,34,0.0,0.0,3,0.0,0.0,True,按实际呈现人数
ITEM-00048,2,愉悦,False,非答案候选选项,0,34,0.0,0.0,3,0.0,0.0,True,按实际呈现人数
ITEM-00048,2,感动,False,非答案候选选项,0,34,0.0,0.0,3,0.0,0.0,True,按实际呈现人数
ITEM-00048,2,感激,False,非答案候选选项,0,34,0.0,0.0,7,0.0,0.0,True,按实际呈现人数
ITEM-00048,2,抑郁,False,非答案候选选项,0,34,0.0,0.0,9,0.0,0.0,True,按实际呈现人数
ITEM-00048,2,担忧,False,非答案候选选项,0,34,0.0,0.0,6,0.0,0.0,True,按实际呈现人数
ITEM-00048,2,敌意,False,非答案候选选项,0,34,0.0,0.0,11,0.0,0.0,True,按实际呈现人数
ITEM-00048,2,渴望,False,非答案候选选项,0,34,0.0,0.0,4,0.0,0.0,True,按实际呈现人数
ITEM-00048,2,满足,False,非答案候选选项,0,34,0.0,0.0,2,0.0,0.0,True,按实际呈现人数
ITEM-00048,2,爱,False,非答案候选选项,0,34,0.0,0.0,9,0.0,0.0,True,按实际呈现人数
ITEM-00048,2,痛苦,False,非答案候选选项,0,34,0.0,0.0,1,0.0,0.0,True,按实际呈现人数
ITEM-00048,2,绝望,False,非答案候选选项,0,34,0.0,0.0,4,0.0,0.0,True,按实际呈现人数
ITEM-00048,2,羞耻,False,非答案候选选项,0,34,0.0,0.0,6,0.0,0.0,True,按实际呈现人数
ITEM-00048,2,羡慕,False,非答案候选选项,0,34,0.0,0.0,10,0.0,0.0,True,按实际呈现人数
ITEM-00048,2,自豪,False,非答案候选选项,0,34,0.0,0.0,6,0.0,0.0,True,按实际呈现人数
ITEM-00048,2,轻松,False,非答案候选选项,0,34,0.0,0.0,10,0.0,0.0,True,按实际呈现人数
ITEM-00048,2,释然,False,非答案候选选项,0,34,0.0,0.0,7,0.0,0.0,True,按实际呈现人数
ITEM-00049,17,绝望,False,非答案候选选项,1,43,0.023255813953488372,2.3255813953488373,2,0.5,50.0,False,按实际呈现人数
ITEM-00049,17,遗憾,False,非答案候选选项,2,43,0.046511627906976744,4.651162790697675,4,0.5,50.0,False,按实际呈现人数
ITEM-00049,17,敌意,True,标准答案选项,18,43,0.4186046511627907,41.86046511627907,43,0.4186046511627907,41.86046511627907,False,按实际呈现人数
ITEM-00049,17,蔑视,False,非答案候选选项,4,43,0.09302325581395349,9.30232558139535,13,0.3076923076923077,30.76923076923077,False,按实际呈现人数
ITEM-00049,17,不屑,False,非答案候选选项,2,43,0.046511627906976744,4.651162790697675,8,0.25,25.0,False,按实际呈现人数
ITEM-00049,17,共情痛苦,False,非答案候选选项,2,43,0.046511627906976744,4.651162790697675,8,0.25,25.0,False,按实际呈现人数
ITEM-00049,17,平静,False,非答案候选选项,2,43,0.046511627906976744,4.651162790697675,9,0.2222222222222222,22.22222222222222,False,按实际呈现人数
ITEM-00049,17,冷静,False,非答案候选选项,2,43,0.046511627906976744,4.651162790697675,11,0.18181818181818182,18.181818181818183,False,按实际呈现人数
ITEM-00049,17,厌倦,False,非答案候选选项,1,43,0.023255813953488372,2.3255813953488373,7,0.14285714285714285,14.285714285714285,False,按实际呈现人数
ITEM-00049,17,失望,False,非答案候选选项,1,43,0.023255813953488372,2.3255813953488373,8,0.125,12.5,False,按实际呈现人数
ITEM-00049,17,爱,False,非答案候选选项,1,43,0.023255813953488372,2.3255813953488373,8,0.125,12.5,False,按实际呈现人数
ITEM-00049,17,自满,False,非答案候选选项,1,43,0.023255813953488372,2.3255813953488373,8,0.125,12.5,False,按实际呈现人数
ITEM-00049,17,厌恶,False,非答案候选选项,1,43,0.023255813953488372,2.3255813953488373,9,0.1111111111111111,11.11111111111111,False,按实际呈现人数
ITEM-00049,17,渴望,False,非答案候选选项,1,43,0.023255813953488372,2.3255813953488373,9,0.1111111111111111,11.11111111111111,False,按实际呈现人数
ITEM-00049,17,痛苦,False,非答案候选选项,1,43,0.023255813953488372,2.3255813953488373,9,0.1111111111111111,11.11111111111111,False,按实际呈现人数
ITEM-00049,17,快乐,False,非答案候选选项,1,43,0.023255813953488372,2.3255813953488373,11,0.09090909090909091,9.090909090909092,False,按实际呈现人数
ITEM-00049,17,轻松,False,非答案候选选项,1,43,0.023255813953488372,2.3255813953488373,13,0.07692307692307693,7.6923076923076925,False,按实际呈现人数
ITEM-00049,17,希望,False,非答案候选选项,1,43,0.023255813953488372,2.3255813953488373,14,0.07142857142857142,7.142857142857142,False,按实际呈现人数
ITEM-00049,17,兴奋,False,非答案候选选项,0,43,0.0,0.0,6,0.0,0.0,True,按实际呈现人数
ITEM-00049,17,兴趣,False,非答案候选选项,0,43,0.0,0.0,9,0.0,0.0,True,按实际呈现人数
ITEM-00049,17,内疚,False,非答案候选选项,0,43,0.0,0.0,5,0.0,0.0,True,按实际呈现人数
ITEM-00049,17,困惑,False,非答案候选选项,0,43,0.0,0.0,9,0.0,0.0,True,按实际呈现人数
ITEM-00049,17,好奇,False,非答案候选选项,0,43,0.0,0.0,7,0.0,0.0,True,按实际呈现人数
ITEM-00049,17,委屈,False,非答案候选选项,0,43,0.0,0.0,8,0.0,0.0,True,按实际呈现人数
ITEM-00049,17,嫉妒,False,非答案候选选项,0,43,0.0,0.0,6,0.0,0.0,True,按实际呈现人数
ITEM-00049,17,审美欣赏,False,非答案候选选项,0,43,0.0,0.0,12,0.0,0.0,True,按实际呈现人数
ITEM-00049,17,尴尬,False,非答案候选选项,0,43,0.0,0.0,10,0.0,0.0,True,按实际呈现人数
ITEM-00049,17,崇拜,False,非答案候选选项,0,43,0.0,0.0,7,0.0,0.0,True,按实际呈现人数
ITEM-00049,17,怀旧,False,非答案候选选项,0,43,0.0,0.0,9,0.0,0.0,True,按实际呈现人数
ITEM-00049,17,怨恨,False,非答案候选选项,0,43,0.0,0.0,11,0.0,0.0,True,按实际呈现人数
ITEM-00049,17,恐惧,False,非答案候选选项,0,43,0.0,0.0,4,0.0,0.0,True,按实际呈现人数
ITEM-00049,17,悲伤,False,非答案候选选项,0,43,0.0,0.0,4,0.0,0.0,True,按实际呈现人数
ITEM-00049,17,惊喜,False,非答案候选选项,0,43,0.0,0.0,5,0.0,0.0,True,按实际呈现人数
ITEM-00049,17,惊讶,False,非答案候选选项,0,43,0.0,0.0,5,0.0,0.0,True,按实际呈现人数
ITEM-00049,17,愁闷,False,非答案候选选项,0,43,0.0,0.0,5,0.0,0.0,True,按实际呈现人数
ITEM-00049,17,愉悦,False,非答案候选选项,0,43,0.0,0.0,7,0.0,0.0,True,按实际呈现人数
ITEM-00049,17,感动,False,非答案候选选项,0,43,0.0,0.0,4,0.0,0.0,True,按实际呈现人数
ITEM-00049,17,感激,False,非答案候选选项,0,43,0.0,0.0,11,0.0,0.0,True,按实际呈现人数
ITEM-00049,17,愤怒,False,非答案候选选项,0,43,0.0,0.0,2,0.0,0.0,True,按实际呈现人数
ITEM-00049,17,抑郁,False,非答案候选选项,0,43,0.0,0.0,8,0.0,0.0,True,按实际呈现人数
ITEM-00049,17,担忧,False,非答案候选选项,0,43,0.0,0.0,13,0.0,0.0,True,按实际呈现人数
ITEM-00049,17,满足,False,非答案候选选项,0,43,0.0,0.0,14,0.0,0.0,True,按实际呈现人数
ITEM-00049,17,烦躁,False,非答案候选选项,0,43,0.0,0.0,7,0.0,0.0,True,按实际呈现人数
ITEM-00049,17,焦虑,False,非答案候选选项,0,43,0.0,0.0,8,0.0,0.0,True,按实际呈现人数
ITEM-00049,17,紧张,False,非答案候选选项,0,43,0.0,0.0,4,0.0,0.0,True,按实际呈现人数
ITEM-00049,17,羞耻,False,非答案候选选项,0,43,0.0,0.0,9,0.0,0.0,True,按实际呈现人数
ITEM-00049,17,羡慕,False,非答案候选选项,0,43,0.0,0.0,8,0.0,0.0,True,按实际呈现人数
ITEM-00049,17,自豪,False,非答案候选选项,0,43,0.0,0.0,5,0.0,0.0,True,按实际呈现人数
ITEM-00049,17,释然,False,非答案候选选项,0,43,0.0,0.0,8,0.0,0.0,True,按实际呈现人数
ITEM-00049,17,震惊,False,非答案候选选项,0,43,0.0,0.0,6,0.0,0.0,True,按实际呈现人数
ITEM-00050,92,怨恨,True,标准答案选项,17,20,0.85,85.0,20,0.85,85.0,False,按实际呈现人数
ITEM-00050,92,敌意,True,标准答案选项,12,20,0.6,60.0,20,0.6,60.0,False,按实际呈现人数
ITEM-00050,92,悲伤,False,非答案候选选项,1,20,0.05,5.0,2,0.5,50.0,False,按实际呈现人数
ITEM-00050,92,愁闷,False,非答案候选选项,1,20,0.05,5.0,2,0.5,50.0,False,按实际呈现人数
ITEM-00050,92,绝望,False,非答案候选选项,2,20,0.1,10.0,4,0.5,50.0,False,按实际呈现人数
ITEM-00050,92,痛苦,False,非答案候选选项,2,20,0.1,10.0,5,0.4,40.0,False,按实际呈现人数
ITEM-00050,92,爱,False,非答案候选选项,1,20,0.05,5.0,3,0.3333333333333333,33.33333333333333,False,按实际呈现人数
ITEM-00050,92,愤怒,False,非答案候选选项,1,20,0.05,5.0,4,0.25,25.0,False,按实际呈现人数
ITEM-00050,92,不屑,False,非答案候选选项,1,20,0.05,5.0,5,0.2,20.0,False,按实际呈现人数
ITEM-00050,92,抑郁,False,非答案候选选项,1,20,0.05,5.0,5,0.2,20.0,False,按实际呈现人数
ITEM-00050,92,羞耻,False,非答案候选选项,1,20,0.05,5.0,5,0.2,20.0,False,按实际呈现人数
ITEM-00050,92,惊喜,False,非答案候选选项,1,20,0.05,5.0,8,0.125,12.5,False,按实际呈现人数
ITEM-00050,92,共情痛苦,False,非答案候选选项,0,20,0.0,0.0,1,0.0,0.0,True,按实际呈现人数
ITEM-00050,92,兴奋,False,非答案候选选项,0,20,0.0,0.0,3,0.0,0.0,True,按实际呈现人数
ITEM-00050,92,兴趣,False,非答案候选选项,0,20,0.0,0.0,2,0.0,0.0,True,按实际呈现人数
ITEM-00050,92,内疚,False,非答案候选选项,0,20,0.0,0.0,2,0.0,0.0,True,按实际呈现人数
ITEM-00050,92,冷静,False,非答案候选选项,0,20,0.0,0.0,3,0.0,0.0,True,按实际呈现人数
ITEM-00050,92,厌倦,False,非答案候选选项,0,20,0.0,0.0,2,0.0,0.0,True,按实际呈现人数
ITEM-00050,92,厌恶,False,非答案候选选项,0,20,0.0,0.0,2,0.0,0.0,True,按实际呈现人数
ITEM-00050,92,困惑,False,非答案候选选项,0,20,0.0,0.0,5,0.0,0.0,True,按实际呈现人数
ITEM-00050,92,失望,False,非答案候选选项,0,20,0.0,0.0,2,0.0,0.0,True,按实际呈现人数
ITEM-00050,92,好奇,False,非答案候选选项,0,20,0.0,0.0,3,0.0,0.0,True,按实际呈现人数
ITEM-00050,92,委屈,False,非答案候选选项,0,20,0.0,0.0,6,0.0,0.0,True,按实际呈现人数
ITEM-00050,92,嫉妒,False,非答案候选选项,0,20,0.0,0.0,1,0.0,0.0,True,按实际呈现人数
ITEM-00050,92,审美欣赏,False,非答案候选选项,0,20,0.0,0.0,1,0.0,0.0,True,按实际呈现人数
ITEM-00050,92,尴尬,False,非答案候选选项,0,20,0.0,0.0,4,0.0,0.0,True,按实际呈现人数
ITEM-00050,92,崇拜,False,非答案候选选项,0,20,0.0,0.0,4,0.0,0.0,True,按实际呈现人数
ITEM-00050,92,希望,False,非答案候选选项,0,20,0.0,0.0,1,0.0,0.0,True,按实际呈现人数
ITEM-00050,92,平静,False,非答案候选选项,0,20,0.0,0.0,3,0.0,0.0,True,按实际呈现人数
ITEM-00050,92,快乐,False,非答案候选选项,0,20,0.0,0.0,4,0.0,0.0,True,按实际呈现人数
ITEM-00050,92,怀旧,False,非答案候选选项,0,20,0.0,0.0,2,0.0,0.0,True,按实际呈现人数
ITEM-00050,92,恐惧,False,非答案候选选项,0,20,0.0,0.0,4,0.0,0.0,True,按实际呈现人数
ITEM-00050,92,惊讶,False,非答案候选选项,0,20,0.0,0.0,1,0.0,0.0,True,按实际呈现人数
ITEM-00050,92,愉悦,False,非答案候选选项,0,20,0.0,0.0,4,0.0,0.0,True,按实际呈现人数
ITEM-00050,92,感动,False,非答案候选选项,0,20,0.0,0.0,5,0.0,0.0,True,按实际呈现人数
ITEM-00050,92,感激,False,非答案候选选项,0,20,0.0,0.0,5,0.0,0.0,True,按实际呈现人数
ITEM-00050,92,担忧,False,非答案候选选项,0,20,0.0,0.0,4,0.0,0.0,True,按实际呈现人数
ITEM-00050,92,渴望,False,非答案候选选项,0,20,0.0,0.0,2,0.0,0.0,True,按实际呈现人数
ITEM-00050,92,满足,False,非答案候选选项,0,20,0.0,0.0,7,0.0,0.0,True,按实际呈现人数
ITEM-00050,92,烦躁,False,非答案候选选项,0,20,0.0,0.0,4,0.0,0.0,True,按实际呈现人数
ITEM-00050,92,焦虑,False,非答案候选选项,0,20,0.0,0.0,3,0.0,0.0,True,按实际呈现人数
ITEM-00050,92,紧张,False,非答案候选选项,0,20,0.0,0.0,1,0.0,0.0,True,按实际呈现人数
ITEM-00050,92,羡慕,False,非答案候选选项,0,20,0.0,0.0,3,0.0,0.0,True,按实际呈现人数
ITEM-00050,92,自满,False,非答案候选选项,0,20,0.0,0.0,1,0.0,0.0,True,按实际呈现人数
ITEM-00050,92,自豪,False,非答案候选选项,0,20,0.0,0.0,4,0.0,0.0,True,按实际呈现人数
ITEM-00050,92,轻松,False,非答案候选选项,0,20,0.0,0.0,6,0.0,0.0,True,按实际呈现人数
ITEM-00050,92,遗憾,False,非答案候选选项,0,20,0.0,0.0,2,0.0,0.0,True,按实际呈现人数
ITEM-00050,92,释然,False,非答案候选选项,0,20,0.0,0.0,7,0.0,0.0,True,按实际呈现人数
ITEM-00050,92,震惊,False,非答案候选选项,0,20,0.0,0.0,3,0.0,0.0,True,按实际呈现人数
ITEM-00051,93,厌恶,False,非答案候选选项,2,15,0.13333333333333333,13.333333333333334,3,0.6666666666666666,66.66666666666666,False,按实际呈现人数
ITEM-00051,93,愤怒,False,非答案候选选项,1,15,0.06666666666666667,6.666666666666667,2,0.5,50.0,False,按实际呈现人数
ITEM-00051,93,悲伤,True,标准答案选项,7,15,0.4666666666666667,46.666666666666664,15,0.4666666666666667,46.666666666666664,False,按实际呈现人数
ITEM-00051,93,不屑,False,非答案候选选项,1,15,0.06666666666666667,6.666666666666667,3,0.3333333333333333,33.33333333333333,False,按实际呈现人数
ITEM-00051,93,委屈,False,非答案候选选项,1,15,0.06666666666666667,6.666666666666667,4,0.25,25.0,False,按实际呈现人数
ITEM-00051,93,惊讶,False,非答案候选选项,1,15,0.06666666666666667,6.666666666666667,4,0.25,25.0,False,按实际呈现人数
ITEM-00051,93,兴奋,False,非答案候选选项,1,15,0.06666666666666667,6.666666666666667,5,0.2,20.0,False,按实际呈现人数
ITEM-00051,93,绝望,False,非答案候选选项,1,15,0.06666666666666667,6.666666666666667,5,0.2,20.0,False,按实际呈现人数
ITEM-00051,93,共情痛苦,False,非答案候选选项,0,15,0.0,0.0,2,0.0,0.0,True,按实际呈现人数
ITEM-00051,93,兴趣,False,非答案候选选项,0,15,0.0,0.0,5,0.0,0.0,True,按实际呈现人数
ITEM-00051,93,内疚,False,非答案候选选项,0,15,0.0,0.0,4,0.0,0.0,True,按实际呈现人数
ITEM-00051,93,冷静,False,非答案候选选项,0,15,0.0,0.0,3,0.0,0.0,True,按实际呈现人数
ITEM-00051,93,厌倦,False,非答案候选选项,0,15,0.0,0.0,2,0.0,0.0,True,按实际呈现人数
ITEM-00051,93,困惑,False,非答案候选选项,0,15,0.0,0.0,2,0.0,0.0,True,按实际呈现人数
ITEM-00051,93,失望,False,非答案候选选项,0,15,0.0,0.0,2,0.0,0.0,True,按实际呈现人数
ITEM-00051,93,好奇,False,非答案候选选项,0,15,0.0,0.0,1,0.0,0.0,True,按实际呈现人数
ITEM-00051,93,嫉妒,False,非答案候选选项,0,15,0.0,0.0,6,0.0,0.0,True,按实际呈现人数
ITEM-00051,93,审美欣赏,False,非答案候选选项,0,15,0.0,0.0,1,0.0,0.0,True,按实际呈现人数
ITEM-00051,93,尴尬,False,非答案候选选项,0,15,0.0,0.0,4,0.0,0.0,True,按实际呈现人数
ITEM-00051,93,崇拜,False,非答案候选选项,0,15,0.0,0.0,1,0.0,0.0,True,按实际呈现人数
ITEM-00051,93,希望,False,非答案候选选项,0,15,0.0,0.0,2,0.0,0.0,True,按实际呈现人数
ITEM-00051,93,平静,False,非答案候选选项,0,15,0.0,0.0,1,0.0,0.0,True,按实际呈现人数
ITEM-00051,93,快乐,False,非答案候选选项,0,15,0.0,0.0,3,0.0,0.0,True,按实际呈现人数
ITEM-00051,93,怀旧,False,非答案候选选项,0,15,0.0,0.0,3,0.0,0.0,True,按实际呈现人数
ITEM-00051,93,怨恨,False,非答案候选选项,0,15,0.0,0.0,1,0.0,0.0,True,按实际呈现人数
ITEM-00051,93,恐惧,False,非答案候选选项,0,15,0.0,0.0,4,0.0,0.0,True,按实际呈现人数
ITEM-00051,93,惊喜,False,非答案候选选项,0,15,0.0,0.0,2,0.0,0.0,True,按实际呈现人数
ITEM-00051,93,愁闷,False,非答案候选选项,0,15,0.0,0.0,2,0.0,0.0,True,按实际呈现人数
ITEM-00051,93,愉悦,False,非答案候选选项,0,15,0.0,0.0,4,0.0,0.0,True,按实际呈现人数
ITEM-00051,93,感动,False,非答案候选选项,0,15,0.0,0.0,1,0.0,0.0,True,按实际呈现人数
ITEM-00051,93,感激,False,非答案候选选项,0,15,0.0,0.0,3,0.0,0.0,True,按实际呈现人数
ITEM-00051,93,抑郁,False,非答案候选选项,0,15,0.0,0.0,2,0.0,0.0,True,按实际呈现人数
ITEM-00051,93,担忧,False,非答案候选选项,0,15,0.0,0.0,1,0.0,0.0,True,按实际呈现人数
ITEM-00051,93,敌意,False,非答案候选选项,0,15,0.0,0.0,2,0.0,0.0,True,按实际呈现人数
ITEM-00051,93,渴望,False,非答案候选选项,0,15,0.0,0.0,2,0.0,0.0,True,按实际呈现人数
ITEM-00051,93,满足,False,非答案候选选项,0,15,0.0,0.0,1,0.0,0.0,True,按实际呈现人数
ITEM-00051,93,烦躁,False,非答案候选选项,0,15,0.0,0.0,3,0.0,0.0,True,按实际呈现人数
ITEM-00051,93,焦虑,False,非答案候选选项,0,15,0.0,0.0,1,0.0,0.0,True,按实际呈现人数
ITEM-00051,93,爱,False,非答案候选选项,0,15,0.0,0.0,5,0.0,0.0,True,按实际呈现人数
ITEM-00051,93,痛苦,False,非答案候选选项,0,15,0.0,0.0,2,0.0,0.0,True,按实际呈现人数
ITEM-00051,93,紧张,False,非答案候选选项,0,15,0.0,0.0,4,0.0,0.0,True,按实际呈现人数
ITEM-00051,93,羡慕,False,非答案候选选项,0,15,0.0,0.0,3,0.0,0.0,True,按实际呈现人数
ITEM-00051,93,自满,False,非答案候选选项,0,15,0.0,0.0,3,0.0,0.0,True,按实际呈现人数
ITEM-00051,93,自豪,False,非答案候选选项,0,15,0.0,0.0,1,0.0,0.0,True,按实际呈现人数
ITEM-00051,93,蔑视,False,非答案候选选项,0,15,0.0,0.0,4,0.0,0.0,True,按实际呈现人数
ITEM-00051,93,轻松,False,非答案候选选项,0,15,0.0,0.0,2,0.0,0.0,True,按实际呈现人数
ITEM-00051,93,遗憾,False,非答案候选选项,0,15,0.0,0.0,5,0.0,0.0,True,按实际呈现人数
ITEM-00051,93,释然,False,非答案候选选项,0,15,0.0,0.0,4,0.0,0.0,True,按实际呈现人数
ITEM-00051,93,震惊,False,非答案候选选项,0,15,0.0,0.0,5,0.0,0.0,True,按实际呈现人数
ITEM-00052,94,怨恨,False,非答案候选选项,1,15,0.06666666666666667,6.666666666666667,1,1.0,100.0,False,按实际呈现人数
ITEM-00052,94,悲伤,False,非答案候选选项,3,15,0.2,20.0,4,0.75,75.0,False,按实际呈现人数
ITEM-00052,94,厌恶,False,非答案候选选项,2,15,0.13333333333333333,13.333333333333334,3,0.6666666666666666,66.66666666666666,False,按实际呈现人数
ITEM-00052,94,失望,False,非答案候选选项,2,15,0.13333333333333333,13.333333333333334,3,0.6666666666666666,66.66666666666666,False,按实际呈现人数
ITEM-00052,94,痛苦,True,标准答案选项,10,15,0.6666666666666666,66.66666666666666,15,0.6666666666666666,66.66666666666666,False,按实际呈现人数
ITEM-00052,94,绝望,True,标准答案选项,10,15,0.6666666666666666,66.66666666666666,15,0.6666666666666666,66.66666666666666,False,按实际呈现人数
ITEM-00052,94,震惊,False,非答案候选选项,1,15,0.06666666666666667,6.666666666666667,2,0.5,50.0,False,按实际呈现人数
ITEM-00052,94,委屈,True,标准答案选项,5,15,0.3333333333333333,33.33333333333333,15,0.3333333333333333,33.33333333333333,False,按实际呈现人数
ITEM-00052,94,愤怒,False,非答案候选选项,1,15,0.06666666666666667,6.666666666666667,3,0.3333333333333333,33.33333333333333,False,按实际呈现人数
ITEM-00052,94,释然,False,非答案候选选项,1,15,0.06666666666666667,6.666666666666667,3,0.3333333333333333,33.33333333333333,False,按实际呈现人数
ITEM-00052,94,不屑,False,非答案候选选项,0,15,0.0,0.0,3,0.0,0.0,True,按实际呈现人数
ITEM-00052,94,共情痛苦,False,非答案候选选项,0,15,0.0,0.0,1,0.0,0.0,True,按实际呈现人数
ITEM-00052,94,兴奋,False,非答案候选选项,0,15,0.0,0.0,1,0.0,0.0,True,按实际呈现人数
ITEM-00052,94,内疚,False,非答案候选选项,0,15,0.0,0.0,2,0.0,0.0,True,按实际呈现人数
ITEM-00052,94,冷静,False,非答案候选选项,0,15,0.0,0.0,4,0.0,0.0,True,按实际呈现人数
ITEM-00052,94,厌倦,False,非答案候选选项,0,15,0.0,0.0,1,0.0,0.0,True,按实际呈现人数
ITEM-00052,94,困惑,False,非答案候选选项,0,15,0.0,0.0,5,0.0,0.0,True,按实际呈现人数
ITEM-00052,94,好奇,False,非答案候选选项,0,15,0.0,0.0,2,0.0,0.0,True,按实际呈现人数
ITEM-00052,94,嫉妒,False,非答案候选选项,0,15,0.0,0.0,3,0.0,0.0,True,按实际呈现人数
ITEM-00052,94,审美欣赏,False,非答案候选选项,0,15,0.0,0.0,3,0.0,0.0,True,按实际呈现人数
ITEM-00052,94,崇拜,False,非答案候选选项,0,15,0.0,0.0,3,0.0,0.0,True,按实际呈现人数
ITEM-00052,94,希望,False,非答案候选选项,0,15,0.0,0.0,1,0.0,0.0,True,按实际呈现人数
ITEM-00052,94,平静,False,非答案候选选项,0,15,0.0,0.0,1,0.0,0.0,True,按实际呈现人数
ITEM-00052,94,快乐,False,非答案候选选项,0,15,0.0,0.0,3,0.0,0.0,True,按实际呈现人数
ITEM-00052,94,怀旧,False,非答案候选选项,0,15,0.0,0.0,1,0.0,0.0,True,按实际呈现人数
ITEM-00052,94,恐惧,False,非答案候选选项,0,15,0.0,0.0,1,0.0,0.0,True,按实际呈现人数
ITEM-00052,94,惊喜,False,非答案候选选项,0,15,0.0,0.0,3,0.0,0.0,True,按实际呈现人数
ITEM-00052,94,惊讶,False,非答案候选选项,0,15,0.0,0.0,3,0.0,0.0,True,按实际呈现人数
ITEM-00052,94,愉悦,False,非答案候选选项,0,15,0.0,0.0,2,0.0,0.0,True,按实际呈现人数
ITEM-00052,94,感动,False,非答案候选选项,0,15,0.0,0.0,3,0.0,0.0,True,按实际呈现人数
ITEM-00052,94,感激,False,非答案候选选项,0,15,0.0,0.0,3,0.0,0.0,True,按实际呈现人数
ITEM-00052,94,抑郁,False,非答案候选选项,0,15,0.0,0.0,2,0.0,0.0,True,按实际呈现人数
ITEM-00052,94,担忧,False,非答案候选选项,0,15,0.0,0.0,2,0.0,0.0,True,按实际呈现人数
ITEM-00052,94,敌意,False,非答案候选选项,0,15,0.0,0.0,3,0.0,0.0,True,按实际呈现人数
ITEM-00052,94,渴望,False,非答案候选选项,0,15,0.0,0.0,2,0.0,0.0,True,按实际呈现人数
ITEM-00052,94,满足,False,非答案候选选项,0,15,0.0,0.0,3,0.0,0.0,True,按实际呈现人数
ITEM-00052,94,烦躁,False,非答案候选选项,0,15,0.0,0.0,1,0.0,0.0,True,按实际呈现人数
ITEM-00052,94,焦虑,False,非答案候选选项,0,15,0.0,0.0,1,0.0,0.0,True,按实际呈现人数
ITEM-00052,94,爱,False,非答案候选选项,0,15,0.0,0.0,3,0.0,0.0,True,按实际呈现人数
ITEM-00052,94,紧张,False,非答案候选选项,0,15,0.0,0.0,6,0.0,0.0,True,按实际呈现人数
ITEM-00052,94,羞耻,False,非答案候选选项,0,15,0.0,0.0,2,0.0,0.0,True,按实际呈现人数
ITEM-00052,94,羡慕,False,非答案候选选项,0,15,0.0,0.0,2,0.0,0.0,True,按实际呈现人数
ITEM-00052,94,自满,False,非答案候选选项,0,15,0.0,0.0,3,0.0,0.0,True,按实际呈现人数
ITEM-00052,94,轻松,False,非答案候选选项,0,15,0.0,0.0,4,0.0,0.0,True,按实际呈现人数
ITEM-00052,94,遗憾,False,非答案候选选项,0,15,0.0,0.0,3,0.0,0.0,True,按实际呈现人数
ITEM-00053,95,希望,False,非答案候选选项,1,15,0.06666666666666667,6.666666666666667,1,1.0,100.0,False,按实际呈现人数
ITEM-00053,95,平静,False,非答案候选选项,1,15,0.06666666666666667,6.666666666666667,1,1.0,100.0,False,按实际呈现人数
ITEM-00053,95,抑郁,False,非答案候选选项,3,15,0.2,20.0,3,1.0,100.0,False,按实际呈现人数
ITEM-00053,95,悲伤,True,标准答案选项,11,15,0.7333333333333333,73.33333333333333,15,0.7333333333333333,73.33333333333333,False,按实际呈现人数
ITEM-00053,95,绝望,True,标准答案选项,11,15,0.7333333333333333,73.33333333333333,15,0.7333333333333333,73.33333333333333,False,按实际呈现人数
ITEM-00053,95,震惊,False,非答案候选选项,1,15,0.06666666666666667,6.666666666666667,2,0.5,50.0,False,按实际呈现人数
ITEM-00053,95,共情痛苦,False,非答案候选选项,1,15,0.06666666666666667,6.666666666666667,3,0.3333333333333333,33.33333333333333,False,按实际呈现人数
ITEM-00053,95,愁闷,False,非答案候选选项,1,15,0.06666666666666667,6.666666666666667,3,0.3333333333333333,33.33333333333333,False,按实际呈现人数
ITEM-00053,95,遗憾,False,非答案候选选项,1,15,0.06666666666666667,6.666666666666667,3,0.3333333333333333,33.33333333333333,False,按实际呈现人数
ITEM-00053,95,恐惧,False,非答案候选选项,2,15,0.13333333333333333,13.333333333333334,7,0.2857142857142857,28.57142857142857,False,按实际呈现人数
ITEM-00053,95,委屈,True,标准答案选项,4,15,0.26666666666666666,26.666666666666668,15,0.26666666666666666,26.666666666666668,False,按实际呈现人数
ITEM-00053,95,渴望,False,非答案候选选项,1,15,0.06666666666666667,6.666666666666667,4,0.25,25.0,False,按实际呈现人数
ITEM-00053,95,焦虑,False,非答案候选选项,1,15,0.06666666666666667,6.666666666666667,4,0.25,25.0,False,按实际呈现人数
ITEM-00053,95,痛苦,False,非答案候选选项,1,15,0.06666666666666667,6.666666666666667,4,0.25,25.0,False,按实际呈现人数
ITEM-00053,95,失望,False,非答案候选选项,1,15,0.06666666666666667,6.666666666666667,7,0.14285714285714285,14.285714285714285,False,按实际呈现人数
ITEM-00053,95,不屑,False,非答案候选选项,0,15,0.0,0.0,3,0.0,0.0,True,按实际呈现人数
ITEM-00053,95,兴奋,False,非答案候选选项,0,15,0.0,0.0,1,0.0,0.0,True,按实际呈现人数
ITEM-00053,95,兴趣,False,非答案候选选项,0,15,0.0,0.0,2,0.0,0.0,True,按实际呈现人数
ITEM-00053,95,内疚,False,非答案候选选项,0,15,0.0,0.0,3,0.0,0.0,True,按实际呈现人数
ITEM-00053,95,冷静,False,非答案候选选项,0,15,0.0,0.0,1,0.0,0.0,True,按实际呈现人数
ITEM-00053,95,厌倦,False,非答案候选选项,0,15,0.0,0.0,2,0.0,0.0,True,按实际呈现人数
ITEM-00053,95,厌恶,False,非答案候选选项,0,15,0.0,0.0,1,0.0,0.0,True,按实际呈现人数
ITEM-00053,95,好奇,False,非答案候选选项,0,15,0.0,0.0,1,0.0,0.0,True,按实际呈现人数
ITEM-00053,95,嫉妒,False,非答案候选选项,0,15,0.0,0.0,3,0.0,0.0,True,按实际呈现人数
ITEM-00053,95,尴尬,False,非答案候选选项,0,15,0.0,0.0,3,0.0,0.0,True,按实际呈现人数
ITEM-00053,95,崇拜,False,非答案候选选项,0,15,0.0,0.0,2,0.0,0.0,True,按实际呈现人数
ITEM-00053,95,快乐,False,非答案候选选项,0,15,0.0,0.0,1,0.0,0.0,True,按实际呈现人数
ITEM-00053,95,怀旧,False,非答案候选选项,0,15,0.0,0.0,3,0.0,0.0,True,按实际呈现人数
ITEM-00053,95,怨恨,False,非答案候选选项,0,15,0.0,0.0,1,0.0,0.0,True,按实际呈现人数
ITEM-00053,95,惊喜,False,非答案候选选项,0,15,0.0,0.0,2,0.0,0.0,True,按实际呈现人数
ITEM-00053,95,愉悦,False,非答案候选选项,0,15,0.0,0.0,1,0.0,0.0,True,按实际呈现人数
ITEM-00053,95,感动,False,非答案候选选项,0,15,0.0,0.0,1,0.0,0.0,True,按实际呈现人数
ITEM-00053,95,感激,False,非答案候选选项,0,15,0.0,0.0,2,0.0,0.0,True,按实际呈现人数
ITEM-00053,95,愤怒,False,非答案候选选项,0,15,0.0,0.0,2,0.0,0.0,True,按实际呈现人数
ITEM-00053,95,敌意,False,非答案候选选项,0,15,0.0,0.0,4,0.0,0.0,True,按实际呈现人数
ITEM-00053,95,满足,False,非答案候选选项,0,15,0.0,0.0,1,0.0,0.0,True,按实际呈现人数
ITEM-00053,95,烦躁,False,非答案候选选项,0,15,0.0,0.0,2,0.0,0.0,True,按实际呈现人数
ITEM-00053,95,爱,False,非答案候选选项,0,15,0.0,0.0,4,0.0,0.0,True,按实际呈现人数
ITEM-00053,95,紧张,False,非答案候选选项,0,15,0.0,0.0,4,0.0,0.0,True,按实际呈现人数
ITEM-00053,95,羞耻,False,非答案候选选项,0,15,0.0,0.0,4,0.0,0.0,True,按实际呈现人数
ITEM-00053,95,羡慕,False,非答案候选选项,0,15,0.0,0.0,4,0.0,0.0,True,按实际呈现人数
ITEM-00053,95,自满,False,非答案候选选项,0,15,0.0,0.0,2,0.0,0.0,True,按实际呈现人数
ITEM-00053,95,自豪,False,非答案候选选项,0,15,0.0,0.0,1,0.0,0.0,True,按实际呈现人数
ITEM-00053,95,蔑视,False,非答案候选选项,0,15,0.0,0.0,2,0.0,0.0,True,按实际呈现人数
ITEM-00054,97,崇拜,False,非答案候选选项,1,15,0.06666666666666667,6.666666666666667,1,1.0,100.0,False,按实际呈现人数
ITEM-00054,97,快乐,False,非答案候选选项,1,15,0.06666666666666667,6.666666666666667,1,1.0,100.0,False,按实际呈现人数
ITEM-00054,97,渴望,False,非答案候选选项,2,15,0.13333333333333333,13.333333333333334,2,1.0,100.0,False,按实际呈现人数
ITEM-00054,97,爱,False,非答案候选选项,1,15,0.06666666666666667,6.666666666666667,1,1.0,100.0,False,按实际呈现人数
ITEM-00054,97,自豪,False,非答案候选选项,1,15,0.06666666666666667,6.666666666666667,1,1.0,100.0,False,按实际呈现人数
ITEM-00054,97,轻松,True,标准答案选项,11,15,0.7333333333333333,73.33333333333333,15,0.7333333333333333,73.33333333333333,False,按实际呈现人数
ITEM-00054,97,愉悦,True,标准答案选项,9,15,0.6,60.0,15,0.6,60.0,False,按实际呈现人数
ITEM-00054,97,希望,True,标准答案选项,7,15,0.4666666666666667,46.666666666666664,15,0.4666666666666667,46.666666666666664,False,按实际呈现人数
ITEM-00054,97,自满,False,非答案候选选项,2,15,0.13333333333333333,13.333333333333334,5,0.4,40.0,False,按实际呈现人数
ITEM-00054,97,感动,False,非答案候选选项,1,15,0.06666666666666667,6.666666666666667,3,0.3333333333333333,33.33333333333333,False,按实际呈现人数
ITEM-00054,97,惊喜,False,非答案候选选项,1,15,0.06666666666666667,6.666666666666667,4,0.25,25.0,False,按实际呈现人数
ITEM-00054,97,平静,False,非答案候选选项,1,15,0.06666666666666667,6.666666666666667,5,0.2,20.0,False,按实际呈现人数
ITEM-00054,97,不屑,False,非答案候选选项,0,15,0.0,0.0,4,0.0,0.0,True,按实际呈现人数
ITEM-00054,97,共情痛苦,False,非答案候选选项,0,15,0.0,0.0,2,0.0,0.0,True,按实际呈现人数
ITEM-00054,97,兴奋,False,非答案候选选项,0,15,0.0,0.0,3,0.0,0.0,True,按实际呈现人数
ITEM-00054,97,兴趣,False,非答案候选选项,0,15,0.0,0.0,2,0.0,0.0,True,按实际呈现人数
ITEM-00054,97,内疚,False,非答案候选选项,0,15,0.0,0.0,3,0.0,0.0,True,按实际呈现人数
ITEM-00054,97,冷静,False,非答案候选选项,0,15,0.0,0.0,1,0.0,0.0,True,按实际呈现人数
ITEM-00054,97,厌倦,False,非答案候选选项,0,15,0.0,0.0,4,0.0,0.0,True,按实际呈现人数
ITEM-00054,97,厌恶,False,非答案候选选项,0,15,0.0,0.0,3,0.0,0.0,True,按实际呈现人数
ITEM-00054,97,好奇,False,非答案候选选项,0,15,0.0,0.0,2,0.0,0.0,True,按实际呈现人数
ITEM-00054,97,嫉妒,False,非答案候选选项,0,15,0.0,0.0,5,0.0,0.0,True,按实际呈现人数
ITEM-00054,97,审美欣赏,False,非答案候选选项,0,15,0.0,0.0,1,0.0,0.0,True,按实际呈现人数
ITEM-00054,97,尴尬,False,非答案候选选项,0,15,0.0,0.0,3,0.0,0.0,True,按实际呈现人数
ITEM-00054,97,恐惧,False,非答案候选选项,0,15,0.0,0.0,3,0.0,0.0,True,按实际呈现人数
ITEM-00054,97,惊讶,False,非答案候选选项,0,15,0.0,0.0,2,0.0,0.0,True,按实际呈现人数
ITEM-00054,97,愁闷,False,非答案候选选项,0,15,0.0,0.0,5,0.0,0.0,True,按实际呈现人数
ITEM-00054,97,感激,False,非答案候选选项,0,15,0.0,0.0,1,0.0,0.0,True,按实际呈现人数
ITEM-00054,97,抑郁,False,非答案候选选项,0,15,0.0,0.0,3,0.0,0.0,True,按实际呈现人数
ITEM-00054,97,敌意,False,非答案候选选项,0,15,0.0,0.0,2,0.0,0.0,True,按实际呈现人数
ITEM-00054,97,满足,False,非答案候选选项,0,15,0.0,0.0,1,0.0,0.0,True,按实际呈现人数
ITEM-00054,97,烦躁,False,非答案候选选项,0,15,0.0,0.0,4,0.0,0.0,True,按实际呈现人数
ITEM-00054,97,焦虑,False,非答案候选选项,0,15,0.0,0.0,4,0.0,0.0,True,按实际呈现人数
ITEM-00054,97,痛苦,False,非答案候选选项,0,15,0.0,0.0,3,0.0,0.0,True,按实际呈现人数
ITEM-00054,97,紧张,False,非答案候选选项,0,15,0.0,0.0,1,0.0,0.0,True,按实际呈现人数
ITEM-00054,97,绝望,False,非答案候选选项,0,15,0.0,0.0,6,0.0,0.0,True,按实际呈现人数
ITEM-00054,97,羞耻,False,非答案候选选项,0,15,0.0,0.0,2,0.0,0.0,True,按实际呈现人数
ITEM-00054,97,羡慕,False,非答案候选选项,0,15,0.0,0.0,3,0.0,0.0,True,按实际呈现人数
ITEM-00054,97,蔑视,False,非答案候选选项,0,15,0.0,0.0,2,0.0,0.0,True,按实际呈现人数
ITEM-00054,97,遗憾,False,非答案候选选项,0,15,0.0,0.0,3,0.0,0.0,True,按实际呈现人数
ITEM-00054,97,释然,False,非答案候选选项,0,15,0.0,0.0,3,0.0,0.0,True,按实际呈现人数
ITEM-00054,97,震惊,False,非答案候选选项,0,15,0.0,0.0,1,0.0,0.0,True,按实际呈现人数
ITEM-00055,98,希望,False,非答案候选选项,2,18,0.1111111111111111,11.11111111111111,2,1.0,100.0,False,按实际呈现人数
ITEM-00055,98,怀旧,False,非答案候选选项,1,18,0.05555555555555555,5.555555555555555,1,1.0,100.0,False,按实际呈现人数
ITEM-00055,98,快乐,True,标准答案选项,15,18,0.8333333333333334,83.33333333333334,18,0.8333333333333334,83.33333333333334,False,按实际呈现人数
ITEM-00055,98,愉悦,True,标准答案选项,13,18,0.7222222222222222,72.22222222222221,18,0.7222222222222222,72.22222222222221,False,按实际呈现人数
ITEM-00055,98,自豪,False,非答案候选选项,2,18,0.1111111111111111,11.11111111111111,3,0.6666666666666666,66.66666666666666,False,按实际呈现人数
ITEM-00055,98,轻松,True,标准答案选项,12,18,0.6666666666666666,66.66666666666666,18,0.6666666666666666,66.66666666666666,False,按实际呈现人数
ITEM-00055,98,平静,False,非答案候选选项,1,18,0.05555555555555555,5.555555555555555,2,0.5,50.0,False,按实际呈现人数
ITEM-00055,98,渴望,False,非答案候选选项,1,18,0.05555555555555555,5.555555555555555,2,0.5,50.0,False,按实际呈现人数
ITEM-00055,98,满足,False,非答案候选选项,1,18,0.05555555555555555,5.555555555555555,2,0.5,50.0,False,按实际呈现人数
ITEM-00055,98,兴奋,True,标准答案选项,7,18,0.3888888888888889,38.88888888888889,18,0.3888888888888889,38.88888888888889,False,按实际呈现人数
ITEM-00055,98,遗憾,False,非答案候选选项,1,18,0.05555555555555555,5.555555555555555,3,0.3333333333333333,33.33333333333333,False,按实际呈现人数
ITEM-00055,98,兴趣,False,非答案候选选项,1,18,0.05555555555555555,5.555555555555555,4,0.25,25.0,False,按实际呈现人数
ITEM-00055,98,审美欣赏,False,非答案候选选项,1,18,0.05555555555555555,5.555555555555555,4,0.25,25.0,False,按实际呈现人数
ITEM-00055,98,感激,False,非答案候选选项,1,18,0.05555555555555555,5.555555555555555,4,0.25,25.0,False,按实际呈现人数
ITEM-00055,98,崇拜,False,非答案候选选项,1,18,0.05555555555555555,5.555555555555555,6,0.16666666666666666,16.666666666666664,False,按实际呈现人数
ITEM-00055,98,不屑,False,非答案候选选项,0,18,0.0,0.0,2,0.0,0.0,True,按实际呈现人数
ITEM-00055,98,共情痛苦,False,非答案候选选项,0,18,0.0,0.0,5,0.0,0.0,True,按实际呈现人数
ITEM-00055,98,内疚,False,非答案候选选项,0,18,0.0,0.0,2,0.0,0.0,True,按实际呈现人数
ITEM-00055,98,冷静,False,非答案候选选项,0,18,0.0,0.0,2,0.0,0.0,True,按实际呈现人数
ITEM-00055,98,厌恶,False,非答案候选选项,0,18,0.0,0.0,3,0.0,0.0,True,按实际呈现人数
ITEM-00055,98,困惑,False,非答案候选选项,0,18,0.0,0.0,2,0.0,0.0,True,按实际呈现人数
ITEM-00055,98,失望,False,非答案候选选项,0,18,0.0,0.0,2,0.0,0.0,True,按实际呈现人数
ITEM-00055,98,好奇,False,非答案候选选项,0,18,0.0,0.0,1,0.0,0.0,True,按实际呈现人数
ITEM-00055,98,委屈,False,非答案候选选项,0,18,0.0,0.0,1,0.0,0.0,True,按实际呈现人数
ITEM-00055,98,嫉妒,False,非答案候选选项,0,18,0.0,0.0,1,0.0,0.0,True,按实际呈现人数
ITEM-00055,98,尴尬,False,非答案候选选项,0,18,0.0,0.0,2,0.0,0.0,True,按实际呈现人数
ITEM-00055,98,怨恨,False,非答案候选选项,0,18,0.0,0.0,2,0.0,0.0,True,按实际呈现人数
ITEM-00055,98,恐惧,False,非答案候选选项,0,18,0.0,0.0,3,0.0,0.0,True,按实际呈现人数
ITEM-00055,98,悲伤,False,非答案候选选项,0,18,0.0,0.0,3,0.0,0.0,True,按实际呈现人数
ITEM-00055,98,惊喜,False,非答案候选选项,0,18,0.0,0.0,2,0.0,0.0,True,按实际呈现人数
ITEM-00055,98,惊讶,False,非答案候选选项,0,18,0.0,0.0,1,0.0,0.0,True,按实际呈现人数
ITEM-00055,98,愁闷,False,非答案候选选项,0,18,0.0,0.0,3,0.0,0.0,True,按实际呈现人数
ITEM-00055,98,感动,False,非答案候选选项,0,18,0.0,0.0,2,0.0,0.0,True,按实际呈现人数
ITEM-00055,98,愤怒,False,非答案候选选项,0,18,0.0,0.0,3,0.0,0.0,True,按实际呈现人数
ITEM-00055,98,抑郁,False,非答案候选选项,0,18,0.0,0.0,1,0.0,0.0,True,按实际呈现人数
ITEM-00055,98,担忧,False,非答案候选选项,0,18,0.0,0.0,3,0.0,0.0,True,按实际呈现人数
ITEM-00055,98,敌意,False,非答案候选选项,0,18,0.0,0.0,1,0.0,0.0,True,按实际呈现人数
ITEM-00055,98,烦躁,False,非答案候选选项,0,18,0.0,0.0,3,0.0,0.0,True,按实际呈现人数
ITEM-00055,98,焦虑,False,非答案候选选项,0,18,0.0,0.0,1,0.0,0.0,True,按实际呈现人数
ITEM-00055,98,爱,False,非答案候选选项,0,18,0.0,0.0,2,0.0,0.0,True,按实际呈现人数
ITEM-00055,98,痛苦,False,非答案候选选项,0,18,0.0,0.0,2,0.0,0.0,True,按实际呈现人数
ITEM-00055,98,紧张,False,非答案候选选项,0,18,0.0,0.0,3,0.0,0.0,True,按实际呈现人数
ITEM-00055,98,绝望,False,非答案候选选项,0,18,0.0,0.0,1,0.0,0.0,True,按实际呈现人数
ITEM-00055,98,羞耻,False,非答案候选选项,0,18,0.0,0.0,4,0.0,0.0,True,按实际呈现人数
ITEM-00055,98,羡慕,False,非答案候选选项,0,18,0.0,0.0,1,0.0,0.0,True,按实际呈现人数
ITEM-00055,98,自满,False,非答案候选选项,0,18,0.0,0.0,4,0.0,0.0,True,按实际呈现人数
ITEM-00055,98,蔑视,False,非答案候选选项,0,18,0.0,0.0,4,0.0,0.0,True,按实际呈现人数
ITEM-00055,98,释然,False,非答案候选选项,0,18,0.0,0.0,2,0.0,0.0,True,按实际呈现人数
ITEM-00055,98,震惊,False,非答案候选选项,0,18,0.0,0.0,1,0.0,0.0,True,按实际呈现人数
ITEM-00056,101,厌倦,False,非答案候选选项,2,11,0.18181818181818182,18.181818181818183,3,0.6666666666666666,66.66666666666666,False,按实际呈现人数
ITEM-00056,101,共情痛苦,False,非答案候选选项,1,11,0.09090909090909091,9.090909090909092,2,0.5,50.0,False,按实际呈现人数
ITEM-00056,101,好奇,False,非答案候选选项,1,11,0.09090909090909091,9.090909090909092,2,0.5,50.0,False,按实际呈现人数
ITEM-00056,101,审美欣赏,False,非答案候选选项,2,11,0.18181818181818182,18.181818181818183,5,0.4,40.0,False,按实际呈现人数
ITEM-00056,101,兴趣,False,非答案候选选项,1,11,0.09090909090909091,9.090909090909092,3,0.3333333333333333,33.33333333333333,False,按实际呈现人数
ITEM-00056,101,厌恶,False,非答案候选选项,1,11,0.09090909090909091,9.090909090909092,3,0.3333333333333333,33.33333333333333,False,按实际呈现人数
ITEM-00056,101,担忧,True,标准答案选项,3,11,0.2727272727272727,27.27272727272727,11,0.2727272727272727,27.27272727272727,False,按实际呈现人数
ITEM-00056,101,兴奋,False,非答案候选选项,0,11,0.0,0.0,4,0.0,0.0,True,按实际呈现人数
ITEM-00056,101,内疚,False,非答案候选选项,0,11,0.0,0.0,3,0.0,0.0,True,按实际呈现人数
ITEM-00056,101,冷静,False,非答案候选选项,0,11,0.0,0.0,2,0.0,0.0,True,按实际呈现人数
ITEM-00056,101,困惑,False,非答案候选选项,0,11,0.0,0.0,2,0.0,0.0,True,按实际呈现人数
ITEM-00056,101,失望,False,非答案候选选项,0,11,0.0,0.0,2,0.0,0.0,True,按实际呈现人数
ITEM-00056,101,委屈,False,非答案候选选项,0,11,0.0,0.0,6,0.0,0.0,True,按实际呈现人数
ITEM-00056,101,嫉妒,False,非答案候选选项,0,11,0.0,0.0,1,0.0,0.0,True,按实际呈现人数
ITEM-00056,101,尴尬,False,非答案候选选项,0,11,0.0,0.0,1,0.0,0.0,True,按实际呈现人数
ITEM-00056,101,崇拜,False,非答案候选选项,0,11,0.0,0.0,1,0.0,0.0,True,按实际呈现人数
ITEM-00056,101,平静,False,非答案候选选项,0,11,0.0,0.0,3,0.0,0.0,True,按实际呈现人数
ITEM-00056,101,快乐,False,非答案候选选项,0,11,0.0,0.0,2,0.0,0.0,True,按实际呈现人数
ITEM-00056,101,怀旧,False,非答案候选选项,0,11,0.0,0.0,3,0.0,0.0,True,按实际呈现人数
ITEM-00056,101,恐惧,False,非答案候选选项,0,11,0.0,0.0,3,0.0,0.0,True,按实际呈现人数
ITEM-00056,101,悲伤,False,非答案候选选项,0,11,0.0,0.0,1,0.0,0.0,True,按实际呈现人数
ITEM-00056,101,惊喜,False,非答案候选选项,0,11,0.0,0.0,2,0.0,0.0,True,按实际呈现人数
ITEM-00056,101,惊讶,False,非答案候选选项,0,11,0.0,0.0,3,0.0,0.0,True,按实际呈现人数
ITEM-00056,101,愁闷,False,非答案候选选项,0,11,0.0,0.0,2,0.0,0.0,True,按实际呈现人数
ITEM-00056,101,愉悦,False,非答案候选选项,0,11,0.0,0.0,2,0.0,0.0,True,按实际呈现人数
ITEM-00056,101,感动,False,非答案候选选项,0,11,0.0,0.0,2,0.0,0.0,True,按实际呈现人数
ITEM-00056,101,感激,False,非答案候选选项,0,11,0.0,0.0,1,0.0,0.0,True,按实际呈现人数
ITEM-00056,101,愤怒,False,非答案候选选项,0,11,0.0,0.0,1,0.0,0.0,True,按实际呈现人数
ITEM-00056,101,敌意,False,非答案候选选项,0,11,0.0,0.0,1,0.0,0.0,True,按实际呈现人数
ITEM-00056,101,渴望,False,非答案候选选项,0,11,0.0,0.0,1,0.0,0.0,True,按实际呈现人数
ITEM-00056,101,满足,False,非答案候选选项,0,11,0.0,0.0,2,0.0,0.0,True,按实际呈现人数
ITEM-00056,101,烦躁,False,非答案候选选项,0,11,0.0,0.0,1,0.0,0.0,True,按实际呈现人数
ITEM-00056,101,焦虑,False,非答案候选选项,0,11,0.0,0.0,2,0.0,0.0,True,按实际呈现人数
ITEM-00056,101,爱,False,非答案候选选项,0,11,0.0,0.0,1,0.0,0.0,True,按实际呈现人数
ITEM-00056,101,痛苦,False,非答案候选选项,0,11,0.0,0.0,1,0.0,0.0,True,按实际呈现人数
ITEM-00056,101,紧张,False,非答案候选选项,0,11,0.0,0.0,3,0.0,0.0,True,按实际呈现人数
ITEM-00056,101,绝望,False,非答案候选选项,0,11,0.0,0.0,2,0.0,0.0,True,按实际呈现人数
ITEM-00056,101,羞耻,False,非答案候选选项,0,11,0.0,0.0,2,0.0,0.0,True,按实际呈现人数
ITEM-00056,101,自满,False,非答案候选选项,0,11,0.0,0.0,2,0.0,0.0,True,按实际呈现人数
ITEM-00056,101,自豪,False,非答案候选选项,0,11,0.0,0.0,2,0.0,0.0,True,按实际呈现人数
ITEM-00056,101,蔑视,False,非答案候选选项,0,11,0.0,0.0,5,0.0,0.0,True,按实际呈现人数
ITEM-00056,101,轻松,False,非答案候选选项,0,11,0.0,0.0,2,0.0,0.0,True,按实际呈现人数
ITEM-00056,101,释然,False,非答案候选选项,0,11,0.0,0.0,4,0.0,0.0,True,按实际呈现人数
ITEM-00056,101,震惊,False,非答案候选选项,0,11,0.0,0.0,3,0.0,0.0,True,按实际呈现人数
ITEM-00057,23,惊喜,True,标准答案选项,21,33,0.6363636363636364,63.63636363636363,33,0.6363636363636364,63.63636363636363,False,按实际呈现人数
ITEM-00057,23,惊讶,False,非答案候选选项,1,33,0.030303030303030304,3.0303030303030303,3,0.3333333333333333,33.33333333333333,False,按实际呈现人数
ITEM-00057,23,蔑视,False,非答案候选选项,1,33,0.030303030303030304,3.0303030303030303,3,0.3333333333333333,33.33333333333333,False,按实际呈现人数
ITEM-00057,23,轻松,False,非答案候选选项,1,33,0.030303030303030304,3.0303030303030303,3,0.3333333333333333,33.33333333333333,False,按实际呈现人数
ITEM-00057,23,快乐,False,非答案候选选项,2,33,0.06060606060606061,6.0606060606060606,7,0.2857142857142857,28.57142857142857,False,按实际呈现人数
ITEM-00057,23,兴奋,False,非答案候选选项,1,33,0.030303030303030304,3.0303030303030303,4,0.25,25.0,False,按实际呈现人数
ITEM-00057,23,烦躁,False,非答案候选选项,2,33,0.06060606060606061,6.0606060606060606,9,0.2222222222222222,22.22222222222222,False,按实际呈现人数
ITEM-00057,23,紧张,False,非答案候选选项,1,33,0.030303030303030304,3.0303030303030303,6,0.16666666666666666,16.666666666666664,False,按实际呈现人数
ITEM-00057,23,焦虑,False,非答案候选选项,1,33,0.030303030303030304,3.0303030303030303,8,0.125,12.5,False,按实际呈现人数
ITEM-00057,23,困惑,False,非答案候选选项,1,33,0.030303030303030304,3.0303030303030303,11,0.09090909090909091,9.090909090909092,False,按实际呈现人数
ITEM-00057,23,痛苦,False,非答案候选选项,1,33,0.030303030303030304,3.0303030303030303,12,0.08333333333333333,8.333333333333332,False,按实际呈现人数
ITEM-00057,23,不屑,False,非答案候选选项,0,33,0.0,0.0,8,0.0,0.0,True,按实际呈现人数
ITEM-00057,23,共情痛苦,False,非答案候选选项,0,33,0.0,0.0,4,0.0,0.0,True,按实际呈现人数
ITEM-00057,23,兴趣,False,非答案候选选项,0,33,0.0,0.0,7,0.0,0.0,True,按实际呈现人数
ITEM-00057,23,内疚,False,非答案候选选项,0,33,0.0,0.0,8,0.0,0.0,True,按实际呈现人数
ITEM-00057,23,冷静,False,非答案候选选项,0,33,0.0,0.0,3,0.0,0.0,True,按实际呈现人数
ITEM-00057,23,厌倦,False,非答案候选选项,0,33,0.0,0.0,4,0.0,0.0,True,按实际呈现人数
ITEM-00057,23,厌恶,False,非答案候选选项,0,33,0.0,0.0,6,0.0,0.0,True,按实际呈现人数
ITEM-00057,23,失望,False,非答案候选选项,0,33,0.0,0.0,9,0.0,0.0,True,按实际呈现人数
ITEM-00057,23,好奇,False,非答案候选选项,0,33,0.0,0.0,9,0.0,0.0,True,按实际呈现人数
ITEM-00057,23,委屈,False,非答案候选选项,0,33,0.0,0.0,5,0.0,0.0,True,按实际呈现人数
ITEM-00057,23,嫉妒,False,非答案候选选项,0,33,0.0,0.0,5,0.0,0.0,True,按实际呈现人数
ITEM-00057,23,审美欣赏,False,非答案候选选项,0,33,0.0,0.0,6,0.0,0.0,True,按实际呈现人数
ITEM-00057,23,尴尬,False,非答案候选选项,0,33,0.0,0.0,3,0.0,0.0,True,按实际呈现人数
ITEM-00057,23,崇拜,False,非答案候选选项,0,33,0.0,0.0,10,0.0,0.0,True,按实际呈现人数
ITEM-00057,23,希望,False,非答案候选选项,0,33,0.0,0.0,7,0.0,0.0,True,按实际呈现人数
ITEM-00057,23,平静,False,非答案候选选项,0,33,0.0,0.0,6,0.0,0.0,True,按实际呈现人数
ITEM-00057,23,怀旧,False,非答案候选选项,0,33,0.0,0.0,7,0.0,0.0,True,按实际呈现人数
ITEM-00057,23,怨恨,False,非答案候选选项,0,33,0.0,0.0,3,0.0,0.0,True,按实际呈现人数
ITEM-00057,23,恐惧,False,非答案候选选项,0,33,0.0,0.0,4,0.0,0.0,True,按实际呈现人数
ITEM-00057,23,悲伤,False,非答案候选选项,0,33,0.0,0.0,6,0.0,0.0,True,按实际呈现人数
ITEM-00057,23,愁闷,False,非答案候选选项,0,33,0.0,0.0,3,0.0,0.0,True,按实际呈现人数
ITEM-00057,23,愉悦,False,非答案候选选项,0,33,0.0,0.0,4,0.0,0.0,True,按实际呈现人数
ITEM-00057,23,感动,False,非答案候选选项,0,33,0.0,0.0,4,0.0,0.0,True,按实际呈现人数
ITEM-00057,23,感激,False,非答案候选选项,0,33,0.0,0.0,4,0.0,0.0,True,按实际呈现人数
ITEM-00057,23,愤怒,False,非答案候选选项,0,33,0.0,0.0,9,0.0,0.0,True,按实际呈现人数
ITEM-00057,23,抑郁,False,非答案候选选项,0,33,0.0,0.0,6,0.0,0.0,True,按实际呈现人数
ITEM-00057,23,担忧,False,非答案候选选项,0,33,0.0,0.0,3,0.0,0.0,True,按实际呈现人数
ITEM-00057,23,敌意,False,非答案候选选项,0,33,0.0,0.0,8,0.0,0.0,True,按实际呈现人数
ITEM-00057,23,渴望,False,非答案候选选项,0,33,0.0,0.0,8,0.0,0.0,True,按实际呈现人数
ITEM-00057,23,满足,False,非答案候选选项,0,33,0.0,0.0,8,0.0,0.0,True,按实际呈现人数
ITEM-00057,23,爱,False,非答案候选选项,0,33,0.0,0.0,5,0.0,0.0,True,按实际呈现人数
ITEM-00057,23,绝望,False,非答案候选选项,0,33,0.0,0.0,10,0.0,0.0,True,按实际呈现人数
ITEM-00057,23,羞耻,False,非答案候选选项,0,33,0.0,0.0,3,0.0,0.0,True,按实际呈现人数
ITEM-00057,23,羡慕,False,非答案候选选项,0,33,0.0,0.0,10,0.0,0.0,True,按实际呈现人数
ITEM-00057,23,自满,False,非答案候选选项,0,33,0.0,0.0,10,0.0,0.0,True,按实际呈现人数
ITEM-00057,23,自豪,False,非答案候选选项,0,33,0.0,0.0,6,0.0,0.0,True,按实际呈现人数
ITEM-00057,23,遗憾,False,非答案候选选项,0,33,0.0,0.0,4,0.0,0.0,True,按实际呈现人数
ITEM-00057,23,释然,False,非答案候选选项,0,33,0.0,0.0,2,0.0,0.0,True,按实际呈现人数
ITEM-00057,23,震惊,False,非答案候选选项,0,33,0.0,0.0,4,0.0,0.0,True,按实际呈现人数
ITEM-00058,102,遗憾,False,非答案候选选项,2,22,0.09090909090909091,9.090909090909092,2,1.0,100.0,False,按实际呈现人数
ITEM-00058,102,惊喜,False,非答案候选选项,3,22,0.13636363636363635,13.636363636363635,4,0.75,75.0,False,按实际呈现人数
ITEM-00058,102,怀旧,False,非答案候选选项,4,22,0.18181818181818182,18.181818181818183,6,0.6666666666666666,66.66666666666666,False,按实际呈现人数
ITEM-00058,102,兴趣,False,非答案候选选项,3,22,0.13636363636363635,13.636363636363635,5,0.6,60.0,False,按实际呈现人数
ITEM-00058,102,好奇,False,非答案候选选项,2,22,0.09090909090909091,9.090909090909092,4,0.5,50.0,False,按实际呈现人数
ITEM-00058,102,希望,False,非答案候选选项,2,22,0.09090909090909091,9.090909090909092,4,0.5,50.0,False,按实际呈现人数
ITEM-00058,102,爱,False,非答案候选选项,2,22,0.09090909090909091,9.090909090909092,4,0.5,50.0,False,按实际呈现人数
ITEM-00058,102,自满,False,非答案候选选项,1,22,0.045454545454545456,4.545454545454546,2,0.5,50.0,False,按实际呈现人数
ITEM-00058,102,悲伤,False,非答案候选选项,3,22,0.13636363636363635,13.636363636363635,7,0.42857142857142855,42.857142857142854,False,按实际呈现人数
ITEM-00058,102,自豪,False,非答案候选选项,2,22,0.09090909090909091,9.090909090909092,5,0.4,40.0,False,按实际呈现人数
ITEM-00058,102,愉悦,True,标准答案选项,8,22,0.36363636363636365,36.36363636363637,22,0.36363636363636365,36.36363636363637,False,按实际呈现人数
ITEM-00058,102,震惊,False,非答案候选选项,1,22,0.045454545454545456,4.545454545454546,3,0.3333333333333333,33.33333333333333,False,按实际呈现人数
ITEM-00058,102,感动,True,标准答案选项,7,22,0.3181818181818182,31.818181818181817,22,0.3181818181818182,31.818181818181817,False,按实际呈现人数
ITEM-00058,102,共情痛苦,False,非答案候选选项,2,22,0.09090909090909091,9.090909090909092,7,0.2857142857142857,28.57142857142857,False,按实际呈现人数
ITEM-00058,102,平静,False,非答案候选选项,1,22,0.045454545454545456,4.545454545454546,4,0.25,25.0,False,按实际呈现人数
ITEM-00058,102,渴望,False,非答案候选选项,1,22,0.045454545454545456,4.545454545454546,4,0.25,25.0,False,按实际呈现人数
ITEM-00058,102,轻松,False,非答案候选选项,1,22,0.045454545454545456,4.545454545454546,4,0.25,25.0,False,按实际呈现人数
ITEM-00058,102,惊讶,False,非答案候选选项,1,22,0.045454545454545456,4.545454545454546,5,0.2,20.0,False,按实际呈现人数
ITEM-00058,102,困惑,False,非答案候选选项,1,22,0.045454545454545456,4.545454545454546,6,0.16666666666666666,16.666666666666664,False,按实际呈现人数
ITEM-00058,102,不屑,False,非答案候选选项,0,22,0.0,0.0,2,0.0,0.0,True,按实际呈现人数
ITEM-00058,102,兴奋,False,非答案候选选项,0,22,0.0,0.0,3,0.0,0.0,True,按实际呈现人数
ITEM-00058,102,内疚,False,非答案候选选项,0,22,0.0,0.0,3,0.0,0.0,True,按实际呈现人数
ITEM-00058,102,冷静,False,非答案候选选项,0,22,0.0,0.0,1,0.0,0.0,True,按实际呈现人数
ITEM-00058,102,厌倦,False,非答案候选选项,0,22,0.0,0.0,6,0.0,0.0,True,按实际呈现人数
ITEM-00058,102,厌恶,False,非答案候选选项,0,22,0.0,0.0,2,0.0,0.0,True,按实际呈现人数
ITEM-00058,102,失望,False,非答案候选选项,0,22,0.0,0.0,3,0.0,0.0,True,按实际呈现人数
ITEM-00058,102,委屈,False,非答案候选选项,0,22,0.0,0.0,3,0.0,0.0,True,按实际呈现人数
ITEM-00058,102,嫉妒,False,非答案候选选项,0,22,0.0,0.0,4,0.0,0.0,True,按实际呈现人数
ITEM-00058,102,审美欣赏,False,非答案候选选项,0,22,0.0,0.0,2,0.0,0.0,True,按实际呈现人数
ITEM-00058,102,尴尬,False,非答案候选选项,0,22,0.0,0.0,1,0.0,0.0,True,按实际呈现人数
ITEM-00058,102,崇拜,False,非答案候选选项,0,22,0.0,0.0,3,0.0,0.0,True,按实际呈现人数
ITEM-00058,102,快乐,False,非答案候选选项,0,22,0.0,0.0,4,0.0,0.0,True,按实际呈现人数
ITEM-00058,102,怨恨,False,非答案候选选项,0,22,0.0,0.0,1,0.0,0.0,True,按实际呈现人数
ITEM-00058,102,恐惧,False,非答案候选选项,0,22,0.0,0.0,4,0.0,0.0,True,按实际呈现人数
ITEM-00058,102,愁闷,False,非答案候选选项,0,22,0.0,0.0,5,0.0,0.0,True,按实际呈现人数
ITEM-00058,102,感激,False,非答案候选选项,0,22,0.0,0.0,3,0.0,0.0,True,按实际呈现人数
ITEM-00058,102,愤怒,False,非答案候选选项,0,22,0.0,0.0,4,0.0,0.0,True,按实际呈现人数
ITEM-00058,102,抑郁,False,非答案候选选项,0,22,0.0,0.0,2,0.0,0.0,True,按实际呈现人数
ITEM-00058,102,担忧,False,非答案候选选项,0,22,0.0,0.0,4,0.0,0.0,True,按实际呈现人数
ITEM-00058,102,敌意,False,非答案候选选项,0,22,0.0,0.0,1,0.0,0.0,True,按实际呈现人数
ITEM-00058,102,满足,False,非答案候选选项,0,22,0.0,0.0,3,0.0,0.0,True,按实际呈现人数
ITEM-00058,102,烦躁,False,非答案候选选项,0,22,0.0,0.0,6,0.0,0.0,True,按实际呈现人数
ITEM-00058,102,焦虑,False,非答案候选选项,0,22,0.0,0.0,4,0.0,0.0,True,按实际呈现人数
ITEM-00058,102,痛苦,False,非答案候选选项,0,22,0.0,0.0,4,0.0,0.0,True,按实际呈现人数
ITEM-00058,102,紧张,False,非答案候选选项,0,22,0.0,0.0,6,0.0,0.0,True,按实际呈现人数
ITEM-00058,102,绝望,False,非答案候选选项,0,22,0.0,0.0,4,0.0,0.0,True,按实际呈现人数
ITEM-00058,102,羞耻,False,非答案候选选项,0,22,0.0,0.0,4,0.0,0.0,True,按实际呈现人数
ITEM-00058,102,羡慕,False,非答案候选选项,0,22,0.0,0.0,4,0.0,0.0,True,按实际呈现人数
ITEM-00058,102,蔑视,False,非答案候选选项,0,22,0.0,0.0,3,0.0,0.0,True,按实际呈现人数
ITEM-00058,102,释然,False,非答案候选选项,0,22,0.0,0.0,1,0.0,0.0,True,按实际呈现人数
ITEM-00059,15,烦躁,False,非答案候选选项,1,12,0.08333333333333333,8.333333333333332,1,1.0,100.0,False,按实际呈现人数
ITEM-00059,15,羞耻,True,标准答案选项,9,12,0.75,75.0,12,0.75,75.0,False,按实际呈现人数
ITEM-00059,15,共情痛苦,False,非答案候选选项,1,12,0.08333333333333333,8.333333333333332,2,0.5,50.0,False,按实际呈现人数
ITEM-00059,15,绝望,False,非答案候选选项,1,12,0.08333333333333333,8.333333333333332,5,0.2,20.0,False,按实际呈现人数
ITEM-00059,15,不屑,False,非答案候选选项,0,12,0.0,0.0,2,0.0,0.0,True,按实际呈现人数
ITEM-00059,15,兴奋,False,非答案候选选项,0,12,0.0,0.0,2,0.0,0.0,True,按实际呈现人数
ITEM-00059,15,兴趣,False,非答案候选选项,0,12,0.0,0.0,3,0.0,0.0,True,按实际呈现人数
ITEM-00059,15,内疚,False,非答案候选选项,0,12,0.0,0.0,1,0.0,0.0,True,按实际呈现人数
ITEM-00059,15,冷静,False,非答案候选选项,0,12,0.0,0.0,6,0.0,0.0,True,按实际呈现人数
ITEM-00059,15,厌恶,False,非答案候选选项,0,12,0.0,0.0,1,0.0,0.0,True,按实际呈现人数
ITEM-00059,15,困惑,False,非答案候选选项,0,12,0.0,0.0,2,0.0,0.0,True,按实际呈现人数
ITEM-00059,15,失望,False,非答案候选选项,0,12,0.0,0.0,4,0.0,0.0,True,按实际呈现人数
ITEM-00059,15,好奇,False,非答案候选选项,0,12,0.0,0.0,2,0.0,0.0,True,按实际呈现人数
ITEM-00059,15,委屈,False,非答案候选选项,0,12,0.0,0.0,3,0.0,0.0,True,按实际呈现人数
ITEM-00059,15,嫉妒,False,非答案候选选项,0,12,0.0,0.0,3,0.0,0.0,True,按实际呈现人数
ITEM-00059,15,审美欣赏,False,非答案候选选项,0,12,0.0,0.0,2,0.0,0.0,True,按实际呈现人数
ITEM-00059,15,尴尬,False,非答案候选选项,0,12,0.0,0.0,1,0.0,0.0,True,按实际呈现人数
ITEM-00059,15,崇拜,False,非答案候选选项,0,12,0.0,0.0,3,0.0,0.0,True,按实际呈现人数
ITEM-00059,15,希望,False,非答案候选选项,0,12,0.0,0.0,2,0.0,0.0,True,按实际呈现人数
ITEM-00059,15,平静,False,非答案候选选项,0,12,0.0,0.0,2,0.0,0.0,True,按实际呈现人数
ITEM-00059,15,快乐,False,非答案候选选项,0,12,0.0,0.0,2,0.0,0.0,True,按实际呈现人数
ITEM-00059,15,怀旧,False,非答案候选选项,0,12,0.0,0.0,4,0.0,0.0,True,按实际呈现人数
ITEM-00059,15,恐惧,False,非答案候选选项,0,12,0.0,0.0,2,0.0,0.0,True,按实际呈现人数
ITEM-00059,15,悲伤,False,非答案候选选项,0,12,0.0,0.0,1,0.0,0.0,True,按实际呈现人数
ITEM-00059,15,惊喜,False,非答案候选选项,0,12,0.0,0.0,1,0.0,0.0,True,按实际呈现人数
ITEM-00059,15,惊讶,False,非答案候选选项,0,12,0.0,0.0,2,0.0,0.0,True,按实际呈现人数
ITEM-00059,15,愁闷,False,非答案候选选项,0,12,0.0,0.0,3,0.0,0.0,True,按实际呈现人数
ITEM-00059,15,愉悦,False,非答案候选选项,0,12,0.0,0.0,6,0.0,0.0,True,按实际呈现人数
ITEM-00059,15,感动,False,非答案候选选项,0,12,0.0,0.0,2,0.0,0.0,True,按实际呈现人数
ITEM-00059,15,感激,False,非答案候选选项,0,12,0.0,0.0,2,0.0,0.0,True,按实际呈现人数
ITEM-00059,15,抑郁,False,非答案候选选项,0,12,0.0,0.0,5,0.0,0.0,True,按实际呈现人数
ITEM-00059,15,担忧,False,非答案候选选项,0,12,0.0,0.0,1,0.0,0.0,True,按实际呈现人数
ITEM-00059,15,敌意,False,非答案候选选项,0,12,0.0,0.0,1,0.0,0.0,True,按实际呈现人数
ITEM-00059,15,渴望,False,非答案候选选项,0,12,0.0,0.0,3,0.0,0.0,True,按实际呈现人数
ITEM-00059,15,满足,False,非答案候选选项,0,12,0.0,0.0,2,0.0,0.0,True,按实际呈现人数
ITEM-00059,15,焦虑,False,非答案候选选项,0,12,0.0,0.0,6,0.0,0.0,True,按实际呈现人数
ITEM-00059,15,紧张,False,非答案候选选项,0,12,0.0,0.0,2,0.0,0.0,True,按实际呈现人数
ITEM-00059,15,羡慕,False,非答案候选选项,0,12,0.0,0.0,1,0.0,0.0,True,按实际呈现人数
ITEM-00059,15,自满,False,非答案候选选项,0,12,0.0,0.0,4,0.0,0.0,True,按实际呈现人数
ITEM-00059,15,自豪,False,非答案候选选项,0,12,0.0,0.0,2,0.0,0.0,True,按实际呈现人数
ITEM-00059,15,蔑视,False,非答案候选选项,0,12,0.0,0.0,3,0.0,0.0,True,按实际呈现人数
ITEM-00059,15,遗憾,False,非答案候选选项,0,12,0.0,0.0,1,0.0,0.0,True,按实际呈现人数
ITEM-00059,15,释然,False,非答案候选选项,0,12,0.0,0.0,2,0.0,0.0,True,按实际呈现人数
ITEM-00059,15,震惊,False,非答案候选选项,0,12,0.0,0.0,3,0.0,0.0,True,按实际呈现人数
ITEM-00060,18,冷静,False,非答案候选选项,2,11,0.18181818181818182,18.181818181818183,2,1.0,100.0,False,按实际呈现人数
ITEM-00060,18,希望,False,非答案候选选项,1,11,0.09090909090909091,9.090909090909092,1,1.0,100.0,False,按实际呈现人数
ITEM-00060,18,遗憾,False,非答案候选选项,1,11,0.09090909090909091,9.090909090909092,1,1.0,100.0,False,按实际呈现人数
ITEM-00060,18,感动,False,非答案候选选项,1,11,0.09090909090909091,9.090909090909092,2,0.5,50.0,False,按实际呈现人数
ITEM-00060,18,担忧,False,非答案候选选项,1,11,0.09090909090909091,9.090909090909092,2,0.5,50.0,False,按实际呈现人数
ITEM-00060,18,轻松,False,非答案候选选项,1,11,0.09090909090909091,9.090909090909092,3,0.3333333333333333,33.33333333333333,False,按实际呈现人数
ITEM-00060,18,感激,True,标准答案选项,3,11,0.2727272727272727,27.27272727272727,11,0.2727272727272727,27.27272727272727,False,按实际呈现人数
ITEM-00060,18,共情痛苦,False,非答案候选选项,1,11,0.09090909090909091,9.090909090909092,4,0.25,25.0,False,按实际呈现人数
ITEM-00060,18,不屑,False,非答案候选选项,0,11,0.0,0.0,4,0.0,0.0,True,按实际呈现人数
ITEM-00060,18,兴趣,False,非答案候选选项,0,11,0.0,0.0,1,0.0,0.0,True,按实际呈现人数
ITEM-00060,18,内疚,False,非答案候选选项,0,11,0.0,0.0,1,0.0,0.0,True,按实际呈现人数
ITEM-00060,18,厌倦,False,非答案候选选项,0,11,0.0,0.0,2,0.0,0.0,True,按实际呈现人数
ITEM-00060,18,厌恶,False,非答案候选选项,0,11,0.0,0.0,3,0.0,0.0,True,按实际呈现人数
ITEM-00060,18,困惑,False,非答案候选选项,0,11,0.0,0.0,2,0.0,0.0,True,按实际呈现人数
ITEM-00060,18,失望,False,非答案候选选项,0,11,0.0,0.0,1,0.0,0.0,True,按实际呈现人数
ITEM-00060,18,好奇,False,非答案候选选项,0,11,0.0,0.0,3,0.0,0.0,True,按实际呈现人数
ITEM-00060,18,委屈,False,非答案候选选项,0,11,0.0,0.0,1,0.0,0.0,True,按实际呈现人数
ITEM-00060,18,嫉妒,False,非答案候选选项,0,11,0.0,0.0,4,0.0,0.0,True,按实际呈现人数
ITEM-00060,18,审美欣赏,False,非答案候选选项,0,11,0.0,0.0,3,0.0,0.0,True,按实际呈现人数
ITEM-00060,18,尴尬,False,非答案候选选项,0,11,0.0,0.0,1,0.0,0.0,True,按实际呈现人数
ITEM-00060,18,崇拜,False,非答案候选选项,0,11,0.0,0.0,2,0.0,0.0,True,按实际呈现人数
ITEM-00060,18,快乐,False,非答案候选选项,0,11,0.0,0.0,2,0.0,0.0,True,按实际呈现人数
ITEM-00060,18,怀旧,False,非答案候选选项,0,11,0.0,0.0,2,0.0,0.0,True,按实际呈现人数
ITEM-00060,18,怨恨,False,非答案候选选项,0,11,0.0,0.0,2,0.0,0.0,True,按实际呈现人数
ITEM-00060,18,恐惧,False,非答案候选选项,0,11,0.0,0.0,3,0.0,0.0,True,按实际呈现人数
ITEM-00060,18,悲伤,False,非答案候选选项,0,11,0.0,0.0,2,0.0,0.0,True,按实际呈现人数
ITEM-00060,18,惊喜,False,非答案候选选项,0,11,0.0,0.0,1,0.0,0.0,True,按实际呈现人数
ITEM-00060,18,惊讶,False,非答案候选选项,0,11,0.0,0.0,2,0.0,0.0,True,按实际呈现人数
ITEM-00060,18,愁闷,False,非答案候选选项,0,11,0.0,0.0,3,0.0,0.0,True,按实际呈现人数
ITEM-00060,18,愉悦,False,非答案候选选项,0,11,0.0,0.0,2,0.0,0.0,True,按实际呈现人数
ITEM-00060,18,愤怒,False,非答案候选选项,0,11,0.0,0.0,3,0.0,0.0,True,按实际呈现人数
ITEM-00060,18,抑郁,False,非答案候选选项,0,11,0.0,0.0,3,0.0,0.0,True,按实际呈现人数
ITEM-00060,18,敌意,False,非答案候选选项,0,11,0.0,0.0,3,0.0,0.0,True,按实际呈现人数
ITEM-00060,18,渴望,False,非答案候选选项,0,11,0.0,0.0,2,0.0,0.0,True,按实际呈现人数
ITEM-00060,18,满足,False,非答案候选选项,0,11,0.0,0.0,4,0.0,0.0,True,按实际呈现人数
ITEM-00060,18,烦躁,False,非答案候选选项,0,11,0.0,0.0,1,0.0,0.0,True,按实际呈现人数
ITEM-00060,18,焦虑,False,非答案候选选项,0,11,0.0,0.0,3,0.0,0.0,True,按实际呈现人数
ITEM-00060,18,爱,False,非答案候选选项,0,11,0.0,0.0,2,0.0,0.0,True,按实际呈现人数
ITEM-00060,18,痛苦,False,非答案候选选项,0,11,0.0,0.0,1,0.0,0.0,True,按实际呈现人数
ITEM-00060,18,紧张,False,非答案候选选项,0,11,0.0,0.0,1,0.0,0.0,True,按实际呈现人数
ITEM-00060,18,绝望,False,非答案候选选项,0,11,0.0,0.0,1,0.0,0.0,True,按实际呈现人数
ITEM-00060,18,羞耻,False,非答案候选选项,0,11,0.0,0.0,3,0.0,0.0,True,按实际呈现人数
ITEM-00060,18,羡慕,False,非答案候选选项,0,11,0.0,0.0,1,0.0,0.0,True,按实际呈现人数
ITEM-00060,18,自满,False,非答案候选选项,0,11,0.0,0.0,2,0.0,0.0,True,按实际呈现人数
ITEM-00060,18,自豪,False,非答案候选选项,0,11,0.0,0.0,2,0.0,0.0,True,按实际呈现人数
ITEM-00060,18,释然,False,非答案候选选项,0,11,0.0,0.0,1,0.0,0.0,True,按实际呈现人数
ITEM-00060,18,震惊,False,非答案候选选项,0,11,0.0,0.0,4,0.0,0.0,True,按实际呈现人数
ITEM-00061,109,惊喜,False,非答案候选选项,2,18,0.1111111111111111,11.11111111111111,2,1.0,100.0,False,按实际呈现人数
ITEM-00061,109,渴望,False,非答案候选选项,3,18,0.16666666666666666,16.666666666666664,3,1.0,100.0,False,按实际呈现人数
ITEM-00061,109,满足,False,非答案候选选项,4,18,0.2222222222222222,22.22222222222222,4,1.0,100.0,False,按实际呈现人数
ITEM-00061,109,爱,False,非答案候选选项,2,18,0.1111111111111111,11.11111111111111,2,1.0,100.0,False,按实际呈现人数
ITEM-00061,109,快乐,True,标准答案选项,17,18,0.9444444444444444,94.44444444444444,18,0.9444444444444444,94.44444444444444,False,按实际呈现人数
ITEM-00061,109,愉悦,True,标准答案选项,17,18,0.9444444444444444,94.44444444444444,18,0.9444444444444444,94.44444444444444,False,按实际呈现人数
ITEM-00061,109,兴奋,False,非答案候选选项,2,18,0.1111111111111111,11.11111111111111,3,0.6666666666666666,66.66666666666666,False,按实际呈现人数
ITEM-00061,109,兴趣,False,非答案候选选项,2,18,0.1111111111111111,11.11111111111111,3,0.6666666666666666,66.66666666666666,False,按实际呈现人数
ITEM-00061,109,自豪,False,非答案候选选项,2,18,0.1111111111111111,11.11111111111111,4,0.5,50.0,False,按实际呈现人数
ITEM-00061,109,轻松,False,非答案候选选项,2,18,0.1111111111111111,11.11111111111111,4,0.5,50.0,False,按实际呈现人数
ITEM-00061,109,羡慕,False,非答案候选选项,1,18,0.05555555555555555,5.555555555555555,3,0.3333333333333333,33.33333333333333,False,按实际呈现人数
ITEM-00061,109,崇拜,False,非答案候选选项,1,18,0.05555555555555555,5.555555555555555,5,0.2,20.0,False,按实际呈现人数
ITEM-00061,109,希望,False,非答案候选选项,1,18,0.05555555555555555,5.555555555555555,5,0.2,20.0,False,按实际呈现人数
ITEM-00061,109,不屑,False,非答案候选选项,0,18,0.0,0.0,3,0.0,0.0,True,按实际呈现人数
ITEM-00061,109,共情痛苦,False,非答案候选选项,0,18,0.0,0.0,5,0.0,0.0,True,按实际呈现人数
ITEM-00061,109,内疚,False,非答案候选选项,0,18,0.0,0.0,1,0.0,0.0,True,按实际呈现人数
ITEM-00061,109,冷静,False,非答案候选选项,0,18,0.0,0.0,2,0.0,0.0,True,按实际呈现人数
ITEM-00061,109,厌倦,False,非答案候选选项,0,18,0.0,0.0,3,0.0,0.0,True,按实际呈现人数
ITEM-00061,109,厌恶,False,非答案候选选项,0,18,0.0,0.0,3,0.0,0.0,True,按实际呈现人数
ITEM-00061,109,困惑,False,非答案候选选项,0,18,0.0,0.0,3,0.0,0.0,True,按实际呈现人数
ITEM-00061,109,失望,False,非答案候选选项,0,18,0.0,0.0,2,0.0,0.0,True,按实际呈现人数
ITEM-00061,109,好奇,False,非答案候选选项,0,18,0.0,0.0,2,0.0,0.0,True,按实际呈现人数
ITEM-00061,109,委屈,False,非答案候选选项,0,18,0.0,0.0,4,0.0,0.0,True,按实际呈现人数
ITEM-00061,109,嫉妒,False,非答案候选选项,0,18,0.0,0.0,3,0.0,0.0,True,按实际呈现人数
ITEM-00061,109,审美欣赏,False,非答案候选选项,0,18,0.0,0.0,3,0.0,0.0,True,按实际呈现人数
ITEM-00061,109,尴尬,False,非答案候选选项,0,18,0.0,0.0,3,0.0,0.0,True,按实际呈现人数
ITEM-00061,109,平静,False,非答案候选选项,0,18,0.0,0.0,1,0.0,0.0,True,按实际呈现人数
ITEM-00061,109,怀旧,False,非答案候选选项,0,18,0.0,0.0,4,0.0,0.0,True,按实际呈现人数
ITEM-00061,109,怨恨,False,非答案候选选项,0,18,0.0,0.0,1,0.0,0.0,True,按实际呈现人数
ITEM-00061,109,恐惧,False,非答案候选选项,0,18,0.0,0.0,6,0.0,0.0,True,按实际呈现人数
ITEM-00061,109,悲伤,False,非答案候选选项,0,18,0.0,0.0,3,0.0,0.0,True,按实际呈现人数
ITEM-00061,109,惊讶,False,非答案候选选项,0,18,0.0,0.0,3,0.0,0.0,True,按实际呈现人数
ITEM-00061,109,愁闷,False,非答案候选选项,0,18,0.0,0.0,1,0.0,0.0,True,按实际呈现人数
ITEM-00061,109,感动,False,非答案候选选项,0,18,0.0,0.0,4,0.0,0.0,True,按实际呈现人数
ITEM-00061,109,感激,False,非答案候选选项,0,18,0.0,0.0,3,0.0,0.0,True,按实际呈现人数
ITEM-00061,109,愤怒,False,非答案候选选项,0,18,0.0,0.0,3,0.0,0.0,True,按实际呈现人数
ITEM-00061,109,抑郁,False,非答案候选选项,0,18,0.0,0.0,4,0.0,0.0,True,按实际呈现人数
ITEM-00061,109,担忧,False,非答案候选选项,0,18,0.0,0.0,4,0.0,0.0,True,按实际呈现人数
ITEM-00061,109,敌意,False,非答案候选选项,0,18,0.0,0.0,2,0.0,0.0,True,按实际呈现人数
ITEM-00061,109,烦躁,False,非答案候选选项,0,18,0.0,0.0,4,0.0,0.0,True,按实际呈现人数
ITEM-00061,109,焦虑,False,非答案候选选项,0,18,0.0,0.0,3,0.0,0.0,True,按实际呈现人数
ITEM-00061,109,痛苦,False,非答案候选选项,0,18,0.0,0.0,3,0.0,0.0,True,按实际呈现人数
ITEM-00061,109,紧张,False,非答案候选选项,0,18,0.0,0.0,2,0.0,0.0,True,按实际呈现人数
ITEM-00061,109,绝望,False,非答案候选选项,0,18,0.0,0.0,1,0.0,0.0,True,按实际呈现人数
ITEM-00061,109,羞耻,False,非答案候选选项,0,18,0.0,0.0,2,0.0,0.0,True,按实际呈现人数
ITEM-00061,109,自满,False,非答案候选选项,0,18,0.0,0.0,2,0.0,0.0,True,按实际呈现人数
ITEM-00061,109,蔑视,False,非答案候选选项,0,18,0.0,0.0,4,0.0,0.0,True,按实际呈现人数
ITEM-00061,109,遗憾,False,非答案候选选项,0,18,0.0,0.0,3,0.0,0.0,True,按实际呈现人数
ITEM-00061,109,释然,False,非答案候选选项,0,18,0.0,0.0,1,0.0,0.0,True,按实际呈现人数
ITEM-00061,109,震惊,False,非答案候选选项,0,18,0.0,0.0,5,0.0,0.0,True,按实际呈现人数
ITEM-00062,23,快乐,False,非答案候选选项,1,10,0.1,10.0,1,1.0,100.0,False,按实际呈现人数
ITEM-00062,23,惊喜,True,标准答案选项,8,10,0.8,80.0,10,0.8,80.0,False,按实际呈现人数
ITEM-00062,23,爱,False,非答案候选选项,1,10,0.1,10.0,2,0.5,50.0,False,按实际呈现人数
ITEM-00062,23,不屑,False,非答案候选选项,0,10,0.0,0.0,1,0.0,0.0,True,按实际呈现人数
ITEM-00062,23,兴奋,False,非答案候选选项,0,10,0.0,0.0,2,0.0,0.0,True,按实际呈现人数
ITEM-00062,23,兴趣,False,非答案候选选项,0,10,0.0,0.0,3,0.0,0.0,True,按实际呈现人数
ITEM-00062,23,内疚,False,非答案候选选项,0,10,0.0,0.0,3,0.0,0.0,True,按实际呈现人数
ITEM-00062,23,冷静,False,非答案候选选项,0,10,0.0,0.0,1,0.0,0.0,True,按实际呈现人数
ITEM-00062,23,厌倦,False,非答案候选选项,0,10,0.0,0.0,2,0.0,0.0,True,按实际呈现人数
ITEM-00062,23,厌恶,False,非答案候选选项,0,10,0.0,0.0,1,0.0,0.0,True,按实际呈现人数
ITEM-00062,23,困惑,False,非答案候选选项,0,10,0.0,0.0,3,0.0,0.0,True,按实际呈现人数
ITEM-00062,23,失望,False,非答案候选选项,0,10,0.0,0.0,2,0.0,0.0,True,按实际呈现人数
ITEM-00062,23,好奇,False,非答案候选选项,0,10,0.0,0.0,1,0.0,0.0,True,按实际呈现人数
ITEM-00062,23,委屈,False,非答案候选选项,0,10,0.0,0.0,2,0.0,0.0,True,按实际呈现人数
ITEM-00062,23,嫉妒,False,非答案候选选项,0,10,0.0,0.0,1,0.0,0.0,True,按实际呈现人数
ITEM-00062,23,审美欣赏,False,非答案候选选项,0,10,0.0,0.0,3,0.0,0.0,True,按实际呈现人数
ITEM-00062,23,尴尬,False,非答案候选选项,0,10,0.0,0.0,3,0.0,0.0,True,按实际呈现人数
ITEM-00062,23,希望,False,非答案候选选项,0,10,0.0,0.0,4,0.0,0.0,True,按实际呈现人数
ITEM-00062,23,平静,False,非答案候选选项,0,10,0.0,0.0,3,0.0,0.0,True,按实际呈现人数
ITEM-00062,23,怀旧,False,非答案候选选项,0,10,0.0,0.0,2,0.0,0.0,True,按实际呈现人数
ITEM-00062,23,怨恨,False,非答案候选选项,0,10,0.0,0.0,2,0.0,0.0,True,按实际呈现人数
ITEM-00062,23,悲伤,False,非答案候选选项,0,10,0.0,0.0,2,0.0,0.0,True,按实际呈现人数
ITEM-00062,23,惊讶,False,非答案候选选项,0,10,0.0,0.0,1,0.0,0.0,True,按实际呈现人数
ITEM-00062,23,愁闷,False,非答案候选选项,0,10,0.0,0.0,4,0.0,0.0,True,按实际呈现人数
ITEM-00062,23,愉悦,False,非答案候选选项,0,10,0.0,0.0,3,0.0,0.0,True,按实际呈现人数
ITEM-00062,23,抑郁,False,非答案候选选项,0,10,0.0,0.0,1,0.0,0.0,True,按实际呈现人数
ITEM-00062,23,担忧,False,非答案候选选项,0,10,0.0,0.0,1,0.0,0.0,True,按实际呈现人数
ITEM-00062,23,敌意,False,非答案候选选项,0,10,0.0,0.0,1,0.0,0.0,True,按实际呈现人数
ITEM-00062,23,渴望,False,非答案候选选项,0,10,0.0,0.0,4,0.0,0.0,True,按实际呈现人数
ITEM-00062,23,满足,False,非答案候选选项,0,10,0.0,0.0,1,0.0,0.0,True,按实际呈现人数
ITEM-00062,23,烦躁,False,非答案候选选项,0,10,0.0,0.0,2,0.0,0.0,True,按实际呈现人数
ITEM-00062,23,焦虑,False,非答案候选选项,0,10,0.0,0.0,2,0.0,0.0,True,按实际呈现人数
ITEM-00062,23,痛苦,False,非答案候选选项,0,10,0.0,0.0,3,0.0,0.0,True,按实际呈现人数
ITEM-00062,23,紧张,False,非答案候选选项,0,10,0.0,0.0,1,0.0,0.0,True,按实际呈现人数
ITEM-00062,23,绝望,False,非答案候选选项,0,10,0.0,0.0,2,0.0,0.0,True,按实际呈现人数
ITEM-00062,23,羞耻,False,非答案候选选项,0,10,0.0,0.0,2,0.0,0.0,True,按实际呈现人数
ITEM-00062,23,羡慕,False,非答案候选选项,0,10,0.0,0.0,3,0.0,0.0,True,按实际呈现人数
ITEM-00062,23,自满,False,非答案候选选项,0,10,0.0,0.0,2,0.0,0.0,True,按实际呈现人数
ITEM-00062,23,蔑视,False,非答案候选选项,0,10,0.0,0.0,4,0.0,0.0,True,按实际呈现人数
ITEM-00062,23,轻松,False,非答案候选选项,0,10,0.0,0.0,1,0.0,0.0,True,按实际呈现人数
ITEM-00062,23,遗憾,False,非答案候选选项,0,10,0.0,0.0,2,0.0,0.0,True,按实际呈现人数
ITEM-00062,23,释然,False,非答案候选选项,0,10,0.0,0.0,4,0.0,0.0,True,按实际呈现人数
ITEM-00062,23,震惊,False,非答案候选选项,0,10,0.0,0.0,2,0.0,0.0,True,按实际呈现人数
ITEM-00063,110,希望,False,非答案候选选项,2,16,0.125,12.5,2,1.0,100.0,False,按实际呈现人数
ITEM-00063,110,爱,False,非答案候选选项,1,16,0.0625,6.25,1,1.0,100.0,False,按实际呈现人数
ITEM-00063,110,自豪,False,非答案候选选项,1,16,0.0625,6.25,1,1.0,100.0,False,按实际呈现人数
ITEM-00063,110,快乐,False,非答案候选选项,2,16,0.125,12.5,3,0.6666666666666666,66.66666666666666,False,按实际呈现人数
ITEM-00063,110,愉悦,True,标准答案选项,10,16,0.625,62.5,16,0.625,62.5,False,按实际呈现人数
ITEM-00063,110,渴望,False,非答案候选选项,3,16,0.1875,18.75,5,0.6,60.0,False,按实际呈现人数
ITEM-00063,110,感动,False,非答案候选选项,1,16,0.0625,6.25,2,0.5,50.0,False,按实际呈现人数
ITEM-00063,110,轻松,True,标准答案选项,8,16,0.5,50.0,16,0.5,50.0,False,按实际呈现人数
ITEM-00063,110,审美欣赏,False,非答案候选选项,2,16,0.125,12.5,6,0.3333333333333333,33.33333333333333,False,按实际呈现人数
ITEM-00063,110,崇拜,False,非答案候选选项,2,16,0.125,12.5,6,0.3333333333333333,33.33333333333333,False,按实际呈现人数
ITEM-00063,110,好奇,False,非答案候选选项,1,16,0.0625,6.25,4,0.25,25.0,False,按实际呈现人数
ITEM-00063,110,羡慕,False,非答案候选选项,1,16,0.0625,6.25,4,0.25,25.0,False,按实际呈现人数
ITEM-00063,110,惊喜,False,非答案候选选项,1,16,0.0625,6.25,5,0.2,20.0,False,按实际呈现人数
ITEM-00063,110,不屑,False,非答案候选选项,0,16,0.0,0.0,3,0.0,0.0,True,按实际呈现人数
ITEM-00063,110,共情痛苦,False,非答案候选选项,0,16,0.0,0.0,4,0.0,0.0,True,按实际呈现人数
ITEM-00063,110,兴奋,False,非答案候选选项,0,16,0.0,0.0,4,0.0,0.0,True,按实际呈现人数
ITEM-00063,110,兴趣,False,非答案候选选项,0,16,0.0,0.0,4,0.0,0.0,True,按实际呈现人数
ITEM-00063,110,内疚,False,非答案候选选项,0,16,0.0,0.0,4,0.0,0.0,True,按实际呈现人数
ITEM-00063,110,冷静,False,非答案候选选项,0,16,0.0,0.0,1,0.0,0.0,True,按实际呈现人数
ITEM-00063,110,厌恶,False,非答案候选选项,0,16,0.0,0.0,4,0.0,0.0,True,按实际呈现人数
ITEM-00063,110,困惑,False,非答案候选选项,0,16,0.0,0.0,3,0.0,0.0,True,按实际呈现人数
ITEM-00063,110,失望,False,非答案候选选项,0,16,0.0,0.0,4,0.0,0.0,True,按实际呈现人数
ITEM-00063,110,委屈,False,非答案候选选项,0,16,0.0,0.0,2,0.0,0.0,True,按实际呈现人数
ITEM-00063,110,嫉妒,False,非答案候选选项,0,16,0.0,0.0,1,0.0,0.0,True,按实际呈现人数
ITEM-00063,110,尴尬,False,非答案候选选项,0,16,0.0,0.0,2,0.0,0.0,True,按实际呈现人数
ITEM-00063,110,平静,False,非答案候选选项,0,16,0.0,0.0,2,0.0,0.0,True,按实际呈现人数
ITEM-00063,110,怀旧,False,非答案候选选项,0,16,0.0,0.0,2,0.0,0.0,True,按实际呈现人数
ITEM-00063,110,怨恨,False,非答案候选选项,0,16,0.0,0.0,3,0.0,0.0,True,按实际呈现人数
ITEM-00063,110,恐惧,False,非答案候选选项,0,16,0.0,0.0,3,0.0,0.0,True,按实际呈现人数
ITEM-00063,110,悲伤,False,非答案候选选项,0,16,0.0,0.0,1,0.0,0.0,True,按实际呈现人数
ITEM-00063,110,惊讶,False,非答案候选选项,0,16,0.0,0.0,3,0.0,0.0,True,按实际呈现人数
ITEM-00063,110,愁闷,False,非答案候选选项,0,16,0.0,0.0,1,0.0,0.0,True,按实际呈现人数
ITEM-00063,110,感激,False,非答案候选选项,0,16,0.0,0.0,3,0.0,0.0,True,按实际呈现人数
ITEM-00063,110,愤怒,False,非答案候选选项,0,16,0.0,0.0,3,0.0,0.0,True,按实际呈现人数
ITEM-00063,110,抑郁,False,非答案候选选项,0,16,0.0,0.0,2,0.0,0.0,True,按实际呈现人数
ITEM-00063,110,担忧,False,非答案候选选项,0,16,0.0,0.0,3,0.0,0.0,True,按实际呈现人数
ITEM-00063,110,敌意,False,非答案候选选项,0,16,0.0,0.0,2,0.0,0.0,True,按实际呈现人数
ITEM-00063,110,满足,False,非答案候选选项,0,16,0.0,0.0,1,0.0,0.0,True,按实际呈现人数
ITEM-00063,110,烦躁,False,非答案候选选项,0,16,0.0,0.0,3,0.0,0.0,True,按实际呈现人数
ITEM-00063,110,焦虑,False,非答案候选选项,0,16,0.0,0.0,2,0.0,0.0,True,按实际呈现人数
ITEM-00063,110,痛苦,False,非答案候选选项,0,16,0.0,0.0,1,0.0,0.0,True,按实际呈现人数
ITEM-00063,110,紧张,False,非答案候选选项,0,16,0.0,0.0,2,0.0,0.0,True,按实际呈现人数
ITEM-00063,110,绝望,False,非答案候选选项,0,16,0.0,0.0,4,0.0,0.0,True,按实际呈现人数
ITEM-00063,110,羞耻,False,非答案候选选项,0,16,0.0,0.0,3,0.0,0.0,True,按实际呈现人数
ITEM-00063,110,自满,False,非答案候选选项,0,16,0.0,0.0,1,0.0,0.0,True,按实际呈现人数
ITEM-00063,110,蔑视,False,非答案候选选项,0,16,0.0,0.0,5,0.0,0.0,True,按实际呈现人数
ITEM-00063,110,遗憾,False,非答案候选选项,0,16,0.0,0.0,2,0.0,0.0,True,按实际呈现人数
ITEM-00063,110,释然,False,非答案候选选项,0,16,0.0,0.0,1,0.0,0.0,True,按实际呈现人数
ITEM-00064,111,兴奋,False,非答案候选选项,1,18,0.05555555555555555,5.555555555555555,1,1.0,100.0,False,按实际呈现人数
ITEM-00064,111,惊喜,False,非答案候选选项,2,18,0.1111111111111111,11.11111111111111,2,1.0,100.0,False,按实际呈现人数
ITEM-00064,111,感动,False,非答案候选选项,2,18,0.1111111111111111,11.11111111111111,3,0.6666666666666666,66.66666666666666,False,按实际呈现人数
ITEM-00064,111,渴望,False,非答案候选选项,2,18,0.1111111111111111,11.11111111111111,3,0.6666666666666666,66.66666666666666,False,按实际呈现人数
ITEM-00064,111,愉悦,True,标准答案选项,10,18,0.5555555555555556,55.55555555555556,18,0.5555555555555556,55.55555555555556,False,按实际呈现人数
ITEM-00064,111,快乐,False,非答案候选选项,1,18,0.05555555555555555,5.555555555555555,2,0.5,50.0,False,按实际呈现人数
ITEM-00064,111,感激,False,非答案候选选项,1,18,0.05555555555555555,5.555555555555555,2,0.5,50.0,False,按实际呈现人数
ITEM-00064,111,羡慕,False,非答案候选选项,1,18,0.05555555555555555,5.555555555555555,2,0.5,50.0,False,按实际呈现人数
ITEM-00064,111,释然,True,标准答案选项,7,18,0.3888888888888889,38.88888888888889,18,0.3888888888888889,38.88888888888889,False,按实际呈现人数
ITEM-00064,111,兴趣,False,非答案候选选项,1,18,0.05555555555555555,5.555555555555555,3,0.3333333333333333,33.33333333333333,False,按实际呈现人数
ITEM-00064,111,震惊,False,非答案候选选项,1,18,0.05555555555555555,5.555555555555555,3,0.3333333333333333,33.33333333333333,False,按实际呈现人数
ITEM-00064,111,厌倦,False,非答案候选选项,1,18,0.05555555555555555,5.555555555555555,4,0.25,25.0,False,按实际呈现人数
ITEM-00064,111,好奇,False,非答案候选选项,1,18,0.05555555555555555,5.555555555555555,4,0.25,25.0,False,按实际呈现人数
ITEM-00064,111,希望,False,非答案候选选项,1,18,0.05555555555555555,5.555555555555555,4,0.25,25.0,False,按实际呈现人数
ITEM-00064,111,惊讶,False,非答案候选选项,1,18,0.05555555555555555,5.555555555555555,4,0.25,25.0,False,按实际呈现人数
ITEM-00064,111,烦躁,False,非答案候选选项,1,18,0.05555555555555555,5.555555555555555,4,0.25,25.0,False,按实际呈现人数
ITEM-00064,111,爱,False,非答案候选选项,1,18,0.05555555555555555,5.555555555555555,6,0.16666666666666666,16.666666666666664,False,按实际呈现人数
ITEM-00064,111,审美欣赏,False,非答案候选选项,1,18,0.05555555555555555,5.555555555555555,7,0.14285714285714285,14.285714285714285,False,按实际呈现人数
ITEM-00064,111,不屑,False,非答案候选选项,0,18,0.0,0.0,3,0.0,0.0,True,按实际呈现人数
ITEM-00064,111,内疚,False,非答案候选选项,0,18,0.0,0.0,1,0.0,0.0,True,按实际呈现人数
ITEM-00064,111,冷静,False,非答案候选选项,0,18,0.0,0.0,5,0.0,0.0,True,按实际呈现人数
ITEM-00064,111,厌恶,False,非答案候选选项,0,18,0.0,0.0,3,0.0,0.0,True,按实际呈现人数
ITEM-00064,111,困惑,False,非答案候选选项,0,18,0.0,0.0,5,0.0,0.0,True,按实际呈现人数
ITEM-00064,111,失望,False,非答案候选选项,0,18,0.0,0.0,1,0.0,0.0,True,按实际呈现人数
ITEM-00064,111,委屈,False,非答案候选选项,0,18,0.0,0.0,2,0.0,0.0,True,按实际呈现人数
ITEM-00064,111,嫉妒,False,非答案候选选项,0,18,0.0,0.0,2,0.0,0.0,True,按实际呈现人数
ITEM-00064,111,尴尬,False,非答案候选选项,0,18,0.0,0.0,3,0.0,0.0,True,按实际呈现人数
ITEM-00064,111,崇拜,False,非答案候选选项,0,18,0.0,0.0,3,0.0,0.0,True,按实际呈现人数
ITEM-00064,111,平静,False,非答案候选选项,0,18,0.0,0.0,4,0.0,0.0,True,按实际呈现人数
ITEM-00064,111,怀旧,False,非答案候选选项,0,18,0.0,0.0,2,0.0,0.0,True,按实际呈现人数
ITEM-00064,111,怨恨,False,非答案候选选项,0,18,0.0,0.0,7,0.0,0.0,True,按实际呈现人数
ITEM-00064,111,恐惧,False,非答案候选选项,0,18,0.0,0.0,2,0.0,0.0,True,按实际呈现人数
ITEM-00064,111,悲伤,False,非答案候选选项,0,18,0.0,0.0,2,0.0,0.0,True,按实际呈现人数
ITEM-00064,111,愁闷,False,非答案候选选项,0,18,0.0,0.0,3,0.0,0.0,True,按实际呈现人数
ITEM-00064,111,愤怒,False,非答案候选选项,0,18,0.0,0.0,3,0.0,0.0,True,按实际呈现人数
ITEM-00064,111,抑郁,False,非答案候选选项,0,18,0.0,0.0,5,0.0,0.0,True,按实际呈现人数
ITEM-00064,111,担忧,False,非答案候选选项,0,18,0.0,0.0,5,0.0,0.0,True,按实际呈现人数
ITEM-00064,111,敌意,False,非答案候选选项,0,18,0.0,0.0,4,0.0,0.0,True,按实际呈现人数
ITEM-00064,111,满足,False,非答案候选选项,0,18,0.0,0.0,1,0.0,0.0,True,按实际呈现人数
ITEM-00064,111,焦虑,False,非答案候选选项,0,18,0.0,0.0,3,0.0,0.0,True,按实际呈现人数
ITEM-00064,111,痛苦,False,非答案候选选项,0,18,0.0,0.0,2,0.0,0.0,True,按实际呈现人数
ITEM-00064,111,紧张,False,非答案候选选项,0,18,0.0,0.0,2,0.0,0.0,True,按实际呈现人数
ITEM-00064,111,绝望,False,非答案候选选项,0,18,0.0,0.0,5,0.0,0.0,True,按实际呈现人数
ITEM-00064,111,羞耻,False,非答案候选选项,0,18,0.0,0.0,1,0.0,0.0,True,按实际呈现人数
ITEM-00064,111,自满,False,非答案候选选项,0,18,0.0,0.0,1,0.0,0.0,True,按实际呈现人数
ITEM-00064,111,自豪,False,非答案候选选项,0,18,0.0,0.0,3,0.0,0.0,True,按实际呈现人数
ITEM-00064,111,蔑视,False,非答案候选选项,0,18,0.0,0.0,2,0.0,0.0,True,按实际呈现人数
ITEM-00064,111,轻松,False,非答案候选选项,0,18,0.0,0.0,3,0.0,0.0,True,按实际呈现人数
ITEM-00064,111,遗憾,False,非答案候选选项,0,18,0.0,0.0,2,0.0,0.0,True,按实际呈现人数
ITEM-00065,112,共情痛苦,False,非答案候选选项,1,20,0.05,5.0,1,1.0,100.0,False,按实际呈现人数
ITEM-00065,112,内疚,False,非答案候选选项,2,20,0.1,10.0,2,1.0,100.0,False,按实际呈现人数
ITEM-00065,112,悲伤,True,标准答案选项,15,20,0.75,75.0,20,0.75,75.0,False,按实际呈现人数
ITEM-00065,112,遗憾,True,标准答案选项,12,20,0.6,60.0,20,0.6,60.0,False,按实际呈现人数
ITEM-00065,112,抑郁,False,非答案候选选项,4,20,0.2,20.0,8,0.5,50.0,False,按实际呈现人数
ITEM-00065,112,担忧,False,非答案候选选项,2,20,0.1,10.0,4,0.5,50.0,False,按实际呈现人数
ITEM-00065,112,怨恨,False,非答案候选选项,1,20,0.05,5.0,3,0.3333333333333333,33.33333333333333,False,按实际呈现人数
ITEM-00065,112,焦虑,False,非答案候选选项,1,20,0.05,5.0,3,0.3333333333333333,33.33333333333333,False,按实际呈现人数
ITEM-00065,112,紧张,False,非答案候选选项,1,20,0.05,5.0,4,0.25,25.0,False,按实际呈现人数
ITEM-00065,112,释然,True,标准答案选项,5,20,0.25,25.0,20,0.25,25.0,False,按实际呈现人数
ITEM-00065,112,厌倦,False,非答案候选选项,1,20,0.05,5.0,5,0.2,20.0,False,按实际呈现人数
ITEM-00065,112,感动,True,标准答案选项,3,20,0.15,15.0,20,0.15,15.0,False,按实际呈现人数
ITEM-00065,112,不屑,False,非答案候选选项,0,20,0.0,0.0,3,0.0,0.0,True,按实际呈现人数
ITEM-00065,112,兴奋,False,非答案候选选项,0,20,0.0,0.0,3,0.0,0.0,True,按实际呈现人数
ITEM-00065,112,冷静,False,非答案候选选项,0,20,0.0,0.0,2,0.0,0.0,True,按实际呈现人数
ITEM-00065,112,厌恶,False,非答案候选选项,0,20,0.0,0.0,2,0.0,0.0,True,按实际呈现人数
ITEM-00065,112,困惑,False,非答案候选选项,0,20,0.0,0.0,1,0.0,0.0,True,按实际呈现人数
ITEM-00065,112,失望,False,非答案候选选项,0,20,0.0,0.0,1,0.0,0.0,True,按实际呈现人数
ITEM-00065,112,好奇,False,非答案候选选项,0,20,0.0,0.0,3,0.0,0.0,True,按实际呈现人数
ITEM-00065,112,委屈,False,非答案候选选项,0,20,0.0,0.0,1,0.0,0.0,True,按实际呈现人数
ITEM-00065,112,嫉妒,False,非答案候选选项,0,20,0.0,0.0,2,0.0,0.0,True,按实际呈现人数
ITEM-00065,112,审美欣赏,False,非答案候选选项,0,20,0.0,0.0,6,0.0,0.0,True,按实际呈现人数
ITEM-00065,112,尴尬,False,非答案候选选项,0,20,0.0,0.0,3,0.0,0.0,True,按实际呈现人数
ITEM-00065,112,崇拜,False,非答案候选选项,0,20,0.0,0.0,3,0.0,0.0,True,按实际呈现人数
ITEM-00065,112,希望,False,非答案候选选项,0,20,0.0,0.0,1,0.0,0.0,True,按实际呈现人数
ITEM-00065,112,平静,False,非答案候选选项,0,20,0.0,0.0,5,0.0,0.0,True,按实际呈现人数
ITEM-00065,112,快乐,False,非答案候选选项,0,20,0.0,0.0,1,0.0,0.0,True,按实际呈现人数
ITEM-00065,112,怀旧,False,非答案候选选项,0,20,0.0,0.0,3,0.0,0.0,True,按实际呈现人数
ITEM-00065,112,惊喜,False,非答案候选选项,0,20,0.0,0.0,3,0.0,0.0,True,按实际呈现人数
ITEM-00065,112,惊讶,False,非答案候选选项,0,20,0.0,0.0,2,0.0,0.0,True,按实际呈现人数
ITEM-00065,112,愁闷,False,非答案候选选项,0,20,0.0,0.0,2,0.0,0.0,True,按实际呈现人数
ITEM-00065,112,愉悦,False,非答案候选选项,0,20,0.0,0.0,5,0.0,0.0,True,按实际呈现人数
ITEM-00065,112,感激,False,非答案候选选项,0,20,0.0,0.0,4,0.0,0.0,True,按实际呈现人数
ITEM-00065,112,敌意,False,非答案候选选项,0,20,0.0,0.0,1,0.0,0.0,True,按实际呈现人数
ITEM-00065,112,渴望,False,非答案候选选项,0,20,0.0,0.0,2,0.0,0.0,True,按实际呈现人数
ITEM-00065,112,满足,False,非答案候选选项,0,20,0.0,0.0,2,0.0,0.0,True,按实际呈现人数
ITEM-00065,112,烦躁,False,非答案候选选项,0,20,0.0,0.0,2,0.0,0.0,True,按实际呈现人数
ITEM-00065,112,爱,False,非答案候选选项,0,20,0.0,0.0,2,0.0,0.0,True,按实际呈现人数
ITEM-00065,112,痛苦,False,非答案候选选项,0,20,0.0,0.0,2,0.0,0.0,True,按实际呈现人数
ITEM-00065,112,绝望,False,非答案候选选项,0,20,0.0,0.0,4,0.0,0.0,True,按实际呈现人数
ITEM-00065,112,羞耻,False,非答案候选选项,0,20,0.0,0.0,3,0.0,0.0,True,按实际呈现人数
ITEM-00065,112,羡慕,False,非答案候选选项,0,20,0.0,0.0,3,0.0,0.0,True,按实际呈现人数
ITEM-00065,112,自满,False,非答案候选选项,0,20,0.0,0.0,3,0.0,0.0,True,按实际呈现人数
ITEM-00065,112,自豪,False,非答案候选选项,0,20,0.0,0.0,5,0.0,0.0,True,按实际呈现人数
ITEM-00065,112,蔑视,False,非答案候选选项,0,20,0.0,0.0,1,0.0,0.0,True,按实际呈现人数
ITEM-00065,112,轻松,False,非答案候选选项,0,20,0.0,0.0,2,0.0,0.0,True,按实际呈现人数
ITEM-00065,112,震惊,False,非答案候选选项,0,20,0.0,0.0,2,0.0,0.0,True,按实际呈现人数
ITEM-00066,113,怨恨,False,非答案候选选项,1,17,0.058823529411764705,5.88235294117647,1,1.0,100.0,False,按实际呈现人数
ITEM-00066,113,悲伤,True,标准答案选项,14,17,0.8235294117647058,82.35294117647058,17,0.8235294117647058,82.35294117647058,False,按实际呈现人数
ITEM-00066,113,痛苦,True,标准答案选项,13,17,0.7647058823529411,76.47058823529412,17,0.7647058823529411,76.47058823529412,False,按实际呈现人数
ITEM-00066,113,恐惧,False,非答案候选选项,2,17,0.11764705882352941,11.76470588235294,3,0.6666666666666666,66.66666666666666,False,按实际呈现人数
ITEM-00066,113,绝望,True,标准答案选项,11,17,0.6470588235294118,64.70588235294117,17,0.6470588235294118,64.70588235294117,False,按实际呈现人数
ITEM-00066,113,担忧,False,非答案候选选项,2,17,0.11764705882352941,11.76470588235294,4,0.5,50.0,False,按实际呈现人数
ITEM-00066,113,焦虑,False,非答案候选选项,1,17,0.058823529411764705,5.88235294117647,3,0.3333333333333333,33.33333333333333,False,按实际呈现人数
ITEM-00066,113,愁闷,False,非答案候选选项,1,17,0.058823529411764705,5.88235294117647,4,0.25,25.0,False,按实际呈现人数
ITEM-00066,113,渴望,True,标准答案选项,3,17,0.17647058823529413,17.647058823529413,17,0.17647058823529413,17.647058823529413,False,按实际呈现人数
ITEM-00066,113,不屑,False,非答案候选选项,0,17,0.0,0.0,5,0.0,0.0,True,按实际呈现人数
ITEM-00066,113,共情痛苦,False,非答案候选选项,0,17,0.0,0.0,3,0.0,0.0,True,按实际呈现人数
ITEM-00066,113,兴趣,False,非答案候选选项,0,17,0.0,0.0,3,0.0,0.0,True,按实际呈现人数
ITEM-00066,113,内疚,False,非答案候选选项,0,17,0.0,0.0,3,0.0,0.0,True,按实际呈现人数
ITEM-00066,113,冷静,False,非答案候选选项,0,17,0.0,0.0,2,0.0,0.0,True,按实际呈现人数
ITEM-00066,113,厌倦,False,非答案候选选项,0,17,0.0,0.0,1,0.0,0.0,True,按实际呈现人数
ITEM-00066,113,厌恶,False,非答案候选选项,0,17,0.0,0.0,3,0.0,0.0,True,按实际呈现人数
ITEM-00066,113,困惑,False,非答案候选选项,0,17,0.0,0.0,1,0.0,0.0,True,按实际呈现人数
ITEM-00066,113,失望,False,非答案候选选项,0,17,0.0,0.0,3,0.0,0.0,True,按实际呈现人数
ITEM-00066,113,好奇,False,非答案候选选项,0,17,0.0,0.0,4,0.0,0.0,True,按实际呈现人数
ITEM-00066,113,委屈,False,非答案候选选项,0,17,0.0,0.0,1,0.0,0.0,True,按实际呈现人数
ITEM-00066,113,嫉妒,False,非答案候选选项,0,17,0.0,0.0,2,0.0,0.0,True,按实际呈现人数
ITEM-00066,113,审美欣赏,False,非答案候选选项,0,17,0.0,0.0,2,0.0,0.0,True,按实际呈现人数
ITEM-00066,113,尴尬,False,非答案候选选项,0,17,0.0,0.0,1,0.0,0.0,True,按实际呈现人数
ITEM-00066,113,崇拜,False,非答案候选选项,0,17,0.0,0.0,2,0.0,0.0,True,按实际呈现人数
ITEM-00066,113,希望,False,非答案候选选项,0,17,0.0,0.0,2,0.0,0.0,True,按实际呈现人数
ITEM-00066,113,平静,False,非答案候选选项,0,17,0.0,0.0,1,0.0,0.0,True,按实际呈现人数
ITEM-00066,113,快乐,False,非答案候选选项,0,17,0.0,0.0,1,0.0,0.0,True,按实际呈现人数
ITEM-00066,113,怀旧,False,非答案候选选项,0,17,0.0,0.0,3,0.0,0.0,True,按实际呈现人数
ITEM-00066,113,惊喜,False,非答案候选选项,0,17,0.0,0.0,1,0.0,0.0,True,按实际呈现人数
ITEM-00066,113,愉悦,False,非答案候选选项,0,17,0.0,0.0,3,0.0,0.0,True,按实际呈现人数
ITEM-00066,113,感动,False,非答案候选选项,0,17,0.0,0.0,4,0.0,0.0,True,按实际呈现人数
ITEM-00066,113,愤怒,False,非答案候选选项,0,17,0.0,0.0,4,0.0,0.0,True,按实际呈现人数
ITEM-00066,113,抑郁,False,非答案候选选项,0,17,0.0,0.0,3,0.0,0.0,True,按实际呈现人数
ITEM-00066,113,敌意,False,非答案候选选项,0,17,0.0,0.0,1,0.0,0.0,True,按实际呈现人数
ITEM-00066,113,满足,False,非答案候选选项,0,17,0.0,0.0,4,0.0,0.0,True,按实际呈现人数
ITEM-00066,113,烦躁,False,非答案候选选项,0,17,0.0,0.0,4,0.0,0.0,True,按实际呈现人数
ITEM-00066,113,爱,False,非答案候选选项,0,17,0.0,0.0,1,0.0,0.0,True,按实际呈现人数
ITEM-00066,113,紧张,False,非答案候选选项,0,17,0.0,0.0,1,0.0,0.0,True,按实际呈现人数
ITEM-00066,113,羞耻,False,非答案候选选项,0,17,0.0,0.0,2,0.0,0.0,True,按实际呈现人数
ITEM-00066,113,羡慕,False,非答案候选选项,0,17,0.0,0.0,3,0.0,0.0,True,按实际呈现人数
ITEM-00066,113,自满,False,非答案候选选项,0,17,0.0,0.0,2,0.0,0.0,True,按实际呈现人数
ITEM-00066,113,自豪,False,非答案候选选项,0,17,0.0,0.0,2,0.0,0.0,True,按实际呈现人数
ITEM-00066,113,轻松,False,非答案候选选项,0,17,0.0,0.0,2,0.0,0.0,True,按实际呈现人数
ITEM-00066,113,遗憾,False,非答案候选选项,0,17,0.0,0.0,2,0.0,0.0,True,按实际呈现人数
ITEM-00066,113,释然,False,非答案候选选项,0,17,0.0,0.0,3,0.0,0.0,True,按实际呈现人数
ITEM-00066,113,震惊,False,非答案候选选项,0,17,0.0,0.0,2,0.0,0.0,True,按实际呈现人数
ITEM-00067,114,震惊,True,标准答案选项,5,9,0.5555555555555556,55.55555555555556,9,0.5555555555555556,55.55555555555556,False,按实际呈现人数
ITEM-00067,114,兴奋,False,非答案候选选项,1,9,0.1111111111111111,11.11111111111111,2,0.5,50.0,False,按实际呈现人数
ITEM-00067,114,紧张,False,非答案候选选项,1,9,0.1111111111111111,11.11111111111111,2,0.5,50.0,False,按实际呈现人数
ITEM-00067,114,感动,False,非答案候选选项,1,9,0.1111111111111111,11.11111111111111,4,0.25,25.0,False,按实际呈现人数
ITEM-00067,114,怀旧,False,非答案候选选项,1,9,0.1111111111111111,11.11111111111111,5,0.2,20.0,False,按实际呈现人数
ITEM-00067,114,不屑,False,非答案候选选项,0,9,0.0,0.0,1,0.0,0.0,True,按实际呈现人数
ITEM-00067,114,共情痛苦,False,非答案候选选项,0,9,0.0,0.0,1,0.0,0.0,True,按实际呈现人数
ITEM-00067,114,兴趣,False,非答案候选选项,0,9,0.0,0.0,4,0.0,0.0,True,按实际呈现人数
ITEM-00067,114,内疚,False,非答案候选选项,0,9,0.0,0.0,2,0.0,0.0,True,按实际呈现人数
ITEM-00067,114,冷静,False,非答案候选选项,0,9,0.0,0.0,1,0.0,0.0,True,按实际呈现人数
ITEM-00067,114,厌倦,False,非答案候选选项,0,9,0.0,0.0,1,0.0,0.0,True,按实际呈现人数
ITEM-00067,114,困惑,False,非答案候选选项,0,9,0.0,0.0,1,0.0,0.0,True,按实际呈现人数
ITEM-00067,114,失望,False,非答案候选选项,0,9,0.0,0.0,3,0.0,0.0,True,按实际呈现人数
ITEM-00067,114,委屈,False,非答案候选选项,0,9,0.0,0.0,1,0.0,0.0,True,按实际呈现人数
ITEM-00067,114,嫉妒,False,非答案候选选项,0,9,0.0,0.0,3,0.0,0.0,True,按实际呈现人数
ITEM-00067,114,审美欣赏,False,非答案候选选项,0,9,0.0,0.0,2,0.0,0.0,True,按实际呈现人数
ITEM-00067,114,崇拜,False,非答案候选选项,0,9,0.0,0.0,2,0.0,0.0,True,按实际呈现人数
ITEM-00067,114,希望,False,非答案候选选项,0,9,0.0,0.0,2,0.0,0.0,True,按实际呈现人数
ITEM-00067,114,平静,False,非答案候选选项,0,9,0.0,0.0,2,0.0,0.0,True,按实际呈现人数
ITEM-00067,114,快乐,False,非答案候选选项,0,9,0.0,0.0,2,0.0,0.0,True,按实际呈现人数
ITEM-00067,114,恐惧,False,非答案候选选项,0,9,0.0,0.0,2,0.0,0.0,True,按实际呈现人数
ITEM-00067,114,悲伤,False,非答案候选选项,0,9,0.0,0.0,3,0.0,0.0,True,按实际呈现人数
ITEM-00067,114,惊喜,False,非答案候选选项,0,9,0.0,0.0,2,0.0,0.0,True,按实际呈现人数
ITEM-00067,114,惊讶,False,非答案候选选项,0,9,0.0,0.0,1,0.0,0.0,True,按实际呈现人数
ITEM-00067,114,愁闷,False,非答案候选选项,0,9,0.0,0.0,2,0.0,0.0,True,按实际呈现人数
ITEM-00067,114,愉悦,False,非答案候选选项,0,9,0.0,0.0,1,0.0,0.0,True,按实际呈现人数
ITEM-00067,114,愤怒,False,非答案候选选项,0,9,0.0,0.0,2,0.0,0.0,True,按实际呈现人数
ITEM-00067,114,抑郁,False,非答案候选选项,0,9,0.0,0.0,2,0.0,0.0,True,按实际呈现人数
ITEM-00067,114,敌意,False,非答案候选选项,0,9,0.0,0.0,3,0.0,0.0,True,按实际呈现人数
ITEM-00067,114,渴望,False,非答案候选选项,0,9,0.0,0.0,2,0.0,0.0,True,按实际呈现人数
ITEM-00067,114,满足,False,非答案候选选项,0,9,0.0,0.0,1,0.0,0.0,True,按实际呈现人数
ITEM-00067,114,焦虑,False,非答案候选选项,0,9,0.0,0.0,1,0.0,0.0,True,按实际呈现人数
ITEM-00067,114,痛苦,False,非答案候选选项,0,9,0.0,0.0,1,0.0,0.0,True,按实际呈现人数
ITEM-00067,114,绝望,False,非答案候选选项,0,9,0.0,0.0,6,0.0,0.0,True,按实际呈现人数
ITEM-00067,114,羡慕,False,非答案候选选项,0,9,0.0,0.0,1,0.0,0.0,True,按实际呈现人数
ITEM-00067,114,自满,False,非答案候选选项,0,9,0.0,0.0,2,0.0,0.0,True,按实际呈现人数
ITEM-00067,114,自豪,False,非答案候选选项,0,9,0.0,0.0,1,0.0,0.0,True,按实际呈现人数
ITEM-00067,114,蔑视,False,非答案候选选项,0,9,0.0,0.0,3,0.0,0.0,True,按实际呈现人数
ITEM-00067,114,轻松,False,非答案候选选项,0,9,0.0,0.0,1,0.0,0.0,True,按实际呈现人数
ITEM-00067,114,遗憾,False,非答案候选选项,0,9,0.0,0.0,2,0.0,0.0,True,按实际呈现人数
ITEM-00067,114,释然,False,非答案候选选项,0,9,0.0,0.0,1,0.0,0.0,True,按实际呈现人数
ITEM-00068,116,蔑视,False,非答案候选选项,5,35,0.14285714285714285,14.285714285714285,6,0.8333333333333334,83.33333333333334,False,按实际呈现人数
ITEM-00068,116,不屑,True,标准答案选项,28,35,0.8,80.0,35,0.8,80.0,False,按实际呈现人数
ITEM-00068,116,敌意,False,非答案候选选项,4,35,0.11428571428571428,11.428571428571429,5,0.8,80.0,False,按实际呈现人数
ITEM-00068,116,烦躁,False,非答案候选选项,5,35,0.14285714285714285,14.285714285714285,8,0.625,62.5,False,按实际呈现人数
ITEM-00068,116,愤怒,False,非答案候选选项,3,35,0.08571428571428572,8.571428571428571,5,0.6,60.0,False,按实际呈现人数
ITEM-00068,116,厌恶,True,标准答案选项,15,35,0.42857142857142855,42.857142857142854,35,0.42857142857142855,42.857142857142854,False,按实际呈现人数
ITEM-00068,116,好奇,False,非答案候选选项,2,35,0.05714285714285714,5.714285714285714,5,0.4,40.0,False,按实际呈现人数
ITEM-00068,116,自满,False,非答案候选选项,1,35,0.02857142857142857,2.857142857142857,4,0.25,25.0,False,按实际呈现人数
ITEM-00068,116,审美欣赏,False,非答案候选选项,1,35,0.02857142857142857,2.857142857142857,5,0.2,20.0,False,按实际呈现人数
ITEM-00068,116,怨恨,False,非答案候选选项,1,35,0.02857142857142857,2.857142857142857,6,0.16666666666666666,16.666666666666664,False,按实际呈现人数
ITEM-00068,116,紧张,False,非答案候选选项,1,35,0.02857142857142857,2.857142857142857,6,0.16666666666666666,16.666666666666664,False,按实际呈现人数
ITEM-00068,116,兴奋,False,非答案候选选项,1,35,0.02857142857142857,2.857142857142857,7,0.14285714285714285,14.285714285714285,False,按实际呈现人数
ITEM-00068,116,满足,False,非答案候选选项,1,35,0.02857142857142857,2.857142857142857,7,0.14285714285714285,14.285714285714285,False,按实际呈现人数
ITEM-00068,116,自豪,False,非答案候选选项,1,35,0.02857142857142857,2.857142857142857,8,0.125,12.5,False,按实际呈现人数
ITEM-00068,116,厌倦,False,非答案候选选项,1,35,0.02857142857142857,2.857142857142857,10,0.1,10.0,False,按实际呈现人数
ITEM-00068,116,共情痛苦,False,非答案候选选项,0,35,0.0,0.0,8,0.0,0.0,True,按实际呈现人数
ITEM-00068,116,兴趣,False,非答案候选选项,0,35,0.0,0.0,7,0.0,0.0,True,按实际呈现人数
ITEM-00068,116,内疚,False,非答案候选选项,0,35,0.0,0.0,7,0.0,0.0,True,按实际呈现人数
ITEM-00068,116,冷静,False,非答案候选选项,0,35,0.0,0.0,4,0.0,0.0,True,按实际呈现人数
ITEM-00068,116,困惑,False,非答案候选选项,0,35,0.0,0.0,8,0.0,0.0,True,按实际呈现人数
ITEM-00068,116,失望,False,非答案候选选项,0,35,0.0,0.0,5,0.0,0.0,True,按实际呈现人数
ITEM-00068,116,委屈,False,非答案候选选项,0,35,0.0,0.0,6,0.0,0.0,True,按实际呈现人数
ITEM-00068,116,嫉妒,False,非答案候选选项,0,35,0.0,0.0,4,0.0,0.0,True,按实际呈现人数
ITEM-00068,116,尴尬,False,非答案候选选项,0,35,0.0,0.0,5,0.0,0.0,True,按实际呈现人数
ITEM-00068,116,崇拜,False,非答案候选选项,0,35,0.0,0.0,7,0.0,0.0,True,按实际呈现人数
ITEM-00068,116,希望,False,非答案候选选项,0,35,0.0,0.0,3,0.0,0.0,True,按实际呈现人数
ITEM-00068,116,平静,False,非答案候选选项,0,35,0.0,0.0,3,0.0,0.0,True,按实际呈现人数
ITEM-00068,116,快乐,False,非答案候选选项,0,35,0.0,0.0,4,0.0,0.0,True,按实际呈现人数
ITEM-00068,116,怀旧,False,非答案候选选项,0,35,0.0,0.0,6,0.0,0.0,True,按实际呈现人数
ITEM-00068,116,恐惧,False,非答案候选选项,0,35,0.0,0.0,7,0.0,0.0,True,按实际呈现人数
ITEM-00068,116,悲伤,False,非答案候选选项,0,35,0.0,0.0,5,0.0,0.0,True,按实际呈现人数
ITEM-00068,116,惊喜,False,非答案候选选项,0,35,0.0,0.0,4,0.0,0.0,True,按实际呈现人数
ITEM-00068,116,惊讶,False,非答案候选选项,0,35,0.0,0.0,7,0.0,0.0,True,按实际呈现人数
ITEM-00068,116,愁闷,False,非答案候选选项,0,35,0.0,0.0,7,0.0,0.0,True,按实际呈现人数
ITEM-00068,116,愉悦,False,非答案候选选项,0,35,0.0,0.0,6,0.0,0.0,True,按实际呈现人数
ITEM-00068,116,感动,False,非答案候选选项,0,35,0.0,0.0,7,0.0,0.0,True,按实际呈现人数
ITEM-00068,116,感激,False,非答案候选选项,0,35,0.0,0.0,5,0.0,0.0,True,按实际呈现人数
ITEM-00068,116,抑郁,False,非答案候选选项,0,35,0.0,0.0,3,0.0,0.0,True,按实际呈现人数
ITEM-00068,116,担忧,False,非答案候选选项,0,35,0.0,0.0,4,0.0,0.0,True,按实际呈现人数
ITEM-00068,116,渴望,False,非答案候选选项,0,35,0.0,0.0,3,0.0,0.0,True,按实际呈现人数
ITEM-00068,116,焦虑,False,非答案候选选项,0,35,0.0,0.0,7,0.0,0.0,True,按实际呈现人数
ITEM-00068,116,爱,False,非答案候选选项,0,35,0.0,0.0,6,0.0,0.0,True,按实际呈现人数
ITEM-00068,116,痛苦,False,非答案候选选项,0,35,0.0,0.0,4,0.0,0.0,True,按实际呈现人数
ITEM-00068,116,绝望,False,非答案候选选项,0,35,0.0,0.0,4,0.0,0.0,True,按实际呈现人数
ITEM-00068,116,羞耻,False,非答案候选选项,0,35,0.0,0.0,4,0.0,0.0,True,按实际呈现人数
ITEM-00068,116,羡慕,False,非答案候选选项,0,35,0.0,0.0,9,0.0,0.0,True,按实际呈现人数
ITEM-00068,116,轻松,False,非答案候选选项,0,35,0.0,0.0,9,0.0,0.0,True,按实际呈现人数
ITEM-00068,116,遗憾,False,非答案候选选项,0,35,0.0,0.0,11,0.0,0.0,True,按实际呈现人数
ITEM-00068,116,释然,False,非答案候选选项,0,35,0.0,0.0,3,0.0,0.0,True,按实际呈现人数
ITEM-00068,116,震惊,False,非答案候选选项,0,35,0.0,0.0,6,0.0,0.0,True,按实际呈现人数
ITEM-00069,117,快乐,False,非答案候选选项,1,24,0.041666666666666664,4.166666666666666,1,1.0,100.0,False,按实际呈现人数
ITEM-00069,117,爱,True,标准答案选项,21,24,0.875,87.5,24,0.875,87.5,False,按实际呈现人数
ITEM-00069,117,感动,False,非答案候选选项,2,24,0.08333333333333333,8.333333333333332,3,0.6666666666666666,66.66666666666666,False,按实际呈现人数
ITEM-00069,117,满足,False,非答案候选选项,2,24,0.08333333333333333,8.333333333333332,3,0.6666666666666666,66.66666666666666,False,按实际呈现人数
ITEM-00069,117,遗憾,False,非答案候选选项,2,24,0.08333333333333333,8.333333333333332,3,0.6666666666666666,66.66666666666666,False,按实际呈现人数
ITEM-00069,117,愉悦,True,标准答案选项,12,24,0.5,50.0,24,0.5,50.0,False,按实际呈现人数
ITEM-00069,117,渴望,False,非答案候选选项,1,24,0.041666666666666664,4.166666666666666,2,0.5,50.0,False,按实际呈现人数
ITEM-00069,117,怀旧,False,非答案候选选项,2,24,0.08333333333333333,8.333333333333332,5,0.4,40.0,False,按实际呈现人数
ITEM-00069,117,感激,True,标准答案选项,8,24,0.3333333333333333,33.33333333333333,24,0.3333333333333333,33.33333333333333,False,按实际呈现人数
ITEM-00069,117,希望,False,非答案候选选项,1,24,0.041666666666666664,4.166666666666666,4,0.25,25.0,False,按实际呈现人数
ITEM-00069,117,共情痛苦,False,非答案候选选项,1,24,0.041666666666666664,4.166666666666666,5,0.2,20.0,False,按实际呈现人数
ITEM-00069,117,抑郁,False,非答案候选选项,1,24,0.041666666666666664,4.166666666666666,5,0.2,20.0,False,按实际呈现人数
ITEM-00069,117,不屑,False,非答案候选选项,0,24,0.0,0.0,4,0.0,0.0,True,按实际呈现人数
ITEM-00069,117,兴趣,False,非答案候选选项,0,24,0.0,0.0,3,0.0,0.0,True,按实际呈现人数
ITEM-00069,117,内疚,False,非答案候选选项,0,24,0.0,0.0,5,0.0,0.0,True,按实际呈现人数
ITEM-00069,117,冷静,False,非答案候选选项,0,24,0.0,0.0,3,0.0,0.0,True,按实际呈现人数
ITEM-00069,117,厌倦,False,非答案候选选项,0,24,0.0,0.0,1,0.0,0.0,True,按实际呈现人数
ITEM-00069,117,厌恶,False,非答案候选选项,0,24,0.0,0.0,6,0.0,0.0,True,按实际呈现人数
ITEM-00069,117,困惑,False,非答案候选选项,0,24,0.0,0.0,3,0.0,0.0,True,按实际呈现人数
ITEM-00069,117,失望,False,非答案候选选项,0,24,0.0,0.0,2,0.0,0.0,True,按实际呈现人数
ITEM-00069,117,好奇,False,非答案候选选项,0,24,0.0,0.0,4,0.0,0.0,True,按实际呈现人数
ITEM-00069,117,委屈,False,非答案候选选项,0,24,0.0,0.0,5,0.0,0.0,True,按实际呈现人数
ITEM-00069,117,嫉妒,False,非答案候选选项,0,24,0.0,0.0,3,0.0,0.0,True,按实际呈现人数
ITEM-00069,117,审美欣赏,False,非答案候选选项,0,24,0.0,0.0,4,0.0,0.0,True,按实际呈现人数
ITEM-00069,117,尴尬,False,非答案候选选项,0,24,0.0,0.0,2,0.0,0.0,True,按实际呈现人数
ITEM-00069,117,崇拜,False,非答案候选选项,0,24,0.0,0.0,4,0.0,0.0,True,按实际呈现人数
ITEM-00069,117,平静,False,非答案候选选项,0,24,0.0,0.0,4,0.0,0.0,True,按实际呈现人数
ITEM-00069,117,怨恨,False,非答案候选选项,0,24,0.0,0.0,6,0.0,0.0,True,按实际呈现人数
ITEM-00069,117,恐惧,False,非答案候选选项,0,24,0.0,0.0,5,0.0,0.0,True,按实际呈现人数
ITEM-00069,117,悲伤,False,非答案候选选项,0,24,0.0,0.0,3,0.0,0.0,True,按实际呈现人数
ITEM-00069,117,惊喜,False,非答案候选选项,0,24,0.0,0.0,4,0.0,0.0,True,按实际呈现人数
ITEM-00069,117,惊讶,False,非答案候选选项,0,24,0.0,0.0,3,0.0,0.0,True,按实际呈现人数
ITEM-00069,117,愁闷,False,非答案候选选项,0,24,0.0,0.0,5,0.0,0.0,True,按实际呈现人数
ITEM-00069,117,愤怒,False,非答案候选选项,0,24,0.0,0.0,5,0.0,0.0,True,按实际呈现人数
ITEM-00069,117,担忧,False,非答案候选选项,0,24,0.0,0.0,1,0.0,0.0,True,按实际呈现人数
ITEM-00069,117,敌意,False,非答案候选选项,0,24,0.0,0.0,8,0.0,0.0,True,按实际呈现人数
ITEM-00069,117,烦躁,False,非答案候选选项,0,24,0.0,0.0,3,0.0,0.0,True,按实际呈现人数
ITEM-00069,117,焦虑,False,非答案候选选项,0,24,0.0,0.0,5,0.0,0.0,True,按实际呈现人数
ITEM-00069,117,痛苦,False,非答案候选选项,0,24,0.0,0.0,2,0.0,0.0,True,按实际呈现人数
ITEM-00069,117,紧张,False,非答案候选选项,0,24,0.0,0.0,1,0.0,0.0,True,按实际呈现人数
ITEM-00069,117,绝望,False,非答案候选选项,0,24,0.0,0.0,5,0.0,0.0,True,按实际呈现人数
ITEM-00069,117,羞耻,False,非答案候选选项,0,24,0.0,0.0,5,0.0,0.0,True,按实际呈现人数
ITEM-00069,117,羡慕,False,非答案候选选项,0,24,0.0,0.0,8,0.0,0.0,True,按实际呈现人数
ITEM-00069,117,自满,False,非答案候选选项,0,24,0.0,0.0,2,0.0,0.0,True,按实际呈现人数
ITEM-00069,117,自豪,False,非答案候选选项,0,24,0.0,0.0,1,0.0,0.0,True,按实际呈现人数
ITEM-00069,117,蔑视,False,非答案候选选项,0,24,0.0,0.0,3,0.0,0.0,True,按实际呈现人数
ITEM-00069,117,轻松,False,非答案候选选项,0,24,0.0,0.0,4,0.0,0.0,True,按实际呈现人数
ITEM-00069,117,释然,False,非答案候选选项,0,24,0.0,0.0,1,0.0,0.0,True,按实际呈现人数
ITEM-00069,117,震惊,False,非答案候选选项,0,24,0.0,0.0,4,0.0,0.0,True,按实际呈现人数
ITEM-00070,119,委屈,False,非答案候选选项,6,37,0.16216216216216217,16.216216216216218,7,0.8571428571428571,85.71428571428571,False,按实际呈现人数
ITEM-00070,119,困惑,True,标准答案选项,29,37,0.7837837837837838,78.37837837837837,37,0.7837837837837838,78.37837837837837,False,按实际呈现人数
ITEM-00070,119,怨恨,False,非答案候选选项,3,37,0.08108108108108109,8.108108108108109,5,0.6,60.0,False,按实际呈现人数
ITEM-00070,119,痛苦,True,标准答案选项,22,37,0.5945945945945946,59.45945945945946,37,0.5945945945945946,59.45945945945946,False,按实际呈现人数
ITEM-00070,119,愁闷,False,非答案候选选项,4,37,0.10810810810810811,10.81081081081081,9,0.4444444444444444,44.44444444444444,False,按实际呈现人数
ITEM-00070,119,愤怒,False,非答案候选选项,3,37,0.08108108108108109,8.108108108108109,7,0.42857142857142855,42.857142857142854,False,按实际呈现人数
ITEM-00070,119,厌倦,False,非答案候选选项,2,37,0.05405405405405406,5.405405405405405,5,0.4,40.0,False,按实际呈现人数
ITEM-00070,119,悲伤,False,非答案候选选项,2,37,0.05405405405405406,5.405405405405405,5,0.4,40.0,False,按实际呈现人数
ITEM-00070,119,烦躁,False,非答案候选选项,3,37,0.08108108108108109,8.108108108108109,8,0.375,37.5,False,按实际呈现人数
ITEM-00070,119,敌意,False,非答案候选选项,2,37,0.05405405405405406,5.405405405405405,7,0.2857142857142857,28.57142857142857,False,按实际呈现人数
ITEM-00070,119,绝望,False,非答案候选选项,2,37,0.05405405405405406,5.405405405405405,7,0.2857142857142857,28.57142857142857,False,按实际呈现人数
ITEM-00070,119,渴望,False,非答案候选选项,2,37,0.05405405405405406,5.405405405405405,8,0.25,25.0,False,按实际呈现人数
ITEM-00070,119,蔑视,False,非答案候选选项,1,37,0.02702702702702703,2.7027027027027026,4,0.25,25.0,False,按实际呈现人数
ITEM-00070,119,不屑,False,非答案候选选项,1,37,0.02702702702702703,2.7027027027027026,5,0.2,20.0,False,按实际呈现人数
ITEM-00070,119,冷静,False,非答案候选选项,1,37,0.02702702702702703,2.7027027027027026,5,0.2,20.0,False,按实际呈现人数
ITEM-00070,119,恐惧,False,非答案候选选项,1,37,0.02702702702702703,2.7027027027027026,5,0.2,20.0,False,按实际呈现人数
ITEM-00070,119,失望,False,非答案候选选项,1,37,0.02702702702702703,2.7027027027027026,7,0.14285714285714285,14.285714285714285,False,按实际呈现人数
ITEM-00070,119,嫉妒,False,非答案候选选项,1,37,0.02702702702702703,2.7027027027027026,7,0.14285714285714285,14.285714285714285,False,按实际呈现人数
ITEM-00070,119,惊讶,False,非答案候选选项,1,37,0.02702702702702703,2.7027027027027026,8,0.125,12.5,False,按实际呈现人数
ITEM-00070,119,震惊,False,非答案候选选项,1,37,0.02702702702702703,2.7027027027027026,8,0.125,12.5,False,按实际呈现人数
ITEM-00070,119,遗憾,False,非答案候选选项,1,37,0.02702702702702703,2.7027027027027026,9,0.1111111111111111,11.11111111111111,False,按实际呈现人数
ITEM-00070,119,共情痛苦,False,非答案候选选项,0,37,0.0,0.0,1,0.0,0.0,True,按实际呈现人数
ITEM-00070,119,兴奋,False,非答案候选选项,0,37,0.0,0.0,8,0.0,0.0,True,按实际呈现人数
ITEM-00070,119,兴趣,False,非答案候选选项,0,37,0.0,0.0,5,0.0,0.0,True,按实际呈现人数
ITEM-00070,119,内疚,False,非答案候选选项,0,37,0.0,0.0,7,0.0,0.0,True,按实际呈现人数
ITEM-00070,119,厌恶,False,非答案候选选项,0,37,0.0,0.0,4,0.0,0.0,True,按实际呈现人数
ITEM-00070,119,好奇,False,非答案候选选项,0,37,0.0,0.0,4,0.0,0.0,True,按实际呈现人数
ITEM-00070,119,审美欣赏,False,非答案候选选项,0,37,0.0,0.0,4,0.0,0.0,True,按实际呈现人数
ITEM-00070,119,尴尬,False,非答案候选选项,0,37,0.0,0.0,6,0.0,0.0,True,按实际呈现人数
ITEM-00070,119,崇拜,False,非答案候选选项,0,37,0.0,0.0,2,0.0,0.0,True,按实际呈现人数
ITEM-00070,119,希望,False,非答案候选选项,0,37,0.0,0.0,6,0.0,0.0,True,按实际呈现人数
ITEM-00070,119,平静,False,非答案候选选项,0,37,0.0,0.0,6,0.0,0.0,True,按实际呈现人数
ITEM-00070,119,快乐,False,非答案候选选项,0,37,0.0,0.0,8,0.0,0.0,True,按实际呈现人数
ITEM-00070,119,怀旧,False,非答案候选选项,0,37,0.0,0.0,10,0.0,0.0,True,按实际呈现人数
ITEM-00070,119,惊喜,False,非答案候选选项,0,37,0.0,0.0,3,0.0,0.0,True,按实际呈现人数
ITEM-00070,119,愉悦,False,非答案候选选项,0,37,0.0,0.0,8,0.0,0.0,True,按实际呈现人数
ITEM-00070,119,感动,False,非答案候选选项,0,37,0.0,0.0,3,0.0,0.0,True,按实际呈现人数
ITEM-00070,119,感激,False,非答案候选选项,0,37,0.0,0.0,7,0.0,0.0,True,按实际呈现人数
ITEM-00070,119,抑郁,False,非答案候选选项,0,37,0.0,0.0,5,0.0,0.0,True,按实际呈现人数
ITEM-00070,119,担忧,False,非答案候选选项,0,37,0.0,0.0,4,0.0,0.0,True,按实际呈现人数
ITEM-00070,119,满足,False,非答案候选选项,0,37,0.0,0.0,6,0.0,0.0,True,按实际呈现人数
ITEM-00070,119,焦虑,False,非答案候选选项,0,37,0.0,0.0,5,0.0,0.0,True,按实际呈现人数
ITEM-00070,119,爱,False,非答案候选选项,0,37,0.0,0.0,8,0.0,0.0,True,按实际呈现人数
ITEM-00070,119,紧张,False,非答案候选选项,0,37,0.0,0.0,8,0.0,0.0,True,按实际呈现人数
ITEM-00070,119,羞耻,False,非答案候选选项,0,37,0.0,0.0,7,0.0,0.0,True,按实际呈现人数
ITEM-00070,119,羡慕,False,非答案候选选项,0,37,0.0,0.0,10,0.0,0.0,True,按实际呈现人数
ITEM-00070,119,自满,False,非答案候选选项,0,37,0.0,0.0,5,0.0,0.0,True,按实际呈现人数
ITEM-00070,119,自豪,False,非答案候选选项,0,37,0.0,0.0,5,0.0,0.0,True,按实际呈现人数
ITEM-00070,119,轻松,False,非答案候选选项,0,37,0.0,0.0,7,0.0,0.0,True,按实际呈现人数
ITEM-00070,119,释然,False,非答案候选选项,0,37,0.0,0.0,8,0.0,0.0,True,按实际呈现人数
ITEM-00071,91,失望,True,标准答案选项,14,18,0.7777777777777778,77.77777777777779,18,0.7777777777777778,77.77777777777779,False,按实际呈现人数
ITEM-00071,91,悲伤,False,非答案候选选项,3,18,0.16666666666666666,16.666666666666664,4,0.75,75.0,False,按实际呈现人数
ITEM-00071,91,担忧,False,非答案候选选项,3,18,0.16666666666666666,16.666666666666664,4,0.75,75.0,False,按实际呈现人数
ITEM-00071,91,痛苦,False,非答案候选选项,2,18,0.1111111111111111,11.11111111111111,3,0.6666666666666666,66.66666666666666,False,按实际呈现人数
ITEM-00071,91,委屈,False,非答案候选选项,3,18,0.16666666666666666,16.666666666666664,5,0.6,60.0,False,按实际呈现人数
ITEM-00071,91,愁闷,False,非答案候选选项,3,18,0.16666666666666666,16.666666666666664,5,0.6,60.0,False,按实际呈现人数
ITEM-00071,91,抑郁,False,非答案候选选项,1,18,0.05555555555555555,5.555555555555555,2,0.5,50.0,False,按实际呈现人数
ITEM-00071,91,释然,False,非答案候选选项,2,18,0.1111111111111111,11.11111111111111,4,0.5,50.0,False,按实际呈现人数
ITEM-00071,91,遗憾,False,非答案候选选项,2,18,0.1111111111111111,11.11111111111111,5,0.4,40.0,False,按实际呈现人数
ITEM-00071,91,困惑,False,非答案候选选项,1,18,0.05555555555555555,5.555555555555555,3,0.3333333333333333,33.33333333333333,False,按实际呈现人数
ITEM-00071,91,紧张,False,非答案候选选项,1,18,0.05555555555555555,5.555555555555555,3,0.3333333333333333,33.33333333333333,False,按实际呈现人数
ITEM-00071,91,震惊,True,标准答案选项,5,18,0.2777777777777778,27.77777777777778,18,0.2777777777777778,27.77777777777778,False,按实际呈现人数
ITEM-00071,91,敌意,False,非答案候选选项,1,18,0.05555555555555555,5.555555555555555,4,0.25,25.0,False,按实际呈现人数
ITEM-00071,91,焦虑,False,非答案候选选项,1,18,0.05555555555555555,5.555555555555555,4,0.25,25.0,False,按实际呈现人数
ITEM-00071,91,绝望,False,非答案候选选项,1,18,0.05555555555555555,5.555555555555555,4,0.25,25.0,False,按实际呈现人数
ITEM-00071,91,不屑,False,非答案候选选项,0,18,0.0,0.0,5,0.0,0.0,True,按实际呈现人数
ITEM-00071,91,共情痛苦,False,非答案候选选项,0,18,0.0,0.0,3,0.0,0.0,True,按实际呈现人数
ITEM-00071,91,兴奋,False,非答案候选选项,0,18,0.0,0.0,2,0.0,0.0,True,按实际呈现人数
ITEM-00071,91,兴趣,False,非答案候选选项,0,18,0.0,0.0,4,0.0,0.0,True,按实际呈现人数
ITEM-00071,91,内疚,False,非答案候选选项,0,18,0.0,0.0,3,0.0,0.0,True,按实际呈现人数
ITEM-00071,91,冷静,False,非答案候选选项,0,18,0.0,0.0,3,0.0,0.0,True,按实际呈现人数
ITEM-00071,91,厌倦,False,非答案候选选项,0,18,0.0,0.0,3,0.0,0.0,True,按实际呈现人数
ITEM-00071,91,厌恶,False,非答案候选选项,0,18,0.0,0.0,4,0.0,0.0,True,按实际呈现人数
ITEM-00071,91,好奇,False,非答案候选选项,0,18,0.0,0.0,2,0.0,0.0,True,按实际呈现人数
ITEM-00071,91,嫉妒,False,非答案候选选项,0,18,0.0,0.0,2,0.0,0.0,True,按实际呈现人数
ITEM-00071,91,审美欣赏,False,非答案候选选项,0,18,0.0,0.0,1,0.0,0.0,True,按实际呈现人数
ITEM-00071,91,尴尬,False,非答案候选选项,0,18,0.0,0.0,2,0.0,0.0,True,按实际呈现人数
ITEM-00071,91,崇拜,False,非答案候选选项,0,18,0.0,0.0,4,0.0,0.0,True,按实际呈现人数
ITEM-00071,91,平静,False,非答案候选选项,0,18,0.0,0.0,2,0.0,0.0,True,按实际呈现人数
ITEM-00071,91,快乐,False,非答案候选选项,0,18,0.0,0.0,2,0.0,0.0,True,按实际呈现人数
ITEM-00071,91,怀旧,False,非答案候选选项,0,18,0.0,0.0,3,0.0,0.0,True,按实际呈现人数
ITEM-00071,91,怨恨,False,非答案候选选项,0,18,0.0,0.0,4,0.0,0.0,True,按实际呈现人数
ITEM-00071,91,恐惧,False,非答案候选选项,0,18,0.0,0.0,3,0.0,0.0,True,按实际呈现人数
ITEM-00071,91,惊喜,False,非答案候选选项,0,18,0.0,0.0,3,0.0,0.0,True,按实际呈现人数
ITEM-00071,91,惊讶,False,非答案候选选项,0,18,0.0,0.0,4,0.0,0.0,True,按实际呈现人数
ITEM-00071,91,愉悦,False,非答案候选选项,0,18,0.0,0.0,3,0.0,0.0,True,按实际呈现人数
ITEM-00071,91,感动,False,非答案候选选项,0,18,0.0,0.0,1,0.0,0.0,True,按实际呈现人数
ITEM-00071,91,感激,False,非答案候选选项,0,18,0.0,0.0,1,0.0,0.0,True,按实际呈现人数
ITEM-00071,91,愤怒,False,非答案候选选项,0,18,0.0,0.0,1,0.0,0.0,True,按实际呈现人数
ITEM-00071,91,渴望,False,非答案候选选项,0,18,0.0,0.0,4,0.0,0.0,True,按实际呈现人数
ITEM-00071,91,满足,False,非答案候选选项,0,18,0.0,0.0,5,0.0,0.0,True,按实际呈现人数
ITEM-00071,91,烦躁,False,非答案候选选项,0,18,0.0,0.0,1,0.0,0.0,True,按实际呈现人数
ITEM-00071,91,爱,False,非答案候选选项,0,18,0.0,0.0,2,0.0,0.0,True,按实际呈现人数
ITEM-00071,91,羞耻,False,非答案候选选项,0,18,0.0,0.0,1,0.0,0.0,True,按实际呈现人数
ITEM-00071,91,羡慕,False,非答案候选选项,0,18,0.0,0.0,3,0.0,0.0,True,按实际呈现人数
ITEM-00071,91,自满,False,非答案候选选项,0,18,0.0,0.0,5,0.0,0.0,True,按实际呈现人数
ITEM-00071,91,自豪,False,非答案候选选项,0,18,0.0,0.0,4,0.0,0.0,True,按实际呈现人数
ITEM-00071,91,蔑视,False,非答案候选选项,0,18,0.0,0.0,3,0.0,0.0,True,按实际呈现人数
ITEM-00071,91,轻松,False,非答案候选选项,0,18,0.0,0.0,1,0.0,0.0,True,按实际呈现人数
ITEM-00072,120,感激,False,非答案候选选项,2,26,0.07692307692307693,7.6923076923076925,2,1.0,100.0,False,按实际呈现人数
ITEM-00072,120,释然,False,非答案候选选项,3,26,0.11538461538461539,11.538461538461538,3,1.0,100.0,False,按实际呈现人数
ITEM-00072,120,轻松,True,标准答案选项,22,26,0.8461538461538461,84.61538461538461,26,0.8461538461538461,84.61538461538461,False,按实际呈现人数
ITEM-00072,120,满足,True,标准答案选项,20,26,0.7692307692307693,76.92307692307693,26,0.7692307692307693,76.92307692307693,False,按实际呈现人数
ITEM-00072,120,冷静,False,非答案候选选项,2,26,0.07692307692307693,7.6923076923076925,4,0.5,50.0,False,按实际呈现人数
ITEM-00072,120,希望,True,标准答案选项,13,26,0.5,50.0,26,0.5,50.0,False,按实际呈现人数
ITEM-00072,120,愉悦,True,标准答案选项,9,26,0.34615384615384615,34.61538461538461,26,0.34615384615384615,34.61538461538461,False,按实际呈现人数
ITEM-00072,120,感动,False,非答案候选选项,1,26,0.038461538461538464,3.8461538461538463,3,0.3333333333333333,33.33333333333333,False,按实际呈现人数
ITEM-00072,120,好奇,False,非答案候选选项,1,26,0.038461538461538464,3.8461538461538463,4,0.25,25.0,False,按实际呈现人数
ITEM-00072,120,自豪,False,非答案候选选项,1,26,0.038461538461538464,3.8461538461538463,4,0.25,25.0,False,按实际呈现人数
ITEM-00072,120,快乐,False,非答案候选选项,1,26,0.038461538461538464,3.8461538461538463,7,0.14285714285714285,14.285714285714285,False,按实际呈现人数
ITEM-00072,120,兴趣,True,标准答案选项,1,26,0.038461538461538464,3.8461538461538463,26,0.038461538461538464,3.8461538461538463,False,按实际呈现人数
ITEM-00072,120,不屑,False,非答案候选选项,0,26,0.0,0.0,3,0.0,0.0,True,按实际呈现人数
ITEM-00072,120,共情痛苦,False,非答案候选选项,0,26,0.0,0.0,2,0.0,0.0,True,按实际呈现人数
ITEM-00072,120,兴奋,False,非答案候选选项,0,26,0.0,0.0,3,0.0,0.0,True,按实际呈现人数
ITEM-00072,120,内疚,False,非答案候选选项,0,26,0.0,0.0,3,0.0,0.0,True,按实际呈现人数
ITEM-00072,120,厌倦,False,非答案候选选项,0,26,0.0,0.0,2,0.0,0.0,True,按实际呈现人数
ITEM-00072,120,厌恶,False,非答案候选选项,0,26,0.0,0.0,4,0.0,0.0,True,按实际呈现人数
ITEM-00072,120,困惑,False,非答案候选选项,0,26,0.0,0.0,2,0.0,0.0,True,按实际呈现人数
ITEM-00072,120,失望,False,非答案候选选项,0,26,0.0,0.0,4,0.0,0.0,True,按实际呈现人数
ITEM-00072,120,委屈,False,非答案候选选项,0,26,0.0,0.0,2,0.0,0.0,True,按实际呈现人数
ITEM-00072,120,嫉妒,False,非答案候选选项,0,26,0.0,0.0,4,0.0,0.0,True,按实际呈现人数
ITEM-00072,120,审美欣赏,False,非答案候选选项,0,26,0.0,0.0,3,0.0,0.0,True,按实际呈现人数
ITEM-00072,120,尴尬,False,非答案候选选项,0,26,0.0,0.0,5,0.0,0.0,True,按实际呈现人数
ITEM-00072,120,崇拜,False,非答案候选选项,0,26,0.0,0.0,2,0.0,0.0,True,按实际呈现人数
ITEM-00072,120,平静,False,非答案候选选项,0,26,0.0,0.0,1,0.0,0.0,True,按实际呈现人数
ITEM-00072,120,怀旧,False,非答案候选选项,0,26,0.0,0.0,3,0.0,0.0,True,按实际呈现人数
ITEM-00072,120,怨恨,False,非答案候选选项,0,26,0.0,0.0,3,0.0,0.0,True,按实际呈现人数
ITEM-00072,120,恐惧,False,非答案候选选项,0,26,0.0,0.0,4,0.0,0.0,True,按实际呈现人数
ITEM-00072,120,悲伤,False,非答案候选选项,0,26,0.0,0.0,1,0.0,0.0,True,按实际呈现人数
ITEM-00072,120,惊喜,False,非答案候选选项,0,26,0.0,0.0,1,0.0,0.0,True,按实际呈现人数
ITEM-00072,120,惊讶,False,非答案候选选项,0,26,0.0,0.0,1,0.0,0.0,True,按实际呈现人数
ITEM-00072,120,愁闷,False,非答案候选选项,0,26,0.0,0.0,1,0.0,0.0,True,按实际呈现人数
ITEM-00072,120,愤怒,False,非答案候选选项,0,26,0.0,0.0,2,0.0,0.0,True,按实际呈现人数
ITEM-00072,120,抑郁,False,非答案候选选项,0,26,0.0,0.0,3,0.0,0.0,True,按实际呈现人数
ITEM-00072,120,担忧,False,非答案候选选项,0,26,0.0,0.0,5,0.0,0.0,True,按实际呈现人数
ITEM-00072,120,敌意,False,非答案候选选项,0,26,0.0,0.0,3,0.0,0.0,True,按实际呈现人数
ITEM-00072,120,渴望,False,非答案候选选项,0,26,0.0,0.0,3,0.0,0.0,True,按实际呈现人数
ITEM-00072,120,烦躁,False,非答案候选选项,0,26,0.0,0.0,2,0.0,0.0,True,按实际呈现人数
ITEM-00072,120,焦虑,False,非答案候选选项,0,26,0.0,0.0,4,0.0,0.0,True,按实际呈现人数
ITEM-00072,120,爱,False,非答案候选选项,0,26,0.0,0.0,1,0.0,0.0,True,按实际呈现人数
ITEM-00072,120,痛苦,False,非答案候选选项,0,26,0.0,0.0,1,0.0,0.0,True,按实际呈现人数
ITEM-00072,120,紧张,False,非答案候选选项,0,26,0.0,0.0,3,0.0,0.0,True,按实际呈现人数
ITEM-00072,120,绝望,False,非答案候选选项,0,26,0.0,0.0,3,0.0,0.0,True,按实际呈现人数
ITEM-00072,120,羞耻,False,非答案候选选项,0,26,0.0,0.0,3,0.0,0.0,True,按实际呈现人数
ITEM-00072,120,羡慕,False,非答案候选选项,0,26,0.0,0.0,4,0.0,0.0,True,按实际呈现人数
ITEM-00072,120,自满,False,非答案候选选项,0,26,0.0,0.0,4,0.0,0.0,True,按实际呈现人数
ITEM-00072,120,蔑视,False,非答案候选选项,0,26,0.0,0.0,3,0.0,0.0,True,按实际呈现人数
ITEM-00072,120,遗憾,False,非答案候选选项,0,26,0.0,0.0,2,0.0,0.0,True,按实际呈现人数
ITEM-00072,120,震惊,False,非答案候选选项,0,26,0.0,0.0,3,0.0,0.0,True,按实际呈现人数
ITEM-00073,107,内疚,False,非答案候选选项,1,19,0.05263157894736842,5.263157894736842,1,1.0,100.0,False,按实际呈现人数
ITEM-00073,107,崇拜,False,非答案候选选项,1,19,0.05263157894736842,5.263157894736842,1,1.0,100.0,False,按实际呈现人数
ITEM-00073,107,感动,True,标准答案选项,16,19,0.8421052631578947,84.21052631578947,19,0.8421052631578947,84.21052631578947,False,按实际呈现人数
ITEM-00073,107,自豪,False,非答案候选选项,2,19,0.10526315789473684,10.526315789473683,3,0.6666666666666666,66.66666666666666,False,按实际呈现人数
ITEM-00073,107,遗憾,False,非答案候选选项,2,19,0.10526315789473684,10.526315789473683,3,0.6666666666666666,66.66666666666666,False,按实际呈现人数
ITEM-00073,107,感激,False,非答案候选选项,2,19,0.10526315789473684,10.526315789473683,4,0.5,50.0,False,按实际呈现人数
ITEM-00073,107,渴望,False,非答案候选选项,2,19,0.10526315789473684,10.526315789473683,4,0.5,50.0,False,按实际呈现人数
ITEM-00073,107,羡慕,False,非答案候选选项,1,19,0.05263157894736842,5.263157894736842,2,0.5,50.0,False,按实际呈现人数
ITEM-00073,107,希望,False,非答案候选选项,2,19,0.10526315789473684,10.526315789473683,6,0.3333333333333333,33.33333333333333,False,按实际呈现人数
ITEM-00073,107,共情痛苦,False,非答案候选选项,2,19,0.10526315789473684,10.526315789473683,7,0.2857142857142857,28.57142857142857,False,按实际呈现人数
ITEM-00073,107,爱,True,标准答案选项,5,19,0.2631578947368421,26.31578947368421,19,0.2631578947368421,26.31578947368421,False,按实际呈现人数
ITEM-00073,107,愉悦,False,非答案候选选项,1,19,0.05263157894736842,5.263157894736842,4,0.25,25.0,False,按实际呈现人数
ITEM-00073,107,释然,False,非答案候选选项,1,19,0.05263157894736842,5.263157894736842,5,0.2,20.0,False,按实际呈现人数
ITEM-00073,107,不屑,False,非答案候选选项,0,19,0.0,0.0,4,0.0,0.0,True,按实际呈现人数
ITEM-00073,107,兴奋,False,非答案候选选项,0,19,0.0,0.0,5,0.0,0.0,True,按实际呈现人数
ITEM-00073,107,兴趣,False,非答案候选选项,0,19,0.0,0.0,5,0.0,0.0,True,按实际呈现人数
ITEM-00073,107,冷静,False,非答案候选选项,0,19,0.0,0.0,5,0.0,0.0,True,按实际呈现人数
ITEM-00073,107,厌倦,False,非答案候选选项,0,19,0.0,0.0,2,0.0,0.0,True,按实际呈现人数
ITEM-00073,107,厌恶,False,非答案候选选项,0,19,0.0,0.0,1,0.0,0.0,True,按实际呈现人数
ITEM-00073,107,困惑,False,非答案候选选项,0,19,0.0,0.0,4,0.0,0.0,True,按实际呈现人数
ITEM-00073,107,失望,False,非答案候选选项,0,19,0.0,0.0,3,0.0,0.0,True,按实际呈现人数
ITEM-00073,107,好奇,False,非答案候选选项,0,19,0.0,0.0,1,0.0,0.0,True,按实际呈现人数
ITEM-00073,107,委屈,False,非答案候选选项,0,19,0.0,0.0,2,0.0,0.0,True,按实际呈现人数
ITEM-00073,107,嫉妒,False,非答案候选选项,0,19,0.0,0.0,4,0.0,0.0,True,按实际呈现人数
ITEM-00073,107,平静,False,非答案候选选项,0,19,0.0,0.0,1,0.0,0.0,True,按实际呈现人数
ITEM-00073,107,快乐,False,非答案候选选项,0,19,0.0,0.0,3,0.0,0.0,True,按实际呈现人数
ITEM-00073,107,怀旧,False,非答案候选选项,0,19,0.0,0.0,3,0.0,0.0,True,按实际呈现人数
ITEM-00073,107,怨恨,False,非答案候选选项,0,19,0.0,0.0,4,0.0,0.0,True,按实际呈现人数
ITEM-00073,107,恐惧,False,非答案候选选项,0,19,0.0,0.0,3,0.0,0.0,True,按实际呈现人数
ITEM-00073,107,悲伤,False,非答案候选选项,0,19,0.0,0.0,2,0.0,0.0,True,按实际呈现人数
ITEM-00073,107,惊喜,False,非答案候选选项,0,19,0.0,0.0,3,0.0,0.0,True,按实际呈现人数
ITEM-00073,107,愁闷,False,非答案候选选项,0,19,0.0,0.0,5,0.0,0.0,True,按实际呈现人数
ITEM-00073,107,愤怒,False,非答案候选选项,0,19,0.0,0.0,2,0.0,0.0,True,按实际呈现人数
ITEM-00073,107,抑郁,False,非答案候选选项,0,19,0.0,0.0,1,0.0,0.0,True,按实际呈现人数
ITEM-00073,107,担忧,False,非答案候选选项,0,19,0.0,0.0,5,0.0,0.0,True,按实际呈现人数
ITEM-00073,107,敌意,False,非答案候选选项,0,19,0.0,0.0,4,0.0,0.0,True,按实际呈现人数
ITEM-00073,107,满足,False,非答案候选选项,0,19,0.0,0.0,3,0.0,0.0,True,按实际呈现人数
ITEM-00073,107,烦躁,False,非答案候选选项,0,19,0.0,0.0,2,0.0,0.0,True,按实际呈现人数
ITEM-00073,107,焦虑,False,非答案候选选项,0,19,0.0,0.0,7,0.0,0.0,True,按实际呈现人数
ITEM-00073,107,痛苦,False,非答案候选选项,0,19,0.0,0.0,1,0.0,0.0,True,按实际呈现人数
ITEM-00073,107,紧张,False,非答案候选选项,0,19,0.0,0.0,4,0.0,0.0,True,按实际呈现人数
ITEM-00073,107,绝望,False,非答案候选选项,0,19,0.0,0.0,5,0.0,0.0,True,按实际呈现人数
ITEM-00073,107,羞耻,False,非答案候选选项,0,19,0.0,0.0,6,0.0,0.0,True,按实际呈现人数
ITEM-00073,107,自满,False,非答案候选选项,0,19,0.0,0.0,5,0.0,0.0,True,按实际呈现人数
ITEM-00073,107,蔑视,False,非答案候选选项,0,19,0.0,0.0,1,0.0,0.0,True,按实际呈现人数
ITEM-00073,107,轻松,False,非答案候选选项,0,19,0.0,0.0,3,0.0,0.0,True,按实际呈现人数
ITEM-00073,107,震惊,False,非答案候选选项,0,19,0.0,0.0,3,0.0,0.0,True,按实际呈现人数
ITEM-00074,121,自豪,True,标准答案选项,11,14,0.7857142857142857,78.57142857142857,14,0.7857142857142857,78.57142857142857,False,按实际呈现人数
ITEM-00074,121,共情痛苦,False,非答案候选选项,1,14,0.07142857142857142,7.142857142857142,2,0.5,50.0,False,按实际呈现人数
ITEM-00074,121,兴奋,False,非答案候选选项,1,14,0.07142857142857142,7.142857142857142,2,0.5,50.0,False,按实际呈现人数
ITEM-00074,121,不屑,False,非答案候选选项,1,14,0.07142857142857142,7.142857142857142,6,0.16666666666666666,16.666666666666664,False,按实际呈现人数
ITEM-00074,121,兴趣,False,非答案候选选项,0,14,0.0,0.0,1,0.0,0.0,True,按实际呈现人数
ITEM-00074,121,内疚,False,非答案候选选项,0,14,0.0,0.0,3,0.0,0.0,True,按实际呈现人数
ITEM-00074,121,冷静,False,非答案候选选项,0,14,0.0,0.0,3,0.0,0.0,True,按实际呈现人数
ITEM-00074,121,厌倦,False,非答案候选选项,0,14,0.0,0.0,4,0.0,0.0,True,按实际呈现人数
ITEM-00074,121,厌恶,False,非答案候选选项,0,14,0.0,0.0,3,0.0,0.0,True,按实际呈现人数
ITEM-00074,121,困惑,False,非答案候选选项,0,14,0.0,0.0,3,0.0,0.0,True,按实际呈现人数
ITEM-00074,121,好奇,False,非答案候选选项,0,14,0.0,0.0,4,0.0,0.0,True,按实际呈现人数
ITEM-00074,121,委屈,False,非答案候选选项,0,14,0.0,0.0,4,0.0,0.0,True,按实际呈现人数
ITEM-00074,121,嫉妒,False,非答案候选选项,0,14,0.0,0.0,4,0.0,0.0,True,按实际呈现人数
ITEM-00074,121,尴尬,False,非答案候选选项,0,14,0.0,0.0,3,0.0,0.0,True,按实际呈现人数
ITEM-00074,121,崇拜,False,非答案候选选项,0,14,0.0,0.0,2,0.0,0.0,True,按实际呈现人数
ITEM-00074,121,希望,False,非答案候选选项,0,14,0.0,0.0,3,0.0,0.0,True,按实际呈现人数
ITEM-00074,121,平静,False,非答案候选选项,0,14,0.0,0.0,1,0.0,0.0,True,按实际呈现人数
ITEM-00074,121,快乐,False,非答案候选选项,0,14,0.0,0.0,2,0.0,0.0,True,按实际呈现人数
ITEM-00074,121,怀旧,False,非答案候选选项,0,14,0.0,0.0,3,0.0,0.0,True,按实际呈现人数
ITEM-00074,121,怨恨,False,非答案候选选项,0,14,0.0,0.0,6,0.0,0.0,True,按实际呈现人数
ITEM-00074,121,恐惧,False,非答案候选选项,0,14,0.0,0.0,2,0.0,0.0,True,按实际呈现人数
ITEM-00074,121,悲伤,False,非答案候选选项,0,14,0.0,0.0,2,0.0,0.0,True,按实际呈现人数
ITEM-00074,121,惊喜,False,非答案候选选项,0,14,0.0,0.0,4,0.0,0.0,True,按实际呈现人数
ITEM-00074,121,惊讶,False,非答案候选选项,0,14,0.0,0.0,1,0.0,0.0,True,按实际呈现人数
ITEM-00074,121,愁闷,False,非答案候选选项,0,14,0.0,0.0,2,0.0,0.0,True,按实际呈现人数
ITEM-00074,121,愉悦,False,非答案候选选项,0,14,0.0,0.0,2,0.0,0.0,True,按实际呈现人数
ITEM-00074,121,感动,False,非答案候选选项,0,14,0.0,0.0,2,0.0,0.0,True,按实际呈现人数
ITEM-00074,121,感激,False,非答案候选选项,0,14,0.0,0.0,3,0.0,0.0,True,按实际呈现人数
ITEM-00074,121,愤怒,False,非答案候选选项,0,14,0.0,0.0,3,0.0,0.0,True,按实际呈现人数
ITEM-00074,121,抑郁,False,非答案候选选项,0,14,0.0,0.0,1,0.0,0.0,True,按实际呈现人数
ITEM-00074,121,担忧,False,非答案候选选项,0,14,0.0,0.0,4,0.0,0.0,True,按实际呈现人数
ITEM-00074,121,敌意,False,非答案候选选项,0,14,0.0,0.0,2,0.0,0.0,True,按实际呈现人数
ITEM-00074,121,渴望,False,非答案候选选项,0,14,0.0,0.0,5,0.0,0.0,True,按实际呈现人数
ITEM-00074,121,满足,False,非答案候选选项,0,14,0.0,0.0,5,0.0,0.0,True,按实际呈现人数
ITEM-00074,121,烦躁,False,非答案候选选项,0,14,0.0,0.0,2,0.0,0.0,True,按实际呈现人数
ITEM-00074,121,焦虑,False,非答案候选选项,0,14,0.0,0.0,1,0.0,0.0,True,按实际呈现人数
ITEM-00074,121,痛苦,False,非答案候选选项,0,14,0.0,0.0,1,0.0,0.0,True,按实际呈现人数
ITEM-00074,121,紧张,False,非答案候选选项,0,14,0.0,0.0,3,0.0,0.0,True,按实际呈现人数
ITEM-00074,121,绝望,False,非答案候选选项,0,14,0.0,0.0,3,0.0,0.0,True,按实际呈现人数
ITEM-00074,121,羞耻,False,非答案候选选项,0,14,0.0,0.0,3,0.0,0.0,True,按实际呈现人数
ITEM-00074,121,羡慕,False,非答案候选选项,0,14,0.0,0.0,3,0.0,0.0,True,按实际呈现人数
ITEM-00074,121,自满,False,非答案候选选项,0,14,0.0,0.0,4,0.0,0.0,True,按实际呈现人数
ITEM-00074,121,蔑视,False,非答案候选选项,0,14,0.0,0.0,2,0.0,0.0,True,按实际呈现人数
ITEM-00074,121,轻松,False,非答案候选选项,0,14,0.0,0.0,2,0.0,0.0,True,按实际呈现人数
ITEM-00074,121,遗憾,False,非答案候选选项,0,14,0.0,0.0,2,0.0,0.0,True,按实际呈现人数
ITEM-00074,121,释然,False,非答案候选选项,0,14,0.0,0.0,3,0.0,0.0,True,按实际呈现人数
ITEM-00075,108,惊讶,False,非答案候选选项,2,29,0.06896551724137931,6.896551724137931,2,1.0,100.0,False,按实际呈现人数
ITEM-00075,108,厌恶,False,非答案候选选项,5,29,0.1724137931034483,17.24137931034483,7,0.7142857142857143,71.42857142857143,False,按实际呈现人数
ITEM-00075,108,愤怒,True,标准答案选项,19,29,0.6551724137931034,65.51724137931035,29,0.6551724137931034,65.51724137931035,False,按实际呈现人数
ITEM-00075,108,震惊,True,标准答案选项,18,29,0.6206896551724138,62.06896551724138,29,0.6206896551724138,62.06896551724138,False,按实际呈现人数
ITEM-00075,108,失望,False,非答案候选选项,4,29,0.13793103448275862,13.793103448275861,7,0.5714285714285714,57.14285714285714,False,按实际呈现人数
ITEM-00075,108,共情痛苦,False,非答案候选选项,1,29,0.034482758620689655,3.4482758620689653,2,0.5,50.0,False,按实际呈现人数
ITEM-00075,108,恐惧,False,非答案候选选项,1,29,0.034482758620689655,3.4482758620689653,2,0.5,50.0,False,按实际呈现人数
ITEM-00075,108,怨恨,False,非答案候选选项,3,29,0.10344827586206896,10.344827586206897,7,0.42857142857142855,42.857142857142854,False,按实际呈现人数
ITEM-00075,108,担忧,False,非答案候选选项,1,29,0.034482758620689655,3.4482758620689653,3,0.3333333333333333,33.33333333333333,False,按实际呈现人数
ITEM-00075,108,敌意,False,非答案候选选项,1,29,0.034482758620689655,3.4482758620689653,3,0.3333333333333333,33.33333333333333,False,按实际呈现人数
ITEM-00075,108,紧张,False,非答案候选选项,2,29,0.06896551724137931,6.896551724137931,6,0.3333333333333333,33.33333333333333,False,按实际呈现人数
ITEM-00075,108,不屑,False,非答案候选选项,1,29,0.034482758620689655,3.4482758620689653,4,0.25,25.0,False,按实际呈现人数
ITEM-00075,108,好奇,False,非答案候选选项,1,29,0.034482758620689655,3.4482758620689653,4,0.25,25.0,False,按实际呈现人数
ITEM-00075,108,烦躁,False,非答案候选选项,1,29,0.034482758620689655,3.4482758620689653,4,0.25,25.0,False,按实际呈现人数
ITEM-00075,108,愁闷,False,非答案候选选项,1,29,0.034482758620689655,3.4482758620689653,5,0.2,20.0,False,按实际呈现人数
ITEM-00075,108,渴望,False,非答案候选选项,1,29,0.034482758620689655,3.4482758620689653,5,0.2,20.0,False,按实际呈现人数
ITEM-00075,108,痛苦,False,非答案候选选项,1,29,0.034482758620689655,3.4482758620689653,6,0.16666666666666666,16.666666666666664,False,按实际呈现人数
ITEM-00075,108,绝望,False,非答案候选选项,1,29,0.034482758620689655,3.4482758620689653,6,0.16666666666666666,16.666666666666664,False,按实际呈现人数
ITEM-00075,108,惊喜,False,非答案候选选项,1,29,0.034482758620689655,3.4482758620689653,9,0.1111111111111111,11.11111111111111,False,按实际呈现人数
ITEM-00075,108,厌倦,False,非答案候选选项,1,29,0.034482758620689655,3.4482758620689653,10,0.1,10.0,False,按实际呈现人数
ITEM-00075,108,兴奋,False,非答案候选选项,0,29,0.0,0.0,6,0.0,0.0,True,按实际呈现人数
ITEM-00075,108,兴趣,False,非答案候选选项,0,29,0.0,0.0,4,0.0,0.0,True,按实际呈现人数
ITEM-00075,108,内疚,False,非答案候选选项,0,29,0.0,0.0,4,0.0,0.0,True,按实际呈现人数
ITEM-00075,108,冷静,False,非答案候选选项,0,29,0.0,0.0,3,0.0,0.0,True,按实际呈现人数
ITEM-00075,108,困惑,False,非答案候选选项,0,29,0.0,0.0,4,0.0,0.0,True,按实际呈现人数
ITEM-00075,108,委屈,False,非答案候选选项,0,29,0.0,0.0,4,0.0,0.0,True,按实际呈现人数
ITEM-00075,108,嫉妒,False,非答案候选选项,0,29,0.0,0.0,2,0.0,0.0,True,按实际呈现人数
ITEM-00075,108,审美欣赏,False,非答案候选选项,0,29,0.0,0.0,5,0.0,0.0,True,按实际呈现人数
ITEM-00075,108,尴尬,False,非答案候选选项,0,29,0.0,0.0,6,0.0,0.0,True,按实际呈现人数
ITEM-00075,108,崇拜,False,非答案候选选项,0,29,0.0,0.0,9,0.0,0.0,True,按实际呈现人数
ITEM-00075,108,希望,False,非答案候选选项,0,29,0.0,0.0,3,0.0,0.0,True,按实际呈现人数
ITEM-00075,108,平静,False,非答案候选选项,0,29,0.0,0.0,7,0.0,0.0,True,按实际呈现人数
ITEM-00075,108,快乐,False,非答案候选选项,0,29,0.0,0.0,4,0.0,0.0,True,按实际呈现人数
ITEM-00075,108,怀旧,False,非答案候选选项,0,29,0.0,0.0,8,0.0,0.0,True,按实际呈现人数
ITEM-00075,108,悲伤,False,非答案候选选项,0,29,0.0,0.0,3,0.0,0.0,True,按实际呈现人数
ITEM-00075,108,愉悦,False,非答案候选选项,0,29,0.0,0.0,4,0.0,0.0,True,按实际呈现人数
ITEM-00075,108,感动,False,非答案候选选项,0,29,0.0,0.0,4,0.0,0.0,True,按实际呈现人数
ITEM-00075,108,感激,False,非答案候选选项,0,29,0.0,0.0,4,0.0,0.0,True,按实际呈现人数
ITEM-00075,108,抑郁,False,非答案候选选项,0,29,0.0,0.0,8,0.0,0.0,True,按实际呈现人数
ITEM-00075,108,焦虑,False,非答案候选选项,0,29,0.0,0.0,6,0.0,0.0,True,按实际呈现人数
ITEM-00075,108,爱,False,非答案候选选项,0,29,0.0,0.0,6,0.0,0.0,True,按实际呈现人数
ITEM-00075,108,羞耻,False,非答案候选选项,0,29,0.0,0.0,1,0.0,0.0,True,按实际呈现人数
ITEM-00075,108,羡慕,False,非答案候选选项,0,29,0.0,0.0,7,0.0,0.0,True,按实际呈现人数
ITEM-00075,108,自满,False,非答案候选选项,0,29,0.0,0.0,5,0.0,0.0,True,按实际呈现人数
ITEM-00075,108,自豪,False,非答案候选选项,0,29,0.0,0.0,5,0.0,0.0,True,按实际呈现人数
ITEM-00075,108,蔑视,False,非答案候选选项,0,29,0.0,0.0,4,0.0,0.0,True,按实际呈现人数
ITEM-00075,108,轻松,False,非答案候选选项,0,29,0.0,0.0,5,0.0,0.0,True,按实际呈现人数
ITEM-00075,108,遗憾,False,非答案候选选项,0,29,0.0,0.0,5,0.0,0.0,True,按实际呈现人数
ITEM-00075,108,释然,False,非答案候选选项,0,29,0.0,0.0,4,0.0,0.0,True,按实际呈现人数
ITEM-00076,78,愤怒,False,非答案候选选项,2,24,0.08333333333333333,8.333333333333332,2,1.0,100.0,False,按实际呈现人数
ITEM-00076,78,失望,False,非答案候选选项,3,24,0.125,12.5,4,0.75,75.0,False,按实际呈现人数
ITEM-00076,78,怨恨,False,非答案候选选项,3,24,0.125,12.5,4,0.75,75.0,False,按实际呈现人数
ITEM-00076,78,烦躁,True,标准答案选项,16,24,0.6666666666666666,66.66666666666666,24,0.6666666666666666,66.66666666666666,False,按实际呈现人数
ITEM-00076,78,痛苦,False,非答案候选选项,2,24,0.08333333333333333,8.333333333333332,3,0.6666666666666666,66.66666666666666,False,按实际呈现人数
ITEM-00076,78,厌恶,False,非答案候选选项,2,24,0.08333333333333333,8.333333333333332,4,0.5,50.0,False,按实际呈现人数
ITEM-00076,78,敌意,False,非答案候选选项,3,24,0.125,12.5,6,0.5,50.0,False,按实际呈现人数
ITEM-00076,78,震惊,False,非答案候选选项,3,24,0.125,12.5,6,0.5,50.0,False,按实际呈现人数
ITEM-00076,78,尴尬,False,非答案候选选项,2,24,0.08333333333333333,8.333333333333332,5,0.4,40.0,False,按实际呈现人数
ITEM-00076,78,悲伤,False,非答案候选选项,2,24,0.08333333333333333,8.333333333333332,5,0.4,40.0,False,按实际呈现人数
ITEM-00076,78,绝望,False,非答案候选选项,2,24,0.08333333333333333,8.333333333333332,5,0.4,40.0,False,按实际呈现人数
ITEM-00076,78,共情痛苦,False,非答案候选选项,2,24,0.08333333333333333,8.333333333333332,6,0.3333333333333333,33.33333333333333,False,按实际呈现人数
ITEM-00076,78,愉悦,False,非答案候选选项,1,24,0.041666666666666664,4.166666666666666,3,0.3333333333333333,33.33333333333333,False,按实际呈现人数
ITEM-00076,78,困惑,False,非答案候选选项,1,24,0.041666666666666664,4.166666666666666,4,0.25,25.0,False,按实际呈现人数
ITEM-00076,78,委屈,False,非答案候选选项,1,24,0.041666666666666664,4.166666666666666,5,0.2,20.0,False,按实际呈现人数
ITEM-00076,78,希望,False,非答案候选选项,1,24,0.041666666666666664,4.166666666666666,5,0.2,20.0,False,按实际呈现人数
ITEM-00076,78,嫉妒,False,非答案候选选项,1,24,0.041666666666666664,4.166666666666666,6,0.16666666666666666,16.666666666666664,False,按实际呈现人数
ITEM-00076,78,羞耻,True,标准答案选项,3,24,0.125,12.5,24,0.125,12.5,False,按实际呈现人数
ITEM-00076,78,遗憾,False,非答案候选选项,1,24,0.041666666666666664,4.166666666666666,8,0.125,12.5,False,按实际呈现人数
ITEM-00076,78,不屑,False,非答案候选选项,0,24,0.0,0.0,1,0.0,0.0,True,按实际呈现人数
ITEM-00076,78,兴奋,False,非答案候选选项,0,24,0.0,0.0,4,0.0,0.0,True,按实际呈现人数
ITEM-00076,78,兴趣,False,非答案候选选项,0,24,0.0,0.0,5,0.0,0.0,True,按实际呈现人数
ITEM-00076,78,内疚,False,非答案候选选项,0,24,0.0,0.0,3,0.0,0.0,True,按实际呈现人数
ITEM-00076,78,冷静,False,非答案候选选项,0,24,0.0,0.0,3,0.0,0.0,True,按实际呈现人数
ITEM-00076,78,厌倦,False,非答案候选选项,0,24,0.0,0.0,2,0.0,0.0,True,按实际呈现人数
ITEM-00076,78,好奇,False,非答案候选选项,0,24,0.0,0.0,2,0.0,0.0,True,按实际呈现人数
ITEM-00076,78,审美欣赏,False,非答案候选选项,0,24,0.0,0.0,4,0.0,0.0,True,按实际呈现人数
ITEM-00076,78,崇拜,False,非答案候选选项,0,24,0.0,0.0,4,0.0,0.0,True,按实际呈现人数
ITEM-00076,78,平静,False,非答案候选选项,0,24,0.0,0.0,3,0.0,0.0,True,按实际呈现人数
ITEM-00076,78,快乐,False,非答案候选选项,0,24,0.0,0.0,3,0.0,0.0,True,按实际呈现人数
ITEM-00076,78,怀旧,False,非答案候选选项,0,24,0.0,0.0,2,0.0,0.0,True,按实际呈现人数
ITEM-00076,78,恐惧,False,非答案候选选项,0,24,0.0,0.0,2,0.0,0.0,True,按实际呈现人数
ITEM-00076,78,惊喜,False,非答案候选选项,0,24,0.0,0.0,4,0.0,0.0,True,按实际呈现人数
ITEM-00076,78,惊讶,False,非答案候选选项,0,24,0.0,0.0,3,0.0,0.0,True,按实际呈现人数
ITEM-00076,78,愁闷,False,非答案候选选项,0,24,0.0,0.0,4,0.0,0.0,True,按实际呈现人数
ITEM-00076,78,感动,False,非答案候选选项,0,24,0.0,0.0,7,0.0,0.0,True,按实际呈现人数
ITEM-00076,78,感激,False,非答案候选选项,0,24,0.0,0.0,6,0.0,0.0,True,按实际呈现人数
ITEM-00076,78,抑郁,False,非答案候选选项,0,24,0.0,0.0,2,0.0,0.0,True,按实际呈现人数
ITEM-00076,78,担忧,False,非答案候选选项,0,24,0.0,0.0,6,0.0,0.0,True,按实际呈现人数
ITEM-00076,78,渴望,False,非答案候选选项,0,24,0.0,0.0,5,0.0,0.0,True,按实际呈现人数
ITEM-00076,78,满足,False,非答案候选选项,0,24,0.0,0.0,4,0.0,0.0,True,按实际呈现人数
ITEM-00076,78,焦虑,False,非答案候选选项,0,24,0.0,0.0,4,0.0,0.0,True,按实际呈现人数
ITEM-00076,78,爱,False,非答案候选选项,0,24,0.0,0.0,4,0.0,0.0,True,按实际呈现人数
ITEM-00076,78,紧张,False,非答案候选选项,0,24,0.0,0.0,3,0.0,0.0,True,按实际呈现人数
ITEM-00076,78,羡慕,False,非答案候选选项,0,24,0.0,0.0,5,0.0,0.0,True,按实际呈现人数
ITEM-00076,78,自满,False,非答案候选选项,0,24,0.0,0.0,4,0.0,0.0,True,按实际呈现人数
ITEM-00076,78,自豪,False,非答案候选选项,0,24,0.0,0.0,4,0.0,0.0,True,按实际呈现人数
ITEM-00076,78,蔑视,False,非答案候选选项,0,24,0.0,0.0,1,0.0,0.0,True,按实际呈现人数
ITEM-00076,78,轻松,False,非答案候选选项,0,24,0.0,0.0,3,0.0,0.0,True,按实际呈现人数
ITEM-00076,78,释然,False,非答案候选选项,0,24,0.0,0.0,4,0.0,0.0,True,按实际呈现人数
ITEM-00077,79,困惑,False,非答案候选选项,3,26,0.11538461538461539,11.538461538461538,4,0.75,75.0,False,按实际呈现人数
ITEM-00077,79,烦躁,True,标准答案选项,19,26,0.7307692307692307,73.07692307692307,26,0.7307692307692307,73.07692307692307,False,按实际呈现人数
ITEM-00077,79,厌恶,False,非答案候选选项,2,26,0.07692307692307693,7.6923076923076925,3,0.6666666666666666,66.66666666666666,False,按实际呈现人数
ITEM-00077,79,厌倦,True,标准答案选项,13,26,0.5,50.0,26,0.5,50.0,False,按实际呈现人数
ITEM-00077,79,委屈,False,非答案候选选项,2,26,0.07692307692307693,7.6923076923076925,4,0.5,50.0,False,按实际呈现人数
ITEM-00077,79,蔑视,False,非答案候选选项,1,26,0.038461538461538464,3.8461538461538463,2,0.5,50.0,False,按实际呈现人数
ITEM-00077,79,愤怒,False,非答案候选选项,3,26,0.11538461538461539,11.538461538461538,7,0.42857142857142855,42.857142857142854,False,按实际呈现人数
ITEM-00077,79,失望,False,非答案候选选项,2,26,0.07692307692307693,7.6923076923076925,6,0.3333333333333333,33.33333333333333,False,按实际呈现人数
ITEM-00077,79,怨恨,False,非答案候选选项,1,26,0.038461538461538464,3.8461538461538463,3,0.3333333333333333,33.33333333333333,False,按实际呈现人数
ITEM-00077,79,焦虑,False,非答案候选选项,1,26,0.038461538461538464,3.8461538461538463,3,0.3333333333333333,33.33333333333333,False,按实际呈现人数
ITEM-00077,79,不屑,False,非答案候选选项,2,26,0.07692307692307693,7.6923076923076925,7,0.2857142857142857,28.57142857142857,False,按实际呈现人数
ITEM-00077,79,尴尬,False,非答案候选选项,1,26,0.038461538461538464,3.8461538461538463,5,0.2,20.0,False,按实际呈现人数
ITEM-00077,79,怀旧,False,非答案候选选项,1,26,0.038461538461538464,3.8461538461538463,5,0.2,20.0,False,按实际呈现人数
ITEM-00077,79,敌意,False,非答案候选选项,1,26,0.038461538461538464,3.8461538461538463,5,0.2,20.0,False,按实际呈现人数
ITEM-00077,79,绝望,False,非答案候选选项,1,26,0.038461538461538464,3.8461538461538463,6,0.16666666666666666,16.666666666666664,False,按实际呈现人数
ITEM-00077,79,惊讶,False,非答案候选选项,1,26,0.038461538461538464,3.8461538461538463,8,0.125,12.5,False,按实际呈现人数
ITEM-00077,79,共情痛苦,False,非答案候选选项,0,26,0.0,0.0,2,0.0,0.0,True,按实际呈现人数
ITEM-00077,79,兴奋,False,非答案候选选项,0,26,0.0,0.0,6,0.0,0.0,True,按实际呈现人数
ITEM-00077,79,兴趣,False,非答案候选选项,0,26,0.0,0.0,3,0.0,0.0,True,按实际呈现人数
ITEM-00077,79,内疚,False,非答案候选选项,0,26,0.0,0.0,6,0.0,0.0,True,按实际呈现人数
ITEM-00077,79,冷静,False,非答案候选选项,0,26,0.0,0.0,1,0.0,0.0,True,按实际呈现人数
ITEM-00077,79,好奇,False,非答案候选选项,0,26,0.0,0.0,2,0.0,0.0,True,按实际呈现人数
ITEM-00077,79,嫉妒,False,非答案候选选项,0,26,0.0,0.0,5,0.0,0.0,True,按实际呈现人数
ITEM-00077,79,审美欣赏,False,非答案候选选项,0,26,0.0,0.0,4,0.0,0.0,True,按实际呈现人数
ITEM-00077,79,崇拜,False,非答案候选选项,0,26,0.0,0.0,9,0.0,0.0,True,按实际呈现人数
ITEM-00077,79,希望,False,非答案候选选项,0,26,0.0,0.0,8,0.0,0.0,True,按实际呈现人数
ITEM-00077,79,平静,False,非答案候选选项,0,26,0.0,0.0,6,0.0,0.0,True,按实际呈现人数
ITEM-00077,79,快乐,False,非答案候选选项,0,26,0.0,0.0,4,0.0,0.0,True,按实际呈现人数
ITEM-00077,79,恐惧,False,非答案候选选项,0,26,0.0,0.0,4,0.0,0.0,True,按实际呈现人数
ITEM-00077,79,悲伤,False,非答案候选选项,0,26,0.0,0.0,3,0.0,0.0,True,按实际呈现人数
ITEM-00077,79,惊喜,False,非答案候选选项,0,26,0.0,0.0,3,0.0,0.0,True,按实际呈现人数
ITEM-00077,79,愁闷,False,非答案候选选项,0,26,0.0,0.0,3,0.0,0.0,True,按实际呈现人数
ITEM-00077,79,愉悦,False,非答案候选选项,0,26,0.0,0.0,4,0.0,0.0,True,按实际呈现人数
ITEM-00077,79,感动,False,非答案候选选项,0,26,0.0,0.0,3,0.0,0.0,True,按实际呈现人数
ITEM-00077,79,感激,False,非答案候选选项,0,26,0.0,0.0,6,0.0,0.0,True,按实际呈现人数
ITEM-00077,79,抑郁,False,非答案候选选项,0,26,0.0,0.0,4,0.0,0.0,True,按实际呈现人数
ITEM-00077,79,担忧,False,非答案候选选项,0,26,0.0,0.0,6,0.0,0.0,True,按实际呈现人数
ITEM-00077,79,渴望,False,非答案候选选项,0,26,0.0,0.0,5,0.0,0.0,True,按实际呈现人数
ITEM-00077,79,满足,False,非答案候选选项,0,26,0.0,0.0,2,0.0,0.0,True,按实际呈现人数
ITEM-00077,79,爱,False,非答案候选选项,0,26,0.0,0.0,5,0.0,0.0,True,按实际呈现人数
ITEM-00077,79,痛苦,False,非答案候选选项,0,26,0.0,0.0,5,0.0,0.0,True,按实际呈现人数
ITEM-00077,79,紧张,False,非答案候选选项,0,26,0.0,0.0,3,0.0,0.0,True,按实际呈现人数
ITEM-00077,79,羞耻,False,非答案候选选项,0,26,0.0,0.0,3,0.0,0.0,True,按实际呈现人数
ITEM-00077,79,羡慕,False,非答案候选选项,0,26,0.0,0.0,2,0.0,0.0,True,按实际呈现人数
ITEM-00077,79,自满,False,非答案候选选项,0,26,0.0,0.0,3,0.0,0.0,True,按实际呈现人数
ITEM-00077,79,自豪,False,非答案候选选项,0,26,0.0,0.0,7,0.0,0.0,True,按实际呈现人数
ITEM-00077,79,轻松,False,非答案候选选项,0,26,0.0,0.0,3,0.0,0.0,True,按实际呈现人数
ITEM-00077,79,遗憾,False,非答案候选选项,0,26,0.0,0.0,2,0.0,0.0,True,按实际呈现人数
ITEM-00077,79,释然,False,非答案候选选项,0,26,0.0,0.0,4,0.0,0.0,True,按实际呈现人数
ITEM-00077,79,震惊,False,非答案候选选项,0,26,0.0,0.0,4,0.0,0.0,True,按实际呈现人数
ITEM-00078,89,悲伤,True,标准答案选项,51,64,0.796875,79.6875,64,0.796875,79.6875,False,按实际呈现人数
ITEM-00078,89,委屈,False,非答案候选选项,11,64,0.171875,17.1875,16,0.6875,68.75,False,按实际呈现人数
ITEM-00078,89,愁闷,False,非答案候选选项,7,64,0.109375,10.9375,11,0.6363636363636364,63.63636363636363,False,按实际呈现人数
ITEM-00078,89,痛苦,False,非答案候选选项,7,64,0.109375,10.9375,11,0.6363636363636364,63.63636363636363,False,按实际呈现人数
ITEM-00078,89,失望,False,非答案候选选项,2,64,0.03125,3.125,5,0.4,40.0,False,按实际呈现人数
ITEM-00078,89,尴尬,False,非答案候选选项,2,64,0.03125,3.125,6,0.3333333333333333,33.33333333333333,False,按实际呈现人数
ITEM-00078,89,担忧,False,非答案候选选项,5,64,0.078125,7.8125,15,0.3333333333333333,33.33333333333333,False,按实际呈现人数
ITEM-00078,89,焦虑,False,非答案候选选项,4,64,0.0625,6.25,12,0.3333333333333333,33.33333333333333,False,按实际呈现人数
ITEM-00078,89,遗憾,False,非答案候选选项,2,64,0.03125,3.125,6,0.3333333333333333,33.33333333333333,False,按实际呈现人数
ITEM-00078,89,羞耻,False,非答案候选选项,2,64,0.03125,3.125,7,0.2857142857142857,28.57142857142857,False,按实际呈现人数
ITEM-00078,89,内疚,True,标准答案选项,18,64,0.28125,28.125,64,0.28125,28.125,False,按实际呈现人数
ITEM-00078,89,烦躁,False,非答案候选选项,4,64,0.0625,6.25,16,0.25,25.0,False,按实际呈现人数
ITEM-00078,89,绝望,False,非答案候选选项,3,64,0.046875,4.6875,12,0.25,25.0,False,按实际呈现人数
ITEM-00078,89,爱,False,非答案候选选项,2,64,0.03125,3.125,9,0.2222222222222222,22.22222222222222,False,按实际呈现人数
ITEM-00078,89,冷静,False,非答案候选选项,1,64,0.015625,1.5625,5,0.2,20.0,False,按实际呈现人数
ITEM-00078,89,恐惧,False,非答案候选选项,3,64,0.046875,4.6875,16,0.1875,18.75,False,按实际呈现人数
ITEM-00078,89,紧张,False,非答案候选选项,2,64,0.03125,3.125,11,0.18181818181818182,18.181818181818183,False,按实际呈现人数
ITEM-00078,89,怨恨,False,非答案候选选项,2,64,0.03125,3.125,12,0.16666666666666666,16.666666666666664,False,按实际呈现人数
ITEM-00078,89,厌倦,False,非答案候选选项,1,64,0.015625,1.5625,7,0.14285714285714285,14.285714285714285,False,按实际呈现人数
ITEM-00078,89,怀旧,False,非答案候选选项,1,64,0.015625,1.5625,7,0.14285714285714285,14.285714285714285,False,按实际呈现人数
ITEM-00078,89,厌恶,False,非答案候选选项,2,64,0.03125,3.125,15,0.13333333333333333,13.333333333333334,False,按实际呈现人数
ITEM-00078,89,愤怒,False,非答案候选选项,1,64,0.015625,1.5625,8,0.125,12.5,False,按实际呈现人数
ITEM-00078,89,抑郁,False,非答案候选选项,1,64,0.015625,1.5625,9,0.1111111111111111,11.11111111111111,False,按实际呈现人数
ITEM-00078,89,共情痛苦,False,非答案候选选项,1,64,0.015625,1.5625,11,0.09090909090909091,9.090909090909092,False,按实际呈现人数
ITEM-00078,89,感激,False,非答案候选选项,1,64,0.015625,1.5625,11,0.09090909090909091,9.090909090909092,False,按实际呈现人数
ITEM-00078,89,希望,False,非答案候选选项,1,64,0.015625,1.5625,14,0.07142857142857142,7.142857142857142,False,按实际呈现人数
ITEM-00078,89,审美欣赏,False,非答案候选选项,1,64,0.015625,1.5625,15,0.06666666666666667,6.666666666666667,False,按实际呈现人数
ITEM-00078,89,兴奋,False,非答案候选选项,1,64,0.015625,1.5625,17,0.058823529411764705,5.88235294117647,False,按实际呈现人数
ITEM-00078,89,不屑,False,非答案候选选项,0,64,0.0,0.0,13,0.0,0.0,True,按实际呈现人数
ITEM-00078,89,兴趣,False,非答案候选选项,0,64,0.0,0.0,7,0.0,0.0,True,按实际呈现人数
ITEM-00078,89,困惑,False,非答案候选选项,0,64,0.0,0.0,6,0.0,0.0,True,按实际呈现人数
ITEM-00078,89,好奇,False,非答案候选选项,0,64,0.0,0.0,6,0.0,0.0,True,按实际呈现人数
ITEM-00078,89,嫉妒,False,非答案候选选项,0,64,0.0,0.0,10,0.0,0.0,True,按实际呈现人数
ITEM-00078,89,崇拜,False,非答案候选选项,0,64,0.0,0.0,16,0.0,0.0,True,按实际呈现人数
ITEM-00078,89,平静,False,非答案候选选项,0,64,0.0,0.0,9,0.0,0.0,True,按实际呈现人数
ITEM-00078,89,快乐,False,非答案候选选项,0,64,0.0,0.0,7,0.0,0.0,True,按实际呈现人数
ITEM-00078,89,惊喜,False,非答案候选选项,0,64,0.0,0.0,13,0.0,0.0,True,按实际呈现人数
ITEM-00078,89,惊讶,False,非答案候选选项,0,64,0.0,0.0,10,0.0,0.0,True,按实际呈现人数
ITEM-00078,89,愉悦,False,非答案候选选项,0,64,0.0,0.0,9,0.0,0.0,True,按实际呈现人数
ITEM-00078,89,感动,False,非答案候选选项,0,64,0.0,0.0,7,0.0,0.0,True,按实际呈现人数
ITEM-00078,89,敌意,False,非答案候选选项,0,64,0.0,0.0,11,0.0,0.0,True,按实际呈现人数
ITEM-00078,89,渴望,False,非答案候选选项,0,64,0.0,0.0,7,0.0,0.0,True,按实际呈现人数
ITEM-00078,89,满足,False,非答案候选选项,0,64,0.0,0.0,12,0.0,0.0,True,按实际呈现人数
ITEM-00078,89,羡慕,False,非答案候选选项,0,64,0.0,0.0,8,0.0,0.0,True,按实际呈现人数
ITEM-00078,89,自满,False,非答案候选选项,0,64,0.0,0.0,14,0.0,0.0,True,按实际呈现人数
ITEM-00078,89,自豪,False,非答案候选选项,0,64,0.0,0.0,18,0.0,0.0,True,按实际呈现人数
ITEM-00078,89,蔑视,False,非答案候选选项,0,64,0.0,0.0,9,0.0,0.0,True,按实际呈现人数
ITEM-00078,89,轻松,False,非答案候选选项,0,64,0.0,0.0,12,0.0,0.0,True,按实际呈现人数
ITEM-00078,89,释然,False,非答案候选选项,0,64,0.0,0.0,10,0.0,0.0,True,按实际呈现人数
ITEM-00078,89,震惊,False,非答案候选选项,0,64,0.0,0.0,14,0.0,0.0,True,按实际呈现人数
ITEM-00079,61,担忧,False,非答案候选选项,4,34,0.11764705882352941,11.76470588235294,5,0.8,80.0,False,按实际呈现人数
ITEM-00079,61,委屈,True,标准答案选项,27,34,0.7941176470588235,79.41176470588235,34,0.7941176470588235,79.41176470588235,False,按实际呈现人数
ITEM-00079,61,失望,False,非答案候选选项,4,34,0.11764705882352941,11.76470588235294,6,0.6666666666666666,66.66666666666666,False,按实际呈现人数
ITEM-00079,61,绝望,False,非答案候选选项,2,34,0.058823529411764705,5.88235294117647,4,0.5,50.0,False,按实际呈现人数
ITEM-00079,61,悲伤,True,标准答案选项,16,34,0.47058823529411764,47.05882352941176,34,0.47058823529411764,47.05882352941176,False,按实际呈现人数
ITEM-00079,61,困惑,False,非答案候选选项,3,34,0.08823529411764706,8.823529411764707,7,0.42857142857142855,42.857142857142854,False,按实际呈现人数
ITEM-00079,61,平静,False,非答案候选选项,3,34,0.08823529411764706,8.823529411764707,8,0.375,37.5,False,按实际呈现人数
ITEM-00079,61,冷静,False,非答案候选选项,3,34,0.08823529411764706,8.823529411764707,9,0.3333333333333333,33.33333333333333,False,按实际呈现人数
ITEM-00079,61,恐惧,False,非答案候选选项,3,34,0.08823529411764706,8.823529411764707,9,0.3333333333333333,33.33333333333333,False,按实际呈现人数
ITEM-00079,61,紧张,False,非答案候选选项,2,34,0.058823529411764705,5.88235294117647,6,0.3333333333333333,33.33333333333333,False,按实际呈现人数
ITEM-00079,61,尴尬,False,非答案候选选项,2,34,0.058823529411764705,5.88235294117647,7,0.2857142857142857,28.57142857142857,False,按实际呈现人数
ITEM-00079,61,怨恨,False,非答案候选选项,2,34,0.058823529411764705,5.88235294117647,9,0.2222222222222222,22.22222222222222,False,按实际呈现人数
ITEM-00079,61,愁闷,False,非答案候选选项,2,34,0.058823529411764705,5.88235294117647,9,0.2222222222222222,22.22222222222222,False,按实际呈现人数
ITEM-00079,61,兴趣,False,非答案候选选项,1,34,0.029411764705882353,2.941176470588235,5,0.2,20.0,False,按实际呈现人数
ITEM-00079,61,渴望,False,非答案候选选项,1,34,0.029411764705882353,2.941176470588235,5,0.2,20.0,False,按实际呈现人数
ITEM-00079,61,内疚,False,非答案候选选项,1,34,0.029411764705882353,2.941176470588235,6,0.16666666666666666,16.666666666666664,False,按实际呈现人数
ITEM-00079,61,好奇,False,非答案候选选项,1,34,0.029411764705882353,2.941176470588235,6,0.16666666666666666,16.666666666666664,False,按实际呈现人数
ITEM-00079,61,烦躁,False,非答案候选选项,1,34,0.029411764705882353,2.941176470588235,6,0.16666666666666666,16.666666666666664,False,按实际呈现人数
ITEM-00079,61,羞耻,False,非答案候选选项,1,34,0.029411764705882353,2.941176470588235,6,0.16666666666666666,16.666666666666664,False,按实际呈现人数
ITEM-00079,61,厌恶,False,非答案候选选项,1,34,0.029411764705882353,2.941176470588235,7,0.14285714285714285,14.285714285714285,False,按实际呈现人数
ITEM-00079,61,不屑,False,非答案候选选项,0,34,0.0,0.0,5,0.0,0.0,True,按实际呈现人数
ITEM-00079,61,共情痛苦,False,非答案候选选项,0,34,0.0,0.0,4,0.0,0.0,True,按实际呈现人数
ITEM-00079,61,兴奋,False,非答案候选选项,0,34,0.0,0.0,8,0.0,0.0,True,按实际呈现人数
ITEM-00079,61,厌倦,False,非答案候选选项,0,34,0.0,0.0,7,0.0,0.0,True,按实际呈现人数
ITEM-00079,61,嫉妒,False,非答案候选选项,0,34,0.0,0.0,3,0.0,0.0,True,按实际呈现人数
ITEM-00079,61,审美欣赏,False,非答案候选选项,0,34,0.0,0.0,8,0.0,0.0,True,按实际呈现人数
ITEM-00079,61,崇拜,False,非答案候选选项,0,34,0.0,0.0,5,0.0,0.0,True,按实际呈现人数
ITEM-00079,61,希望,False,非答案候选选项,0,34,0.0,0.0,5,0.0,0.0,True,按实际呈现人数
ITEM-00079,61,快乐,False,非答案候选选项,0,34,0.0,0.0,8,0.0,0.0,True,按实际呈现人数
ITEM-00079,61,怀旧,False,非答案候选选项,0,34,0.0,0.0,7,0.0,0.0,True,按实际呈现人数
ITEM-00079,61,惊喜,False,非答案候选选项,0,34,0.0,0.0,7,0.0,0.0,True,按实际呈现人数
ITEM-00079,61,惊讶,False,非答案候选选项,0,34,0.0,0.0,3,0.0,0.0,True,按实际呈现人数
ITEM-00079,61,愉悦,False,非答案候选选项,0,34,0.0,0.0,3,0.0,0.0,True,按实际呈现人数
ITEM-00079,61,感动,False,非答案候选选项,0,34,0.0,0.0,3,0.0,0.0,True,按实际呈现人数
ITEM-00079,61,感激,False,非答案候选选项,0,34,0.0,0.0,7,0.0,0.0,True,按实际呈现人数
ITEM-00079,61,愤怒,False,非答案候选选项,0,34,0.0,0.0,4,0.0,0.0,True,按实际呈现人数
ITEM-00079,61,抑郁,False,非答案候选选项,0,34,0.0,0.0,6,0.0,0.0,True,按实际呈现人数
ITEM-00079,61,敌意,False,非答案候选选项,0,34,0.0,0.0,1,0.0,0.0,True,按实际呈现人数
ITEM-00079,61,满足,False,非答案候选选项,0,34,0.0,0.0,3,0.0,0.0,True,按实际呈现人数
ITEM-00079,61,焦虑,False,非答案候选选项,0,34,0.0,0.0,4,0.0,0.0,True,按实际呈现人数
ITEM-00079,61,爱,False,非答案候选选项,0,34,0.0,0.0,4,0.0,0.0,True,按实际呈现人数
ITEM-00079,61,痛苦,False,非答案候选选项,0,34,0.0,0.0,7,0.0,0.0,True,按实际呈现人数
ITEM-00079,61,羡慕,False,非答案候选选项,0,34,0.0,0.0,3,0.0,0.0,True,按实际呈现人数
ITEM-00079,61,自满,False,非答案候选选项,0,34,0.0,0.0,5,0.0,0.0,True,按实际呈现人数
ITEM-00079,61,自豪,False,非答案候选选项,0,34,0.0,0.0,3,0.0,0.0,True,按实际呈现人数
ITEM-00079,61,蔑视,False,非答案候选选项,0,34,0.0,0.0,6,0.0,0.0,True,按实际呈现人数
ITEM-00079,61,轻松,False,非答案候选选项,0,34,0.0,0.0,4,0.0,0.0,True,按实际呈现人数
ITEM-00079,61,遗憾,False,非答案候选选项,0,34,0.0,0.0,5,0.0,0.0,True,按实际呈现人数
ITEM-00079,61,释然,False,非答案候选选项,0,34,0.0,0.0,5,0.0,0.0,True,按实际呈现人数
ITEM-00079,61,震惊,False,非答案候选选项,0,34,0.0,0.0,9,0.0,0.0,True,按实际呈现人数
ITEM-00080,65,痛苦,False,非答案候选选项,1,35,0.02857142857142857,2.857142857142857,1,1.0,100.0,False,按实际呈现人数
ITEM-00080,65,悲伤,False,非答案候选选项,6,35,0.17142857142857143,17.142857142857142,7,0.8571428571428571,85.71428571428571,False,按实际呈现人数
ITEM-00080,65,遗憾,True,标准答案选项,27,35,0.7714285714285715,77.14285714285715,35,0.7714285714285715,77.14285714285715,False,按实际呈现人数
ITEM-00080,65,冷静,False,非答案候选选项,2,35,0.05714285714285714,5.714285714285714,4,0.5,50.0,False,按实际呈现人数
ITEM-00080,65,紧张,False,非答案候选选项,1,35,0.02857142857142857,2.857142857142857,2,0.5,50.0,False,按实际呈现人数
ITEM-00080,65,释然,False,非答案候选选项,2,35,0.05714285714285714,5.714285714285714,4,0.5,50.0,False,按实际呈现人数
ITEM-00080,65,怀旧,True,标准答案选项,17,35,0.4857142857142857,48.57142857142857,35,0.4857142857142857,48.57142857142857,False,按实际呈现人数
ITEM-00080,65,共情痛苦,False,非答案候选选项,2,35,0.05714285714285714,5.714285714285714,5,0.4,40.0,False,按实际呈现人数
ITEM-00080,65,委屈,False,非答案候选选项,2,35,0.05714285714285714,5.714285714285714,5,0.4,40.0,False,按实际呈现人数
ITEM-00080,65,困惑,False,非答案候选选项,1,35,0.02857142857142857,2.857142857142857,3,0.3333333333333333,33.33333333333333,False,按实际呈现人数
ITEM-00080,65,失望,False,非答案候选选项,1,35,0.02857142857142857,2.857142857142857,4,0.25,25.0,False,按实际呈现人数
ITEM-00080,65,平静,False,非答案候选选项,1,35,0.02857142857142857,2.857142857142857,4,0.25,25.0,False,按实际呈现人数
ITEM-00080,65,愁闷,False,非答案候选选项,2,35,0.05714285714285714,5.714285714285714,8,0.25,25.0,False,按实际呈现人数
ITEM-00080,65,尴尬,False,非答案候选选项,1,35,0.02857142857142857,2.857142857142857,5,0.2,20.0,False,按实际呈现人数
ITEM-00080,65,惊讶,False,非答案候选选项,1,35,0.02857142857142857,2.857142857142857,6,0.16666666666666666,16.666666666666664,False,按实际呈现人数
ITEM-00080,65,渴望,False,非答案候选选项,1,35,0.02857142857142857,2.857142857142857,6,0.16666666666666666,16.666666666666664,False,按实际呈现人数
ITEM-00080,65,希望,False,非答案候选选项,1,35,0.02857142857142857,2.857142857142857,7,0.14285714285714285,14.285714285714285,False,按实际呈现人数
ITEM-00080,65,羞耻,False,非答案候选选项,1,35,0.02857142857142857,2.857142857142857,7,0.14285714285714285,14.285714285714285,False,按实际呈现人数
ITEM-00080,65,兴奋,False,非答案候选选项,1,35,0.02857142857142857,2.857142857142857,8,0.125,12.5,False,按实际呈现人数
ITEM-00080,65,愉悦,True,标准答案选项,4,35,0.11428571428571428,11.428571428571429,35,0.11428571428571428,11.428571428571429,False,按实际呈现人数
ITEM-00080,65,感动,True,标准答案选项,3,35,0.08571428571428572,8.571428571428571,35,0.08571428571428572,8.571428571428571,False,按实际呈现人数
ITEM-00080,65,不屑,False,非答案候选选项,0,35,0.0,0.0,2,0.0,0.0,True,按实际呈现人数
ITEM-00080,65,兴趣,False,非答案候选选项,0,35,0.0,0.0,4,0.0,0.0,True,按实际呈现人数
ITEM-00080,65,内疚,False,非答案候选选项,0,35,0.0,0.0,1,0.0,0.0,True,按实际呈现人数
ITEM-00080,65,厌倦,False,非答案候选选项,0,35,0.0,0.0,1,0.0,0.0,True,按实际呈现人数
ITEM-00080,65,厌恶,False,非答案候选选项,0,35,0.0,0.0,5,0.0,0.0,True,按实际呈现人数
ITEM-00080,65,好奇,False,非答案候选选项,0,35,0.0,0.0,3,0.0,0.0,True,按实际呈现人数
ITEM-00080,65,嫉妒,False,非答案候选选项,0,35,0.0,0.0,8,0.0,0.0,True,按实际呈现人数
ITEM-00080,65,审美欣赏,False,非答案候选选项,0,35,0.0,0.0,1,0.0,0.0,True,按实际呈现人数
ITEM-00080,65,崇拜,False,非答案候选选项,0,35,0.0,0.0,3,0.0,0.0,True,按实际呈现人数
ITEM-00080,65,快乐,False,非答案候选选项,0,35,0.0,0.0,3,0.0,0.0,True,按实际呈现人数
ITEM-00080,65,怨恨,False,非答案候选选项,0,35,0.0,0.0,3,0.0,0.0,True,按实际呈现人数
ITEM-00080,65,恐惧,False,非答案候选选项,0,35,0.0,0.0,7,0.0,0.0,True,按实际呈现人数
ITEM-00080,65,惊喜,False,非答案候选选项,0,35,0.0,0.0,3,0.0,0.0,True,按实际呈现人数
ITEM-00080,65,感激,False,非答案候选选项,0,35,0.0,0.0,3,0.0,0.0,True,按实际呈现人数
ITEM-00080,65,愤怒,False,非答案候选选项,0,35,0.0,0.0,5,0.0,0.0,True,按实际呈现人数
ITEM-00080,65,抑郁,False,非答案候选选项,0,35,0.0,0.0,5,0.0,0.0,True,按实际呈现人数
ITEM-00080,65,担忧,False,非答案候选选项,0,35,0.0,0.0,5,0.0,0.0,True,按实际呈现人数
ITEM-00080,65,敌意,False,非答案候选选项,0,35,0.0,0.0,2,0.0,0.0,True,按实际呈现人数
ITEM-00080,65,满足,False,非答案候选选项,0,35,0.0,0.0,7,0.0,0.0,True,按实际呈现人数
ITEM-00080,65,烦躁,False,非答案候选选项,0,35,0.0,0.0,4,0.0,0.0,True,按实际呈现人数
ITEM-00080,65,焦虑,False,非答案候选选项,0,35,0.0,0.0,4,0.0,0.0,True,按实际呈现人数
ITEM-00080,65,爱,False,非答案候选选项,0,35,0.0,0.0,4,0.0,0.0,True,按实际呈现人数
ITEM-00080,65,绝望,False,非答案候选选项,0,35,0.0,0.0,7,0.0,0.0,True,按实际呈现人数
ITEM-00080,65,羡慕,False,非答案候选选项,0,35,0.0,0.0,6,0.0,0.0,True,按实际呈现人数
ITEM-00080,65,自满,False,非答案候选选项,0,35,0.0,0.0,5,0.0,0.0,True,按实际呈现人数
ITEM-00080,65,自豪,False,非答案候选选项,0,35,0.0,0.0,6,0.0,0.0,True,按实际呈现人数
ITEM-00080,65,蔑视,False,非答案候选选项,0,35,0.0,0.0,3,0.0,0.0,True,按实际呈现人数
ITEM-00080,65,轻松,False,非答案候选选项,0,35,0.0,0.0,6,0.0,0.0,True,按实际呈现人数
ITEM-00080,65,震惊,False,非答案候选选项,0,35,0.0,0.0,8,0.0,0.0,True,按实际呈现人数
ITEM-00081,58,审美欣赏,True,标准答案选项,20,26,0.7692307692307693,76.92307692307693,26,0.7692307692307693,76.92307692307693,False,按实际呈现人数
ITEM-00081,58,内疚,False,非答案候选选项,3,26,0.11538461538461539,11.538461538461538,4,0.75,75.0,False,按实际呈现人数
ITEM-00081,58,共情痛苦,False,非答案候选选项,5,26,0.19230769230769232,19.230769230769234,8,0.625,62.5,False,按实际呈现人数
ITEM-00081,58,怀旧,True,标准答案选项,15,26,0.5769230769230769,57.692307692307686,26,0.5769230769230769,57.692307692307686,False,按实际呈现人数
ITEM-00081,58,感动,False,非答案候选选项,2,26,0.07692307692307693,7.6923076923076925,4,0.5,50.0,False,按实际呈现人数
ITEM-00081,58,遗憾,False,非答案候选选项,2,26,0.07692307692307693,7.6923076923076925,4,0.5,50.0,False,按实际呈现人数
ITEM-00081,58,释然,False,非答案候选选项,2,26,0.07692307692307693,7.6923076923076925,5,0.4,40.0,False,按实际呈现人数
ITEM-00081,58,抑郁,False,非答案候选选项,2,26,0.07692307692307693,7.6923076923076925,6,0.3333333333333333,33.33333333333333,False,按实际呈现人数
ITEM-00081,58,兴趣,False,非答案候选选项,2,26,0.07692307692307693,7.6923076923076925,7,0.2857142857142857,28.57142857142857,False,按实际呈现人数
ITEM-00081,58,愁闷,False,非答案候选选项,1,26,0.038461538461538464,3.8461538461538463,4,0.25,25.0,False,按实际呈现人数
ITEM-00081,58,蔑视,False,非答案候选选项,1,26,0.038461538461538464,3.8461538461538463,4,0.25,25.0,False,按实际呈现人数
ITEM-00081,58,轻松,False,非答案候选选项,1,26,0.038461538461538464,3.8461538461538463,4,0.25,25.0,False,按实际呈现人数
ITEM-00081,58,震惊,False,非答案候选选项,1,26,0.038461538461538464,3.8461538461538463,4,0.25,25.0,False,按实际呈现人数
ITEM-00081,58,厌倦,False,非答案候选选项,1,26,0.038461538461538464,3.8461538461538463,5,0.2,20.0,False,按实际呈现人数
ITEM-00081,58,满足,False,非答案候选选项,1,26,0.038461538461538464,3.8461538461538463,5,0.2,20.0,False,按实际呈现人数
ITEM-00081,58,不屑,False,非答案候选选项,0,26,0.0,0.0,3,0.0,0.0,True,按实际呈现人数
ITEM-00081,58,兴奋,False,非答案候选选项,0,26,0.0,0.0,7,0.0,0.0,True,按实际呈现人数
ITEM-00081,58,冷静,False,非答案候选选项,0,26,0.0,0.0,1,0.0,0.0,True,按实际呈现人数
ITEM-00081,58,厌恶,False,非答案候选选项,0,26,0.0,0.0,6,0.0,0.0,True,按实际呈现人数
ITEM-00081,58,困惑,False,非答案候选选项,0,26,0.0,0.0,7,0.0,0.0,True,按实际呈现人数
ITEM-00081,58,失望,False,非答案候选选项,0,26,0.0,0.0,5,0.0,0.0,True,按实际呈现人数
ITEM-00081,58,好奇,False,非答案候选选项,0,26,0.0,0.0,5,0.0,0.0,True,按实际呈现人数
ITEM-00081,58,委屈,False,非答案候选选项,0,26,0.0,0.0,3,0.0,0.0,True,按实际呈现人数
ITEM-00081,58,嫉妒,False,非答案候选选项,0,26,0.0,0.0,2,0.0,0.0,True,按实际呈现人数
ITEM-00081,58,尴尬,False,非答案候选选项,0,26,0.0,0.0,2,0.0,0.0,True,按实际呈现人数
ITEM-00081,58,崇拜,False,非答案候选选项,0,26,0.0,0.0,4,0.0,0.0,True,按实际呈现人数
ITEM-00081,58,希望,False,非答案候选选项,0,26,0.0,0.0,6,0.0,0.0,True,按实际呈现人数
ITEM-00081,58,平静,False,非答案候选选项,0,26,0.0,0.0,2,0.0,0.0,True,按实际呈现人数
ITEM-00081,58,快乐,False,非答案候选选项,0,26,0.0,0.0,3,0.0,0.0,True,按实际呈现人数
ITEM-00081,58,怨恨,False,非答案候选选项,0,26,0.0,0.0,7,0.0,0.0,True,按实际呈现人数
ITEM-00081,58,恐惧,False,非答案候选选项,0,26,0.0,0.0,2,0.0,0.0,True,按实际呈现人数
ITEM-00081,58,悲伤,False,非答案候选选项,0,26,0.0,0.0,2,0.0,0.0,True,按实际呈现人数
ITEM-00081,58,惊喜,False,非答案候选选项,0,26,0.0,0.0,4,0.0,0.0,True,按实际呈现人数
ITEM-00081,58,惊讶,False,非答案候选选项,0,26,0.0,0.0,2,0.0,0.0,True,按实际呈现人数
ITEM-00081,58,愉悦,False,非答案候选选项,0,26,0.0,0.0,3,0.0,0.0,True,按实际呈现人数
ITEM-00081,58,感激,False,非答案候选选项,0,26,0.0,0.0,1,0.0,0.0,True,按实际呈现人数
ITEM-00081,58,愤怒,False,非答案候选选项,0,26,0.0,0.0,5,0.0,0.0,True,按实际呈现人数
ITEM-00081,58,担忧,False,非答案候选选项,0,26,0.0,0.0,6,0.0,0.0,True,按实际呈现人数
ITEM-00081,58,敌意,False,非答案候选选项,0,26,0.0,0.0,3,0.0,0.0,True,按实际呈现人数
ITEM-00081,58,渴望,False,非答案候选选项,0,26,0.0,0.0,1,0.0,0.0,True,按实际呈现人数
ITEM-00081,58,烦躁,False,非答案候选选项,0,26,0.0,0.0,4,0.0,0.0,True,按实际呈现人数
ITEM-00081,58,焦虑,False,非答案候选选项,0,26,0.0,0.0,5,0.0,0.0,True,按实际呈现人数
ITEM-00081,58,爱,False,非答案候选选项,0,26,0.0,0.0,5,0.0,0.0,True,按实际呈现人数
ITEM-00081,58,痛苦,False,非答案候选选项,0,26,0.0,0.0,3,0.0,0.0,True,按实际呈现人数
ITEM-00081,58,紧张,False,非答案候选选项,0,26,0.0,0.0,5,0.0,0.0,True,按实际呈现人数
ITEM-00081,58,绝望,False,非答案候选选项,0,26,0.0,0.0,6,0.0,0.0,True,按实际呈现人数
ITEM-00081,58,羞耻,False,非答案候选选项,0,26,0.0,0.0,8,0.0,0.0,True,按实际呈现人数
ITEM-00081,58,羡慕,False,非答案候选选项,0,26,0.0,0.0,6,0.0,0.0,True,按实际呈现人数
ITEM-00081,58,自豪,False,非答案候选选项,0,26,0.0,0.0,10,0.0,0.0,True,按实际呈现人数
ITEM-00082,72,恐惧,False,非答案候选选项,1,15,0.06666666666666667,6.666666666666667,1,1.0,100.0,False,按实际呈现人数
ITEM-00082,72,紧张,True,标准答案选项,13,15,0.8666666666666667,86.66666666666667,15,0.8666666666666667,86.66666666666667,False,按实际呈现人数
ITEM-00082,72,尴尬,False,非答案候选选项,2,15,0.13333333333333333,13.333333333333334,3,0.6666666666666666,66.66666666666666,False,按实际呈现人数
ITEM-00082,72,惊讶,False,非答案候选选项,2,15,0.13333333333333333,13.333333333333334,3,0.6666666666666666,66.66666666666666,False,按实际呈现人数
ITEM-00082,72,焦虑,True,标准答案选项,8,15,0.5333333333333333,53.333333333333336,15,0.5333333333333333,53.333333333333336,False,按实际呈现人数
ITEM-00082,72,愁闷,False,非答案候选选项,1,15,0.06666666666666667,6.666666666666667,2,0.5,50.0,False,按实际呈现人数
ITEM-00082,72,敌意,False,非答案候选选项,2,15,0.13333333333333333,13.333333333333334,4,0.5,50.0,False,按实际呈现人数
ITEM-00082,72,冷静,False,非答案候选选项,1,15,0.06666666666666667,6.666666666666667,3,0.3333333333333333,33.33333333333333,False,按实际呈现人数
ITEM-00082,72,审美欣赏,False,非答案候选选项,1,15,0.06666666666666667,6.666666666666667,3,0.3333333333333333,33.33333333333333,False,按实际呈现人数
ITEM-00082,72,感动,False,非答案候选选项,1,15,0.06666666666666667,6.666666666666667,3,0.3333333333333333,33.33333333333333,False,按实际呈现人数
ITEM-00082,72,担忧,False,非答案候选选项,1,15,0.06666666666666667,6.666666666666667,3,0.3333333333333333,33.33333333333333,False,按实际呈现人数
ITEM-00082,72,内疚,False,非答案候选选项,1,15,0.06666666666666667,6.666666666666667,4,0.25,25.0,False,按实际呈现人数
ITEM-00082,72,痛苦,False,非答案候选选项,1,15,0.06666666666666667,6.666666666666667,5,0.2,20.0,False,按实际呈现人数
ITEM-00082,72,不屑,False,非答案候选选项,0,15,0.0,0.0,4,0.0,0.0,True,按实际呈现人数
ITEM-00082,72,兴奋,False,非答案候选选项,0,15,0.0,0.0,4,0.0,0.0,True,按实际呈现人数
ITEM-00082,72,兴趣,False,非答案候选选项,0,15,0.0,0.0,3,0.0,0.0,True,按实际呈现人数
ITEM-00082,72,厌倦,False,非答案候选选项,0,15,0.0,0.0,4,0.0,0.0,True,按实际呈现人数
ITEM-00082,72,厌恶,False,非答案候选选项,0,15,0.0,0.0,3,0.0,0.0,True,按实际呈现人数
ITEM-00082,72,困惑,False,非答案候选选项,0,15,0.0,0.0,1,0.0,0.0,True,按实际呈现人数
ITEM-00082,72,失望,False,非答案候选选项,0,15,0.0,0.0,2,0.0,0.0,True,按实际呈现人数
ITEM-00082,72,委屈,False,非答案候选选项,0,15,0.0,0.0,2,0.0,0.0,True,按实际呈现人数
ITEM-00082,72,嫉妒,False,非答案候选选项,0,15,0.0,0.0,3,0.0,0.0,True,按实际呈现人数
ITEM-00082,72,崇拜,False,非答案候选选项,0,15,0.0,0.0,2,0.0,0.0,True,按实际呈现人数
ITEM-00082,72,平静,False,非答案候选选项,0,15,0.0,0.0,1,0.0,0.0,True,按实际呈现人数
ITEM-00082,72,快乐,False,非答案候选选项,0,15,0.0,0.0,3,0.0,0.0,True,按实际呈现人数
ITEM-00082,72,怀旧,False,非答案候选选项,0,15,0.0,0.0,3,0.0,0.0,True,按实际呈现人数
ITEM-00082,72,怨恨,False,非答案候选选项,0,15,0.0,0.0,5,0.0,0.0,True,按实际呈现人数
ITEM-00082,72,悲伤,False,非答案候选选项,0,15,0.0,0.0,2,0.0,0.0,True,按实际呈现人数
ITEM-00082,72,愉悦,False,非答案候选选项,0,15,0.0,0.0,2,0.0,0.0,True,按实际呈现人数
ITEM-00082,72,感激,False,非答案候选选项,0,15,0.0,0.0,2,0.0,0.0,True,按实际呈现人数
ITEM-00082,72,愤怒,False,非答案候选选项,0,15,0.0,0.0,1,0.0,0.0,True,按实际呈现人数
ITEM-00082,72,抑郁,False,非答案候选选项,0,15,0.0,0.0,6,0.0,0.0,True,按实际呈现人数
ITEM-00082,72,满足,False,非答案候选选项,0,15,0.0,0.0,2,0.0,0.0,True,按实际呈现人数
ITEM-00082,72,烦躁,False,非答案候选选项,0,15,0.0,0.0,2,0.0,0.0,True,按实际呈现人数
ITEM-00082,72,爱,False,非答案候选选项,0,15,0.0,0.0,2,0.0,0.0,True,按实际呈现人数
ITEM-00082,72,绝望,False,非答案候选选项,0,15,0.0,0.0,5,0.0,0.0,True,按实际呈现人数
ITEM-00082,72,羞耻,False,非答案候选选项,0,15,0.0,0.0,4,0.0,0.0,True,按实际呈现人数
ITEM-00082,72,羡慕,False,非答案候选选项,0,15,0.0,0.0,3,0.0,0.0,True,按实际呈现人数
ITEM-00082,72,自豪,False,非答案候选选项,0,15,0.0,0.0,3,0.0,0.0,True,按实际呈现人数
ITEM-00082,72,蔑视,False,非答案候选选项,0,15,0.0,0.0,3,0.0,0.0,True,按实际呈现人数
ITEM-00082,72,轻松,False,非答案候选选项,0,15,0.0,0.0,4,0.0,0.0,True,按实际呈现人数
ITEM-00082,72,遗憾,False,非答案候选选项,0,15,0.0,0.0,1,0.0,0.0,True,按实际呈现人数
ITEM-00082,72,释然,False,非答案候选选项,0,15,0.0,0.0,3,0.0,0.0,True,按实际呈现人数
ITEM-00082,72,震惊,False,非答案候选选项,0,15,0.0,0.0,1,0.0,0.0,True,按实际呈现人数
ITEM-00083,73,轻松,False,非答案候选选项,2,19,0.10526315789473684,10.526315789473683,2,1.0,100.0,False,按实际呈现人数
ITEM-00083,73,爱,True,标准答案选项,16,19,0.8421052631578947,84.21052631578947,19,0.8421052631578947,84.21052631578947,False,按实际呈现人数
ITEM-00083,73,审美欣赏,False,非答案候选选项,2,19,0.10526315789473684,10.526315789473683,3,0.6666666666666666,66.66666666666666,False,按实际呈现人数
ITEM-00083,73,希望,False,非答案候选选项,2,19,0.10526315789473684,10.526315789473683,3,0.6666666666666666,66.66666666666666,False,按实际呈现人数
ITEM-00083,73,平静,False,非答案候选选项,1,19,0.05263157894736842,5.263157894736842,2,0.5,50.0,False,按实际呈现人数
ITEM-00083,73,愉悦,False,非答案候选选项,2,19,0.10526315789473684,10.526315789473683,5,0.4,40.0,False,按实际呈现人数
ITEM-00083,73,遗憾,False,非答案候选选项,2,19,0.10526315789473684,10.526315789473683,5,0.4,40.0,False,按实际呈现人数
ITEM-00083,73,满足,False,非答案候选选项,1,19,0.05263157894736842,5.263157894736842,3,0.3333333333333333,33.33333333333333,False,按实际呈现人数
ITEM-00083,73,释然,True,标准答案选项,6,19,0.3157894736842105,31.57894736842105,19,0.3157894736842105,31.57894736842105,False,按实际呈现人数
ITEM-00083,73,紧张,False,非答案候选选项,2,19,0.10526315789473684,10.526315789473683,7,0.2857142857142857,28.57142857142857,False,按实际呈现人数
ITEM-00083,73,兴奋,False,非答案候选选项,1,19,0.05263157894736842,5.263157894736842,4,0.25,25.0,False,按实际呈现人数
ITEM-00083,73,好奇,False,非答案候选选项,1,19,0.05263157894736842,5.263157894736842,4,0.25,25.0,False,按实际呈现人数
ITEM-00083,73,渴望,False,非答案候选选项,1,19,0.05263157894736842,5.263157894736842,4,0.25,25.0,False,按实际呈现人数
ITEM-00083,73,蔑视,False,非答案候选选项,1,19,0.05263157894736842,5.263157894736842,5,0.2,20.0,False,按实际呈现人数
ITEM-00083,73,怀旧,False,非答案候选选项,1,19,0.05263157894736842,5.263157894736842,6,0.16666666666666666,16.666666666666664,False,按实际呈现人数
ITEM-00083,73,不屑,False,非答案候选选项,0,19,0.0,0.0,4,0.0,0.0,True,按实际呈现人数
ITEM-00083,73,共情痛苦,False,非答案候选选项,0,19,0.0,0.0,2,0.0,0.0,True,按实际呈现人数
ITEM-00083,73,内疚,False,非答案候选选项,0,19,0.0,0.0,4,0.0,0.0,True,按实际呈现人数
ITEM-00083,73,冷静,False,非答案候选选项,0,19,0.0,0.0,4,0.0,0.0,True,按实际呈现人数
ITEM-00083,73,厌倦,False,非答案候选选项,0,19,0.0,0.0,5,0.0,0.0,True,按实际呈现人数
ITEM-00083,73,困惑,False,非答案候选选项,0,19,0.0,0.0,1,0.0,0.0,True,按实际呈现人数
ITEM-00083,73,失望,False,非答案候选选项,0,19,0.0,0.0,6,0.0,0.0,True,按实际呈现人数
ITEM-00083,73,委屈,False,非答案候选选项,0,19,0.0,0.0,4,0.0,0.0,True,按实际呈现人数
ITEM-00083,73,嫉妒,False,非答案候选选项,0,19,0.0,0.0,3,0.0,0.0,True,按实际呈现人数
ITEM-00083,73,尴尬,False,非答案候选选项,0,19,0.0,0.0,2,0.0,0.0,True,按实际呈现人数
ITEM-00083,73,崇拜,False,非答案候选选项,0,19,0.0,0.0,4,0.0,0.0,True,按实际呈现人数
ITEM-00083,73,快乐,False,非答案候选选项,0,19,0.0,0.0,1,0.0,0.0,True,按实际呈现人数
ITEM-00083,73,怨恨,False,非答案候选选项,0,19,0.0,0.0,4,0.0,0.0,True,按实际呈现人数
ITEM-00083,73,恐惧,False,非答案候选选项,0,19,0.0,0.0,2,0.0,0.0,True,按实际呈现人数
ITEM-00083,73,悲伤,False,非答案候选选项,0,19,0.0,0.0,3,0.0,0.0,True,按实际呈现人数
ITEM-00083,73,惊喜,False,非答案候选选项,0,19,0.0,0.0,1,0.0,0.0,True,按实际呈现人数
ITEM-00083,73,惊讶,False,非答案候选选项,0,19,0.0,0.0,1,0.0,0.0,True,按实际呈现人数
ITEM-00083,73,愁闷,False,非答案候选选项,0,19,0.0,0.0,5,0.0,0.0,True,按实际呈现人数
ITEM-00083,73,感动,False,非答案候选选项,0,19,0.0,0.0,2,0.0,0.0,True,按实际呈现人数
ITEM-00083,73,感激,False,非答案候选选项,0,19,0.0,0.0,4,0.0,0.0,True,按实际呈现人数
ITEM-00083,73,愤怒,False,非答案候选选项,0,19,0.0,0.0,3,0.0,0.0,True,按实际呈现人数
ITEM-00083,73,抑郁,False,非答案候选选项,0,19,0.0,0.0,5,0.0,0.0,True,按实际呈现人数
ITEM-00083,73,担忧,False,非答案候选选项,0,19,0.0,0.0,3,0.0,0.0,True,按实际呈现人数
ITEM-00083,73,敌意,False,非答案候选选项,0,19,0.0,0.0,1,0.0,0.0,True,按实际呈现人数
ITEM-00083,73,烦躁,False,非答案候选选项,0,19,0.0,0.0,2,0.0,0.0,True,按实际呈现人数
ITEM-00083,73,焦虑,False,非答案候选选项,0,19,0.0,0.0,4,0.0,0.0,True,按实际呈现人数
ITEM-00083,73,痛苦,False,非答案候选选项,0,19,0.0,0.0,2,0.0,0.0,True,按实际呈现人数
ITEM-00083,73,绝望,False,非答案候选选项,0,19,0.0,0.0,3,0.0,0.0,True,按实际呈现人数
ITEM-00083,73,羞耻,False,非答案候选选项,0,19,0.0,0.0,3,0.0,0.0,True,按实际呈现人数
ITEM-00083,73,羡慕,False,非答案候选选项,0,19,0.0,0.0,4,0.0,0.0,True,按实际呈现人数
ITEM-00083,73,自满,False,非答案候选选项,0,19,0.0,0.0,1,0.0,0.0,True,按实际呈现人数
ITEM-00083,73,自豪,False,非答案候选选项,0,19,0.0,0.0,4,0.0,0.0,True,按实际呈现人数
ITEM-00083,73,震惊,False,非答案候选选项,0,19,0.0,0.0,2,0.0,0.0,True,按实际呈现人数
ITEM-00084,78,愤怒,False,非答案候选选项,6,43,0.13953488372093023,13.953488372093023,6,1.0,100.0,False,按实际呈现人数
ITEM-00084,78,委屈,False,非答案候选选项,4,43,0.09302325581395349,9.30232558139535,5,0.8,80.0,False,按实际呈现人数
ITEM-00084,78,失望,False,非答案候选选项,5,43,0.11627906976744186,11.627906976744185,8,0.625,62.5,False,按实际呈现人数
ITEM-00084,78,怨恨,False,非答案候选选项,6,43,0.13953488372093023,13.953488372093023,10,0.6,60.0,False,按实际呈现人数
ITEM-00084,78,烦躁,True,标准答案选项,24,43,0.5581395348837209,55.81395348837209,43,0.5581395348837209,55.81395348837209,False,按实际呈现人数
ITEM-00084,78,厌恶,False,非答案候选选项,2,43,0.046511627906976744,4.651162790697675,4,0.5,50.0,False,按实际呈现人数
ITEM-00084,78,嫉妒,False,非答案候选选项,5,43,0.11627906976744186,11.627906976744185,10,0.5,50.0,False,按实际呈现人数
ITEM-00084,78,蔑视,False,非答案候选选项,4,43,0.09302325581395349,9.30232558139535,8,0.5,50.0,False,按实际呈现人数
ITEM-00084,78,震惊,False,非答案候选选项,4,43,0.09302325581395349,9.30232558139535,9,0.4444444444444444,44.44444444444444,False,按实际呈现人数
ITEM-00084,78,焦虑,False,非答案候选选项,3,43,0.06976744186046512,6.976744186046512,7,0.42857142857142855,42.857142857142854,False,按实际呈现人数
ITEM-00084,78,敌意,False,非答案候选选项,2,43,0.046511627906976744,4.651162790697675,5,0.4,40.0,False,按实际呈现人数
ITEM-00084,78,愁闷,False,非答案候选选项,3,43,0.06976744186046512,6.976744186046512,8,0.375,37.5,False,按实际呈现人数
ITEM-00084,78,悲伤,False,非答案候选选项,2,43,0.046511627906976744,4.651162790697675,6,0.3333333333333333,33.33333333333333,False,按实际呈现人数
ITEM-00084,78,困惑,False,非答案候选选项,2,43,0.046511627906976744,4.651162790697675,7,0.2857142857142857,28.57142857142857,False,按实际呈现人数
ITEM-00084,78,内疚,False,非答案候选选项,2,43,0.046511627906976744,4.651162790697675,8,0.25,25.0,False,按实际呈现人数
ITEM-00084,78,痛苦,False,非答案候选选项,2,43,0.046511627906976744,4.651162790697675,8,0.25,25.0,False,按实际呈现人数
ITEM-00084,78,尴尬,False,非答案候选选项,2,43,0.046511627906976744,4.651162790697675,9,0.2222222222222222,22.22222222222222,False,按实际呈现人数
ITEM-00084,78,厌倦,False,非答案候选选项,1,43,0.023255813953488372,2.3255813953488373,6,0.16666666666666666,16.666666666666664,False,按实际呈现人数
ITEM-00084,78,羞耻,True,标准答案选项,7,43,0.16279069767441862,16.27906976744186,43,0.16279069767441862,16.27906976744186,False,按实际呈现人数
ITEM-00084,78,不屑,False,非答案候选选项,1,43,0.023255813953488372,2.3255813953488373,7,0.14285714285714285,14.285714285714285,False,按实际呈现人数
ITEM-00084,78,惊讶,False,非答案候选选项,1,43,0.023255813953488372,2.3255813953488373,7,0.14285714285714285,14.285714285714285,False,按实际呈现人数
ITEM-00084,78,冷静,False,非答案候选选项,1,43,0.023255813953488372,2.3255813953488373,8,0.125,12.5,False,按实际呈现人数
ITEM-00084,78,快乐,False,非答案候选选项,1,43,0.023255813953488372,2.3255813953488373,8,0.125,12.5,False,按实际呈现人数
ITEM-00084,78,担忧,False,非答案候选选项,1,43,0.023255813953488372,2.3255813953488373,10,0.1,10.0,False,按实际呈现人数
ITEM-00084,78,绝望,False,非答案候选选项,1,43,0.023255813953488372,2.3255813953488373,14,0.07142857142857142,7.142857142857142,False,按实际呈现人数
ITEM-00084,78,共情痛苦,False,非答案候选选项,0,43,0.0,0.0,6,0.0,0.0,True,按实际呈现人数
ITEM-00084,78,兴奋,False,非答案候选选项,0,43,0.0,0.0,9,0.0,0.0,True,按实际呈现人数
ITEM-00084,78,兴趣,False,非答案候选选项,0,43,0.0,0.0,3,0.0,0.0,True,按实际呈现人数
ITEM-00084,78,好奇,False,非答案候选选项,0,43,0.0,0.0,5,0.0,0.0,True,按实际呈现人数
ITEM-00084,78,审美欣赏,False,非答案候选选项,0,43,0.0,0.0,10,0.0,0.0,True,按实际呈现人数
ITEM-00084,78,崇拜,False,非答案候选选项,0,43,0.0,0.0,3,0.0,0.0,True,按实际呈现人数
ITEM-00084,78,希望,False,非答案候选选项,0,43,0.0,0.0,6,0.0,0.0,True,按实际呈现人数
ITEM-00084,78,平静,False,非答案候选选项,0,43,0.0,0.0,8,0.0,0.0,True,按实际呈现人数
ITEM-00084,78,怀旧,False,非答案候选选项,0,43,0.0,0.0,7,0.0,0.0,True,按实际呈现人数
ITEM-00084,78,恐惧,False,非答案候选选项,0,43,0.0,0.0,2,0.0,0.0,True,按实际呈现人数
ITEM-00084,78,惊喜,False,非答案候选选项,0,43,0.0,0.0,11,0.0,0.0,True,按实际呈现人数
ITEM-00084,78,愉悦,False,非答案候选选项,0,43,0.0,0.0,9,0.0,0.0,True,按实际呈现人数
ITEM-00084,78,感动,False,非答案候选选项,0,43,0.0,0.0,5,0.0,0.0,True,按实际呈现人数
ITEM-00084,78,感激,False,非答案候选选项,0,43,0.0,0.0,7,0.0,0.0,True,按实际呈现人数
ITEM-00084,78,抑郁,False,非答案候选选项,0,43,0.0,0.0,7,0.0,0.0,True,按实际呈现人数
ITEM-00084,78,渴望,False,非答案候选选项,0,43,0.0,0.0,6,0.0,0.0,True,按实际呈现人数
ITEM-00084,78,满足,False,非答案候选选项,0,43,0.0,0.0,12,0.0,0.0,True,按实际呈现人数
ITEM-00084,78,爱,False,非答案候选选项,0,43,0.0,0.0,9,0.0,0.0,True,按实际呈现人数
ITEM-00084,78,紧张,False,非答案候选选项,0,43,0.0,0.0,10,0.0,0.0,True,按实际呈现人数
ITEM-00084,78,羡慕,False,非答案候选选项,0,43,0.0,0.0,4,0.0,0.0,True,按实际呈现人数
ITEM-00084,78,自满,False,非答案候选选项,0,43,0.0,0.0,2,0.0,0.0,True,按实际呈现人数
ITEM-00084,78,自豪,False,非答案候选选项,0,43,0.0,0.0,4,0.0,0.0,True,按实际呈现人数
ITEM-00084,78,轻松,False,非答案候选选项,0,43,0.0,0.0,9,0.0,0.0,True,按实际呈现人数
ITEM-00084,78,遗憾,False,非答案候选选项,0,43,0.0,0.0,3,0.0,0.0,True,按实际呈现人数
ITEM-00084,78,释然,False,非答案候选选项,0,43,0.0,0.0,9,0.0,0.0,True,按实际呈现人数
ITEM-00085,76,快乐,False,非答案候选选项,1,13,0.07692307692307693,7.6923076923076925,1,1.0,100.0,False,按实际呈现人数
ITEM-00085,76,惊喜,False,非答案候选选项,1,13,0.07692307692307693,7.6923076923076925,1,1.0,100.0,False,按实际呈现人数
ITEM-00085,76,感动,False,非答案候选选项,2,13,0.15384615384615385,15.384615384615385,2,1.0,100.0,False,按实际呈现人数
ITEM-00085,76,自豪,True,标准答案选项,13,13,1.0,100.0,13,1.0,100.0,False,按实际呈现人数
ITEM-00085,76,兴奋,True,标准答案选项,12,13,0.9230769230769231,92.3076923076923,13,0.9230769230769231,92.3076923076923,False,按实际呈现人数
ITEM-00085,76,满足,False,非答案候选选项,3,13,0.23076923076923078,23.076923076923077,4,0.75,75.0,False,按实际呈现人数
ITEM-00085,76,爱,False,非答案候选选项,2,13,0.15384615384615385,15.384615384615385,3,0.6666666666666666,66.66666666666666,False,按实际呈现人数
ITEM-00085,76,愉悦,False,非答案候选选项,1,13,0.07692307692307693,7.6923076923076925,2,0.5,50.0,False,按实际呈现人数
ITEM-00085,76,希望,False,非答案候选选项,1,13,0.07692307692307693,7.6923076923076925,3,0.3333333333333333,33.33333333333333,False,按实际呈现人数
ITEM-00085,76,感激,False,非答案候选选项,1,13,0.07692307692307693,7.6923076923076925,3,0.3333333333333333,33.33333333333333,False,按实际呈现人数
ITEM-00085,76,委屈,False,非答案候选选项,1,13,0.07692307692307693,7.6923076923076925,4,0.25,25.0,False,按实际呈现人数
ITEM-00085,76,惊讶,False,非答案候选选项,1,13,0.07692307692307693,7.6923076923076925,4,0.25,25.0,False,按实际呈现人数
ITEM-00085,76,不屑,False,非答案候选选项,0,13,0.0,0.0,5,0.0,0.0,True,按实际呈现人数
ITEM-00085,76,兴趣,False,非答案候选选项,0,13,0.0,0.0,1,0.0,0.0,True,按实际呈现人数
ITEM-00085,76,内疚,False,非答案候选选项,0,13,0.0,0.0,3,0.0,0.0,True,按实际呈现人数
ITEM-00085,76,冷静,False,非答案候选选项,0,13,0.0,0.0,3,0.0,0.0,True,按实际呈现人数
ITEM-00085,76,厌倦,False,非答案候选选项,0,13,0.0,0.0,2,0.0,0.0,True,按实际呈现人数
ITEM-00085,76,厌恶,False,非答案候选选项,0,13,0.0,0.0,1,0.0,0.0,True,按实际呈现人数
ITEM-00085,76,困惑,False,非答案候选选项,0,13,0.0,0.0,6,0.0,0.0,True,按实际呈现人数
ITEM-00085,76,失望,False,非答案候选选项,0,13,0.0,0.0,2,0.0,0.0,True,按实际呈现人数
ITEM-00085,76,好奇,False,非答案候选选项,0,13,0.0,0.0,2,0.0,0.0,True,按实际呈现人数
ITEM-00085,76,嫉妒,False,非答案候选选项,0,13,0.0,0.0,1,0.0,0.0,True,按实际呈现人数
ITEM-00085,76,审美欣赏,False,非答案候选选项,0,13,0.0,0.0,1,0.0,0.0,True,按实际呈现人数
ITEM-00085,76,尴尬,False,非答案候选选项,0,13,0.0,0.0,1,0.0,0.0,True,按实际呈现人数
ITEM-00085,76,崇拜,False,非答案候选选项,0,13,0.0,0.0,2,0.0,0.0,True,按实际呈现人数
ITEM-00085,76,平静,False,非答案候选选项,0,13,0.0,0.0,2,0.0,0.0,True,按实际呈现人数
ITEM-00085,76,怀旧,False,非答案候选选项,0,13,0.0,0.0,4,0.0,0.0,True,按实际呈现人数
ITEM-00085,76,恐惧,False,非答案候选选项,0,13,0.0,0.0,1,0.0,0.0,True,按实际呈现人数
ITEM-00085,76,悲伤,False,非答案候选选项,0,13,0.0,0.0,1,0.0,0.0,True,按实际呈现人数
ITEM-00085,76,抑郁,False,非答案候选选项,0,13,0.0,0.0,1,0.0,0.0,True,按实际呈现人数
ITEM-00085,76,担忧,False,非答案候选选项,0,13,0.0,0.0,1,0.0,0.0,True,按实际呈现人数
ITEM-00085,76,敌意,False,非答案候选选项,0,13,0.0,0.0,2,0.0,0.0,True,按实际呈现人数
ITEM-00085,76,渴望,False,非答案候选选项,0,13,0.0,0.0,4,0.0,0.0,True,按实际呈现人数
ITEM-00085,76,烦躁,False,非答案候选选项,0,13,0.0,0.0,1,0.0,0.0,True,按实际呈现人数
ITEM-00085,76,焦虑,False,非答案候选选项,0,13,0.0,0.0,4,0.0,0.0,True,按实际呈现人数
ITEM-00085,76,痛苦,False,非答案候选选项,0,13,0.0,0.0,1,0.0,0.0,True,按实际呈现人数
ITEM-00085,76,紧张,False,非答案候选选项,0,13,0.0,0.0,3,0.0,0.0,True,按实际呈现人数
ITEM-00085,76,绝望,False,非答案候选选项,0,13,0.0,0.0,1,0.0,0.0,True,按实际呈现人数
ITEM-00085,76,羞耻,False,非答案候选选项,0,13,0.0,0.0,1,0.0,0.0,True,按实际呈现人数
ITEM-00085,76,羡慕,False,非答案候选选项,0,13,0.0,0.0,4,0.0,0.0,True,按实际呈现人数
ITEM-00085,76,自满,False,非答案候选选项,0,13,0.0,0.0,3,0.0,0.0,True,按实际呈现人数
ITEM-00085,76,蔑视,False,非答案候选选项,0,13,0.0,0.0,2,0.0,0.0,True,按实际呈现人数
ITEM-00085,76,轻松,False,非答案候选选项,0,13,0.0,0.0,4,0.0,0.0,True,按实际呈现人数
ITEM-00085,76,遗憾,False,非答案候选选项,0,13,0.0,0.0,1,0.0,0.0,True,按实际呈现人数
ITEM-00085,76,释然,False,非答案候选选项,0,13,0.0,0.0,4,0.0,0.0,True,按实际呈现人数
ITEM-00085,76,震惊,False,非答案候选选项,0,13,0.0,0.0,2,0.0,0.0,True,按实际呈现人数
ITEM-00086,79,烦躁,True,标准答案选项,43,51,0.8431372549019608,84.31372549019608,51,0.8431372549019608,84.31372549019608,False,按实际呈现人数
ITEM-00086,79,敌意,False,非答案候选选项,8,51,0.1568627450980392,15.686274509803921,11,0.7272727272727273,72.72727272727273,False,按实际呈现人数
ITEM-00086,79,厌恶,False,非答案候选选项,2,51,0.0392156862745098,3.9215686274509802,3,0.6666666666666666,66.66666666666666,False,按实际呈现人数
ITEM-00086,79,厌倦,True,标准答案选项,29,51,0.5686274509803921,56.86274509803921,51,0.5686274509803921,56.86274509803921,False,按实际呈现人数
ITEM-00086,79,蔑视,False,非答案候选选项,5,51,0.09803921568627451,9.803921568627452,9,0.5555555555555556,55.55555555555556,False,按实际呈现人数
ITEM-00086,79,不屑,False,非答案候选选项,3,51,0.058823529411764705,5.88235294117647,6,0.5,50.0,False,按实际呈现人数
ITEM-00086,79,怨恨,False,非答案候选选项,3,51,0.058823529411764705,5.88235294117647,8,0.375,37.5,False,按实际呈现人数
ITEM-00086,79,失望,False,非答案候选选项,2,51,0.0392156862745098,3.9215686274509802,6,0.3333333333333333,33.33333333333333,False,按实际呈现人数
ITEM-00086,79,愤怒,False,非答案候选选项,2,51,0.0392156862745098,3.9215686274509802,8,0.25,25.0,False,按实际呈现人数
ITEM-00086,79,震惊,False,非答案候选选项,3,51,0.058823529411764705,5.88235294117647,12,0.25,25.0,False,按实际呈现人数
ITEM-00086,79,嫉妒,False,非答案候选选项,2,51,0.0392156862745098,3.9215686274509802,10,0.2,20.0,False,按实际呈现人数
ITEM-00086,79,自豪,False,非答案候选选项,1,51,0.0196078431372549,1.9607843137254901,6,0.16666666666666666,16.666666666666664,False,按实际呈现人数
ITEM-00086,79,委屈,False,非答案候选选项,1,51,0.0196078431372549,1.9607843137254901,7,0.14285714285714285,14.285714285714285,False,按实际呈现人数
ITEM-00086,79,羞耻,False,非答案候选选项,1,51,0.0196078431372549,1.9607843137254901,7,0.14285714285714285,14.285714285714285,False,按实际呈现人数
ITEM-00086,79,释然,False,非答案候选选项,1,51,0.0196078431372549,1.9607843137254901,9,0.1111111111111111,11.11111111111111,False,按实际呈现人数
ITEM-00086,79,轻松,False,非答案候选选项,1,51,0.0196078431372549,1.9607843137254901,10,0.1,10.0,False,按实际呈现人数
ITEM-00086,79,困惑,False,非答案候选选项,1,51,0.0196078431372549,1.9607843137254901,12,0.08333333333333333,8.333333333333332,False,按实际呈现人数
ITEM-00086,79,共情痛苦,False,非答案候选选项,1,51,0.0196078431372549,1.9607843137254901,14,0.07142857142857142,7.142857142857142,False,按实际呈现人数
ITEM-00086,79,兴奋,False,非答案候选选项,0,51,0.0,0.0,8,0.0,0.0,True,按实际呈现人数
ITEM-00086,79,兴趣,False,非答案候选选项,0,51,0.0,0.0,4,0.0,0.0,True,按实际呈现人数
ITEM-00086,79,内疚,False,非答案候选选项,0,51,0.0,0.0,6,0.0,0.0,True,按实际呈现人数
ITEM-00086,79,冷静,False,非答案候选选项,0,51,0.0,0.0,7,0.0,0.0,True,按实际呈现人数
ITEM-00086,79,好奇,False,非答案候选选项,0,51,0.0,0.0,10,0.0,0.0,True,按实际呈现人数
ITEM-00086,79,审美欣赏,False,非答案候选选项,0,51,0.0,0.0,13,0.0,0.0,True,按实际呈现人数
ITEM-00086,79,尴尬,False,非答案候选选项,0,51,0.0,0.0,6,0.0,0.0,True,按实际呈现人数
ITEM-00086,79,崇拜,False,非答案候选选项,0,51,0.0,0.0,15,0.0,0.0,True,按实际呈现人数
ITEM-00086,79,希望,False,非答案候选选项,0,51,0.0,0.0,8,0.0,0.0,True,按实际呈现人数
ITEM-00086,79,平静,False,非答案候选选项,0,51,0.0,0.0,15,0.0,0.0,True,按实际呈现人数
ITEM-00086,79,快乐,False,非答案候选选项,0,51,0.0,0.0,7,0.0,0.0,True,按实际呈现人数
ITEM-00086,79,怀旧,False,非答案候选选项,0,51,0.0,0.0,13,0.0,0.0,True,按实际呈现人数
ITEM-00086,79,恐惧,False,非答案候选选项,0,51,0.0,0.0,8,0.0,0.0,True,按实际呈现人数
ITEM-00086,79,悲伤,False,非答案候选选项,0,51,0.0,0.0,10,0.0,0.0,True,按实际呈现人数
ITEM-00086,79,惊喜,False,非答案候选选项,0,51,0.0,0.0,5,0.0,0.0,True,按实际呈现人数
ITEM-00086,79,惊讶,False,非答案候选选项,0,51,0.0,0.0,8,0.0,0.0,True,按实际呈现人数
ITEM-00086,79,愁闷,False,非答案候选选项,0,51,0.0,0.0,10,0.0,0.0,True,按实际呈现人数
ITEM-00086,79,愉悦,False,非答案候选选项,0,51,0.0,0.0,11,0.0,0.0,True,按实际呈现人数
ITEM-00086,79,感动,False,非答案候选选项,0,51,0.0,0.0,10,0.0,0.0,True,按实际呈现人数
ITEM-00086,79,感激,False,非答案候选选项,0,51,0.0,0.0,9,0.0,0.0,True,按实际呈现人数
ITEM-00086,79,抑郁,False,非答案候选选项,0,51,0.0,0.0,7,0.0,0.0,True,按实际呈现人数
ITEM-00086,79,担忧,False,非答案候选选项,0,51,0.0,0.0,5,0.0,0.0,True,按实际呈现人数
ITEM-00086,79,渴望,False,非答案候选选项,0,51,0.0,0.0,6,0.0,0.0,True,按实际呈现人数
ITEM-00086,79,满足,False,非答案候选选项,0,51,0.0,0.0,8,0.0,0.0,True,按实际呈现人数
ITEM-00086,79,焦虑,False,非答案候选选项,0,51,0.0,0.0,10,0.0,0.0,True,按实际呈现人数
ITEM-00086,79,爱,False,非答案候选选项,0,51,0.0,0.0,12,0.0,0.0,True,按实际呈现人数
ITEM-00086,79,痛苦,False,非答案候选选项,0,51,0.0,0.0,9,0.0,0.0,True,按实际呈现人数
ITEM-00086,79,紧张,False,非答案候选选项,0,51,0.0,0.0,7,0.0,0.0,True,按实际呈现人数
ITEM-00086,79,绝望,False,非答案候选选项,0,51,0.0,0.0,7,0.0,0.0,True,按实际呈现人数
ITEM-00086,79,羡慕,False,非答案候选选项,0,51,0.0,0.0,7,0.0,0.0,True,按实际呈现人数
ITEM-00086,79,自满,False,非答案候选选项,0,51,0.0,0.0,4,0.0,0.0,True,按实际呈现人数
ITEM-00086,79,遗憾,False,非答案候选选项,0,51,0.0,0.0,5,0.0,0.0,True,按实际呈现人数
ITEM-00087,77,兴趣,False,非答案候选选项,2,17,0.11764705882352941,11.76470588235294,2,1.0,100.0,False,按实际呈现人数
ITEM-00087,77,震惊,False,非答案候选选项,1,17,0.058823529411764705,5.88235294117647,1,1.0,100.0,False,按实际呈现人数
ITEM-00087,77,快乐,False,非答案候选选项,4,17,0.23529411764705882,23.52941176470588,5,0.8,80.0,False,按实际呈现人数
ITEM-00087,77,爱,True,标准答案选项,13,17,0.7647058823529411,76.47058823529412,17,0.7647058823529411,76.47058823529412,False,按实际呈现人数
ITEM-00087,77,好奇,False,非答案候选选项,3,17,0.17647058823529413,17.647058823529413,4,0.75,75.0,False,按实际呈现人数
ITEM-00087,77,愉悦,False,非答案候选选项,3,17,0.17647058823529413,17.647058823529413,4,0.75,75.0,False,按实际呈现人数
ITEM-00087,77,惊喜,True,标准答案选项,12,17,0.7058823529411765,70.58823529411765,17,0.7058823529411765,70.58823529411765,False,按实际呈现人数
ITEM-00087,77,感动,False,非答案候选选项,2,17,0.11764705882352941,11.76470588235294,3,0.6666666666666666,66.66666666666666,False,按实际呈现人数
ITEM-00087,77,兴奋,True,标准答案选项,11,17,0.6470588235294118,64.70588235294117,17,0.6470588235294118,64.70588235294117,False,按实际呈现人数
ITEM-00087,77,满足,False,非答案候选选项,2,17,0.11764705882352941,11.76470588235294,4,0.5,50.0,False,按实际呈现人数
ITEM-00087,77,遗憾,False,非答案候选选项,1,17,0.058823529411764705,5.88235294117647,3,0.3333333333333333,33.33333333333333,False,按实际呈现人数
ITEM-00087,77,崇拜,False,非答案候选选项,1,17,0.058823529411764705,5.88235294117647,4,0.25,25.0,False,按实际呈现人数
ITEM-00087,77,希望,False,非答案候选选项,1,17,0.058823529411764705,5.88235294117647,4,0.25,25.0,False,按实际呈现人数
ITEM-00087,77,不屑,False,非答案候选选项,0,17,0.0,0.0,4,0.0,0.0,True,按实际呈现人数
ITEM-00087,77,共情痛苦,False,非答案候选选项,0,17,0.0,0.0,4,0.0,0.0,True,按实际呈现人数
ITEM-00087,77,内疚,False,非答案候选选项,0,17,0.0,0.0,2,0.0,0.0,True,按实际呈现人数
ITEM-00087,77,冷静,False,非答案候选选项,0,17,0.0,0.0,2,0.0,0.0,True,按实际呈现人数
ITEM-00087,77,厌倦,False,非答案候选选项,0,17,0.0,0.0,1,0.0,0.0,True,按实际呈现人数
ITEM-00087,77,厌恶,False,非答案候选选项,0,17,0.0,0.0,2,0.0,0.0,True,按实际呈现人数
ITEM-00087,77,失望,False,非答案候选选项,0,17,0.0,0.0,1,0.0,0.0,True,按实际呈现人数
ITEM-00087,77,委屈,False,非答案候选选项,0,17,0.0,0.0,1,0.0,0.0,True,按实际呈现人数
ITEM-00087,77,嫉妒,False,非答案候选选项,0,17,0.0,0.0,4,0.0,0.0,True,按实际呈现人数
ITEM-00087,77,审美欣赏,False,非答案候选选项,0,17,0.0,0.0,3,0.0,0.0,True,按实际呈现人数
ITEM-00087,77,尴尬,False,非答案候选选项,0,17,0.0,0.0,4,0.0,0.0,True,按实际呈现人数
ITEM-00087,77,平静,False,非答案候选选项,0,17,0.0,0.0,3,0.0,0.0,True,按实际呈现人数
ITEM-00087,77,怀旧,False,非答案候选选项,0,17,0.0,0.0,3,0.0,0.0,True,按实际呈现人数
ITEM-00087,77,怨恨,False,非答案候选选项,0,17,0.0,0.0,4,0.0,0.0,True,按实际呈现人数
ITEM-00087,77,恐惧,False,非答案候选选项,0,17,0.0,0.0,2,0.0,0.0,True,按实际呈现人数
ITEM-00087,77,悲伤,False,非答案候选选项,0,17,0.0,0.0,4,0.0,0.0,True,按实际呈现人数
ITEM-00087,77,惊讶,False,非答案候选选项,0,17,0.0,0.0,3,0.0,0.0,True,按实际呈现人数
ITEM-00087,77,愁闷,False,非答案候选选项,0,17,0.0,0.0,1,0.0,0.0,True,按实际呈现人数
ITEM-00087,77,感激,False,非答案候选选项,0,17,0.0,0.0,2,0.0,0.0,True,按实际呈现人数
ITEM-00087,77,愤怒,False,非答案候选选项,0,17,0.0,0.0,3,0.0,0.0,True,按实际呈现人数
ITEM-00087,77,抑郁,False,非答案候选选项,0,17,0.0,0.0,3,0.0,0.0,True,按实际呈现人数
ITEM-00087,77,担忧,False,非答案候选选项,0,17,0.0,0.0,1,0.0,0.0,True,按实际呈现人数
ITEM-00087,77,敌意,False,非答案候选选项,0,17,0.0,0.0,3,0.0,0.0,True,按实际呈现人数
ITEM-00087,77,渴望,False,非答案候选选项,0,17,0.0,0.0,1,0.0,0.0,True,按实际呈现人数
ITEM-00087,77,烦躁,False,非答案候选选项,0,17,0.0,0.0,2,0.0,0.0,True,按实际呈现人数
ITEM-00087,77,焦虑,False,非答案候选选项,0,17,0.0,0.0,1,0.0,0.0,True,按实际呈现人数
ITEM-00087,77,痛苦,False,非答案候选选项,0,17,0.0,0.0,1,0.0,0.0,True,按实际呈现人数
ITEM-00087,77,紧张,False,非答案候选选项,0,17,0.0,0.0,3,0.0,0.0,True,按实际呈现人数
ITEM-00087,77,绝望,False,非答案候选选项,0,17,0.0,0.0,1,0.0,0.0,True,按实际呈现人数
ITEM-00087,77,羞耻,False,非答案候选选项,0,17,0.0,0.0,1,0.0,0.0,True,按实际呈现人数
ITEM-00087,77,羡慕,False,非答案候选选项,0,17,0.0,0.0,3,0.0,0.0,True,按实际呈现人数
ITEM-00087,77,自满,False,非答案候选选项,0,17,0.0,0.0,3,0.0,0.0,True,按实际呈现人数
ITEM-00087,77,自豪,False,非答案候选选项,0,17,0.0,0.0,4,0.0,0.0,True,按实际呈现人数
ITEM-00087,77,蔑视,False,非答案候选选项,0,17,0.0,0.0,1,0.0,0.0,True,按实际呈现人数
ITEM-00087,77,轻松,False,非答案候选选项,0,17,0.0,0.0,2,0.0,0.0,True,按实际呈现人数
ITEM-00087,77,释然,False,非答案候选选项,0,17,0.0,0.0,2,0.0,0.0,True,按实际呈现人数
ITEM-00088,81,愉悦,False,非答案候选选项,2,24,0.08333333333333333,8.333333333333332,2,1.0,100.0,False,按实际呈现人数
ITEM-00088,81,兴奋,True,标准答案选项,22,24,0.9166666666666666,91.66666666666666,24,0.9166666666666666,91.66666666666666,False,按实际呈现人数
ITEM-00088,81,快乐,True,标准答案选项,20,24,0.8333333333333334,83.33333333333334,24,0.8333333333333334,83.33333333333334,False,按实际呈现人数
ITEM-00088,81,惊喜,True,标准答案选项,19,24,0.7916666666666666,79.16666666666666,24,0.7916666666666666,79.16666666666666,False,按实际呈现人数
ITEM-00088,81,爱,True,标准答案选项,18,24,0.75,75.0,24,0.75,75.0,False,按实际呈现人数
ITEM-00088,81,轻松,False,非答案候选选项,1,24,0.041666666666666664,4.166666666666666,3,0.3333333333333333,33.33333333333333,False,按实际呈现人数
ITEM-00088,81,惊讶,False,非答案候选选项,1,24,0.041666666666666664,4.166666666666666,6,0.16666666666666666,16.666666666666664,False,按实际呈现人数
ITEM-00088,81,不屑,False,非答案候选选项,0,24,0.0,0.0,7,0.0,0.0,True,按实际呈现人数
ITEM-00088,81,共情痛苦,False,非答案候选选项,0,24,0.0,0.0,1,0.0,0.0,True,按实际呈现人数
ITEM-00088,81,兴趣,False,非答案候选选项,0,24,0.0,0.0,1,0.0,0.0,True,按实际呈现人数
ITEM-00088,81,内疚,False,非答案候选选项,0,24,0.0,0.0,3,0.0,0.0,True,按实际呈现人数
ITEM-00088,81,冷静,False,非答案候选选项,0,24,0.0,0.0,1,0.0,0.0,True,按实际呈现人数
ITEM-00088,81,厌倦,False,非答案候选选项,0,24,0.0,0.0,2,0.0,0.0,True,按实际呈现人数
ITEM-00088,81,厌恶,False,非答案候选选项,0,24,0.0,0.0,6,0.0,0.0,True,按实际呈现人数
ITEM-00088,81,困惑,False,非答案候选选项,0,24,0.0,0.0,6,0.0,0.0,True,按实际呈现人数
ITEM-00088,81,失望,False,非答案候选选项,0,24,0.0,0.0,4,0.0,0.0,True,按实际呈现人数
ITEM-00088,81,好奇,False,非答案候选选项,0,24,0.0,0.0,4,0.0,0.0,True,按实际呈现人数
ITEM-00088,81,委屈,False,非答案候选选项,0,24,0.0,0.0,4,0.0,0.0,True,按实际呈现人数
ITEM-00088,81,嫉妒,False,非答案候选选项,0,24,0.0,0.0,2,0.0,0.0,True,按实际呈现人数
ITEM-00088,81,审美欣赏,False,非答案候选选项,0,24,0.0,0.0,4,0.0,0.0,True,按实际呈现人数
ITEM-00088,81,尴尬,False,非答案候选选项,0,24,0.0,0.0,4,0.0,0.0,True,按实际呈现人数
ITEM-00088,81,崇拜,False,非答案候选选项,0,24,0.0,0.0,3,0.0,0.0,True,按实际呈现人数
ITEM-00088,81,希望,False,非答案候选选项,0,24,0.0,0.0,2,0.0,0.0,True,按实际呈现人数
ITEM-00088,81,平静,False,非答案候选选项,0,24,0.0,0.0,2,0.0,0.0,True,按实际呈现人数
ITEM-00088,81,怀旧,False,非答案候选选项,0,24,0.0,0.0,2,0.0,0.0,True,按实际呈现人数
ITEM-00088,81,怨恨,False,非答案候选选项,0,24,0.0,0.0,2,0.0,0.0,True,按实际呈现人数
ITEM-00088,81,恐惧,False,非答案候选选项,0,24,0.0,0.0,2,0.0,0.0,True,按实际呈现人数
ITEM-00088,81,悲伤,False,非答案候选选项,0,24,0.0,0.0,3,0.0,0.0,True,按实际呈现人数
ITEM-00088,81,愁闷,False,非答案候选选项,0,24,0.0,0.0,4,0.0,0.0,True,按实际呈现人数
ITEM-00088,81,感动,False,非答案候选选项,0,24,0.0,0.0,2,0.0,0.0,True,按实际呈现人数
ITEM-00088,81,感激,False,非答案候选选项,0,24,0.0,0.0,4,0.0,0.0,True,按实际呈现人数
ITEM-00088,81,愤怒,False,非答案候选选项,0,24,0.0,0.0,4,0.0,0.0,True,按实际呈现人数
ITEM-00088,81,抑郁,False,非答案候选选项,0,24,0.0,0.0,3,0.0,0.0,True,按实际呈现人数
ITEM-00088,81,担忧,False,非答案候选选项,0,24,0.0,0.0,4,0.0,0.0,True,按实际呈现人数
ITEM-00088,81,敌意,False,非答案候选选项,0,24,0.0,0.0,4,0.0,0.0,True,按实际呈现人数
ITEM-00088,81,渴望,False,非答案候选选项,0,24,0.0,0.0,2,0.0,0.0,True,按实际呈现人数
ITEM-00088,81,满足,False,非答案候选选项,0,24,0.0,0.0,2,0.0,0.0,True,按实际呈现人数
ITEM-00088,81,烦躁,False,非答案候选选项,0,24,0.0,0.0,2,0.0,0.0,True,按实际呈现人数
ITEM-00088,81,焦虑,False,非答案候选选项,0,24,0.0,0.0,3,0.0,0.0,True,按实际呈现人数
ITEM-00088,81,痛苦,False,非答案候选选项,0,24,0.0,0.0,4,0.0,0.0,True,按实际呈现人数
ITEM-00088,81,紧张,False,非答案候选选项,0,24,0.0,0.0,1,0.0,0.0,True,按实际呈现人数
ITEM-00088,81,绝望,False,非答案候选选项,0,24,0.0,0.0,1,0.0,0.0,True,按实际呈现人数
ITEM-00088,81,羞耻,False,非答案候选选项,0,24,0.0,0.0,6,0.0,0.0,True,按实际呈现人数
ITEM-00088,81,羡慕,False,非答案候选选项,0,24,0.0,0.0,5,0.0,0.0,True,按实际呈现人数
ITEM-00088,81,自满,False,非答案候选选项,0,24,0.0,0.0,1,0.0,0.0,True,按实际呈现人数
ITEM-00088,81,自豪,False,非答案候选选项,0,24,0.0,0.0,1,0.0,0.0,True,按实际呈现人数
ITEM-00088,81,蔑视,False,非答案候选选项,0,24,0.0,0.0,5,0.0,0.0,True,按实际呈现人数
ITEM-00088,81,遗憾,False,非答案候选选项,0,24,0.0,0.0,4,0.0,0.0,True,按实际呈现人数
ITEM-00088,81,释然,False,非答案候选选项,0,24,0.0,0.0,3,0.0,0.0,True,按实际呈现人数
ITEM-00088,81,震惊,False,非答案候选选项,0,24,0.0,0.0,3,0.0,0.0,True,按实际呈现人数
ITEM-00089,84,失望,False,非答案候选选项,1,19,0.05263157894736842,5.263157894736842,1,1.0,100.0,False,按实际呈现人数
ITEM-00089,84,敌意,False,非答案候选选项,1,19,0.05263157894736842,5.263157894736842,1,1.0,100.0,False,按实际呈现人数
ITEM-00089,84,震惊,False,非答案候选选项,4,19,0.21052631578947367,21.052631578947366,4,1.0,100.0,False,按实际呈现人数
ITEM-00089,84,悲伤,True,标准答案选项,15,19,0.7894736842105263,78.94736842105263,19,0.7894736842105263,78.94736842105263,False,按实际呈现人数
ITEM-00089,84,同情,True,标准答案选项,13,19,0.6842105263157895,68.42105263157895,19,0.6842105263157895,68.42105263157895,False,按实际呈现人数
ITEM-00089,84,担忧,True,标准答案选项,13,19,0.6842105263157895,68.42105263157895,19,0.6842105263157895,68.42105263157895,False,按实际呈现人数
ITEM-00089,84,内疚,False,非答案候选选项,1,19,0.05263157894736842,5.263157894736842,2,0.5,50.0,False,按实际呈现人数
ITEM-00089,84,困惑,False,非答案候选选项,2,19,0.10526315789473684,10.526315789473683,4,0.5,50.0,False,按实际呈现人数
ITEM-00089,84,抑郁,False,非答案候选选项,1,19,0.05263157894736842,5.263157894736842,2,0.5,50.0,False,按实际呈现人数
ITEM-00089,84,痛苦,False,非答案候选选项,2,19,0.10526315789473684,10.526315789473683,4,0.5,50.0,False,按实际呈现人数
ITEM-00089,84,感激,False,非答案候选选项,1,19,0.05263157894736842,5.263157894736842,3,0.3333333333333333,33.33333333333333,False,按实际呈现人数
ITEM-00089,84,紧张,False,非答案候选选项,1,19,0.05263157894736842,5.263157894736842,3,0.3333333333333333,33.33333333333333,False,按实际呈现人数
ITEM-00089,84,兴奋,False,非答案候选选项,1,19,0.05263157894736842,5.263157894736842,5,0.2,20.0,False,按实际呈现人数
ITEM-00089,84,厌恶,False,非答案候选选项,1,19,0.05263157894736842,5.263157894736842,5,0.2,20.0,False,按实际呈现人数
ITEM-00089,84,委屈,False,非答案候选选项,1,19,0.05263157894736842,5.263157894736842,5,0.2,20.0,False,按实际呈现人数
ITEM-00089,84,不屑,False,非答案候选选项,0,19,0.0,0.0,4,0.0,0.0,True,按实际呈现人数
ITEM-00089,84,共情痛苦,False,非答案候选选项,0,19,0.0,0.0,2,0.0,0.0,True,按实际呈现人数
ITEM-00089,84,兴趣,False,非答案候选选项,0,19,0.0,0.0,3,0.0,0.0,True,按实际呈现人数
ITEM-00089,84,厌倦,False,非答案候选选项,0,19,0.0,0.0,2,0.0,0.0,True,按实际呈现人数
ITEM-00089,84,好奇,False,非答案候选选项,0,19,0.0,0.0,3,0.0,0.0,True,按实际呈现人数
ITEM-00089,84,嫉妒,False,非答案候选选项,0,19,0.0,0.0,4,0.0,0.0,True,按实际呈现人数
ITEM-00089,84,审美欣赏,False,非答案候选选项,0,19,0.0,0.0,3,0.0,0.0,True,按实际呈现人数
ITEM-00089,84,尴尬,False,非答案候选选项,0,19,0.0,0.0,6,0.0,0.0,True,按实际呈现人数
ITEM-00089,84,崇拜,False,非答案候选选项,0,19,0.0,0.0,2,0.0,0.0,True,按实际呈现人数
ITEM-00089,84,平静,False,非答案候选选项,0,19,0.0,0.0,1,0.0,0.0,True,按实际呈现人数
ITEM-00089,84,快乐,False,非答案候选选项,0,19,0.0,0.0,2,0.0,0.0,True,按实际呈现人数
ITEM-00089,84,怀旧,False,非答案候选选项,0,19,0.0,0.0,2,0.0,0.0,True,按实际呈现人数
ITEM-00089,84,怨恨,False,非答案候选选项,0,19,0.0,0.0,1,0.0,0.0,True,按实际呈现人数
ITEM-00089,84,恐惧,False,非答案候选选项,0,19,0.0,0.0,3,0.0,0.0,True,按实际呈现人数
ITEM-00089,84,惊喜,False,非答案候选选项,0,19,0.0,0.0,3,0.0,0.0,True,按实际呈现人数
ITEM-00089,84,惊讶,False,非答案候选选项,0,19,0.0,0.0,3,0.0,0.0,True,按实际呈现人数
ITEM-00089,84,愁闷,False,非答案候选选项,0,19,0.0,0.0,2,0.0,0.0,True,按实际呈现人数
ITEM-00089,84,愉悦,False,非答案候选选项,0,19,0.0,0.0,1,0.0,0.0,True,按实际呈现人数
ITEM-00089,84,感动,False,非答案候选选项,0,19,0.0,0.0,1,0.0,0.0,True,按实际呈现人数
ITEM-00089,84,愤怒,False,非答案候选选项,0,19,0.0,0.0,3,0.0,0.0,True,按实际呈现人数
ITEM-00089,84,渴望,False,非答案候选选项,0,19,0.0,0.0,2,0.0,0.0,True,按实际呈现人数
ITEM-00089,84,满足,False,非答案候选选项,0,19,0.0,0.0,5,0.0,0.0,True,按实际呈现人数
ITEM-00089,84,烦躁,False,非答案候选选项,0,19,0.0,0.0,3,0.0,0.0,True,按实际呈现人数
ITEM-00089,84,焦虑,False,非答案候选选项,0,19,0.0,0.0,4,0.0,0.0,True,按实际呈现人数
ITEM-00089,84,爱,False,非答案候选选项,0,19,0.0,0.0,7,0.0,0.0,True,按实际呈现人数
ITEM-00089,84,绝望,False,非答案候选选项,0,19,0.0,0.0,1,0.0,0.0,True,按实际呈现人数
ITEM-00089,84,羞耻,False,非答案候选选项,0,19,0.0,0.0,4,0.0,0.0,True,按实际呈现人数
ITEM-00089,84,羡慕,False,非答案候选选项,0,19,0.0,0.0,4,0.0,0.0,True,按实际呈现人数
ITEM-00089,84,自满,False,非答案候选选项,0,19,0.0,0.0,5,0.0,0.0,True,按实际呈现人数
ITEM-00089,84,自豪,False,非答案候选选项,0,19,0.0,0.0,1,0.0,0.0,True,按实际呈现人数
ITEM-00089,84,蔑视,False,非答案候选选项,0,19,0.0,0.0,1,0.0,0.0,True,按实际呈现人数
ITEM-00089,84,轻松,False,非答案候选选项,0,19,0.0,0.0,3,0.0,0.0,True,按实际呈现人数
ITEM-00089,84,遗憾,False,非答案候选选项,0,19,0.0,0.0,1,0.0,0.0,True,按实际呈现人数
ITEM-00089,84,释然,False,非答案候选选项,0,19,0.0,0.0,2,0.0,0.0,True,按实际呈现人数
ITEM-00090,56,愁闷,False,非答案候选选项,1,29,0.034482758620689655,3.4482758620689653,1,1.0,100.0,False,按实际呈现人数
ITEM-00090,56,愤怒,False,非答案候选选项,1,29,0.034482758620689655,3.4482758620689653,1,1.0,100.0,False,按实际呈现人数
ITEM-00090,56,敌意,False,非答案候选选项,3,29,0.10344827586206896,10.344827586206897,3,1.0,100.0,False,按实际呈现人数
ITEM-00090,56,怨恨,True,标准答案选项,25,29,0.8620689655172413,86.20689655172413,29,0.8620689655172413,86.20689655172413,False,按实际呈现人数
ITEM-00090,56,痛苦,False,非答案候选选项,4,29,0.13793103448275862,13.793103448275861,5,0.8,80.0,False,按实际呈现人数
ITEM-00090,56,失望,True,标准答案选项,21,29,0.7241379310344828,72.41379310344827,29,0.7241379310344828,72.41379310344827,False,按实际呈现人数
ITEM-00090,56,绝望,False,非答案候选选项,4,29,0.13793103448275862,13.793103448275861,6,0.6666666666666666,66.66666666666666,False,按实际呈现人数
ITEM-00090,56,困惑,False,非答案候选选项,2,29,0.06896551724137931,6.896551724137931,4,0.5,50.0,False,按实际呈现人数
ITEM-00090,56,委屈,False,非答案候选选项,1,29,0.034482758620689655,3.4482758620689653,2,0.5,50.0,False,按实际呈现人数
ITEM-00090,56,烦躁,False,非答案候选选项,2,29,0.06896551724137931,6.896551724137931,4,0.5,50.0,False,按实际呈现人数
ITEM-00090,56,悲伤,False,非答案候选选项,2,29,0.06896551724137931,6.896551724137931,5,0.4,40.0,False,按实际呈现人数
ITEM-00090,56,厌恶,False,非答案候选选项,3,29,0.10344827586206896,10.344827586206897,8,0.375,37.5,False,按实际呈现人数
ITEM-00090,56,内疚,False,非答案候选选项,2,29,0.06896551724137931,6.896551724137931,6,0.3333333333333333,33.33333333333333,False,按实际呈现人数
ITEM-00090,56,遗憾,False,非答案候选选项,2,29,0.06896551724137931,6.896551724137931,6,0.3333333333333333,33.33333333333333,False,按实际呈现人数
ITEM-00090,56,震惊,False,非答案候选选项,1,29,0.034482758620689655,3.4482758620689653,3,0.3333333333333333,33.33333333333333,False,按实际呈现人数
ITEM-00090,56,兴奋,False,非答案候选选项,1,29,0.034482758620689655,3.4482758620689653,4,0.25,25.0,False,按实际呈现人数
ITEM-00090,56,焦虑,False,非答案候选选项,1,29,0.034482758620689655,3.4482758620689653,4,0.25,25.0,False,按实际呈现人数
ITEM-00090,56,紧张,False,非答案候选选项,1,29,0.034482758620689655,3.4482758620689653,4,0.25,25.0,False,按实际呈现人数
ITEM-00090,56,共情痛苦,False,非答案候选选项,1,29,0.034482758620689655,3.4482758620689653,5,0.2,20.0,False,按实际呈现人数
ITEM-00090,56,抑郁,False,非答案候选选项,1,29,0.034482758620689655,3.4482758620689653,5,0.2,20.0,False,按实际呈现人数
ITEM-00090,56,希望,False,非答案候选选项,1,29,0.034482758620689655,3.4482758620689653,6,0.16666666666666666,16.666666666666664,False,按实际呈现人数
ITEM-00090,56,恐惧,False,非答案候选选项,1,29,0.034482758620689655,3.4482758620689653,6,0.16666666666666666,16.666666666666664,False,按实际呈现人数
ITEM-00090,56,不屑,False,非答案候选选项,0,29,0.0,0.0,2,0.0,0.0,True,按实际呈现人数
ITEM-00090,56,兴趣,False,非答案候选选项,0,29,0.0,0.0,6,0.0,0.0,True,按实际呈现人数
ITEM-00090,56,冷静,False,非答案候选选项,0,29,0.0,0.0,6,0.0,0.0,True,按实际呈现人数
ITEM-00090,56,厌倦,False,非答案候选选项,0,29,0.0,0.0,6,0.0,0.0,True,按实际呈现人数
ITEM-00090,56,好奇,False,非答案候选选项,0,29,0.0,0.0,8,0.0,0.0,True,按实际呈现人数
ITEM-00090,56,嫉妒,False,非答案候选选项,0,29,0.0,0.0,6,0.0,0.0,True,按实际呈现人数
ITEM-00090,56,审美欣赏,False,非答案候选选项,0,29,0.0,0.0,7,0.0,0.0,True,按实际呈现人数
ITEM-00090,56,尴尬,False,非答案候选选项,0,29,0.0,0.0,6,0.0,0.0,True,按实际呈现人数
ITEM-00090,56,崇拜,False,非答案候选选项,0,29,0.0,0.0,4,0.0,0.0,True,按实际呈现人数
ITEM-00090,56,平静,False,非答案候选选项,0,29,0.0,0.0,7,0.0,0.0,True,按实际呈现人数
ITEM-00090,56,快乐,False,非答案候选选项,0,29,0.0,0.0,3,0.0,0.0,True,按实际呈现人数
ITEM-00090,56,怀旧,False,非答案候选选项,0,29,0.0,0.0,6,0.0,0.0,True,按实际呈现人数
ITEM-00090,56,惊喜,False,非答案候选选项,0,29,0.0,0.0,7,0.0,0.0,True,按实际呈现人数
ITEM-00090,56,惊讶,False,非答案候选选项,0,29,0.0,0.0,5,0.0,0.0,True,按实际呈现人数
ITEM-00090,56,愉悦,False,非答案候选选项,0,29,0.0,0.0,1,0.0,0.0,True,按实际呈现人数
ITEM-00090,56,感动,False,非答案候选选项,0,29,0.0,0.0,9,0.0,0.0,True,按实际呈现人数
ITEM-00090,56,感激,False,非答案候选选项,0,29,0.0,0.0,7,0.0,0.0,True,按实际呈现人数
ITEM-00090,56,担忧,False,非答案候选选项,0,29,0.0,0.0,4,0.0,0.0,True,按实际呈现人数
ITEM-00090,56,渴望,False,非答案候选选项,0,29,0.0,0.0,3,0.0,0.0,True,按实际呈现人数
ITEM-00090,56,满足,False,非答案候选选项,0,29,0.0,0.0,5,0.0,0.0,True,按实际呈现人数
ITEM-00090,56,爱,False,非答案候选选项,0,29,0.0,0.0,2,0.0,0.0,True,按实际呈现人数
ITEM-00090,56,羞耻,False,非答案候选选项,0,29,0.0,0.0,3,0.0,0.0,True,按实际呈现人数
ITEM-00090,56,羡慕,False,非答案候选选项,0,29,0.0,0.0,4,0.0,0.0,True,按实际呈现人数
ITEM-00090,56,自满,False,非答案候选选项,0,29,0.0,0.0,4,0.0,0.0,True,按实际呈现人数
ITEM-00090,56,自豪,False,非答案候选选项,0,29,0.0,0.0,9,0.0,0.0,True,按实际呈现人数
ITEM-00090,56,蔑视,False,非答案候选选项,0,29,0.0,0.0,5,0.0,0.0,True,按实际呈现人数
ITEM-00090,56,轻松,False,非答案候选选项,0,29,0.0,0.0,6,0.0,0.0,True,按实际呈现人数
ITEM-00090,56,释然,False,非答案候选选项,0,29,0.0,0.0,3,0.0,0.0,True,按实际呈现人数
ITEM-00091,59,失望,False,非答案候选选项,2,28,0.07142857142857142,7.142857142857142,2,1.0,100.0,False,按实际呈现人数
ITEM-00091,59,委屈,False,非答案候选选项,3,28,0.10714285714285714,10.714285714285714,3,1.0,100.0,False,按实际呈现人数
ITEM-00091,59,痛苦,True,标准答案选项,22,28,0.7857142857142857,78.57142857142857,28,0.7857142857142857,78.57142857142857,False,按实际呈现人数
ITEM-00091,59,悲伤,False,非答案候选选项,2,28,0.07142857142857142,7.142857142857142,3,0.6666666666666666,66.66666666666666,False,按实际呈现人数
ITEM-00091,59,绝望,False,非答案候选选项,2,28,0.07142857142857142,7.142857142857142,3,0.6666666666666666,66.66666666666666,False,按实际呈现人数
ITEM-00091,59,共情痛苦,False,非答案候选选项,4,28,0.14285714285714285,14.285714285714285,7,0.5714285714285714,57.14285714285714,False,按实际呈现人数
ITEM-00091,59,内疚,True,标准答案选项,14,28,0.5,50.0,28,0.5,50.0,False,按实际呈现人数
ITEM-00091,59,紧张,False,非答案候选选项,2,28,0.07142857142857142,7.142857142857142,4,0.5,50.0,False,按实际呈现人数
ITEM-00091,59,烦躁,False,非答案候选选项,3,28,0.10714285714285714,10.714285714285714,7,0.42857142857142855,42.857142857142854,False,按实际呈现人数
ITEM-00091,59,担忧,False,非答案候选选项,3,28,0.10714285714285714,10.714285714285714,8,0.375,37.5,False,按实际呈现人数
ITEM-00091,59,兴奋,False,非答案候选选项,1,28,0.03571428571428571,3.571428571428571,3,0.3333333333333333,33.33333333333333,False,按实际呈现人数
ITEM-00091,59,厌倦,False,非答案候选选项,1,28,0.03571428571428571,3.571428571428571,3,0.3333333333333333,33.33333333333333,False,按实际呈现人数
ITEM-00091,59,震惊,False,非答案候选选项,1,28,0.03571428571428571,3.571428571428571,4,0.25,25.0,False,按实际呈现人数
ITEM-00091,59,不屑,False,非答案候选选项,1,28,0.03571428571428571,3.571428571428571,5,0.2,20.0,False,按实际呈现人数
ITEM-00091,59,渴望,False,非答案候选选项,1,28,0.03571428571428571,3.571428571428571,6,0.16666666666666666,16.666666666666664,False,按实际呈现人数
ITEM-00091,59,遗憾,False,非答案候选选项,1,28,0.03571428571428571,3.571428571428571,6,0.16666666666666666,16.666666666666664,False,按实际呈现人数
ITEM-00091,59,恐惧,False,非答案候选选项,1,28,0.03571428571428571,3.571428571428571,8,0.125,12.5,False,按实际呈现人数
ITEM-00091,59,抑郁,False,非答案候选选项,1,28,0.03571428571428571,3.571428571428571,9,0.1111111111111111,11.11111111111111,False,按实际呈现人数
ITEM-00091,59,兴趣,False,非答案候选选项,0,28,0.0,0.0,7,0.0,0.0,True,按实际呈现人数
ITEM-00091,59,冷静,False,非答案候选选项,0,28,0.0,0.0,6,0.0,0.0,True,按实际呈现人数
ITEM-00091,59,厌恶,False,非答案候选选项,0,28,0.0,0.0,5,0.0,0.0,True,按实际呈现人数
ITEM-00091,59,困惑,False,非答案候选选项,0,28,0.0,0.0,3,0.0,0.0,True,按实际呈现人数
ITEM-00091,59,好奇,False,非答案候选选项,0,28,0.0,0.0,5,0.0,0.0,True,按实际呈现人数
ITEM-00091,59,嫉妒,False,非答案候选选项,0,28,0.0,0.0,3,0.0,0.0,True,按实际呈现人数
ITEM-00091,59,审美欣赏,False,非答案候选选项,0,28,0.0,0.0,7,0.0,0.0,True,按实际呈现人数
ITEM-00091,59,尴尬,False,非答案候选选项,0,28,0.0,0.0,1,0.0,0.0,True,按实际呈现人数
ITEM-00091,59,崇拜,False,非答案候选选项,0,28,0.0,0.0,5,0.0,0.0,True,按实际呈现人数
ITEM-00091,59,希望,False,非答案候选选项,0,28,0.0,0.0,3,0.0,0.0,True,按实际呈现人数
ITEM-00091,59,平静,False,非答案候选选项,0,28,0.0,0.0,4,0.0,0.0,True,按实际呈现人数
ITEM-00091,59,快乐,False,非答案候选选项,0,28,0.0,0.0,6,0.0,0.0,True,按实际呈现人数
ITEM-00091,59,怀旧,False,非答案候选选项,0,28,0.0,0.0,2,0.0,0.0,True,按实际呈现人数
ITEM-00091,59,怨恨,False,非答案候选选项,0,28,0.0,0.0,2,0.0,0.0,True,按实际呈现人数
ITEM-00091,59,惊喜,False,非答案候选选项,0,28,0.0,0.0,3,0.0,0.0,True,按实际呈现人数
ITEM-00091,59,惊讶,False,非答案候选选项,0,28,0.0,0.0,6,0.0,0.0,True,按实际呈现人数
ITEM-00091,59,愁闷,False,非答案候选选项,0,28,0.0,0.0,1,0.0,0.0,True,按实际呈现人数
ITEM-00091,59,愉悦,False,非答案候选选项,0,28,0.0,0.0,6,0.0,0.0,True,按实际呈现人数
ITEM-00091,59,感动,False,非答案候选选项,0,28,0.0,0.0,6,0.0,0.0,True,按实际呈现人数
ITEM-00091,59,感激,False,非答案候选选项,0,28,0.0,0.0,6,0.0,0.0,True,按实际呈现人数
ITEM-00091,59,愤怒,False,非答案候选选项,0,28,0.0,0.0,3,0.0,0.0,True,按实际呈现人数
ITEM-00091,59,敌意,False,非答案候选选项,0,28,0.0,0.0,8,0.0,0.0,True,按实际呈现人数
ITEM-00091,59,满足,False,非答案候选选项,0,28,0.0,0.0,7,0.0,0.0,True,按实际呈现人数
ITEM-00091,59,焦虑,False,非答案候选选项,0,28,0.0,0.0,5,0.0,0.0,True,按实际呈现人数
ITEM-00091,59,爱,False,非答案候选选项,0,28,0.0,0.0,3,0.0,0.0,True,按实际呈现人数
ITEM-00091,59,羞耻,False,非答案候选选项,0,28,0.0,0.0,6,0.0,0.0,True,按实际呈现人数
ITEM-00091,59,羡慕,False,非答案候选选项,0,28,0.0,0.0,5,0.0,0.0,True,按实际呈现人数
ITEM-00091,59,自满,False,非答案候选选项,0,28,0.0,0.0,3,0.0,0.0,True,按实际呈现人数
ITEM-00091,59,自豪,False,非答案候选选项,0,28,0.0,0.0,7,0.0,0.0,True,按实际呈现人数
ITEM-00091,59,蔑视,False,非答案候选选项,0,28,0.0,0.0,4,0.0,0.0,True,按实际呈现人数
ITEM-00091,59,轻松,False,非答案候选选项,0,28,0.0,0.0,3,0.0,0.0,True,按实际呈现人数
ITEM-00091,59,释然,False,非答案候选选项,0,28,0.0,0.0,2,0.0,0.0,True,按实际呈现人数
ITEM-00092,66,悲伤,True,标准答案选项,25,28,0.8928571428571429,89.28571428571429,28,0.8928571428571429,89.28571428571429,False,按实际呈现人数
ITEM-00092,66,痛苦,True,标准答案选项,21,28,0.75,75.0,28,0.75,75.0,False,按实际呈现人数
ITEM-00092,66,遗憾,False,非答案候选选项,3,28,0.10714285714285714,10.714285714285714,4,0.75,75.0,False,按实际呈现人数
ITEM-00092,66,内疚,True,标准答案选项,20,28,0.7142857142857143,71.42857142857143,28,0.7142857142857143,71.42857142857143,False,按实际呈现人数
ITEM-00092,66,共情痛苦,False,非答案候选选项,1,28,0.03571428571428571,3.571428571428571,2,0.5,50.0,False,按实际呈现人数
ITEM-00092,66,怀旧,False,非答案候选选项,1,28,0.03571428571428571,3.571428571428571,2,0.5,50.0,False,按实际呈现人数
ITEM-00092,66,愁闷,False,非答案候选选项,2,28,0.07142857142857142,7.142857142857142,4,0.5,50.0,False,按实际呈现人数
ITEM-00092,66,爱,False,非答案候选选项,2,28,0.07142857142857142,7.142857142857142,5,0.4,40.0,False,按实际呈现人数
ITEM-00092,66,委屈,False,非答案候选选项,1,28,0.03571428571428571,3.571428571428571,3,0.3333333333333333,33.33333333333333,False,按实际呈现人数
ITEM-00092,66,抑郁,False,非答案候选选项,1,28,0.03571428571428571,3.571428571428571,3,0.3333333333333333,33.33333333333333,False,按实际呈现人数
ITEM-00092,66,担忧,False,非答案候选选项,1,28,0.03571428571428571,3.571428571428571,4,0.25,25.0,False,按实际呈现人数
ITEM-00092,66,烦躁,False,非答案候选选项,2,28,0.07142857142857142,7.142857142857142,8,0.25,25.0,False,按实际呈现人数
ITEM-00092,66,羞耻,False,非答案候选选项,1,28,0.03571428571428571,3.571428571428571,5,0.2,20.0,False,按实际呈现人数
ITEM-00092,66,不屑,False,非答案候选选项,0,28,0.0,0.0,7,0.0,0.0,True,按实际呈现人数
ITEM-00092,66,兴奋,False,非答案候选选项,0,28,0.0,0.0,5,0.0,0.0,True,按实际呈现人数
ITEM-00092,66,兴趣,False,非答案候选选项,0,28,0.0,0.0,3,0.0,0.0,True,按实际呈现人数
ITEM-00092,66,冷静,False,非答案候选选项,0,28,0.0,0.0,6,0.0,0.0,True,按实际呈现人数
ITEM-00092,66,厌倦,False,非答案候选选项,0,28,0.0,0.0,4,0.0,0.0,True,按实际呈现人数
ITEM-00092,66,厌恶,False,非答案候选选项,0,28,0.0,0.0,5,0.0,0.0,True,按实际呈现人数
ITEM-00092,66,困惑,False,非答案候选选项,0,28,0.0,0.0,4,0.0,0.0,True,按实际呈现人数
ITEM-00092,66,失望,False,非答案候选选项,0,28,0.0,0.0,4,0.0,0.0,True,按实际呈现人数
ITEM-00092,66,好奇,False,非答案候选选项,0,28,0.0,0.0,5,0.0,0.0,True,按实际呈现人数
ITEM-00092,66,嫉妒,False,非答案候选选项,0,28,0.0,0.0,6,0.0,0.0,True,按实际呈现人数
ITEM-00092,66,审美欣赏,False,非答案候选选项,0,28,0.0,0.0,6,0.0,0.0,True,按实际呈现人数
ITEM-00092,66,尴尬,False,非答案候选选项,0,28,0.0,0.0,2,0.0,0.0,True,按实际呈现人数
ITEM-00092,66,崇拜,False,非答案候选选项,0,28,0.0,0.0,1,0.0,0.0,True,按实际呈现人数
ITEM-00092,66,希望,False,非答案候选选项,0,28,0.0,0.0,3,0.0,0.0,True,按实际呈现人数
ITEM-00092,66,平静,False,非答案候选选项,0,28,0.0,0.0,6,0.0,0.0,True,按实际呈现人数
ITEM-00092,66,快乐,False,非答案候选选项,0,28,0.0,0.0,4,0.0,0.0,True,按实际呈现人数
ITEM-00092,66,怨恨,False,非答案候选选项,0,28,0.0,0.0,2,0.0,0.0,True,按实际呈现人数
ITEM-00092,66,恐惧,False,非答案候选选项,0,28,0.0,0.0,3,0.0,0.0,True,按实际呈现人数
ITEM-00092,66,惊喜,False,非答案候选选项,0,28,0.0,0.0,3,0.0,0.0,True,按实际呈现人数
ITEM-00092,66,惊讶,False,非答案候选选项,0,28,0.0,0.0,6,0.0,0.0,True,按实际呈现人数
ITEM-00092,66,愉悦,False,非答案候选选项,0,28,0.0,0.0,4,0.0,0.0,True,按实际呈现人数
ITEM-00092,66,感动,False,非答案候选选项,0,28,0.0,0.0,4,0.0,0.0,True,按实际呈现人数
ITEM-00092,66,感激,False,非答案候选选项,0,28,0.0,0.0,6,0.0,0.0,True,按实际呈现人数
ITEM-00092,66,愤怒,False,非答案候选选项,0,28,0.0,0.0,1,0.0,0.0,True,按实际呈现人数
ITEM-00092,66,敌意,False,非答案候选选项,0,28,0.0,0.0,7,0.0,0.0,True,按实际呈现人数
ITEM-00092,66,渴望,False,非答案候选选项,0,28,0.0,0.0,10,0.0,0.0,True,按实际呈现人数
ITEM-00092,66,满足,False,非答案候选选项,0,28,0.0,0.0,3,0.0,0.0,True,按实际呈现人数
ITEM-00092,66,焦虑,False,非答案候选选项,0,28,0.0,0.0,3,0.0,0.0,True,按实际呈现人数
ITEM-00092,66,紧张,False,非答案候选选项,0,28,0.0,0.0,3,0.0,0.0,True,按实际呈现人数
ITEM-00092,66,绝望,False,非答案候选选项,0,28,0.0,0.0,2,0.0,0.0,True,按实际呈现人数
ITEM-00092,66,羡慕,False,非答案候选选项,0,28,0.0,0.0,7,0.0,0.0,True,按实际呈现人数
ITEM-00092,66,自满,False,非答案候选选项,0,28,0.0,0.0,3,0.0,0.0,True,按实际呈现人数
ITEM-00092,66,自豪,False,非答案候选选项,0,28,0.0,0.0,5,0.0,0.0,True,按实际呈现人数
ITEM-00092,66,蔑视,False,非答案候选选项,0,28,0.0,0.0,2,0.0,0.0,True,按实际呈现人数
ITEM-00092,66,轻松,False,非答案候选选项,0,28,0.0,0.0,5,0.0,0.0,True,按实际呈现人数
ITEM-00092,66,释然,False,非答案候选选项,0,28,0.0,0.0,1,0.0,0.0,True,按实际呈现人数
ITEM-00092,66,震惊,False,非答案候选选项,0,28,0.0,0.0,5,0.0,0.0,True,按实际呈现人数
ITEM-00093,75,委屈,True,标准答案选项,26,36,0.7222222222222222,72.22222222222221,36,0.7222222222222222,72.22222222222221,False,按实际呈现人数
ITEM-00093,75,悲伤,True,标准答案选项,26,36,0.7222222222222222,72.22222222222221,36,0.7222222222222222,72.22222222222221,False,按实际呈现人数
ITEM-00093,75,焦虑,False,非答案候选选项,3,36,0.08333333333333333,8.333333333333332,5,0.6,60.0,False,按实际呈现人数
ITEM-00093,75,恐惧,False,非答案候选选项,1,36,0.027777777777777776,2.7777777777777777,2,0.5,50.0,False,按实际呈现人数
ITEM-00093,75,感动,False,非答案候选选项,3,36,0.08333333333333333,8.333333333333332,6,0.5,50.0,False,按实际呈现人数
ITEM-00093,75,绝望,False,非答案候选选项,4,36,0.1111111111111111,11.11111111111111,8,0.5,50.0,False,按实际呈现人数
ITEM-00093,75,失望,False,非答案候选选项,3,36,0.08333333333333333,8.333333333333332,7,0.42857142857142855,42.857142857142854,False,按实际呈现人数
ITEM-00093,75,紧张,False,非答案候选选项,3,36,0.08333333333333333,8.333333333333332,7,0.42857142857142855,42.857142857142854,False,按实际呈现人数
ITEM-00093,75,愁闷,False,非答案候选选项,2,36,0.05555555555555555,5.555555555555555,5,0.4,40.0,False,按实际呈现人数
ITEM-00093,75,审美欣赏,False,非答案候选选项,1,36,0.027777777777777776,2.7777777777777777,3,0.3333333333333333,33.33333333333333,False,按实际呈现人数
ITEM-00093,75,痛苦,False,非答案候选选项,2,36,0.05555555555555555,5.555555555555555,6,0.3333333333333333,33.33333333333333,False,按实际呈现人数
ITEM-00093,75,遗憾,False,非答案候选选项,2,36,0.05555555555555555,5.555555555555555,7,0.2857142857142857,28.57142857142857,False,按实际呈现人数
ITEM-00093,75,困惑,False,非答案候选选项,2,36,0.05555555555555555,5.555555555555555,8,0.25,25.0,False,按实际呈现人数
ITEM-00093,75,烦躁,False,非答案候选选项,2,36,0.05555555555555555,5.555555555555555,8,0.25,25.0,False,按实际呈现人数
ITEM-00093,75,怨恨,False,非答案候选选项,1,36,0.027777777777777776,2.7777777777777777,5,0.2,20.0,False,按实际呈现人数
ITEM-00093,75,共情痛苦,False,非答案候选选项,2,36,0.05555555555555555,5.555555555555555,12,0.16666666666666666,16.666666666666664,False,按实际呈现人数
ITEM-00093,75,释然,False,非答案候选选项,1,36,0.027777777777777776,2.7777777777777777,7,0.14285714285714285,14.285714285714285,False,按实际呈现人数
ITEM-00093,75,内疚,False,非答案候选选项,1,36,0.027777777777777776,2.7777777777777777,9,0.1111111111111111,11.11111111111111,False,按实际呈现人数
ITEM-00093,75,满足,False,非答案候选选项,1,36,0.027777777777777776,2.7777777777777777,9,0.1111111111111111,11.11111111111111,False,按实际呈现人数
ITEM-00093,75,不屑,False,非答案候选选项,0,36,0.0,0.0,5,0.0,0.0,True,按实际呈现人数
ITEM-00093,75,兴奋,False,非答案候选选项,0,36,0.0,0.0,6,0.0,0.0,True,按实际呈现人数
ITEM-00093,75,兴趣,False,非答案候选选项,0,36,0.0,0.0,7,0.0,0.0,True,按实际呈现人数
ITEM-00093,75,冷静,False,非答案候选选项,0,36,0.0,0.0,9,0.0,0.0,True,按实际呈现人数
ITEM-00093,75,厌倦,False,非答案候选选项,0,36,0.0,0.0,2,0.0,0.0,True,按实际呈现人数
ITEM-00093,75,厌恶,False,非答案候选选项,0,36,0.0,0.0,8,0.0,0.0,True,按实际呈现人数
ITEM-00093,75,好奇,False,非答案候选选项,0,36,0.0,0.0,6,0.0,0.0,True,按实际呈现人数
ITEM-00093,75,嫉妒,False,非答案候选选项,0,36,0.0,0.0,3,0.0,0.0,True,按实际呈现人数
ITEM-00093,75,尴尬,False,非答案候选选项,0,36,0.0,0.0,8,0.0,0.0,True,按实际呈现人数
ITEM-00093,75,崇拜,False,非答案候选选项,0,36,0.0,0.0,5,0.0,0.0,True,按实际呈现人数
ITEM-00093,75,希望,False,非答案候选选项,0,36,0.0,0.0,9,0.0,0.0,True,按实际呈现人数
ITEM-00093,75,平静,False,非答案候选选项,0,36,0.0,0.0,2,0.0,0.0,True,按实际呈现人数
ITEM-00093,75,快乐,False,非答案候选选项,0,36,0.0,0.0,5,0.0,0.0,True,按实际呈现人数
ITEM-00093,75,怀旧,False,非答案候选选项,0,36,0.0,0.0,4,0.0,0.0,True,按实际呈现人数
ITEM-00093,75,惊喜,False,非答案候选选项,0,36,0.0,0.0,4,0.0,0.0,True,按实际呈现人数
ITEM-00093,75,惊讶,False,非答案候选选项,0,36,0.0,0.0,6,0.0,0.0,True,按实际呈现人数
ITEM-00093,75,愉悦,False,非答案候选选项,0,36,0.0,0.0,6,0.0,0.0,True,按实际呈现人数
ITEM-00093,75,感激,False,非答案候选选项,0,36,0.0,0.0,4,0.0,0.0,True,按实际呈现人数
ITEM-00093,75,愤怒,False,非答案候选选项,0,36,0.0,0.0,8,0.0,0.0,True,按实际呈现人数
ITEM-00093,75,抑郁,False,非答案候选选项,0,36,0.0,0.0,3,0.0,0.0,True,按实际呈现人数
ITEM-00093,75,担忧,False,非答案候选选项,0,36,0.0,0.0,2,0.0,0.0,True,按实际呈现人数
ITEM-00093,75,敌意,False,非答案候选选项,0,36,0.0,0.0,5,0.0,0.0,True,按实际呈现人数
ITEM-00093,75,渴望,False,非答案候选选项,0,36,0.0,0.0,7,0.0,0.0,True,按实际呈现人数
ITEM-00093,75,爱,False,非答案候选选项,0,36,0.0,0.0,5,0.0,0.0,True,按实际呈现人数
ITEM-00093,75,羞耻,False,非答案候选选项,0,36,0.0,0.0,6,0.0,0.0,True,按实际呈现人数
ITEM-00093,75,羡慕,False,非答案候选选项,0,36,0.0,0.0,9,0.0,0.0,True,按实际呈现人数
ITEM-00093,75,自满,False,非答案候选选项,0,36,0.0,0.0,10,0.0,0.0,True,按实际呈现人数
ITEM-00093,75,自豪,False,非答案候选选项,0,36,0.0,0.0,4,0.0,0.0,True,按实际呈现人数
ITEM-00093,75,蔑视,False,非答案候选选项,0,36,0.0,0.0,8,0.0,0.0,True,按实际呈现人数
ITEM-00093,75,轻松,False,非答案候选选项,0,36,0.0,0.0,5,0.0,0.0,True,按实际呈现人数
ITEM-00093,75,震惊,False,非答案候选选项,0,36,0.0,0.0,3,0.0,0.0,True,按实际呈现人数
ITEM-00094,88,轻松,False,非答案候选选项,3,23,0.13043478260869565,13.043478260869565,4,0.75,75.0,False,按实际呈现人数
ITEM-00094,88,兴趣,True,标准答案选项,13,23,0.5652173913043478,56.52173913043478,23,0.5652173913043478,56.52173913043478,False,按实际呈现人数
ITEM-00094,88,审美欣赏,False,非答案候选选项,1,23,0.043478260869565216,4.3478260869565215,2,0.5,50.0,False,按实际呈现人数
ITEM-00094,88,平静,False,非答案候选选项,1,23,0.043478260869565216,4.3478260869565215,2,0.5,50.0,False,按实际呈现人数
ITEM-00094,88,怀旧,False,非答案候选选项,1,23,0.043478260869565216,4.3478260869565215,2,0.5,50.0,False,按实际呈现人数
ITEM-00094,88,愉悦,False,非答案候选选项,2,23,0.08695652173913043,8.695652173913043,4,0.5,50.0,False,按实际呈现人数
ITEM-00094,88,愤怒,False,非答案候选选项,1,23,0.043478260869565216,4.3478260869565215,2,0.5,50.0,False,按实际呈现人数
ITEM-00094,88,好奇,False,非答案候选选项,2,23,0.08695652173913043,8.695652173913043,5,0.4,40.0,False,按实际呈现人数
ITEM-00094,88,尴尬,False,非答案候选选项,2,23,0.08695652173913043,8.695652173913043,6,0.3333333333333333,33.33333333333333,False,按实际呈现人数
ITEM-00094,88,担忧,False,非答案候选选项,1,23,0.043478260869565216,4.3478260869565215,3,0.3333333333333333,33.33333333333333,False,按实际呈现人数
ITEM-00094,88,爱,False,非答案候选选项,1,23,0.043478260869565216,4.3478260869565215,3,0.3333333333333333,33.33333333333333,False,按实际呈现人数
ITEM-00094,88,释然,False,非答案候选选项,1,23,0.043478260869565216,4.3478260869565215,3,0.3333333333333333,33.33333333333333,False,按实际呈现人数
ITEM-00094,88,希望,False,非答案候选选项,1,23,0.043478260869565216,4.3478260869565215,4,0.25,25.0,False,按实际呈现人数
ITEM-00094,88,紧张,False,非答案候选选项,1,23,0.043478260869565216,4.3478260869565215,4,0.25,25.0,False,按实际呈现人数
ITEM-00094,88,渴望,True,标准答案选项,5,23,0.21739130434782608,21.73913043478261,23,0.21739130434782608,21.73913043478261,False,按实际呈现人数
ITEM-00094,88,快乐,False,非答案候选选项,1,23,0.043478260869565216,4.3478260869565215,5,0.2,20.0,False,按实际呈现人数
ITEM-00094,88,震惊,False,非答案候选选项,1,23,0.043478260869565216,4.3478260869565215,5,0.2,20.0,False,按实际呈现人数
ITEM-00094,88,共情痛苦,False,非答案候选选项,1,23,0.043478260869565216,4.3478260869565215,6,0.16666666666666666,16.666666666666664,False,按实际呈现人数
ITEM-00094,88,厌恶,False,非答案候选选项,1,23,0.043478260869565216,4.3478260869565215,6,0.16666666666666666,16.666666666666664,False,按实际呈现人数
ITEM-00094,88,不屑,False,非答案候选选项,0,23,0.0,0.0,3,0.0,0.0,True,按实际呈现人数
ITEM-00094,88,兴奋,False,非答案候选选项,0,23,0.0,0.0,7,0.0,0.0,True,按实际呈现人数
ITEM-00094,88,内疚,False,非答案候选选项,0,23,0.0,0.0,5,0.0,0.0,True,按实际呈现人数
ITEM-00094,88,冷静,False,非答案候选选项,0,23,0.0,0.0,3,0.0,0.0,True,按实际呈现人数
ITEM-00094,88,厌倦,False,非答案候选选项,0,23,0.0,0.0,4,0.0,0.0,True,按实际呈现人数
ITEM-00094,88,困惑,False,非答案候选选项,0,23,0.0,0.0,5,0.0,0.0,True,按实际呈现人数
ITEM-00094,88,失望,False,非答案候选选项,0,23,0.0,0.0,9,0.0,0.0,True,按实际呈现人数
ITEM-00094,88,委屈,False,非答案候选选项,0,23,0.0,0.0,6,0.0,0.0,True,按实际呈现人数
ITEM-00094,88,嫉妒,False,非答案候选选项,0,23,0.0,0.0,1,0.0,0.0,True,按实际呈现人数
ITEM-00094,88,崇拜,False,非答案候选选项,0,23,0.0,0.0,3,0.0,0.0,True,按实际呈现人数
ITEM-00094,88,怨恨,False,非答案候选选项,0,23,0.0,0.0,2,0.0,0.0,True,按实际呈现人数
ITEM-00094,88,恐惧,False,非答案候选选项,0,23,0.0,0.0,3,0.0,0.0,True,按实际呈现人数
ITEM-00094,88,悲伤,False,非答案候选选项,0,23,0.0,0.0,3,0.0,0.0,True,按实际呈现人数
ITEM-00094,88,惊喜,False,非答案候选选项,0,23,0.0,0.0,1,0.0,0.0,True,按实际呈现人数
ITEM-00094,88,惊讶,False,非答案候选选项,0,23,0.0,0.0,3,0.0,0.0,True,按实际呈现人数
ITEM-00094,88,愁闷,False,非答案候选选项,0,23,0.0,0.0,2,0.0,0.0,True,按实际呈现人数
ITEM-00094,88,感动,False,非答案候选选项,0,23,0.0,0.0,3,0.0,0.0,True,按实际呈现人数
ITEM-00094,88,感激,False,非答案候选选项,0,23,0.0,0.0,4,0.0,0.0,True,按实际呈现人数
ITEM-00094,88,抑郁,False,非答案候选选项,0,23,0.0,0.0,5,0.0,0.0,True,按实际呈现人数
ITEM-00094,88,敌意,False,非答案候选选项,0,23,0.0,0.0,6,0.0,0.0,True,按实际呈现人数
ITEM-00094,88,满足,False,非答案候选选项,0,23,0.0,0.0,2,0.0,0.0,True,按实际呈现人数
ITEM-00094,88,烦躁,False,非答案候选选项,0,23,0.0,0.0,2,0.0,0.0,True,按实际呈现人数
ITEM-00094,88,焦虑,False,非答案候选选项,0,23,0.0,0.0,6,0.0,0.0,True,按实际呈现人数
ITEM-00094,88,痛苦,False,非答案候选选项,0,23,0.0,0.0,4,0.0,0.0,True,按实际呈现人数
ITEM-00094,88,绝望,False,非答案候选选项,0,23,0.0,0.0,4,0.0,0.0,True,按实际呈现人数
ITEM-00094,88,羞耻,False,非答案候选选项,0,23,0.0,0.0,3,0.0,0.0,True,按实际呈现人数
ITEM-00094,88,羡慕,False,非答案候选选项,0,23,0.0,0.0,1,0.0,0.0,True,按实际呈现人数
ITEM-00094,88,自满,False,非答案候选选项,0,23,0.0,0.0,3,0.0,0.0,True,按实际呈现人数
ITEM-00094,88,自豪,False,非答案候选选项,0,23,0.0,0.0,5,0.0,0.0,True,按实际呈现人数
ITEM-00094,88,蔑视,False,非答案候选选项,0,23,0.0,0.0,2,0.0,0.0,True,按实际呈现人数
ITEM-00094,88,遗憾,False,非答案候选选项,0,23,0.0,0.0,8,0.0,0.0,True,按实际呈现人数
ITEM-00095,59,悲伤,False,非答案候选选项,3,28,0.10714285714285714,10.714285714285714,3,1.0,100.0,False,按实际呈现人数
ITEM-00095,59,内疚,True,标准答案选项,26,28,0.9285714285714286,92.85714285714286,28,0.9285714285714286,92.85714285714286,False,按实际呈现人数
ITEM-00095,59,痛苦,True,标准答案选项,23,28,0.8214285714285714,82.14285714285714,28,0.8214285714285714,82.14285714285714,False,按实际呈现人数
ITEM-00095,59,委屈,False,非答案候选选项,2,28,0.07142857142857142,7.142857142857142,3,0.6666666666666666,66.66666666666666,False,按实际呈现人数
ITEM-00095,59,遗憾,False,非答案候选选项,5,28,0.17857142857142858,17.857142857142858,8,0.625,62.5,False,按实际呈现人数
ITEM-00095,59,共情痛苦,False,非答案候选选项,1,28,0.03571428571428571,3.571428571428571,2,0.5,50.0,False,按实际呈现人数
ITEM-00095,59,焦虑,False,非答案候选选项,1,28,0.03571428571428571,3.571428571428571,2,0.5,50.0,False,按实际呈现人数
ITEM-00095,59,紧张,False,非答案候选选项,1,28,0.03571428571428571,3.571428571428571,2,0.5,50.0,False,按实际呈现人数
ITEM-00095,59,羞耻,False,非答案候选选项,3,28,0.10714285714285714,10.714285714285714,7,0.42857142857142855,42.857142857142854,False,按实际呈现人数
ITEM-00095,59,抑郁,False,非答案候选选项,2,28,0.07142857142857142,7.142857142857142,5,0.4,40.0,False,按实际呈现人数
ITEM-00095,59,厌倦,False,非答案候选选项,1,28,0.03571428571428571,3.571428571428571,3,0.3333333333333333,33.33333333333333,False,按实际呈现人数
ITEM-00095,59,恐惧,False,非答案候选选项,1,28,0.03571428571428571,3.571428571428571,3,0.3333333333333333,33.33333333333333,False,按实际呈现人数
ITEM-00095,59,爱,False,非答案候选选项,1,28,0.03571428571428571,3.571428571428571,6,0.16666666666666666,16.666666666666664,False,按实际呈现人数
ITEM-00095,59,绝望,False,非答案候选选项,1,28,0.03571428571428571,3.571428571428571,6,0.16666666666666666,16.666666666666664,False,按实际呈现人数
ITEM-00095,59,希望,False,非答案候选选项,1,28,0.03571428571428571,3.571428571428571,9,0.1111111111111111,11.11111111111111,False,按实际呈现人数
ITEM-00095,59,不屑,False,非答案候选选项,0,28,0.0,0.0,2,0.0,0.0,True,按实际呈现人数
ITEM-00095,59,兴奋,False,非答案候选选项,0,28,0.0,0.0,4,0.0,0.0,True,按实际呈现人数
ITEM-00095,59,兴趣,False,非答案候选选项,0,28,0.0,0.0,5,0.0,0.0,True,按实际呈现人数
ITEM-00095,59,冷静,False,非答案候选选项,0,28,0.0,0.0,9,0.0,0.0,True,按实际呈现人数
ITEM-00095,59,厌恶,False,非答案候选选项,0,28,0.0,0.0,4,0.0,0.0,True,按实际呈现人数
ITEM-00095,59,困惑,False,非答案候选选项,0,28,0.0,0.0,7,0.0,0.0,True,按实际呈现人数
ITEM-00095,59,失望,False,非答案候选选项,0,28,0.0,0.0,9,0.0,0.0,True,按实际呈现人数
ITEM-00095,59,好奇,False,非答案候选选项,0,28,0.0,0.0,4,0.0,0.0,True,按实际呈现人数
ITEM-00095,59,嫉妒,False,非答案候选选项,0,28,0.0,0.0,7,0.0,0.0,True,按实际呈现人数
ITEM-00095,59,审美欣赏,False,非答案候选选项,0,28,0.0,0.0,7,0.0,0.0,True,按实际呈现人数
ITEM-00095,59,尴尬,False,非答案候选选项,0,28,0.0,0.0,2,0.0,0.0,True,按实际呈现人数
ITEM-00095,59,崇拜,False,非答案候选选项,0,28,0.0,0.0,2,0.0,0.0,True,按实际呈现人数
ITEM-00095,59,平静,False,非答案候选选项,0,28,0.0,0.0,5,0.0,0.0,True,按实际呈现人数
ITEM-00095,59,快乐,False,非答案候选选项,0,28,0.0,0.0,5,0.0,0.0,True,按实际呈现人数
ITEM-00095,59,怀旧,False,非答案候选选项,0,28,0.0,0.0,1,0.0,0.0,True,按实际呈现人数
ITEM-00095,59,怨恨,False,非答案候选选项,0,28,0.0,0.0,6,0.0,0.0,True,按实际呈现人数
ITEM-00095,59,惊喜,False,非答案候选选项,0,28,0.0,0.0,2,0.0,0.0,True,按实际呈现人数
ITEM-00095,59,惊讶,False,非答案候选选项,0,28,0.0,0.0,6,0.0,0.0,True,按实际呈现人数
ITEM-00095,59,愁闷,False,非答案候选选项,0,28,0.0,0.0,7,0.0,0.0,True,按实际呈现人数
ITEM-00095,59,愉悦,False,非答案候选选项,0,28,0.0,0.0,2,0.0,0.0,True,按实际呈现人数
ITEM-00095,59,感动,False,非答案候选选项,0,28,0.0,0.0,6,0.0,0.0,True,按实际呈现人数
ITEM-00095,59,感激,False,非答案候选选项,0,28,0.0,0.0,4,0.0,0.0,True,按实际呈现人数
ITEM-00095,59,愤怒,False,非答案候选选项,0,28,0.0,0.0,1,0.0,0.0,True,按实际呈现人数
ITEM-00095,59,担忧,False,非答案候选选项,0,28,0.0,0.0,2,0.0,0.0,True,按实际呈现人数
ITEM-00095,59,敌意,False,非答案候选选项,0,28,0.0,0.0,5,0.0,0.0,True,按实际呈现人数
ITEM-00095,59,渴望,False,非答案候选选项,0,28,0.0,0.0,3,0.0,0.0,True,按实际呈现人数
ITEM-00095,59,满足,False,非答案候选选项,0,28,0.0,0.0,3,0.0,0.0,True,按实际呈现人数
ITEM-00095,59,烦躁,False,非答案候选选项,0,28,0.0,0.0,8,0.0,0.0,True,按实际呈现人数
ITEM-00095,59,羡慕,False,非答案候选选项,0,28,0.0,0.0,3,0.0,0.0,True,按实际呈现人数
ITEM-00095,59,自满,False,非答案候选选项,0,28,0.0,0.0,6,0.0,0.0,True,按实际呈现人数
ITEM-00095,59,自豪,False,非答案候选选项,0,28,0.0,0.0,4,0.0,0.0,True,按实际呈现人数
ITEM-00095,59,蔑视,False,非答案候选选项,0,28,0.0,0.0,7,0.0,0.0,True,按实际呈现人数
ITEM-00095,59,轻松,False,非答案候选选项,0,28,0.0,0.0,6,0.0,0.0,True,按实际呈现人数
ITEM-00095,59,释然,False,非答案候选选项,0,28,0.0,0.0,7,0.0,0.0,True,按实际呈现人数
ITEM-00095,59,震惊,False,非答案候选选项,0,28,0.0,0.0,4,0.0,0.0,True,按实际呈现人数
ITEM-00096,74,满足,False,非答案候选选项,6,40,0.15,15.0,6,1.0,100.0,False,按实际呈现人数
ITEM-00096,74,愉悦,True,标准答案选项,31,40,0.775,77.5,40,0.775,77.5,False,按实际呈现人数
ITEM-00096,74,审美欣赏,True,标准答案选项,29,40,0.725,72.5,40,0.725,72.5,False,按实际呈现人数
ITEM-00096,74,快乐,False,非答案候选选项,7,40,0.175,17.5,10,0.7,70.0,False,按实际呈现人数
ITEM-00096,74,轻松,False,非答案候选选项,4,40,0.1,10.0,6,0.6666666666666666,66.66666666666666,False,按实际呈现人数
ITEM-00096,74,希望,False,非答案候选选项,4,40,0.1,10.0,7,0.5714285714285714,57.14285714285714,False,按实际呈现人数
ITEM-00096,74,怀旧,False,非答案候选选项,1,40,0.025,2.5,2,0.5,50.0,False,按实际呈现人数
ITEM-00096,74,爱,False,非答案候选选项,4,40,0.1,10.0,8,0.5,50.0,False,按实际呈现人数
ITEM-00096,74,平静,False,非答案候选选项,6,40,0.15,15.0,13,0.46153846153846156,46.15384615384615,False,按实际呈现人数
ITEM-00096,74,自满,False,非答案候选选项,2,40,0.05,5.0,6,0.3333333333333333,33.33333333333333,False,按实际呈现人数
ITEM-00096,74,惊喜,False,非答案候选选项,3,40,0.075,7.5,10,0.3,30.0,False,按实际呈现人数
ITEM-00096,74,兴奋,False,非答案候选选项,1,40,0.025,2.5,4,0.25,25.0,False,按实际呈现人数
ITEM-00096,74,兴趣,False,非答案候选选项,2,40,0.05,5.0,9,0.2222222222222222,22.22222222222222,False,按实际呈现人数
ITEM-00096,74,释然,False,非答案候选选项,1,40,0.025,2.5,5,0.2,20.0,False,按实际呈现人数
ITEM-00096,74,感激,False,非答案候选选项,2,40,0.05,5.0,12,0.16666666666666666,16.666666666666664,False,按实际呈现人数
ITEM-00096,74,渴望,False,非答案候选选项,1,40,0.025,2.5,6,0.16666666666666666,16.666666666666664,False,按实际呈现人数
ITEM-00096,74,震惊,False,非答案候选选项,1,40,0.025,2.5,7,0.14285714285714285,14.285714285714285,False,按实际呈现人数
ITEM-00096,74,好奇,False,非答案候选选项,1,40,0.025,2.5,9,0.1111111111111111,11.11111111111111,False,按实际呈现人数
ITEM-00096,74,不屑,False,非答案候选选项,0,40,0.0,0.0,5,0.0,0.0,True,按实际呈现人数
ITEM-00096,74,共情痛苦,False,非答案候选选项,0,40,0.0,0.0,7,0.0,0.0,True,按实际呈现人数
ITEM-00096,74,内疚,False,非答案候选选项,0,40,0.0,0.0,9,0.0,0.0,True,按实际呈现人数
ITEM-00096,74,冷静,False,非答案候选选项,0,40,0.0,0.0,5,0.0,0.0,True,按实际呈现人数
ITEM-00096,74,厌倦,False,非答案候选选项,0,40,0.0,0.0,7,0.0,0.0,True,按实际呈现人数
ITEM-00096,74,厌恶,False,非答案候选选项,0,40,0.0,0.0,4,0.0,0.0,True,按实际呈现人数
ITEM-00096,74,困惑,False,非答案候选选项,0,40,0.0,0.0,5,0.0,0.0,True,按实际呈现人数
ITEM-00096,74,失望,False,非答案候选选项,0,40,0.0,0.0,5,0.0,0.0,True,按实际呈现人数
ITEM-00096,74,委屈,False,非答案候选选项,0,40,0.0,0.0,10,0.0,0.0,True,按实际呈现人数
ITEM-00096,74,嫉妒,False,非答案候选选项,0,40,0.0,0.0,8,0.0,0.0,True,按实际呈现人数
ITEM-00096,74,尴尬,False,非答案候选选项,0,40,0.0,0.0,8,0.0,0.0,True,按实际呈现人数
ITEM-00096,74,崇拜,False,非答案候选选项,0,40,0.0,0.0,5,0.0,0.0,True,按实际呈现人数
ITEM-00096,74,怨恨,False,非答案候选选项,0,40,0.0,0.0,3,0.0,0.0,True,按实际呈现人数
ITEM-00096,74,恐惧,False,非答案候选选项,0,40,0.0,0.0,6,0.0,0.0,True,按实际呈现人数
ITEM-00096,74,悲伤,False,非答案候选选项,0,40,0.0,0.0,5,0.0,0.0,True,按实际呈现人数
ITEM-00096,74,惊讶,False,非答案候选选项,0,40,0.0,0.0,6,0.0,0.0,True,按实际呈现人数
ITEM-00096,74,愁闷,False,非答案候选选项,0,40,0.0,0.0,3,0.0,0.0,True,按实际呈现人数
ITEM-00096,74,感动,False,非答案候选选项,0,40,0.0,0.0,5,0.0,0.0,True,按实际呈现人数
ITEM-00096,74,愤怒,False,非答案候选选项,0,40,0.0,0.0,10,0.0,0.0,True,按实际呈现人数
ITEM-00096,74,抑郁,False,非答案候选选项,0,40,0.0,0.0,8,0.0,0.0,True,按实际呈现人数
ITEM-00096,74,担忧,False,非答案候选选项,0,40,0.0,0.0,6,0.0,0.0,True,按实际呈现人数
ITEM-00096,74,敌意,False,非答案候选选项,0,40,0.0,0.0,5,0.0,0.0,True,按实际呈现人数
ITEM-00096,74,烦躁,False,非答案候选选项,0,40,0.0,0.0,8,0.0,0.0,True,按实际呈现人数
ITEM-00096,74,焦虑,False,非答案候选选项,0,40,0.0,0.0,7,0.0,0.0,True,按实际呈现人数
ITEM-00096,74,痛苦,False,非答案候选选项,0,40,0.0,0.0,6,0.0,0.0,True,按实际呈现人数
ITEM-00096,74,紧张,False,非答案候选选项,0,40,0.0,0.0,7,0.0,0.0,True,按实际呈现人数
ITEM-00096,74,绝望,False,非答案候选选项,0,40,0.0,0.0,8,0.0,0.0,True,按实际呈现人数
ITEM-00096,74,羞耻,False,非答案候选选项,0,40,0.0,0.0,6,0.0,0.0,True,按实际呈现人数
ITEM-00096,74,羡慕,False,非答案候选选项,0,40,0.0,0.0,5,0.0,0.0,True,按实际呈现人数
ITEM-00096,74,自豪,False,非答案候选选项,0,40,0.0,0.0,2,0.0,0.0,True,按实际呈现人数
ITEM-00096,74,蔑视,False,非答案候选选项,0,40,0.0,0.0,8,0.0,0.0,True,按实际呈现人数
ITEM-00096,74,遗憾,False,非答案候选选项,0,40,0.0,0.0,8,0.0,0.0,True,按实际呈现人数
ITEM-00097,82,满足,False,非答案候选选项,3,36,0.08333333333333333,8.333333333333332,4,0.75,75.0,False,按实际呈现人数
ITEM-00097,82,愉悦,False,非答案候选选项,4,36,0.1111111111111111,11.11111111111111,7,0.5714285714285714,57.14285714285714,False,按实际呈现人数
ITEM-00097,82,轻松,True,标准答案选项,19,36,0.5277777777777778,52.77777777777778,36,0.5277777777777778,52.77777777777778,False,按实际呈现人数
ITEM-00097,82,怀旧,False,非答案候选选项,4,36,0.1111111111111111,11.11111111111111,8,0.5,50.0,False,按实际呈现人数
ITEM-00097,82,蔑视,False,非答案候选选项,3,36,0.08333333333333333,8.333333333333332,6,0.5,50.0,False,按实际呈现人数
ITEM-00097,82,希望,False,非答案候选选项,2,36,0.05555555555555555,5.555555555555555,5,0.4,40.0,False,按实际呈现人数
ITEM-00097,82,敌意,False,非答案候选选项,2,36,0.05555555555555555,5.555555555555555,5,0.4,40.0,False,按实际呈现人数
ITEM-00097,82,自豪,False,非答案候选选项,4,36,0.1111111111111111,11.11111111111111,10,0.4,40.0,False,按实际呈现人数
ITEM-00097,82,遗憾,False,非答案候选选项,2,36,0.05555555555555555,5.555555555555555,5,0.4,40.0,False,按实际呈现人数
ITEM-00097,82,渴望,False,非答案候选选项,1,36,0.027777777777777776,2.7777777777777777,3,0.3333333333333333,33.33333333333333,False,按实际呈现人数
ITEM-00097,82,烦躁,False,非答案候选选项,1,36,0.027777777777777776,2.7777777777777777,3,0.3333333333333333,33.33333333333333,False,按实际呈现人数
ITEM-00097,82,绝望,False,非答案候选选项,1,36,0.027777777777777776,2.7777777777777777,3,0.3333333333333333,33.33333333333333,False,按实际呈现人数
ITEM-00097,82,厌倦,False,非答案候选选项,3,36,0.08333333333333333,8.333333333333332,10,0.3,30.0,False,按实际呈现人数
ITEM-00097,82,平静,False,非答案候选选项,3,36,0.08333333333333333,8.333333333333332,11,0.2727272727272727,27.27272727272727,False,按实际呈现人数
ITEM-00097,82,快乐,True,标准答案选项,8,36,0.2222222222222222,22.22222222222222,36,0.2222222222222222,22.22222222222222,False,按实际呈现人数
ITEM-00097,82,自满,False,非答案候选选项,2,36,0.05555555555555555,5.555555555555555,9,0.2222222222222222,22.22222222222222,False,按实际呈现人数
ITEM-00097,82,嫉妒,False,非答案候选选项,1,36,0.027777777777777776,2.7777777777777777,5,0.2,20.0,False,按实际呈现人数
ITEM-00097,82,担忧,False,非答案候选选项,1,36,0.027777777777777776,2.7777777777777777,6,0.16666666666666666,16.666666666666664,False,按实际呈现人数
ITEM-00097,82,厌恶,False,非答案候选选项,1,36,0.027777777777777776,2.7777777777777777,7,0.14285714285714285,14.285714285714285,False,按实际呈现人数
ITEM-00097,82,审美欣赏,False,非答案候选选项,1,36,0.027777777777777776,2.7777777777777777,7,0.14285714285714285,14.285714285714285,False,按实际呈现人数
ITEM-00097,82,释然,False,非答案候选选项,1,36,0.027777777777777776,2.7777777777777777,7,0.14285714285714285,14.285714285714285,False,按实际呈现人数
ITEM-00097,82,冷静,False,非答案候选选项,1,36,0.027777777777777776,2.7777777777777777,8,0.125,12.5,False,按实际呈现人数
ITEM-00097,82,紧张,False,非答案候选选项,1,36,0.027777777777777776,2.7777777777777777,8,0.125,12.5,False,按实际呈现人数
ITEM-00097,82,愁闷,False,非答案候选选项,1,36,0.027777777777777776,2.7777777777777777,9,0.1111111111111111,11.11111111111111,False,按实际呈现人数
ITEM-00097,82,恐惧,False,非答案候选选项,1,36,0.027777777777777776,2.7777777777777777,10,0.1,10.0,False,按实际呈现人数
ITEM-00097,82,不屑,False,非答案候选选项,0,36,0.0,0.0,5,0.0,0.0,True,按实际呈现人数
ITEM-00097,82,共情痛苦,False,非答案候选选项,0,36,0.0,0.0,7,0.0,0.0,True,按实际呈现人数
ITEM-00097,82,兴奋,False,非答案候选选项,0,36,0.0,0.0,4,0.0,0.0,True,按实际呈现人数
ITEM-00097,82,兴趣,False,非答案候选选项,0,36,0.0,0.0,5,0.0,0.0,True,按实际呈现人数
ITEM-00097,82,内疚,False,非答案候选选项,0,36,0.0,0.0,3,0.0,0.0,True,按实际呈现人数
ITEM-00097,82,困惑,False,非答案候选选项,0,36,0.0,0.0,2,0.0,0.0,True,按实际呈现人数
ITEM-00097,82,失望,False,非答案候选选项,0,36,0.0,0.0,7,0.0,0.0,True,按实际呈现人数
ITEM-00097,82,好奇,False,非答案候选选项,0,36,0.0,0.0,2,0.0,0.0,True,按实际呈现人数
ITEM-00097,82,委屈,False,非答案候选选项,0,36,0.0,0.0,5,0.0,0.0,True,按实际呈现人数
ITEM-00097,82,尴尬,False,非答案候选选项,0,36,0.0,0.0,6,0.0,0.0,True,按实际呈现人数
ITEM-00097,82,崇拜,False,非答案候选选项,0,36,0.0,0.0,6,0.0,0.0,True,按实际呈现人数
ITEM-00097,82,怨恨,False,非答案候选选项,0,36,0.0,0.0,4,0.0,0.0,True,按实际呈现人数
ITEM-00097,82,悲伤,False,非答案候选选项,0,36,0.0,0.0,5,0.0,0.0,True,按实际呈现人数
ITEM-00097,82,惊喜,False,非答案候选选项,0,36,0.0,0.0,5,0.0,0.0,True,按实际呈现人数
ITEM-00097,82,惊讶,False,非答案候选选项,0,36,0.0,0.0,3,0.0,0.0,True,按实际呈现人数
ITEM-00097,82,感动,False,非答案候选选项,0,36,0.0,0.0,7,0.0,0.0,True,按实际呈现人数
ITEM-00097,82,感激,False,非答案候选选项,0,36,0.0,0.0,7,0.0,0.0,True,按实际呈现人数
ITEM-00097,82,愤怒,False,非答案候选选项,0,36,0.0,0.0,5,0.0,0.0,True,按实际呈现人数
ITEM-00097,82,抑郁,False,非答案候选选项,0,36,0.0,0.0,7,0.0,0.0,True,按实际呈现人数
ITEM-00097,82,焦虑,False,非答案候选选项,0,36,0.0,0.0,10,0.0,0.0,True,按实际呈现人数
ITEM-00097,82,爱,False,非答案候选选项,0,36,0.0,0.0,3,0.0,0.0,True,按实际呈现人数
ITEM-00097,82,痛苦,False,非答案候选选项,0,36,0.0,0.0,5,0.0,0.0,True,按实际呈现人数
ITEM-00097,82,羞耻,False,非答案候选选项,0,36,0.0,0.0,9,0.0,0.0,True,按实际呈现人数
ITEM-00097,82,羡慕,False,非答案候选选项,0,36,0.0,0.0,5,0.0,0.0,True,按实际呈现人数
ITEM-00097,82,震惊,False,非答案候选选项,0,36,0.0,0.0,5,0.0,0.0,True,按实际呈现人数
ITEM-00098,1,自豪,True,标准答案选项,21,28,0.75,75.0,28,0.75,75.0,False,按实际呈现人数
ITEM-00098,1,愉悦,False,非答案候选选项,2,28,0.07142857142857142,7.142857142857142,3,0.6666666666666666,66.66666666666666,False,按实际呈现人数
ITEM-00098,1,快乐,False,非答案候选选项,5,28,0.17857142857142858,17.857142857142858,11,0.45454545454545453,45.45454545454545,False,按实际呈现人数
ITEM-00098,1,满足,True,标准答案选项,12,28,0.42857142857142855,42.857142857142854,28,0.42857142857142855,42.857142857142854,False,按实际呈现人数
ITEM-00098,1,震惊,False,非答案候选选项,2,28,0.07142857142857142,7.142857142857142,5,0.4,40.0,False,按实际呈现人数
ITEM-00098,1,共情痛苦,False,非答案候选选项,1,28,0.03571428571428571,3.571428571428571,3,0.3333333333333333,33.33333333333333,False,按实际呈现人数
ITEM-00098,1,爱,False,非答案候选选项,1,28,0.03571428571428571,3.571428571428571,3,0.3333333333333333,33.33333333333333,False,按实际呈现人数
ITEM-00098,1,紧张,False,非答案候选选项,2,28,0.07142857142857142,7.142857142857142,6,0.3333333333333333,33.33333333333333,False,按实际呈现人数
ITEM-00098,1,感激,True,标准答案选项,9,28,0.32142857142857145,32.142857142857146,28,0.32142857142857145,32.142857142857146,False,按实际呈现人数
ITEM-00098,1,兴趣,False,非答案候选选项,1,28,0.03571428571428571,3.571428571428571,4,0.25,25.0,False,按实际呈现人数
ITEM-00098,1,平静,False,非答案候选选项,1,28,0.03571428571428571,3.571428571428571,4,0.25,25.0,False,按实际呈现人数
ITEM-00098,1,担忧,False,非答案候选选项,1,28,0.03571428571428571,3.571428571428571,4,0.25,25.0,False,按实际呈现人数
ITEM-00098,1,自满,False,非答案候选选项,1,28,0.03571428571428571,3.571428571428571,4,0.25,25.0,False,按实际呈现人数
ITEM-00098,1,渴望,False,非答案候选选项,1,28,0.03571428571428571,3.571428571428571,5,0.2,20.0,False,按实际呈现人数
ITEM-00098,1,烦躁,False,非答案候选选项,1,28,0.03571428571428571,3.571428571428571,5,0.2,20.0,False,按实际呈现人数
ITEM-00098,1,审美欣赏,False,非答案候选选项,1,28,0.03571428571428571,3.571428571428571,6,0.16666666666666666,16.666666666666664,False,按实际呈现人数
ITEM-00098,1,不屑,False,非答案候选选项,0,28,0.0,0.0,5,0.0,0.0,True,按实际呈现人数
ITEM-00098,1,兴奋,False,非答案候选选项,0,28,0.0,0.0,3,0.0,0.0,True,按实际呈现人数
ITEM-00098,1,内疚,False,非答案候选选项,0,28,0.0,0.0,3,0.0,0.0,True,按实际呈现人数
ITEM-00098,1,冷静,False,非答案候选选项,0,28,0.0,0.0,2,0.0,0.0,True,按实际呈现人数
ITEM-00098,1,厌倦,False,非答案候选选项,0,28,0.0,0.0,3,0.0,0.0,True,按实际呈现人数
ITEM-00098,1,厌恶,False,非答案候选选项,0,28,0.0,0.0,2,0.0,0.0,True,按实际呈现人数
ITEM-00098,1,困惑,False,非答案候选选项,0,28,0.0,0.0,2,0.0,0.0,True,按实际呈现人数
ITEM-00098,1,失望,False,非答案候选选项,0,28,0.0,0.0,8,0.0,0.0,True,按实际呈现人数
ITEM-00098,1,好奇,False,非答案候选选项,0,28,0.0,0.0,6,0.0,0.0,True,按实际呈现人数
ITEM-00098,1,委屈,False,非答案候选选项,0,28,0.0,0.0,4,0.0,0.0,True,按实际呈现人数
ITEM-00098,1,嫉妒,False,非答案候选选项,0,28,0.0,0.0,6,0.0,0.0,True,按实际呈现人数
ITEM-00098,1,尴尬,False,非答案候选选项,0,28,0.0,0.0,4,0.0,0.0,True,按实际呈现人数
ITEM-00098,1,崇拜,False,非答案候选选项,0,28,0.0,0.0,2,0.0,0.0,True,按实际呈现人数
ITEM-00098,1,希望,False,非答案候选选项,0,28,0.0,0.0,6,0.0,0.0,True,按实际呈现人数
ITEM-00098,1,怀旧,False,非答案候选选项,0,28,0.0,0.0,2,0.0,0.0,True,按实际呈现人数
ITEM-00098,1,怨恨,False,非答案候选选项,0,28,0.0,0.0,6,0.0,0.0,True,按实际呈现人数
ITEM-00098,1,恐惧,False,非答案候选选项,0,28,0.0,0.0,4,0.0,0.0,True,按实际呈现人数
ITEM-00098,1,悲伤,False,非答案候选选项,0,28,0.0,0.0,5,0.0,0.0,True,按实际呈现人数
ITEM-00098,1,惊喜,False,非答案候选选项,0,28,0.0,0.0,2,0.0,0.0,True,按实际呈现人数
ITEM-00098,1,惊讶,False,非答案候选选项,0,28,0.0,0.0,2,0.0,0.0,True,按实际呈现人数
ITEM-00098,1,愁闷,False,非答案候选选项,0,28,0.0,0.0,2,0.0,0.0,True,按实际呈现人数
ITEM-00098,1,感动,False,非答案候选选项,0,28,0.0,0.0,3,0.0,0.0,True,按实际呈现人数
ITEM-00098,1,愤怒,False,非答案候选选项,0,28,0.0,0.0,8,0.0,0.0,True,按实际呈现人数
ITEM-00098,1,抑郁,False,非答案候选选项,0,28,0.0,0.0,6,0.0,0.0,True,按实际呈现人数
ITEM-00098,1,敌意,False,非答案候选选项,0,28,0.0,0.0,4,0.0,0.0,True,按实际呈现人数
ITEM-00098,1,焦虑,False,非答案候选选项,0,28,0.0,0.0,5,0.0,0.0,True,按实际呈现人数
ITEM-00098,1,痛苦,False,非答案候选选项,0,28,0.0,0.0,6,0.0,0.0,True,按实际呈现人数
ITEM-00098,1,绝望,False,非答案候选选项,0,28,0.0,0.0,4,0.0,0.0,True,按实际呈现人数
ITEM-00098,1,羞耻,False,非答案候选选项,0,28,0.0,0.0,4,0.0,0.0,True,按实际呈现人数
ITEM-00098,1,羡慕,False,非答案候选选项,0,28,0.0,0.0,2,0.0,0.0,True,按实际呈现人数
ITEM-00098,1,蔑视,False,非答案候选选项,0,28,0.0,0.0,3,0.0,0.0,True,按实际呈现人数
ITEM-00098,1,轻松,False,非答案候选选项,0,28,0.0,0.0,2,0.0,0.0,True,按实际呈现人数
ITEM-00098,1,遗憾,False,非答案候选选项,0,28,0.0,0.0,4,0.0,0.0,True,按实际呈现人数
ITEM-00098,1,释然,False,非答案候选选项,0,28,0.0,0.0,3,0.0,0.0,True,按实际呈现人数
ITEM-00100,10,自满,False,非答案候选选项,4,33,0.12121212121212122,12.121212121212121,4,1.0,100.0,False,按实际呈现人数
ITEM-00100,10,蔑视,False,非答案候选选项,3,33,0.09090909090909091,9.090909090909092,4,0.75,75.0,False,按实际呈现人数
ITEM-00100,10,不屑,True,标准答案选项,20,33,0.6060606060606061,60.60606060606061,33,0.6060606060606061,60.60606060606061,False,按实际呈现人数
ITEM-00100,10,厌恶,False,非答案候选选项,3,33,0.09090909090909091,9.090909090909092,5,0.6,60.0,False,按实际呈现人数
ITEM-00100,10,得意,True,标准答案选项,19,33,0.5757575757575758,57.57575757575758,33,0.5757575757575758,57.57575757575758,False,按实际呈现人数
ITEM-00100,10,轻松,False,非答案候选选项,5,33,0.15151515151515152,15.151515151515152,9,0.5555555555555556,55.55555555555556,False,按实际呈现人数
ITEM-00100,10,烦躁,False,非答案候选选项,4,33,0.12121212121212122,12.121212121212121,8,0.5,50.0,False,按实际呈现人数
ITEM-00100,10,委屈,False,非答案候选选项,1,33,0.030303030303030304,3.0303030303030303,3,0.3333333333333333,33.33333333333333,False,按实际呈现人数
ITEM-00100,10,震惊,False,非答案候选选项,2,33,0.06060606060606061,6.0606060606060606,6,0.3333333333333333,33.33333333333333,False,按实际呈现人数
ITEM-00100,10,自豪,False,非答案候选选项,2,33,0.06060606060606061,6.0606060606060606,7,0.2857142857142857,28.57142857142857,False,按实际呈现人数
ITEM-00100,10,怨恨,False,非答案候选选项,1,33,0.030303030303030304,3.0303030303030303,4,0.25,25.0,False,按实际呈现人数
ITEM-00100,10,担忧,False,非答案候选选项,1,33,0.030303030303030304,3.0303030303030303,4,0.25,25.0,False,按实际呈现人数
ITEM-00100,10,满足,False,非答案候选选项,1,33,0.030303030303030304,3.0303030303030303,4,0.25,25.0,False,按实际呈现人数
ITEM-00100,10,绝望,False,非答案候选选项,2,33,0.06060606060606061,6.0606060606060606,8,0.25,25.0,False,按实际呈现人数
ITEM-00100,10,好奇,False,非答案候选选项,1,33,0.030303030303030304,3.0303030303030303,5,0.2,20.0,False,按实际呈现人数
ITEM-00100,10,平静,False,非答案候选选项,1,33,0.030303030303030304,3.0303030303030303,5,0.2,20.0,False,按实际呈现人数
ITEM-00100,10,抑郁,False,非答案候选选项,1,33,0.030303030303030304,3.0303030303030303,5,0.2,20.0,False,按实际呈现人数
ITEM-00100,10,焦虑,False,非答案候选选项,1,33,0.030303030303030304,3.0303030303030303,5,0.2,20.0,False,按实际呈现人数
ITEM-00100,10,内疚,False,非答案候选选项,1,33,0.030303030303030304,3.0303030303030303,6,0.16666666666666666,16.666666666666664,False,按实际呈现人数
ITEM-00100,10,快乐,False,非答案候选选项,1,33,0.030303030303030304,3.0303030303030303,6,0.16666666666666666,16.666666666666664,False,按实际呈现人数
ITEM-00100,10,愁闷,False,非答案候选选项,1,33,0.030303030303030304,3.0303030303030303,6,0.16666666666666666,16.666666666666664,False,按实际呈现人数
ITEM-00100,10,遗憾,False,非答案候选选项,1,33,0.030303030303030304,3.0303030303030303,7,0.14285714285714285,14.285714285714285,False,按实际呈现人数
ITEM-00100,10,兴奋,False,非答案候选选项,1,33,0.030303030303030304,3.0303030303030303,8,0.125,12.5,False,按实际呈现人数
ITEM-00100,10,希望,False,非答案候选选项,1,33,0.030303030303030304,3.0303030303030303,8,0.125,12.5,False,按实际呈现人数
ITEM-00100,10,悲伤,False,非答案候选选项,1,33,0.030303030303030304,3.0303030303030303,8,0.125,12.5,False,按实际呈现人数
ITEM-00100,10,惊讶,False,非答案候选选项,1,33,0.030303030303030304,3.0303030303030303,8,0.125,12.5,False,按实际呈现人数
ITEM-00100,10,共情痛苦,False,非答案候选选项,0,33,0.0,0.0,6,0.0,0.0,True,按实际呈现人数
ITEM-00100,10,兴趣,False,非答案候选选项,0,33,0.0,0.0,3,0.0,0.0,True,按实际呈现人数
ITEM-00100,10,冷静,False,非答案候选选项,0,33,0.0,0.0,1,0.0,0.0,True,按实际呈现人数
ITEM-00100,10,厌倦,False,非答案候选选项,0,33,0.0,0.0,7,0.0,0.0,True,按实际呈现人数
ITEM-00100,10,困惑,False,非答案候选选项,0,33,0.0,0.0,2,0.0,0.0,True,按实际呈现人数
ITEM-00100,10,失望,False,非答案候选选项,0,33,0.0,0.0,6,0.0,0.0,True,按实际呈现人数
ITEM-00100,10,嫉妒,False,非答案候选选项,0,33,0.0,0.0,6,0.0,0.0,True,按实际呈现人数
ITEM-00100,10,审美欣赏,False,非答案候选选项,0,33,0.0,0.0,4,0.0,0.0,True,按实际呈现人数
ITEM-00100,10,尴尬,False,非答案候选选项,0,33,0.0,0.0,5,0.0,0.0,True,按实际呈现人数
ITEM-00100,10,崇拜,False,非答案候选选项,0,33,0.0,0.0,5,0.0,0.0,True,按实际呈现人数
ITEM-00100,10,怀旧,False,非答案候选选项,0,33,0.0,0.0,4,0.0,0.0,True,按实际呈现人数
ITEM-00100,10,恐惧,False,非答案候选选项,0,33,0.0,0.0,5,0.0,0.0,True,按实际呈现人数
ITEM-00100,10,惊喜,False,非答案候选选项,0,33,0.0,0.0,7,0.0,0.0,True,按实际呈现人数
ITEM-00100,10,愉悦,False,非答案候选选项,0,33,0.0,0.0,4,0.0,0.0,True,按实际呈现人数
ITEM-00100,10,感动,False,非答案候选选项,0,33,0.0,0.0,2,0.0,0.0,True,按实际呈现人数
ITEM-00100,10,感激,False,非答案候选选项,0,33,0.0,0.0,6,0.0,0.0,True,按实际呈现人数
ITEM-00100,10,愤怒,False,非答案候选选项,0,33,0.0,0.0,5,0.0,0.0,True,按实际呈现人数
ITEM-00100,10,敌意,False,非答案候选选项,0,33,0.0,0.0,5,0.0,0.0,True,按实际呈现人数
ITEM-00100,10,渴望,False,非答案候选选项,0,33,0.0,0.0,5,0.0,0.0,True,按实际呈现人数
ITEM-00100,10,爱,False,非答案候选选项,0,33,0.0,0.0,7,0.0,0.0,True,按实际呈现人数
ITEM-00100,10,痛苦,False,非答案候选选项,0,33,0.0,0.0,6,0.0,0.0,True,按实际呈现人数
ITEM-00100,10,紧张,False,非答案候选选项,0,33,0.0,0.0,4,0.0,0.0,True,按实际呈现人数
ITEM-00100,10,羞耻,False,非答案候选选项,0,33,0.0,0.0,5,0.0,0.0,True,按实际呈现人数
ITEM-00100,10,羡慕,False,非答案候选选项,0,33,0.0,0.0,8,0.0,0.0,True,按实际呈现人数
ITEM-00100,10,释然,False,非答案候选选项,0,33,0.0,0.0,3,0.0,0.0,True,按实际呈现人数
ITEM-00101,55,不屑,False,非答案候选选项,3,28,0.10714285714285714,10.714285714285714,3,1.0,100.0,False,按实际呈现人数
ITEM-00101,55,惊讶,False,非答案候选选项,5,28,0.17857142857142858,17.857142857142858,7,0.7142857142857143,71.42857142857143,False,按实际呈现人数
ITEM-00101,55,愤怒,False,非答案候选选项,2,28,0.07142857142857142,7.142857142857142,3,0.6666666666666666,66.66666666666666,False,按实际呈现人数
ITEM-00101,55,敌意,False,非答案候选选项,2,28,0.07142857142857142,7.142857142857142,3,0.6666666666666666,66.66666666666666,False,按实际呈现人数
ITEM-00101,55,尴尬,True,标准答案选项,17,28,0.6071428571428571,60.71428571428571,28,0.6071428571428571,60.71428571428571,False,按实际呈现人数
ITEM-00101,55,困惑,True,标准答案选项,15,28,0.5357142857142857,53.57142857142857,28,0.5357142857142857,53.57142857142857,False,按实际呈现人数
ITEM-00101,55,失望,False,非答案候选选项,2,28,0.07142857142857142,7.142857142857142,5,0.4,40.0,False,按实际呈现人数
ITEM-00101,55,委屈,False,非答案候选选项,2,28,0.07142857142857142,7.142857142857142,5,0.4,40.0,False,按实际呈现人数
ITEM-00101,55,愁闷,False,非答案候选选项,2,28,0.07142857142857142,7.142857142857142,5,0.4,40.0,False,按实际呈现人数
ITEM-00101,55,厌恶,False,非答案候选选项,2,28,0.07142857142857142,7.142857142857142,6,0.3333333333333333,33.33333333333333,False,按实际呈现人数
ITEM-00101,55,焦虑,False,非答案候选选项,1,28,0.03571428571428571,3.571428571428571,3,0.3333333333333333,33.33333333333333,False,按实际呈现人数
ITEM-00101,55,惊喜,False,非答案候选选项,1,28,0.03571428571428571,3.571428571428571,4,0.25,25.0,False,按实际呈现人数
ITEM-00101,55,绝望,False,非答案候选选项,1,28,0.03571428571428571,3.571428571428571,4,0.25,25.0,False,按实际呈现人数
ITEM-00101,55,痛苦,False,非答案候选选项,1,28,0.03571428571428571,3.571428571428571,5,0.2,20.0,False,按实际呈现人数
ITEM-00101,55,释然,False,非答案候选选项,1,28,0.03571428571428571,3.571428571428571,5,0.2,20.0,False,按实际呈现人数
ITEM-00101,55,紧张,False,非答案候选选项,1,28,0.03571428571428571,3.571428571428571,6,0.16666666666666666,16.666666666666664,False,按实际呈现人数
ITEM-00101,55,共情痛苦,False,非答案候选选项,0,28,0.0,0.0,9,0.0,0.0,True,按实际呈现人数
ITEM-00101,55,兴奋,False,非答案候选选项,0,28,0.0,0.0,5,0.0,0.0,True,按实际呈现人数
ITEM-00101,55,兴趣,False,非答案候选选项,0,28,0.0,0.0,4,0.0,0.0,True,按实际呈现人数
ITEM-00101,55,内疚,False,非答案候选选项,0,28,0.0,0.0,4,0.0,0.0,True,按实际呈现人数
ITEM-00101,55,冷静,False,非答案候选选项,0,28,0.0,0.0,2,0.0,0.0,True,按实际呈现人数
ITEM-00101,55,厌倦,False,非答案候选选项,0,28,0.0,0.0,2,0.0,0.0,True,按实际呈现人数
ITEM-00101,55,好奇,False,非答案候选选项,0,28,0.0,0.0,4,0.0,0.0,True,按实际呈现人数
ITEM-00101,55,嫉妒,False,非答案候选选项,0,28,0.0,0.0,4,0.0,0.0,True,按实际呈现人数
ITEM-00101,55,审美欣赏,False,非答案候选选项,0,28,0.0,0.0,4,0.0,0.0,True,按实际呈现人数
ITEM-00101,55,崇拜,False,非答案候选选项,0,28,0.0,0.0,4,0.0,0.0,True,按实际呈现人数
ITEM-00101,55,希望,False,非答案候选选项,0,28,0.0,0.0,5,0.0,0.0,True,按实际呈现人数
ITEM-00101,55,平静,False,非答案候选选项,0,28,0.0,0.0,7,0.0,0.0,True,按实际呈现人数
ITEM-00101,55,快乐,False,非答案候选选项,0,28,0.0,0.0,7,0.0,0.0,True,按实际呈现人数
ITEM-00101,55,怀旧,False,非答案候选选项,0,28,0.0,0.0,4,0.0,0.0,True,按实际呈现人数
ITEM-00101,55,怨恨,False,非答案候选选项,0,28,0.0,0.0,2,0.0,0.0,True,按实际呈现人数
ITEM-00101,55,恐惧,False,非答案候选选项,0,28,0.0,0.0,5,0.0,0.0,True,按实际呈现人数
ITEM-00101,55,悲伤,False,非答案候选选项,0,28,0.0,0.0,1,0.0,0.0,True,按实际呈现人数
ITEM-00101,55,愉悦,False,非答案候选选项,0,28,0.0,0.0,2,0.0,0.0,True,按实际呈现人数
ITEM-00101,55,感动,False,非答案候选选项,0,28,0.0,0.0,6,0.0,0.0,True,按实际呈现人数
ITEM-00101,55,感激,False,非答案候选选项,0,28,0.0,0.0,8,0.0,0.0,True,按实际呈现人数
ITEM-00101,55,抑郁,False,非答案候选选项,0,28,0.0,0.0,5,0.0,0.0,True,按实际呈现人数
ITEM-00101,55,担忧,False,非答案候选选项,0,28,0.0,0.0,3,0.0,0.0,True,按实际呈现人数
ITEM-00101,55,渴望,False,非答案候选选项,0,28,0.0,0.0,7,0.0,0.0,True,按实际呈现人数
ITEM-00101,55,满足,False,非答案候选选项,0,28,0.0,0.0,3,0.0,0.0,True,按实际呈现人数
ITEM-00101,55,烦躁,False,非答案候选选项,0,28,0.0,0.0,4,0.0,0.0,True,按实际呈现人数
ITEM-00101,55,爱,False,非答案候选选项,0,28,0.0,0.0,5,0.0,0.0,True,按实际呈现人数
ITEM-00101,55,羞耻,False,非答案候选选项,0,28,0.0,0.0,3,0.0,0.0,True,按实际呈现人数
ITEM-00101,55,羡慕,False,非答案候选选项,0,28,0.0,0.0,7,0.0,0.0,True,按实际呈现人数
ITEM-00101,55,自满,False,非答案候选选项,0,28,0.0,0.0,4,0.0,0.0,True,按实际呈现人数
ITEM-00101,55,自豪,False,非答案候选选项,0,28,0.0,0.0,8,0.0,0.0,True,按实际呈现人数
ITEM-00101,55,蔑视,False,非答案候选选项,0,28,0.0,0.0,4,0.0,0.0,True,按实际呈现人数
ITEM-00101,55,轻松,False,非答案候选选项,0,28,0.0,0.0,3,0.0,0.0,True,按实际呈现人数
ITEM-00101,55,遗憾,False,非答案候选选项,0,28,0.0,0.0,9,0.0,0.0,True,按实际呈现人数
ITEM-00101,55,震惊,False,非答案候选选项,0,28,0.0,0.0,6,0.0,0.0,True,按实际呈现人数
ITEM-00102,57,厌倦,False,非答案候选选项,4,35,0.11428571428571428,11.428571428571429,5,0.8,80.0,False,按实际呈现人数
ITEM-00102,57,烦躁,True,标准答案选项,28,35,0.8,80.0,35,0.8,80.0,False,按实际呈现人数
ITEM-00102,57,愤怒,True,标准答案选项,25,35,0.7142857142857143,71.42857142857143,35,0.7142857142857143,71.42857142857143,False,按实际呈现人数
ITEM-00102,57,敌意,False,非答案候选选项,3,35,0.08571428571428572,8.571428571428571,6,0.5,50.0,False,按实际呈现人数
ITEM-00102,57,失望,False,非答案候选选项,3,35,0.08571428571428572,8.571428571428571,7,0.42857142857142855,42.857142857142854,False,按实际呈现人数
ITEM-00102,57,焦虑,False,非答案候选选项,2,35,0.05714285714285714,5.714285714285714,5,0.4,40.0,False,按实际呈现人数
ITEM-00102,57,厌恶,False,非答案候选选项,2,35,0.05714285714285714,5.714285714285714,6,0.3333333333333333,33.33333333333333,False,按实际呈现人数
ITEM-00102,57,担忧,False,非答案候选选项,2,35,0.05714285714285714,5.714285714285714,7,0.2857142857142857,28.57142857142857,False,按实际呈现人数
ITEM-00102,57,蔑视,False,非答案候选选项,2,35,0.05714285714285714,5.714285714285714,7,0.2857142857142857,28.57142857142857,False,按实际呈现人数
ITEM-00102,57,愁闷,False,非答案候选选项,1,35,0.02857142857142857,2.857142857142857,4,0.25,25.0,False,按实际呈现人数
ITEM-00102,57,兴奋,False,非答案候选选项,1,35,0.02857142857142857,2.857142857142857,5,0.2,20.0,False,按实际呈现人数
ITEM-00102,57,委屈,False,非答案候选选项,1,35,0.02857142857142857,2.857142857142857,5,0.2,20.0,False,按实际呈现人数
ITEM-00102,57,希望,False,非答案候选选项,1,35,0.02857142857142857,2.857142857142857,5,0.2,20.0,False,按实际呈现人数
ITEM-00102,57,平静,False,非答案候选选项,1,35,0.02857142857142857,2.857142857142857,5,0.2,20.0,False,按实际呈现人数
ITEM-00102,57,困惑,False,非答案候选选项,1,35,0.02857142857142857,2.857142857142857,6,0.16666666666666666,16.666666666666664,False,按实际呈现人数
ITEM-00102,57,惊讶,False,非答案候选选项,1,35,0.02857142857142857,2.857142857142857,6,0.16666666666666666,16.666666666666664,False,按实际呈现人数
ITEM-00102,57,渴望,False,非答案候选选项,1,35,0.02857142857142857,2.857142857142857,6,0.16666666666666666,16.666666666666664,False,按实际呈现人数
ITEM-00102,57,轻松,False,非答案候选选项,1,35,0.02857142857142857,2.857142857142857,7,0.14285714285714285,14.285714285714285,False,按实际呈现人数
ITEM-00102,57,抑郁,False,非答案候选选项,1,35,0.02857142857142857,2.857142857142857,8,0.125,12.5,False,按实际呈现人数
ITEM-00102,57,震惊,False,非答案候选选项,1,35,0.02857142857142857,2.857142857142857,8,0.125,12.5,False,按实际呈现人数
ITEM-00102,57,不屑,False,非答案候选选项,0,35,0.0,0.0,5,0.0,0.0,True,按实际呈现人数
ITEM-00102,57,共情痛苦,False,非答案候选选项,0,35,0.0,0.0,6,0.0,0.0,True,按实际呈现人数
ITEM-00102,57,兴趣,False,非答案候选选项,0,35,0.0,0.0,5,0.0,0.0,True,按实际呈现人数
ITEM-00102,57,内疚,False,非答案候选选项,0,35,0.0,0.0,6,0.0,0.0,True,按实际呈现人数
ITEM-00102,57,冷静,False,非答案候选选项,0,35,0.0,0.0,5,0.0,0.0,True,按实际呈现人数
ITEM-00102,57,好奇,False,非答案候选选项,0,35,0.0,0.0,6,0.0,0.0,True,按实际呈现人数
ITEM-00102,57,嫉妒,False,非答案候选选项,0,35,0.0,0.0,5,0.0,0.0,True,按实际呈现人数
ITEM-00102,57,审美欣赏,False,非答案候选选项,0,35,0.0,0.0,6,0.0,0.0,True,按实际呈现人数
ITEM-00102,57,尴尬,False,非答案候选选项,0,35,0.0,0.0,7,0.0,0.0,True,按实际呈现人数
ITEM-00102,57,崇拜,False,非答案候选选项,0,35,0.0,0.0,7,0.0,0.0,True,按实际呈现人数
ITEM-00102,57,快乐,False,非答案候选选项,0,35,0.0,0.0,6,0.0,0.0,True,按实际呈现人数
ITEM-00102,57,怀旧,False,非答案候选选项,0,35,0.0,0.0,7,0.0,0.0,True,按实际呈现人数
ITEM-00102,57,怨恨,False,非答案候选选项,0,35,0.0,0.0,3,0.0,0.0,True,按实际呈现人数
ITEM-00102,57,恐惧,False,非答案候选选项,0,35,0.0,0.0,3,0.0,0.0,True,按实际呈现人数
ITEM-00102,57,悲伤,False,非答案候选选项,0,35,0.0,0.0,6,0.0,0.0,True,按实际呈现人数
ITEM-00102,57,惊喜,False,非答案候选选项,0,35,0.0,0.0,1,0.0,0.0,True,按实际呈现人数
ITEM-00102,57,愉悦,False,非答案候选选项,0,35,0.0,0.0,8,0.0,0.0,True,按实际呈现人数
ITEM-00102,57,感动,False,非答案候选选项,0,35,0.0,0.0,7,0.0,0.0,True,按实际呈现人数
ITEM-00102,57,感激,False,非答案候选选项,0,35,0.0,0.0,7,0.0,0.0,True,按实际呈现人数
ITEM-00102,57,满足,False,非答案候选选项,0,35,0.0,0.0,7,0.0,0.0,True,按实际呈现人数
ITEM-00102,57,爱,False,非答案候选选项,0,35,0.0,0.0,8,0.0,0.0,True,按实际呈现人数
ITEM-00102,57,痛苦,False,非答案候选选项,0,35,0.0,0.0,5,0.0,0.0,True,按实际呈现人数
ITEM-00102,57,紧张,False,非答案候选选项,0,35,0.0,0.0,7,0.0,0.0,True,按实际呈现人数
ITEM-00102,57,绝望,False,非答案候选选项,0,35,0.0,0.0,3,0.0,0.0,True,按实际呈现人数
ITEM-00102,57,羞耻,False,非答案候选选项,0,35,0.0,0.0,5,0.0,0.0,True,按实际呈现人数
ITEM-00102,57,羡慕,False,非答案候选选项,0,35,0.0,0.0,5,0.0,0.0,True,按实际呈现人数
ITEM-00102,57,自满,False,非答案候选选项,0,35,0.0,0.0,3,0.0,0.0,True,按实际呈现人数
ITEM-00102,57,自豪,False,非答案候选选项,0,35,0.0,0.0,5,0.0,0.0,True,按实际呈现人数
ITEM-00102,57,遗憾,False,非答案候选选项,0,35,0.0,0.0,9,0.0,0.0,True,按实际呈现人数
ITEM-00102,57,释然,False,非答案候选选项,0,35,0.0,0.0,9,0.0,0.0,True,按实际呈现人数
ITEM-00104,23,兴奋,True,标准答案选项,26,27,0.9629629629629629,96.29629629629629,27,0.9629629629629629,96.29629629629629,False,按实际呈现人数
ITEM-00104,23,自豪,False,非答案候选选项,1,27,0.037037037037037035,3.7037037037037033,6,0.16666666666666666,16.666666666666664,False,按实际呈现人数
ITEM-00104,23,不屑,False,非答案候选选项,0,27,0.0,0.0,5,0.0,0.0,True,按实际呈现人数
ITEM-00104,23,共情痛苦,False,非答案候选选项,0,27,0.0,0.0,4,0.0,0.0,True,按实际呈现人数
ITEM-00104,23,兴趣,False,非答案候选选项,0,27,0.0,0.0,2,0.0,0.0,True,按实际呈现人数
ITEM-00104,23,内疚,False,非答案候选选项,0,27,0.0,0.0,4,0.0,0.0,True,按实际呈现人数
ITEM-00104,23,冷静,False,非答案候选选项,0,27,0.0,0.0,3,0.0,0.0,True,按实际呈现人数
ITEM-00104,23,厌恶,False,非答案候选选项,0,27,0.0,0.0,4,0.0,0.0,True,按实际呈现人数
ITEM-00104,23,困惑,False,非答案候选选项,0,27,0.0,0.0,7,0.0,0.0,True,按实际呈现人数
ITEM-00104,23,失望,False,非答案候选选项,0,27,0.0,0.0,4,0.0,0.0,True,按实际呈现人数
ITEM-00104,23,好奇,False,非答案候选选项,0,27,0.0,0.0,4,0.0,0.0,True,按实际呈现人数
ITEM-00104,23,委屈,False,非答案候选选项,0,27,0.0,0.0,6,0.0,0.0,True,按实际呈现人数
ITEM-00104,23,嫉妒,False,非答案候选选项,0,27,0.0,0.0,7,0.0,0.0,True,按实际呈现人数
ITEM-00104,23,审美欣赏,False,非答案候选选项,0,27,0.0,0.0,5,0.0,0.0,True,按实际呈现人数
ITEM-00104,23,尴尬,False,非答案候选选项,0,27,0.0,0.0,4,0.0,0.0,True,按实际呈现人数
ITEM-00104,23,崇拜,False,非答案候选选项,0,27,0.0,0.0,4,0.0,0.0,True,按实际呈现人数
ITEM-00104,23,希望,False,非答案候选选项,0,27,0.0,0.0,6,0.0,0.0,True,按实际呈现人数
ITEM-00104,23,平静,False,非答案候选选项,0,27,0.0,0.0,6,0.0,0.0,True,按实际呈现人数
ITEM-00104,23,快乐,False,非答案候选选项,0,27,0.0,0.0,4,0.0,0.0,True,按实际呈现人数
ITEM-00104,23,怀旧,False,非答案候选选项,0,27,0.0,0.0,3,0.0,0.0,True,按实际呈现人数
ITEM-00104,23,怨恨,False,非答案候选选项,0,27,0.0,0.0,4,0.0,0.0,True,按实际呈现人数
ITEM-00104,23,恐惧,False,非答案候选选项,0,27,0.0,0.0,5,0.0,0.0,True,按实际呈现人数
ITEM-00104,23,悲伤,False,非答案候选选项,0,27,0.0,0.0,4,0.0,0.0,True,按实际呈现人数
ITEM-00104,23,惊喜,False,非答案候选选项,0,27,0.0,0.0,3,0.0,0.0,True,按实际呈现人数
ITEM-00104,23,惊讶,False,非答案候选选项,0,27,0.0,0.0,5,0.0,0.0,True,按实际呈现人数
ITEM-00104,23,愁闷,False,非答案候选选项,0,27,0.0,0.0,2,0.0,0.0,True,按实际呈现人数
ITEM-00104,23,愉悦,False,非答案候选选项,0,27,0.0,0.0,4,0.0,0.0,True,按实际呈现人数
ITEM-00104,23,感动,False,非答案候选选项,0,27,0.0,0.0,10,0.0,0.0,True,按实际呈现人数
ITEM-00104,23,感激,False,非答案候选选项,0,27,0.0,0.0,9,0.0,0.0,True,按实际呈现人数
ITEM-00104,23,愤怒,False,非答案候选选项,0,27,0.0,0.0,3,0.0,0.0,True,按实际呈现人数
ITEM-00104,23,抑郁,False,非答案候选选项,0,27,0.0,0.0,6,0.0,0.0,True,按实际呈现人数
ITEM-00104,23,担忧,False,非答案候选选项,0,27,0.0,0.0,5,0.0,0.0,True,按实际呈现人数
ITEM-00104,23,敌意,False,非答案候选选项,0,27,0.0,0.0,6,0.0,0.0,True,按实际呈现人数
ITEM-00104,23,渴望,False,非答案候选选项,0,27,0.0,0.0,9,0.0,0.0,True,按实际呈现人数
ITEM-00104,23,满足,False,非答案候选选项,0,27,0.0,0.0,4,0.0,0.0,True,按实际呈现人数
ITEM-00104,23,烦躁,False,非答案候选选项,0,27,0.0,0.0,7,0.0,0.0,True,按实际呈现人数
ITEM-00104,23,焦虑,False,非答案候选选项,0,27,0.0,0.0,4,0.0,0.0,True,按实际呈现人数
ITEM-00104,23,爱,False,非答案候选选项,0,27,0.0,0.0,6,0.0,0.0,True,按实际呈现人数
ITEM-00104,23,痛苦,False,非答案候选选项,0,27,0.0,0.0,4,0.0,0.0,True,按实际呈现人数
ITEM-00104,23,紧张,False,非答案候选选项,0,27,0.0,0.0,10,0.0,0.0,True,按实际呈现人数
ITEM-00104,23,绝望,False,非答案候选选项,0,27,0.0,0.0,6,0.0,0.0,True,按实际呈现人数
ITEM-00104,23,羞耻,False,非答案候选选项,0,27,0.0,0.0,5,0.0,0.0,True,按实际呈现人数
ITEM-00104,23,羡慕,False,非答案候选选项,0,27,0.0,0.0,5,0.0,0.0,True,按实际呈现人数
ITEM-00104,23,自满,False,非答案候选选项,0,27,0.0,0.0,7,0.0,0.0,True,按实际呈现人数
ITEM-00104,23,蔑视,False,非答案候选选项,0,27,0.0,0.0,4,0.0,0.0,True,按实际呈现人数
ITEM-00104,23,轻松,False,非答案候选选项,0,27,0.0,0.0,2,0.0,0.0,True,按实际呈现人数
ITEM-00104,23,遗憾,False,非答案候选选项,0,27,0.0,0.0,11,0.0,0.0,True,按实际呈现人数
ITEM-00104,23,释然,False,非答案候选选项,0,27,0.0,0.0,1,0.0,0.0,True,按实际呈现人数
ITEM-00104,23,震惊,False,非答案候选选项,0,27,0.0,0.0,4,0.0,0.0,True,按实际呈现人数
ITEM-00105,2,紧张,True,标准答案选项,27,41,0.6585365853658537,65.85365853658537,41,0.6585365853658537,65.85365853658537,False,按实际呈现人数
ITEM-00105,2,共情痛苦,False,非答案候选选项,2,41,0.04878048780487805,4.878048780487805,4,0.5,50.0,False,按实际呈现人数
ITEM-00105,2,烦躁,False,非答案候选选项,1,41,0.024390243902439025,2.4390243902439024,2,0.5,50.0,False,按实际呈现人数
ITEM-00105,2,震惊,False,非答案候选选项,3,41,0.07317073170731707,7.317073170731707,6,0.5,50.0,False,按实际呈现人数
ITEM-00105,2,内疚,True,标准答案选项,20,41,0.4878048780487805,48.78048780487805,41,0.4878048780487805,48.78048780487805,False,按实际呈现人数
ITEM-00105,2,惊讶,False,非答案候选选项,3,41,0.07317073170731707,7.317073170731707,7,0.42857142857142855,42.857142857142854,False,按实际呈现人数
ITEM-00105,2,恐惧,False,非答案候选选项,2,41,0.04878048780487805,4.878048780487805,5,0.4,40.0,False,按实际呈现人数
ITEM-00105,2,失望,False,非答案候选选项,3,41,0.07317073170731707,7.317073170731707,8,0.375,37.5,False,按实际呈现人数
ITEM-00105,2,焦虑,True,标准答案选项,15,41,0.36585365853658536,36.58536585365854,41,0.36585365853658536,36.58536585365854,False,按实际呈现人数
ITEM-00105,2,厌恶,False,非答案候选选项,2,41,0.04878048780487805,4.878048780487805,6,0.3333333333333333,33.33333333333333,False,按实际呈现人数
ITEM-00105,2,愤怒,False,非答案候选选项,3,41,0.07317073170731707,7.317073170731707,11,0.2727272727272727,27.27272727272727,False,按实际呈现人数
ITEM-00105,2,冷静,False,非答案候选选项,1,41,0.024390243902439025,2.4390243902439024,4,0.25,25.0,False,按实际呈现人数
ITEM-00105,2,悲伤,False,非答案候选选项,2,41,0.04878048780487805,4.878048780487805,8,0.25,25.0,False,按实际呈现人数
ITEM-00105,2,愁闷,False,非答案候选选项,2,41,0.04878048780487805,4.878048780487805,8,0.25,25.0,False,按实际呈现人数
ITEM-00105,2,担忧,False,非答案候选选项,1,41,0.024390243902439025,2.4390243902439024,4,0.25,25.0,False,按实际呈现人数
ITEM-00105,2,渴望,False,非答案候选选项,1,41,0.024390243902439025,2.4390243902439024,5,0.2,20.0,False,按实际呈现人数
ITEM-00105,2,痛苦,False,非答案候选选项,2,41,0.04878048780487805,4.878048780487805,10,0.2,20.0,False,按实际呈现人数
ITEM-00105,2,不屑,False,非答案候选选项,1,41,0.024390243902439025,2.4390243902439024,6,0.16666666666666666,16.666666666666664,False,按实际呈现人数
ITEM-00105,2,委屈,False,非答案候选选项,1,41,0.024390243902439025,2.4390243902439024,6,0.16666666666666666,16.666666666666664,False,按实际呈现人数
ITEM-00105,2,尴尬,False,非答案候选选项,1,41,0.024390243902439025,2.4390243902439024,6,0.16666666666666666,16.666666666666664,False,按实际呈现人数
ITEM-00105,2,怨恨,False,非答案候选选项,1,41,0.024390243902439025,2.4390243902439024,6,0.16666666666666666,16.666666666666664,False,按实际呈现人数
ITEM-00105,2,敌意,False,非答案候选选项,1,41,0.024390243902439025,2.4390243902439024,6,0.16666666666666666,16.666666666666664,False,按实际呈现人数
ITEM-00105,2,厌倦,False,非答案候选选项,1,41,0.024390243902439025,2.4390243902439024,7,0.14285714285714285,14.285714285714285,False,按实际呈现人数
ITEM-00105,2,遗憾,False,非答案候选选项,1,41,0.024390243902439025,2.4390243902439024,7,0.14285714285714285,14.285714285714285,False,按实际呈现人数
ITEM-00105,2,兴奋,False,非答案候选选项,0,41,0.0,0.0,11,0.0,0.0,True,按实际呈现人数
ITEM-00105,2,兴趣,False,非答案候选选项,0,41,0.0,0.0,10,0.0,0.0,True,按实际呈现人数
ITEM-00105,2,困惑,False,非答案候选选项,0,41,0.0,0.0,6,0.0,0.0,True,按实际呈现人数
ITEM-00105,2,好奇,False,非答案候选选项,0,41,0.0,0.0,8,0.0,0.0,True,按实际呈现人数
ITEM-00105,2,嫉妒,False,非答案候选选项,0,41,0.0,0.0,6,0.0,0.0,True,按实际呈现人数
ITEM-00105,2,审美欣赏,False,非答案候选选项,0,41,0.0,0.0,5,0.0,0.0,True,按实际呈现人数
ITEM-00105,2,崇拜,False,非答案候选选项,0,41,0.0,0.0,7,0.0,0.0,True,按实际呈现人数
ITEM-00105,2,希望,False,非答案候选选项,0,41,0.0,0.0,4,0.0,0.0,True,按实际呈现人数
ITEM-00105,2,平静,False,非答案候选选项,0,41,0.0,0.0,3,0.0,0.0,True,按实际呈现人数
ITEM-00105,2,快乐,False,非答案候选选项,0,41,0.0,0.0,4,0.0,0.0,True,按实际呈现人数
ITEM-00105,2,怀旧,False,非答案候选选项,0,41,0.0,0.0,7,0.0,0.0,True,按实际呈现人数
ITEM-00105,2,惊喜,False,非答案候选选项,0,41,0.0,0.0,3,0.0,0.0,True,按实际呈现人数
ITEM-00105,2,愉悦,False,非答案候选选项,0,41,0.0,0.0,7,0.0,0.0,True,按实际呈现人数
ITEM-00105,2,感动,False,非答案候选选项,0,41,0.0,0.0,4,0.0,0.0,True,按实际呈现人数
ITEM-00105,2,感激,False,非答案候选选项,0,41,0.0,0.0,3,0.0,0.0,True,按实际呈现人数
ITEM-00105,2,抑郁,False,非答案候选选项,0,41,0.0,0.0,5,0.0,0.0,True,按实际呈现人数
ITEM-00105,2,满足,False,非答案候选选项,0,41,0.0,0.0,9,0.0,0.0,True,按实际呈现人数
ITEM-00105,2,爱,False,非答案候选选项,0,41,0.0,0.0,8,0.0,0.0,True,按实际呈现人数
ITEM-00105,2,绝望,False,非答案候选选项,0,41,0.0,0.0,3,0.0,0.0,True,按实际呈现人数
ITEM-00105,2,羞耻,False,非答案候选选项,0,41,0.0,0.0,8,0.0,0.0,True,按实际呈现人数
ITEM-00105,2,羡慕,False,非答案候选选项,0,41,0.0,0.0,7,0.0,0.0,True,按实际呈现人数
ITEM-00105,2,自满,False,非答案候选选项,0,41,0.0,0.0,6,0.0,0.0,True,按实际呈现人数
ITEM-00105,2,自豪,False,非答案候选选项,0,41,0.0,0.0,6,0.0,0.0,True,按实际呈现人数
ITEM-00105,2,蔑视,False,非答案候选选项,0,41,0.0,0.0,4,0.0,0.0,True,按实际呈现人数
ITEM-00105,2,轻松,False,非答案候选选项,0,41,0.0,0.0,5,0.0,0.0,True,按实际呈现人数
ITEM-00105,2,释然,False,非答案候选选项,0,41,0.0,0.0,6,0.0,0.0,True,按实际呈现人数
ITEM-00106,77,满足,False,非答案候选选项,4,31,0.12903225806451613,12.903225806451612,7,0.5714285714285714,57.14285714285714,False,按实际呈现人数
ITEM-00106,77,爱,False,非答案候选选项,4,31,0.12903225806451613,12.903225806451612,8,0.5,50.0,False,按实际呈现人数
ITEM-00106,77,快乐,True,标准答案选项,15,31,0.4838709677419355,48.38709677419355,31,0.4838709677419355,48.38709677419355,False,按实际呈现人数
ITEM-00106,77,愉悦,False,非答案候选选项,2,31,0.06451612903225806,6.451612903225806,5,0.4,40.0,False,按实际呈现人数
ITEM-00106,77,审美欣赏,False,非答案候选选项,2,31,0.06451612903225806,6.451612903225806,6,0.3333333333333333,33.33333333333333,False,按实际呈现人数
ITEM-00106,77,惊喜,False,非答案候选选项,1,31,0.03225806451612903,3.225806451612903,4,0.25,25.0,False,按实际呈现人数
ITEM-00106,77,冷静,False,非答案候选选项,1,31,0.03225806451612903,3.225806451612903,5,0.2,20.0,False,按实际呈现人数
ITEM-00106,77,共情痛苦,False,非答案候选选项,1,31,0.03225806451612903,3.225806451612903,6,0.16666666666666666,16.666666666666664,False,按实际呈现人数
ITEM-00106,77,敌意,False,非答案候选选项,1,31,0.03225806451612903,3.225806451612903,8,0.125,12.5,False,按实际呈现人数
ITEM-00106,77,不屑,False,非答案候选选项,0,31,0.0,0.0,3,0.0,0.0,True,按实际呈现人数
ITEM-00106,77,兴奋,False,非答案候选选项,0,31,0.0,0.0,5,0.0,0.0,True,按实际呈现人数
ITEM-00106,77,兴趣,False,非答案候选选项,0,31,0.0,0.0,4,0.0,0.0,True,按实际呈现人数
ITEM-00106,77,内疚,False,非答案候选选项,0,31,0.0,0.0,6,0.0,0.0,True,按实际呈现人数
ITEM-00106,77,厌倦,False,非答案候选选项,0,31,0.0,0.0,6,0.0,0.0,True,按实际呈现人数
ITEM-00106,77,厌恶,False,非答案候选选项,0,31,0.0,0.0,7,0.0,0.0,True,按实际呈现人数
ITEM-00106,77,困惑,False,非答案候选选项,0,31,0.0,0.0,5,0.0,0.0,True,按实际呈现人数
ITEM-00106,77,失望,False,非答案候选选项,0,31,0.0,0.0,7,0.0,0.0,True,按实际呈现人数
ITEM-00106,77,好奇,False,非答案候选选项,0,31,0.0,0.0,5,0.0,0.0,True,按实际呈现人数
ITEM-00106,77,委屈,False,非答案候选选项,0,31,0.0,0.0,4,0.0,0.0,True,按实际呈现人数
ITEM-00106,77,嫉妒,False,非答案候选选项,0,31,0.0,0.0,4,0.0,0.0,True,按实际呈现人数
ITEM-00106,77,尴尬,False,非答案候选选项,0,31,0.0,0.0,4,0.0,0.0,True,按实际呈现人数
ITEM-00106,77,崇拜,False,非答案候选选项,0,31,0.0,0.0,8,0.0,0.0,True,按实际呈现人数
ITEM-00106,77,希望,False,非答案候选选项,0,31,0.0,0.0,4,0.0,0.0,True,按实际呈现人数
ITEM-00106,77,平静,False,非答案候选选项,0,31,0.0,0.0,5,0.0,0.0,True,按实际呈现人数
ITEM-00106,77,怀旧,False,非答案候选选项,0,31,0.0,0.0,7,0.0,0.0,True,按实际呈现人数
ITEM-00106,77,怨恨,False,非答案候选选项,0,31,0.0,0.0,3,0.0,0.0,True,按实际呈现人数
ITEM-00106,77,恐惧,False,非答案候选选项,0,31,0.0,0.0,6,0.0,0.0,True,按实际呈现人数
ITEM-00106,77,悲伤,False,非答案候选选项,0,31,0.0,0.0,9,0.0,0.0,True,按实际呈现人数
ITEM-00106,77,惊讶,False,非答案候选选项,0,31,0.0,0.0,5,0.0,0.0,True,按实际呈现人数
ITEM-00106,77,愁闷,False,非答案候选选项,0,31,0.0,0.0,6,0.0,0.0,True,按实际呈现人数
ITEM-00106,77,感动,False,非答案候选选项,0,31,0.0,0.0,8,0.0,0.0,True,按实际呈现人数
ITEM-00106,77,感激,False,非答案候选选项,0,31,0.0,0.0,9,0.0,0.0,True,按实际呈现人数
ITEM-00106,77,愤怒,False,非答案候选选项,0,31,0.0,0.0,4,0.0,0.0,True,按实际呈现人数
ITEM-00106,77,抑郁,False,非答案候选选项,0,31,0.0,0.0,2,0.0,0.0,True,按实际呈现人数
ITEM-00106,77,担忧,False,非答案候选选项,0,31,0.0,0.0,6,0.0,0.0,True,按实际呈现人数
ITEM-00106,77,渴望,False,非答案候选选项,0,31,0.0,0.0,7,0.0,0.0,True,按实际呈现人数
ITEM-00106,77,烦躁,False,非答案候选选项,0,31,0.0,0.0,5,0.0,0.0,True,按实际呈现人数
ITEM-00106,77,焦虑,False,非答案候选选项,0,31,0.0,0.0,3,0.0,0.0,True,按实际呈现人数
ITEM-00106,77,痛苦,False,非答案候选选项,0,31,0.0,0.0,5,0.0,0.0,True,按实际呈现人数
ITEM-00106,77,紧张,False,非答案候选选项,0,31,0.0,0.0,6,0.0,0.0,True,按实际呈现人数
ITEM-00106,77,绝望,False,非答案候选选项,0,31,0.0,0.0,7,0.0,0.0,True,按实际呈现人数
ITEM-00106,77,羞耻,False,非答案候选选项,0,31,0.0,0.0,6,0.0,0.0,True,按实际呈现人数
ITEM-00106,77,羡慕,False,非答案候选选项,0,31,0.0,0.0,5,0.0,0.0,True,按实际呈现人数
ITEM-00106,77,自满,False,非答案候选选项,0,31,0.0,0.0,8,0.0,0.0,True,按实际呈现人数
ITEM-00106,77,自豪,False,非答案候选选项,0,31,0.0,0.0,7,0.0,0.0,True,按实际呈现人数
ITEM-00106,77,蔑视,False,非答案候选选项,0,31,0.0,0.0,6,0.0,0.0,True,按实际呈现人数
ITEM-00106,77,轻松,False,非答案候选选项,0,31,0.0,0.0,2,0.0,0.0,True,按实际呈现人数
ITEM-00106,77,遗憾,False,非答案候选选项,0,31,0.0,0.0,6,0.0,0.0,True,按实际呈现人数
ITEM-00106,77,释然,False,非答案候选选项,0,31,0.0,0.0,8,0.0,0.0,True,按实际呈现人数
ITEM-00106,77,震惊,False,非答案候选选项,0,31,0.0,0.0,7,0.0,0.0,True,按实际呈现人数
ITEM-00107,81,愉悦,False,非答案候选选项,4,25,0.16,16.0,5,0.8,80.0,False,按实际呈现人数
ITEM-00107,81,快乐,True,标准答案选项,19,25,0.76,76.0,25,0.76,76.0,False,按实际呈现人数
ITEM-00107,81,兴奋,False,非答案候选选项,3,25,0.12,12.0,4,0.75,75.0,False,按实际呈现人数
ITEM-00107,81,渴望,False,非答案候选选项,3,25,0.12,12.0,4,0.75,75.0,False,按实际呈现人数
ITEM-00107,81,希望,False,非答案候选选项,2,25,0.08,8.0,3,0.6666666666666666,66.66666666666666,False,按实际呈现人数
ITEM-00107,81,爱,False,非答案候选选项,2,25,0.08,8.0,4,0.5,50.0,False,按实际呈现人数
ITEM-00107,81,自豪,False,非答案候选选项,1,25,0.04,4.0,2,0.5,50.0,False,按实际呈现人数
ITEM-00107,81,轻松,False,非答案候选选项,1,25,0.04,4.0,2,0.5,50.0,False,按实际呈现人数
ITEM-00107,81,感动,True,标准答案选项,9,25,0.36,36.0,25,0.36,36.0,False,按实际呈现人数
ITEM-00107,81,尴尬,False,非答案候选选项,2,25,0.08,8.0,6,0.3333333333333333,33.33333333333333,False,按实际呈现人数
ITEM-00107,81,崇拜,False,非答案候选选项,1,25,0.04,4.0,3,0.3333333333333333,33.33333333333333,False,按实际呈现人数
ITEM-00107,81,满足,True,标准答案选项,8,25,0.32,32.0,25,0.32,32.0,False,按实际呈现人数
ITEM-00107,81,厌恶,False,非答案候选选项,1,25,0.04,4.0,4,0.25,25.0,False,按实际呈现人数
ITEM-00107,81,好奇,False,非答案候选选项,1,25,0.04,4.0,4,0.25,25.0,False,按实际呈现人数
ITEM-00107,81,紧张,False,非答案候选选项,1,25,0.04,4.0,4,0.25,25.0,False,按实际呈现人数
ITEM-00107,81,自满,False,非答案候选选项,1,25,0.04,4.0,4,0.25,25.0,False,按实际呈现人数
ITEM-00107,81,惊讶,False,非答案候选选项,1,25,0.04,4.0,5,0.2,20.0,False,按实际呈现人数
ITEM-00107,81,震惊,False,非答案候选选项,1,25,0.04,4.0,5,0.2,20.0,False,按实际呈现人数
ITEM-00107,81,不屑,False,非答案候选选项,0,25,0.0,0.0,2,0.0,0.0,True,按实际呈现人数
ITEM-00107,81,共情痛苦,False,非答案候选选项,0,25,0.0,0.0,4,0.0,0.0,True,按实际呈现人数
ITEM-00107,81,兴趣,False,非答案候选选项,0,25,0.0,0.0,2,0.0,0.0,True,按实际呈现人数
ITEM-00107,81,内疚,False,非答案候选选项,0,25,0.0,0.0,3,0.0,0.0,True,按实际呈现人数
ITEM-00107,81,冷静,False,非答案候选选项,0,25,0.0,0.0,6,0.0,0.0,True,按实际呈现人数
ITEM-00107,81,厌倦,False,非答案候选选项,0,25,0.0,0.0,5,0.0,0.0,True,按实际呈现人数
ITEM-00107,81,困惑,False,非答案候选选项,0,25,0.0,0.0,4,0.0,0.0,True,按实际呈现人数
ITEM-00107,81,失望,False,非答案候选选项,0,25,0.0,0.0,3,0.0,0.0,True,按实际呈现人数
ITEM-00107,81,委屈,False,非答案候选选项,0,25,0.0,0.0,2,0.0,0.0,True,按实际呈现人数
ITEM-00107,81,嫉妒,False,非答案候选选项,0,25,0.0,0.0,3,0.0,0.0,True,按实际呈现人数
ITEM-00107,81,审美欣赏,False,非答案候选选项,0,25,0.0,0.0,3,0.0,0.0,True,按实际呈现人数
ITEM-00107,81,平静,False,非答案候选选项,0,25,0.0,0.0,4,0.0,0.0,True,按实际呈现人数
ITEM-00107,81,怀旧,False,非答案候选选项,0,25,0.0,0.0,3,0.0,0.0,True,按实际呈现人数
ITEM-00107,81,怨恨,False,非答案候选选项,0,25,0.0,0.0,4,0.0,0.0,True,按实际呈现人数
ITEM-00107,81,恐惧,False,非答案候选选项,0,25,0.0,0.0,3,0.0,0.0,True,按实际呈现人数
ITEM-00107,81,悲伤,False,非答案候选选项,0,25,0.0,0.0,2,0.0,0.0,True,按实际呈现人数
ITEM-00107,81,惊喜,False,非答案候选选项,0,25,0.0,0.0,1,0.0,0.0,True,按实际呈现人数
ITEM-00107,81,愁闷,False,非答案候选选项,0,25,0.0,0.0,5,0.0,0.0,True,按实际呈现人数
ITEM-00107,81,感激,False,非答案候选选项,0,25,0.0,0.0,4,0.0,0.0,True,按实际呈现人数
ITEM-00107,81,愤怒,False,非答案候选选项,0,25,0.0,0.0,7,0.0,0.0,True,按实际呈现人数
ITEM-00107,81,抑郁,False,非答案候选选项,0,25,0.0,0.0,9,0.0,0.0,True,按实际呈现人数
ITEM-00107,81,担忧,False,非答案候选选项,0,25,0.0,0.0,3,0.0,0.0,True,按实际呈现人数
ITEM-00107,81,敌意,False,非答案候选选项,0,25,0.0,0.0,4,0.0,0.0,True,按实际呈现人数
ITEM-00107,81,烦躁,False,非答案候选选项,0,25,0.0,0.0,3,0.0,0.0,True,按实际呈现人数
ITEM-00107,81,焦虑,False,非答案候选选项,0,25,0.0,0.0,2,0.0,0.0,True,按实际呈现人数
ITEM-00107,81,痛苦,False,非答案候选选项,0,25,0.0,0.0,3,0.0,0.0,True,按实际呈现人数
ITEM-00107,81,绝望,False,非答案候选选项,0,25,0.0,0.0,4,0.0,0.0,True,按实际呈现人数
ITEM-00107,81,羞耻,False,非答案候选选项,0,25,0.0,0.0,9,0.0,0.0,True,按实际呈现人数
ITEM-00107,81,羡慕,False,非答案候选选项,0,25,0.0,0.0,5,0.0,0.0,True,按实际呈现人数
ITEM-00107,81,蔑视,False,非答案候选选项,0,25,0.0,0.0,2,0.0,0.0,True,按实际呈现人数
ITEM-00107,81,遗憾,False,非答案候选选项,0,25,0.0,0.0,1,0.0,0.0,True,按实际呈现人数
ITEM-00107,81,释然,False,非答案候选选项,0,25,0.0,0.0,1,0.0,0.0,True,按实际呈现人数
ITEM-00108,59,紧张,False,非答案候选选项,2,35,0.05714285714285714,5.714285714285714,2,1.0,100.0,False,按实际呈现人数
ITEM-00108,59,悲伤,False,非答案候选选项,10,35,0.2857142857142857,28.57142857142857,11,0.9090909090909091,90.9090909090909,False,按实际呈现人数
ITEM-00108,59,愁闷,False,非答案候选选项,3,35,0.08571428571428572,8.571428571428571,4,0.75,75.0,False,按实际呈现人数
ITEM-00108,59,感动,False,非答案候选选项,4,35,0.11428571428571428,11.428571428571429,6,0.6666666666666666,66.66666666666666,False,按实际呈现人数
ITEM-00108,59,内疚,False,非答案候选选项,5,35,0.14285714285714285,14.285714285714285,8,0.625,62.5,False,按实际呈现人数
ITEM-00108,59,痛苦,True,标准答案选项,21,35,0.6,60.0,35,0.6,60.0,False,按实际呈现人数
ITEM-00108,59,绝望,False,非答案候选选项,2,35,0.05714285714285714,5.714285714285714,4,0.5,50.0,False,按实际呈现人数
ITEM-00108,59,共情痛苦,False,非答案候选选项,2,35,0.05714285714285714,5.714285714285714,5,0.4,40.0,False,按实际呈现人数
ITEM-00108,59,困惑,False,非答案候选选项,1,35,0.02857142857142857,2.857142857142857,3,0.3333333333333333,33.33333333333333,False,按实际呈现人数
ITEM-00108,59,失望,False,非答案候选选项,2,35,0.05714285714285714,5.714285714285714,6,0.3333333333333333,33.33333333333333,False,按实际呈现人数
ITEM-00108,59,委屈,False,非答案候选选项,2,35,0.05714285714285714,5.714285714285714,6,0.3333333333333333,33.33333333333333,False,按实际呈现人数
ITEM-00108,59,怨恨,False,非答案候选选项,1,35,0.02857142857142857,2.857142857142857,3,0.3333333333333333,33.33333333333333,False,按实际呈现人数
ITEM-00108,59,抑郁,True,标准答案选项,11,35,0.3142857142857143,31.428571428571427,35,0.3142857142857143,31.428571428571427,False,按实际呈现人数
ITEM-00108,59,平静,False,非答案候选选项,2,35,0.05714285714285714,5.714285714285714,7,0.2857142857142857,28.57142857142857,False,按实际呈现人数
ITEM-00108,59,厌恶,False,非答案候选选项,1,35,0.02857142857142857,2.857142857142857,4,0.25,25.0,False,按实际呈现人数
ITEM-00108,59,焦虑,False,非答案候选选项,2,35,0.05714285714285714,5.714285714285714,8,0.25,25.0,False,按实际呈现人数
ITEM-00108,59,释然,False,非答案候选选项,2,35,0.05714285714285714,5.714285714285714,8,0.25,25.0,False,按实际呈现人数
ITEM-00108,59,尴尬,False,非答案候选选项,1,35,0.02857142857142857,2.857142857142857,5,0.2,20.0,False,按实际呈现人数
ITEM-00108,59,担忧,False,非答案候选选项,1,35,0.02857142857142857,2.857142857142857,5,0.2,20.0,False,按实际呈现人数
ITEM-00108,59,恐惧,False,非答案候选选项,2,35,0.05714285714285714,5.714285714285714,11,0.18181818181818182,18.181818181818183,False,按实际呈现人数
ITEM-00108,59,惊喜,False,非答案候选选项,1,35,0.02857142857142857,2.857142857142857,6,0.16666666666666666,16.666666666666664,False,按实际呈现人数
ITEM-00108,59,惊讶,False,非答案候选选项,1,35,0.02857142857142857,2.857142857142857,7,0.14285714285714285,14.285714285714285,False,按实际呈现人数
ITEM-00108,59,爱,False,非答案候选选项,1,35,0.02857142857142857,2.857142857142857,7,0.14285714285714285,14.285714285714285,False,按实际呈现人数
ITEM-00108,59,兴奋,False,非答案候选选项,1,35,0.02857142857142857,2.857142857142857,8,0.125,12.5,False,按实际呈现人数
ITEM-00108,59,好奇,False,非答案候选选项,1,35,0.02857142857142857,2.857142857142857,8,0.125,12.5,False,按实际呈现人数
ITEM-00108,59,快乐,False,非答案候选选项,1,35,0.02857142857142857,2.857142857142857,8,0.125,12.5,False,按实际呈现人数
ITEM-00108,59,烦躁,False,非答案候选选项,1,35,0.02857142857142857,2.857142857142857,8,0.125,12.5,False,按实际呈现人数
ITEM-00108,59,愉悦,False,非答案候选选项,1,35,0.02857142857142857,2.857142857142857,15,0.06666666666666667,6.666666666666667,False,按实际呈现人数
ITEM-00108,59,不屑,False,非答案候选选项,0,35,0.0,0.0,8,0.0,0.0,True,按实际呈现人数
ITEM-00108,59,兴趣,False,非答案候选选项,0,35,0.0,0.0,6,0.0,0.0,True,按实际呈现人数
ITEM-00108,59,冷静,False,非答案候选选项,0,35,0.0,0.0,7,0.0,0.0,True,按实际呈现人数
ITEM-00108,59,厌倦,False,非答案候选选项,0,35,0.0,0.0,7,0.0,0.0,True,按实际呈现人数
ITEM-00108,59,嫉妒,False,非答案候选选项,0,35,0.0,0.0,2,0.0,0.0,True,按实际呈现人数
ITEM-00108,59,审美欣赏,False,非答案候选选项,0,35,0.0,0.0,5,0.0,0.0,True,按实际呈现人数
ITEM-00108,59,崇拜,False,非答案候选选项,0,35,0.0,0.0,4,0.0,0.0,True,按实际呈现人数
ITEM-00108,59,希望,False,非答案候选选项,0,35,0.0,0.0,1,0.0,0.0,True,按实际呈现人数
ITEM-00108,59,怀旧,False,非答案候选选项,0,35,0.0,0.0,8,0.0,0.0,True,按实际呈现人数
ITEM-00108,59,感激,False,非答案候选选项,0,35,0.0,0.0,5,0.0,0.0,True,按实际呈现人数
ITEM-00108,59,愤怒,False,非答案候选选项,0,35,0.0,0.0,6,0.0,0.0,True,按实际呈现人数
ITEM-00108,59,敌意,False,非答案候选选项,0,35,0.0,0.0,5,0.0,0.0,True,按实际呈现人数
ITEM-00108,59,渴望,False,非答案候选选项,0,35,0.0,0.0,4,0.0,0.0,True,按实际呈现人数
ITEM-00108,59,满足,False,非答案候选选项,0,35,0.0,0.0,5,0.0,0.0,True,按实际呈现人数
ITEM-00108,59,羞耻,False,非答案候选选项,0,35,0.0,0.0,5,0.0,0.0,True,按实际呈现人数
ITEM-00108,59,羡慕,False,非答案候选选项,0,35,0.0,0.0,5,0.0,0.0,True,按实际呈现人数
ITEM-00108,59,自满,False,非答案候选选项,0,35,0.0,0.0,1,0.0,0.0,True,按实际呈现人数
ITEM-00108,59,自豪,False,非答案候选选项,0,35,0.0,0.0,2,0.0,0.0,True,按实际呈现人数
ITEM-00108,59,蔑视,False,非答案候选选项,0,35,0.0,0.0,6,0.0,0.0,True,按实际呈现人数
ITEM-00108,59,轻松,False,非答案候选选项,0,35,0.0,0.0,5,0.0,0.0,True,按实际呈现人数
ITEM-00108,59,遗憾,False,非答案候选选项,0,35,0.0,0.0,3,0.0,0.0,True,按实际呈现人数
ITEM-00108,59,震惊,False,非答案候选选项,0,35,0.0,0.0,7,0.0,0.0,True,按实际呈现人数
ITEM-00109,88,愁闷,False,非答案候选选项,5,49,0.10204081632653061,10.204081632653061,7,0.7142857142857143,71.42857142857143,False,按实际呈现人数
ITEM-00109,88,不屑,False,非答案候选选项,3,49,0.061224489795918366,6.122448979591836,5,0.6,60.0,False,按实际呈现人数
ITEM-00109,88,厌倦,True,标准答案选项,27,49,0.5510204081632653,55.10204081632652,49,0.5510204081632653,55.10204081632652,False,按实际呈现人数
ITEM-00109,88,平静,False,非答案候选选项,3,49,0.061224489795918366,6.122448979591836,6,0.5,50.0,False,按实际呈现人数
ITEM-00109,88,厌恶,False,非答案候选选项,5,49,0.10204081632653061,10.204081632653061,13,0.38461538461538464,38.46153846153847,False,按实际呈现人数
ITEM-00109,88,释然,False,非答案候选选项,3,49,0.061224489795918366,6.122448979591836,8,0.375,37.5,False,按实际呈现人数
ITEM-00109,88,失望,False,非答案候选选项,4,49,0.08163265306122448,8.16326530612245,11,0.36363636363636365,36.36363636363637,False,按实际呈现人数
ITEM-00109,88,困惑,True,标准答案选项,17,49,0.3469387755102041,34.69387755102041,49,0.3469387755102041,34.69387755102041,False,按实际呈现人数
ITEM-00109,88,尴尬,False,非答案候选选项,2,49,0.04081632653061224,4.081632653061225,6,0.3333333333333333,33.33333333333333,False,按实际呈现人数
ITEM-00109,88,悲伤,False,非答案候选选项,3,49,0.061224489795918366,6.122448979591836,9,0.3333333333333333,33.33333333333333,False,按实际呈现人数
ITEM-00109,88,烦躁,False,非答案候选选项,3,49,0.061224489795918366,6.122448979591836,9,0.3333333333333333,33.33333333333333,False,按实际呈现人数
ITEM-00109,88,好奇,False,非答案候选选项,2,49,0.04081632653061224,4.081632653061225,7,0.2857142857142857,28.57142857142857,False,按实际呈现人数
ITEM-00109,88,感激,False,非答案候选选项,2,49,0.04081632653061224,4.081632653061225,7,0.2857142857142857,28.57142857142857,False,按实际呈现人数
ITEM-00109,88,愤怒,False,非答案候选选项,2,49,0.04081632653061224,4.081632653061225,10,0.2,20.0,False,按实际呈现人数
ITEM-00109,88,渴望,False,非答案候选选项,2,49,0.04081632653061224,4.081632653061225,10,0.2,20.0,False,按实际呈现人数
ITEM-00109,88,自豪,False,非答案候选选项,1,49,0.02040816326530612,2.0408163265306123,5,0.2,20.0,False,按实际呈现人数
ITEM-00109,88,轻松,False,非答案候选选项,1,49,0.02040816326530612,2.0408163265306123,5,0.2,20.0,False,按实际呈现人数
ITEM-00109,88,兴趣,False,非答案候选选项,2,49,0.04081632653061224,4.081632653061225,11,0.18181818181818182,18.181818181818183,False,按实际呈现人数
ITEM-00109,88,敌意,False,非答案候选选项,2,49,0.04081632653061224,4.081632653061225,11,0.18181818181818182,18.181818181818183,False,按实际呈现人数
ITEM-00109,88,抑郁,False,非答案候选选项,1,49,0.02040816326530612,2.0408163265306123,6,0.16666666666666666,16.666666666666664,False,按实际呈现人数
ITEM-00109,88,痛苦,False,非答案候选选项,1,49,0.02040816326530612,2.0408163265306123,6,0.16666666666666666,16.666666666666664,False,按实际呈现人数
ITEM-00109,88,感动,False,非答案候选选项,1,49,0.02040816326530612,2.0408163265306123,7,0.14285714285714285,14.285714285714285,False,按实际呈现人数
ITEM-00109,88,震惊,False,非答案候选选项,1,49,0.02040816326530612,2.0408163265306123,7,0.14285714285714285,14.285714285714285,False,按实际呈现人数
ITEM-00109,88,委屈,False,非答案候选选项,1,49,0.02040816326530612,2.0408163265306123,8,0.125,12.5,False,按实际呈现人数
ITEM-00109,88,惊讶,False,非答案候选选项,1,49,0.02040816326530612,2.0408163265306123,8,0.125,12.5,False,按实际呈现人数
ITEM-00109,88,爱,False,非答案候选选项,1,49,0.02040816326530612,2.0408163265306123,8,0.125,12.5,False,按实际呈现人数
ITEM-00109,88,绝望,False,非答案候选选项,1,49,0.02040816326530612,2.0408163265306123,8,0.125,12.5,False,按实际呈现人数
ITEM-00109,88,羞耻,False,非答案候选选项,1,49,0.02040816326530612,2.0408163265306123,8,0.125,12.5,False,按实际呈现人数
ITEM-00109,88,自满,False,非答案候选选项,1,49,0.02040816326530612,2.0408163265306123,8,0.125,12.5,False,按实际呈现人数
ITEM-00109,88,希望,False,非答案候选选项,1,49,0.02040816326530612,2.0408163265306123,9,0.1111111111111111,11.11111111111111,False,按实际呈现人数
ITEM-00109,88,怨恨,False,非答案候选选项,1,49,0.02040816326530612,2.0408163265306123,12,0.08333333333333333,8.333333333333332,False,按实际呈现人数
ITEM-00109,88,紧张,False,非答案候选选项,1,49,0.02040816326530612,2.0408163265306123,14,0.07142857142857142,7.142857142857142,False,按实际呈现人数
ITEM-00109,88,共情痛苦,False,非答案候选选项,0,49,0.0,0.0,7,0.0,0.0,True,按实际呈现人数
ITEM-00109,88,兴奋,False,非答案候选选项,0,49,0.0,0.0,13,0.0,0.0,True,按实际呈现人数
ITEM-00109,88,内疚,False,非答案候选选项,0,49,0.0,0.0,7,0.0,0.0,True,按实际呈现人数
ITEM-00109,88,冷静,False,非答案候选选项,0,49,0.0,0.0,8,0.0,0.0,True,按实际呈现人数
ITEM-00109,88,嫉妒,False,非答案候选选项,0,49,0.0,0.0,10,0.0,0.0,True,按实际呈现人数
ITEM-00109,88,审美欣赏,False,非答案候选选项,0,49,0.0,0.0,8,0.0,0.0,True,按实际呈现人数
ITEM-00109,88,崇拜,False,非答案候选选项,0,49,0.0,0.0,4,0.0,0.0,True,按实际呈现人数
ITEM-00109,88,快乐,False,非答案候选选项,0,49,0.0,0.0,5,0.0,0.0,True,按实际呈现人数
ITEM-00109,88,怀旧,False,非答案候选选项,0,49,0.0,0.0,7,0.0,0.0,True,按实际呈现人数
ITEM-00109,88,恐惧,False,非答案候选选项,0,49,0.0,0.0,8,0.0,0.0,True,按实际呈现人数
ITEM-00109,88,惊喜,False,非答案候选选项,0,49,0.0,0.0,11,0.0,0.0,True,按实际呈现人数
ITEM-00109,88,愉悦,False,非答案候选选项,0,49,0.0,0.0,11,0.0,0.0,True,按实际呈现人数
ITEM-00109,88,担忧,False,非答案候选选项,0,49,0.0,0.0,10,0.0,0.0,True,按实际呈现人数
ITEM-00109,88,满足,False,非答案候选选项,0,49,0.0,0.0,8,0.0,0.0,True,按实际呈现人数
ITEM-00109,88,焦虑,False,非答案候选选项,0,49,0.0,0.0,6,0.0,0.0,True,按实际呈现人数
ITEM-00109,88,羡慕,False,非答案候选选项,0,49,0.0,0.0,7,0.0,0.0,True,按实际呈现人数
ITEM-00109,88,蔑视,False,非答案候选选项,0,49,0.0,0.0,2,0.0,0.0,True,按实际呈现人数
ITEM-00109,88,遗憾,False,非答案候选选项,0,49,0.0,0.0,11,0.0,0.0,True,按实际呈现人数
ITEM-00110,59,遗憾,False,非答案候选选项,4,32,0.125,12.5,5,0.8,80.0,False,按实际呈现人数
ITEM-00110,59,痛苦,True,标准答案选项,24,32,0.75,75.0,32,0.75,75.0,False,按实际呈现人数
ITEM-00110,59,内疚,False,非答案候选选项,4,32,0.125,12.5,6,0.6666666666666666,66.66666666666666,False,按实际呈现人数
ITEM-00110,59,委屈,False,非答案候选选项,2,32,0.0625,6.25,3,0.6666666666666666,66.66666666666666,False,按实际呈现人数
ITEM-00110,59,愁闷,False,非答案候选选项,5,32,0.15625,15.625,9,0.5555555555555556,55.55555555555556,False,按实际呈现人数
ITEM-00110,59,冷静,False,非答案候选选项,1,32,0.03125,3.125,2,0.5,50.0,False,按实际呈现人数
ITEM-00110,59,厌倦,False,非答案候选选项,1,32,0.03125,3.125,2,0.5,50.0,False,按实际呈现人数
ITEM-00110,59,悲伤,False,非答案候选选项,2,32,0.0625,6.25,4,0.5,50.0,False,按实际呈现人数
ITEM-00110,59,惊讶,False,非答案候选选项,2,32,0.0625,6.25,4,0.5,50.0,False,按实际呈现人数
ITEM-00110,59,共情痛苦,False,非答案候选选项,4,32,0.125,12.5,9,0.4444444444444444,44.44444444444444,False,按实际呈现人数
ITEM-00110,59,担忧,False,非答案候选选项,3,32,0.09375,9.375,7,0.42857142857142855,42.857142857142854,False,按实际呈现人数
ITEM-00110,59,焦虑,False,非答案候选选项,3,32,0.09375,9.375,8,0.375,37.5,False,按实际呈现人数
ITEM-00110,59,紧张,False,非答案候选选项,1,32,0.03125,3.125,3,0.3333333333333333,33.33333333333333,False,按实际呈现人数
ITEM-00110,59,抑郁,True,标准答案选项,10,32,0.3125,31.25,32,0.3125,31.25,False,按实际呈现人数
ITEM-00110,59,烦躁,False,非答案候选选项,1,32,0.03125,3.125,4,0.25,25.0,False,按实际呈现人数
ITEM-00110,59,羞耻,False,非答案候选选项,1,32,0.03125,3.125,4,0.25,25.0,False,按实际呈现人数
ITEM-00110,59,困惑,False,非答案候选选项,1,32,0.03125,3.125,5,0.2,20.0,False,按实际呈现人数
ITEM-00110,59,失望,False,非答案候选选项,1,32,0.03125,3.125,5,0.2,20.0,False,按实际呈现人数
ITEM-00110,59,怨恨,False,非答案候选选项,1,32,0.03125,3.125,5,0.2,20.0,False,按实际呈现人数
ITEM-00110,59,感动,False,非答案候选选项,1,32,0.03125,3.125,5,0.2,20.0,False,按实际呈现人数
ITEM-00110,59,厌恶,False,非答案候选选项,1,32,0.03125,3.125,6,0.16666666666666666,16.666666666666664,False,按实际呈现人数
ITEM-00110,59,平静,False,非答案候选选项,1,32,0.03125,3.125,7,0.14285714285714285,14.285714285714285,False,按实际呈现人数
ITEM-00110,59,恐惧,False,非答案候选选项,1,32,0.03125,3.125,8,0.125,12.5,False,按实际呈现人数
ITEM-00110,59,尴尬,False,非答案候选选项,1,32,0.03125,3.125,10,0.1,10.0,False,按实际呈现人数
ITEM-00110,59,绝望,False,非答案候选选项,1,32,0.03125,3.125,10,0.1,10.0,False,按实际呈现人数
ITEM-00110,59,不屑,False,非答案候选选项,0,32,0.0,0.0,7,0.0,0.0,True,按实际呈现人数
ITEM-00110,59,兴奋,False,非答案候选选项,0,32,0.0,0.0,4,0.0,0.0,True,按实际呈现人数
ITEM-00110,59,兴趣,False,非答案候选选项,0,32,0.0,0.0,4,0.0,0.0,True,按实际呈现人数
ITEM-00110,59,好奇,False,非答案候选选项,0,32,0.0,0.0,3,0.0,0.0,True,按实际呈现人数
ITEM-00110,59,嫉妒,False,非答案候选选项,0,32,0.0,0.0,5,0.0,0.0,True,按实际呈现人数
ITEM-00110,59,审美欣赏,False,非答案候选选项,0,32,0.0,0.0,7,0.0,0.0,True,按实际呈现人数
ITEM-00110,59,崇拜,False,非答案候选选项,0,32,0.0,0.0,7,0.0,0.0,True,按实际呈现人数
ITEM-00110,59,希望,False,非答案候选选项,0,32,0.0,0.0,2,0.0,0.0,True,按实际呈现人数
ITEM-00110,59,快乐,False,非答案候选选项,0,32,0.0,0.0,5,0.0,0.0,True,按实际呈现人数
ITEM-00110,59,怀旧,False,非答案候选选项,0,32,0.0,0.0,2,0.0,0.0,True,按实际呈现人数
ITEM-00110,59,惊喜,False,非答案候选选项,0,32,0.0,0.0,10,0.0,0.0,True,按实际呈现人数
ITEM-00110,59,愉悦,False,非答案候选选项,0,32,0.0,0.0,4,0.0,0.0,True,按实际呈现人数
ITEM-00110,59,感激,False,非答案候选选项,0,32,0.0,0.0,2,0.0,0.0,True,按实际呈现人数
ITEM-00110,59,愤怒,False,非答案候选选项,0,32,0.0,0.0,5,0.0,0.0,True,按实际呈现人数
ITEM-00110,59,敌意,False,非答案候选选项,0,32,0.0,0.0,6,0.0,0.0,True,按实际呈现人数
ITEM-00110,59,渴望,False,非答案候选选项,0,32,0.0,0.0,7,0.0,0.0,True,按实际呈现人数
ITEM-00110,59,满足,False,非答案候选选项,0,32,0.0,0.0,6,0.0,0.0,True,按实际呈现人数
ITEM-00110,59,爱,False,非答案候选选项,0,32,0.0,0.0,5,0.0,0.0,True,按实际呈现人数
ITEM-00110,59,羡慕,False,非答案候选选项,0,32,0.0,0.0,6,0.0,0.0,True,按实际呈现人数
ITEM-00110,59,自满,False,非答案候选选项,0,32,0.0,0.0,6,0.0,0.0,True,按实际呈现人数
ITEM-00110,59,自豪,False,非答案候选选项,0,32,0.0,0.0,3,0.0,0.0,True,按实际呈现人数
ITEM-00110,59,蔑视,False,非答案候选选项,0,32,0.0,0.0,9,0.0,0.0,True,按实际呈现人数
ITEM-00110,59,轻松,False,非答案候选选项,0,32,0.0,0.0,3,0.0,0.0,True,按实际呈现人数
ITEM-00110,59,释然,False,非答案候选选项,0,32,0.0,0.0,2,0.0,0.0,True,按实际呈现人数
ITEM-00110,59,震惊,False,非答案候选选项,0,32,0.0,0.0,5,0.0,0.0,True,按实际呈现人数
ITEM-00111,31,无奈,True,标准答案选项,7,12,0.5833333333333334,58.333333333333336,12,0.5833333333333334,58.333333333333336,False,按实际呈现人数
ITEM-00111,31,困惑,False,非答案候选选项,1,12,0.08333333333333333,8.333333333333332,2,0.5,50.0,False,按实际呈现人数
ITEM-00111,31,蔑视,False,非答案候选选项,1,12,0.08333333333333333,8.333333333333332,2,0.5,50.0,False,按实际呈现人数
ITEM-00111,31,好奇,False,非答案候选选项,1,12,0.08333333333333333,8.333333333333332,3,0.3333333333333333,33.33333333333333,False,按实际呈现人数
ITEM-00111,31,平静,False,非答案候选选项,1,12,0.08333333333333333,8.333333333333332,3,0.3333333333333333,33.33333333333333,False,按实际呈现人数
ITEM-00111,31,冷静,False,非答案候选选项,1,12,0.08333333333333333,8.333333333333332,4,0.25,25.0,False,按实际呈现人数
ITEM-00111,31,不屑,False,非答案候选选项,0,12,0.0,0.0,1,0.0,0.0,True,按实际呈现人数
ITEM-00111,31,兴奋,False,非答案候选选项,0,12,0.0,0.0,4,0.0,0.0,True,按实际呈现人数
ITEM-00111,31,内疚,False,非答案候选选项,0,12,0.0,0.0,2,0.0,0.0,True,按实际呈现人数
ITEM-00111,31,厌倦,False,非答案候选选项,0,12,0.0,0.0,1,0.0,0.0,True,按实际呈现人数
ITEM-00111,31,厌恶,False,非答案候选选项,0,12,0.0,0.0,5,0.0,0.0,True,按实际呈现人数
ITEM-00111,31,失望,False,非答案候选选项,0,12,0.0,0.0,3,0.0,0.0,True,按实际呈现人数
ITEM-00111,31,委屈,False,非答案候选选项,0,12,0.0,0.0,3,0.0,0.0,True,按实际呈现人数
ITEM-00111,31,嫉妒,False,非答案候选选项,0,12,0.0,0.0,1,0.0,0.0,True,按实际呈现人数
ITEM-00111,31,审美欣赏,False,非答案候选选项,0,12,0.0,0.0,3,0.0,0.0,True,按实际呈现人数
ITEM-00111,31,尴尬,False,非答案候选选项,0,12,0.0,0.0,2,0.0,0.0,True,按实际呈现人数
ITEM-00111,31,崇拜,False,非答案候选选项,0,12,0.0,0.0,3,0.0,0.0,True,按实际呈现人数
ITEM-00111,31,希望,False,非答案候选选项,0,12,0.0,0.0,1,0.0,0.0,True,按实际呈现人数
ITEM-00111,31,快乐,False,非答案候选选项,0,12,0.0,0.0,2,0.0,0.0,True,按实际呈现人数
ITEM-00111,31,怀旧,False,非答案候选选项,0,12,0.0,0.0,2,0.0,0.0,True,按实际呈现人数
ITEM-00111,31,怨恨,False,非答案候选选项,0,12,0.0,0.0,3,0.0,0.0,True,按实际呈现人数
ITEM-00111,31,惊喜,False,非答案候选选项,0,12,0.0,0.0,2,0.0,0.0,True,按实际呈现人数
ITEM-00111,31,惊讶,False,非答案候选选项,0,12,0.0,0.0,1,0.0,0.0,True,按实际呈现人数
ITEM-00111,31,愁闷,False,非答案候选选项,0,12,0.0,0.0,2,0.0,0.0,True,按实际呈现人数
ITEM-00111,31,愉悦,False,非答案候选选项,0,12,0.0,0.0,3,0.0,0.0,True,按实际呈现人数
ITEM-00111,31,感动,False,非答案候选选项,0,12,0.0,0.0,1,0.0,0.0,True,按实际呈现人数
ITEM-00111,31,感激,False,非答案候选选项,0,12,0.0,0.0,4,0.0,0.0,True,按实际呈现人数
ITEM-00111,31,愤怒,False,非答案候选选项,0,12,0.0,0.0,1,0.0,0.0,True,按实际呈现人数
ITEM-00111,31,抑郁,False,非答案候选选项,0,12,0.0,0.0,5,0.0,0.0,True,按实际呈现人数
ITEM-00111,31,担忧,False,非答案候选选项,0,12,0.0,0.0,1,0.0,0.0,True,按实际呈现人数
ITEM-00111,31,敌意,False,非答案候选选项,0,12,0.0,0.0,1,0.0,0.0,True,按实际呈现人数
ITEM-00111,31,渴望,False,非答案候选选项,0,12,0.0,0.0,2,0.0,0.0,True,按实际呈现人数
ITEM-00111,31,满足,False,非答案候选选项,0,12,0.0,0.0,1,0.0,0.0,True,按实际呈现人数
ITEM-00111,31,烦躁,False,非答案候选选项,0,12,0.0,0.0,3,0.0,0.0,True,按实际呈现人数
ITEM-00111,31,焦虑,False,非答案候选选项,0,12,0.0,0.0,3,0.0,0.0,True,按实际呈现人数
ITEM-00111,31,爱,False,非答案候选选项,0,12,0.0,0.0,4,0.0,0.0,True,按实际呈现人数
ITEM-00111,31,痛苦,False,非答案候选选项,0,12,0.0,0.0,2,0.0,0.0,True,按实际呈现人数
ITEM-00111,31,紧张,False,非答案候选选项,0,12,0.0,0.0,2,0.0,0.0,True,按实际呈现人数
ITEM-00111,31,绝望,False,非答案候选选项,0,12,0.0,0.0,4,0.0,0.0,True,按实际呈现人数
ITEM-00111,31,羞耻,False,非答案候选选项,0,12,0.0,0.0,2,0.0,0.0,True,按实际呈现人数
ITEM-00111,31,羡慕,False,非答案候选选项,0,12,0.0,0.0,2,0.0,0.0,True,按实际呈现人数
ITEM-00111,31,自满,False,非答案候选选项,0,12,0.0,0.0,2,0.0,0.0,True,按实际呈现人数
ITEM-00111,31,自豪,False,非答案候选选项,0,12,0.0,0.0,3,0.0,0.0,True,按实际呈现人数
ITEM-00111,31,轻松,False,非答案候选选项,0,12,0.0,0.0,3,0.0,0.0,True,按实际呈现人数
ITEM-00111,31,遗憾,False,非答案候选选项,0,12,0.0,0.0,1,0.0,0.0,True,按实际呈现人数
ITEM-00111,31,释然,False,非答案候选选项,0,12,0.0,0.0,2,0.0,0.0,True,按实际呈现人数
ITEM-00111,31,震惊,False,非答案候选选项,0,12,0.0,0.0,1,0.0,0.0,True,按实际呈现人数
ITEM-00112,35,怨恨,False,非答案候选选项,1,7,0.14285714285714285,14.285714285714285,1,1.0,100.0,False,按实际呈现人数
ITEM-00112,35,敌意,False,非答案候选选项,1,7,0.14285714285714285,14.285714285714285,1,1.0,100.0,False,按实际呈现人数
ITEM-00112,35,愤怒,False,非答案候选选项,2,7,0.2857142857142857,28.57142857142857,3,0.6666666666666666,66.66666666666666,False,按实际呈现人数
ITEM-00112,35,厌恶,False,非答案候选选项,1,7,0.14285714285714285,14.285714285714285,3,0.3333333333333333,33.33333333333333,False,按实际呈现人数
ITEM-00112,35,惊喜,False,非答案候选选项,1,7,0.14285714285714285,14.285714285714285,3,0.3333333333333333,33.33333333333333,False,按实际呈现人数
ITEM-00112,35,蔑视,False,非答案候选选项,1,7,0.14285714285714285,14.285714285714285,4,0.25,25.0,False,按实际呈现人数
ITEM-00112,35,不屑,False,非答案候选选项,0,7,0.0,0.0,2,0.0,0.0,True,按实际呈现人数
ITEM-00112,35,兴奋,False,非答案候选选项,0,7,0.0,0.0,1,0.0,0.0,True,按实际呈现人数
ITEM-00112,35,内疚,False,非答案候选选项,0,7,0.0,0.0,1,0.0,0.0,True,按实际呈现人数
ITEM-00112,35,冷静,False,非答案候选选项,0,7,0.0,0.0,2,0.0,0.0,True,按实际呈现人数
ITEM-00112,35,厌倦,False,非答案候选选项,0,7,0.0,0.0,1,0.0,0.0,True,按实际呈现人数
ITEM-00112,35,困惑,False,非答案候选选项,0,7,0.0,0.0,2,0.0,0.0,True,按实际呈现人数
ITEM-00112,35,失望,False,非答案候选选项,0,7,0.0,0.0,2,0.0,0.0,True,按实际呈现人数
ITEM-00112,35,好奇,False,非答案候选选项,0,7,0.0,0.0,1,0.0,0.0,True,按实际呈现人数
ITEM-00112,35,委屈,False,非答案候选选项,0,7,0.0,0.0,1,0.0,0.0,True,按实际呈现人数
ITEM-00112,35,嫉妒,False,非答案候选选项,0,7,0.0,0.0,2,0.0,0.0,True,按实际呈现人数
ITEM-00112,35,审美欣赏,False,非答案候选选项,0,7,0.0,0.0,1,0.0,0.0,True,按实际呈现人数
ITEM-00112,35,尴尬,False,非答案候选选项,0,7,0.0,0.0,2,0.0,0.0,True,按实际呈现人数
ITEM-00112,35,崇拜,False,非答案候选选项,0,7,0.0,0.0,1,0.0,0.0,True,按实际呈现人数
ITEM-00112,35,希望,False,非答案候选选项,0,7,0.0,0.0,1,0.0,0.0,True,按实际呈现人数
ITEM-00112,35,平静,False,非答案候选选项,0,7,0.0,0.0,1,0.0,0.0,True,按实际呈现人数
ITEM-00112,35,快乐,False,非答案候选选项,0,7,0.0,0.0,1,0.0,0.0,True,按实际呈现人数
ITEM-00112,35,恐惧,False,非答案候选选项,0,7,0.0,0.0,3,0.0,0.0,True,按实际呈现人数
ITEM-00112,35,惊讶,False,非答案候选选项,0,7,0.0,0.0,1,0.0,0.0,True,按实际呈现人数
ITEM-00112,35,愁闷,False,非答案候选选项,0,7,0.0,0.0,1,0.0,0.0,True,按实际呈现人数
ITEM-00112,35,愉悦,False,非答案候选选项,0,7,0.0,0.0,1,0.0,0.0,True,按实际呈现人数
ITEM-00112,35,感动,False,非答案候选选项,0,7,0.0,0.0,2,0.0,0.0,True,按实际呈现人数
ITEM-00112,35,感激,False,非答案候选选项,0,7,0.0,0.0,2,0.0,0.0,True,按实际呈现人数
ITEM-00112,35,抑郁,False,非答案候选选项,0,7,0.0,0.0,1,0.0,0.0,True,按实际呈现人数
ITEM-00112,35,烦躁,True,标准答案选项,0,7,0.0,0.0,7,0.0,0.0,True,按实际呈现人数
ITEM-00112,35,焦虑,False,非答案候选选项,0,7,0.0,0.0,3,0.0,0.0,True,按实际呈现人数
ITEM-00112,35,爱,False,非答案候选选项,0,7,0.0,0.0,1,0.0,0.0,True,按实际呈现人数
ITEM-00112,35,痛苦,False,非答案候选选项,0,7,0.0,0.0,1,0.0,0.0,True,按实际呈现人数
ITEM-00112,35,紧张,False,非答案候选选项,0,7,0.0,0.0,3,0.0,0.0,True,按实际呈现人数
ITEM-00112,35,绝望,False,非答案候选选项,0,7,0.0,0.0,2,0.0,0.0,True,按实际呈现人数
ITEM-00112,35,羞耻,False,非答案候选选项,0,7,0.0,0.0,1,0.0,0.0,True,按实际呈现人数
ITEM-00112,35,羡慕,False,非答案候选选项,0,7,0.0,0.0,1,0.0,0.0,True,按实际呈现人数
ITEM-00112,35,遗憾,False,非答案候选选项,0,7,0.0,0.0,1,0.0,0.0,True,按实际呈现人数
ITEM-00112,35,震惊,False,非答案候选选项,0,7,0.0,0.0,2,0.0,0.0,True,按实际呈现人数
ITEM-00113,36,好奇,False,非答案候选选项,3,7,0.42857142857142855,42.857142857142854,3,1.0,100.0,False,按实际呈现人数
ITEM-00113,36,紧张,False,非答案候选选项,1,7,0.14285714285714285,14.285714285714285,1,1.0,100.0,False,按实际呈现人数
ITEM-00113,36,希望,False,非答案候选选项,1,7,0.14285714285714285,14.285714285714285,2,0.5,50.0,False,按实际呈现人数
ITEM-00113,36,蔑视,False,非答案候选选项,1,7,0.14285714285714285,14.285714285714285,2,0.5,50.0,False,按实际呈现人数
ITEM-00113,36,共情痛苦,True,标准答案选项,1,7,0.14285714285714285,14.285714285714285,7,0.14285714285714285,14.285714285714285,False,按实际呈现人数
ITEM-00113,36,不屑,False,非答案候选选项,0,7,0.0,0.0,1,0.0,0.0,True,按实际呈现人数
ITEM-00113,36,兴奋,False,非答案候选选项,0,7,0.0,0.0,3,0.0,0.0,True,按实际呈现人数
ITEM-00113,36,内疚,False,非答案候选选项,0,7,0.0,0.0,2,0.0,0.0,True,按实际呈现人数
ITEM-00113,36,冷静,False,非答案候选选项,0,7,0.0,0.0,2,0.0,0.0,True,按实际呈现人数
ITEM-00113,36,厌恶,False,非答案候选选项,0,7,0.0,0.0,1,0.0,0.0,True,按实际呈现人数
ITEM-00113,36,困惑,False,非答案候选选项,0,7,0.0,0.0,2,0.0,0.0,True,按实际呈现人数
ITEM-00113,36,失望,False,非答案候选选项,0,7,0.0,0.0,1,0.0,0.0,True,按实际呈现人数
ITEM-00113,36,委屈,False,非答案候选选项,0,7,0.0,0.0,2,0.0,0.0,True,按实际呈现人数
ITEM-00113,36,嫉妒,False,非答案候选选项,0,7,0.0,0.0,1,0.0,0.0,True,按实际呈现人数
ITEM-00113,36,审美欣赏,False,非答案候选选项,0,7,0.0,0.0,3,0.0,0.0,True,按实际呈现人数
ITEM-00113,36,快乐,False,非答案候选选项,0,7,0.0,0.0,4,0.0,0.0,True,按实际呈现人数
ITEM-00113,36,怀旧,False,非答案候选选项,0,7,0.0,0.0,2,0.0,0.0,True,按实际呈现人数
ITEM-00113,36,怨恨,False,非答案候选选项,0,7,0.0,0.0,1,0.0,0.0,True,按实际呈现人数
ITEM-00113,36,悲伤,False,非答案候选选项,0,7,0.0,0.0,1,0.0,0.0,True,按实际呈现人数
ITEM-00113,36,愁闷,False,非答案候选选项,0,7,0.0,0.0,2,0.0,0.0,True,按实际呈现人数
ITEM-00113,36,愉悦,False,非答案候选选项,0,7,0.0,0.0,2,0.0,0.0,True,按实际呈现人数
ITEM-00113,36,感动,False,非答案候选选项,0,7,0.0,0.0,3,0.0,0.0,True,按实际呈现人数
ITEM-00113,36,感激,False,非答案候选选项,0,7,0.0,0.0,1,0.0,0.0,True,按实际呈现人数
ITEM-00113,36,愤怒,False,非答案候选选项,0,7,0.0,0.0,1,0.0,0.0,True,按实际呈现人数
ITEM-00113,36,担忧,False,非答案候选选项,0,7,0.0,0.0,1,0.0,0.0,True,按实际呈现人数
ITEM-00113,36,敌意,False,非答案候选选项,0,7,0.0,0.0,1,0.0,0.0,True,按实际呈现人数
ITEM-00113,36,渴望,False,非答案候选选项,0,7,0.0,0.0,2,0.0,0.0,True,按实际呈现人数
ITEM-00113,36,满足,False,非答案候选选项,0,7,0.0,0.0,1,0.0,0.0,True,按实际呈现人数
ITEM-00113,36,焦虑,False,非答案候选选项,0,7,0.0,0.0,2,0.0,0.0,True,按实际呈现人数
ITEM-00113,36,爱,False,非答案候选选项,0,7,0.0,0.0,2,0.0,0.0,True,按实际呈现人数
ITEM-00113,36,痛苦,False,非答案候选选项,0,7,0.0,0.0,1,0.0,0.0,True,按实际呈现人数
ITEM-00113,36,羞耻,False,非答案候选选项,0,7,0.0,0.0,2,0.0,0.0,True,按实际呈现人数
ITEM-00113,36,羡慕,False,非答案候选选项,0,7,0.0,0.0,1,0.0,0.0,True,按实际呈现人数
ITEM-00113,36,自满,False,非答案候选选项,0,7,0.0,0.0,2,0.0,0.0,True,按实际呈现人数
ITEM-00113,36,自豪,False,非答案候选选项,0,7,0.0,0.0,1,0.0,0.0,True,按实际呈现人数
ITEM-00113,36,轻松,False,非答案候选选项,0,7,0.0,0.0,1,0.0,0.0,True,按实际呈现人数
ITEM-00113,36,遗憾,False,非答案候选选项,0,7,0.0,0.0,1,0.0,0.0,True,按实际呈现人数
ITEM-00113,36,震惊,False,非答案候选选项,0,7,0.0,0.0,2,0.0,0.0,True,按实际呈现人数
ITEM-00114,38,共情痛苦,False,非答案候选选项,1,9,0.1111111111111111,11.11111111111111,1,1.0,100.0,False,按实际呈现人数
ITEM-00114,38,困惑,False,非答案候选选项,3,9,0.3333333333333333,33.33333333333333,3,1.0,100.0,False,按实际呈现人数
ITEM-00114,38,惊讶,False,非答案候选选项,2,9,0.2222222222222222,22.22222222222222,3,0.6666666666666666,66.66666666666666,False,按实际呈现人数
ITEM-00114,38,悲伤,False,非答案候选选项,1,9,0.1111111111111111,11.11111111111111,2,0.5,50.0,False,按实际呈现人数
ITEM-00114,38,震惊,False,非答案候选选项,1,9,0.1111111111111111,11.11111111111111,2,0.5,50.0,False,按实际呈现人数
ITEM-00114,38,遗憾,True,标准答案选项,1,9,0.1111111111111111,11.11111111111111,9,0.1111111111111111,11.11111111111111,False,按实际呈现人数
ITEM-00114,38,不屑,False,非答案候选选项,0,9,0.0,0.0,1,0.0,0.0,True,按实际呈现人数
ITEM-00114,38,兴奋,False,非答案候选选项,0,9,0.0,0.0,2,0.0,0.0,True,按实际呈现人数
ITEM-00114,38,兴趣,False,非答案候选选项,0,9,0.0,0.0,1,0.0,0.0,True,按实际呈现人数
ITEM-00114,38,内疚,False,非答案候选选项,0,9,0.0,0.0,2,0.0,0.0,True,按实际呈现人数
ITEM-00114,38,厌倦,False,非答案候选选项,0,9,0.0,0.0,1,0.0,0.0,True,按实际呈现人数
ITEM-00114,38,厌恶,False,非答案候选选项,0,9,0.0,0.0,2,0.0,0.0,True,按实际呈现人数
ITEM-00114,38,失望,False,非答案候选选项,0,9,0.0,0.0,1,0.0,0.0,True,按实际呈现人数
ITEM-00114,38,委屈,False,非答案候选选项,0,9,0.0,0.0,1,0.0,0.0,True,按实际呈现人数
ITEM-00114,38,嫉妒,False,非答案候选选项,0,9,0.0,0.0,1,0.0,0.0,True,按实际呈现人数
ITEM-00114,38,尴尬,False,非答案候选选项,0,9,0.0,0.0,1,0.0,0.0,True,按实际呈现人数
ITEM-00114,38,崇拜,False,非答案候选选项,0,9,0.0,0.0,3,0.0,0.0,True,按实际呈现人数
ITEM-00114,38,希望,False,非答案候选选项,0,9,0.0,0.0,3,0.0,0.0,True,按实际呈现人数
ITEM-00114,38,平静,False,非答案候选选项,0,9,0.0,0.0,5,0.0,0.0,True,按实际呈现人数
ITEM-00114,38,怀旧,False,非答案候选选项,0,9,0.0,0.0,3,0.0,0.0,True,按实际呈现人数
ITEM-00114,38,怨恨,False,非答案候选选项,0,9,0.0,0.0,2,0.0,0.0,True,按实际呈现人数
ITEM-00114,38,恐惧,False,非答案候选选项,0,9,0.0,0.0,1,0.0,0.0,True,按实际呈现人数
ITEM-00114,38,惊喜,False,非答案候选选项,0,9,0.0,0.0,1,0.0,0.0,True,按实际呈现人数
ITEM-00114,38,愁闷,False,非答案候选选项,0,9,0.0,0.0,4,0.0,0.0,True,按实际呈现人数
ITEM-00114,38,愉悦,False,非答案候选选项,0,9,0.0,0.0,2,0.0,0.0,True,按实际呈现人数
ITEM-00114,38,感动,False,非答案候选选项,0,9,0.0,0.0,1,0.0,0.0,True,按实际呈现人数
ITEM-00114,38,感激,False,非答案候选选项,0,9,0.0,0.0,1,0.0,0.0,True,按实际呈现人数
ITEM-00114,38,愤怒,False,非答案候选选项,0,9,0.0,0.0,1,0.0,0.0,True,按实际呈现人数
ITEM-00114,38,抑郁,False,非答案候选选项,0,9,0.0,0.0,1,0.0,0.0,True,按实际呈现人数
ITEM-00114,38,担忧,False,非答案候选选项,0,9,0.0,0.0,1,0.0,0.0,True,按实际呈现人数
ITEM-00114,38,敌意,False,非答案候选选项,0,9,0.0,0.0,2,0.0,0.0,True,按实际呈现人数
ITEM-00114,38,满足,False,非答案候选选项,0,9,0.0,0.0,3,0.0,0.0,True,按实际呈现人数
ITEM-00114,38,烦躁,False,非答案候选选项,0,9,0.0,0.0,2,0.0,0.0,True,按实际呈现人数
ITEM-00114,38,焦虑,False,非答案候选选项,0,9,0.0,0.0,3,0.0,0.0,True,按实际呈现人数
ITEM-00114,38,爱,False,非答案候选选项,0,9,0.0,0.0,5,0.0,0.0,True,按实际呈现人数
ITEM-00114,38,痛苦,False,非答案候选选项,0,9,0.0,0.0,2,0.0,0.0,True,按实际呈现人数
ITEM-00114,38,紧张,False,非答案候选选项,0,9,0.0,0.0,1,0.0,0.0,True,按实际呈现人数
ITEM-00114,38,羞耻,False,非答案候选选项,0,9,0.0,0.0,1,0.0,0.0,True,按实际呈现人数
ITEM-00114,38,羡慕,False,非答案候选选项,0,9,0.0,0.0,2,0.0,0.0,True,按实际呈现人数
ITEM-00114,38,自满,False,非答案候选选项,0,9,0.0,0.0,3,0.0,0.0,True,按实际呈现人数
ITEM-00114,38,蔑视,False,非答案候选选项,0,9,0.0,0.0,1,0.0,0.0,True,按实际呈现人数
ITEM-00114,38,轻松,False,非答案候选选项,0,9,0.0,0.0,2,0.0,0.0,True,按实际呈现人数
ITEM-00114,38,释然,False,非答案候选选项,0,9,0.0,0.0,1,0.0,0.0,True,按实际呈现人数
ITEM-00115,39,恐惧,False,非答案候选选项,1,10,0.1,10.0,1,1.0,100.0,False,按实际呈现人数
ITEM-00115,39,担忧,False,非答案候选选项,1,10,0.1,10.0,1,1.0,100.0,False,按实际呈现人数
ITEM-00115,39,震惊,True,标准答案选项,8,10,0.8,80.0,10,0.8,80.0,False,按实际呈现人数
ITEM-00115,39,不屑,False,非答案候选选项,0,10,0.0,0.0,2,0.0,0.0,True,按实际呈现人数
ITEM-00115,39,兴趣,False,非答案候选选项,0,10,0.0,0.0,1,0.0,0.0,True,按实际呈现人数
ITEM-00115,39,内疚,False,非答案候选选项,0,10,0.0,0.0,1,0.0,0.0,True,按实际呈现人数
ITEM-00115,39,冷静,False,非答案候选选项,0,10,0.0,0.0,3,0.0,0.0,True,按实际呈现人数
ITEM-00115,39,厌倦,False,非答案候选选项,0,10,0.0,0.0,3,0.0,0.0,True,按实际呈现人数
ITEM-00115,39,困惑,False,非答案候选选项,0,10,0.0,0.0,2,0.0,0.0,True,按实际呈现人数
ITEM-00115,39,失望,False,非答案候选选项,0,10,0.0,0.0,3,0.0,0.0,True,按实际呈现人数
ITEM-00115,39,好奇,False,非答案候选选项,0,10,0.0,0.0,2,0.0,0.0,True,按实际呈现人数
ITEM-00115,39,委屈,False,非答案候选选项,0,10,0.0,0.0,1,0.0,0.0,True,按实际呈现人数
ITEM-00115,39,嫉妒,False,非答案候选选项,0,10,0.0,0.0,1,0.0,0.0,True,按实际呈现人数
ITEM-00115,39,审美欣赏,False,非答案候选选项,0,10,0.0,0.0,2,0.0,0.0,True,按实际呈现人数
ITEM-00115,39,尴尬,False,非答案候选选项,0,10,0.0,0.0,1,0.0,0.0,True,按实际呈现人数
ITEM-00115,39,希望,False,非答案候选选项,0,10,0.0,0.0,3,0.0,0.0,True,按实际呈现人数
ITEM-00115,39,平静,False,非答案候选选项,0,10,0.0,0.0,1,0.0,0.0,True,按实际呈现人数
ITEM-00115,39,快乐,False,非答案候选选项,0,10,0.0,0.0,2,0.0,0.0,True,按实际呈现人数
ITEM-00115,39,怀旧,False,非答案候选选项,0,10,0.0,0.0,3,0.0,0.0,True,按实际呈现人数
ITEM-00115,39,怨恨,False,非答案候选选项,0,10,0.0,0.0,3,0.0,0.0,True,按实际呈现人数
ITEM-00115,39,悲伤,False,非答案候选选项,0,10,0.0,0.0,2,0.0,0.0,True,按实际呈现人数
ITEM-00115,39,惊讶,False,非答案候选选项,0,10,0.0,0.0,3,0.0,0.0,True,按实际呈现人数
ITEM-00115,39,愁闷,False,非答案候选选项,0,10,0.0,0.0,1,0.0,0.0,True,按实际呈现人数
ITEM-00115,39,愉悦,False,非答案候选选项,0,10,0.0,0.0,2,0.0,0.0,True,按实际呈现人数
ITEM-00115,39,感动,False,非答案候选选项,0,10,0.0,0.0,3,0.0,0.0,True,按实际呈现人数
ITEM-00115,39,感激,False,非答案候选选项,0,10,0.0,0.0,3,0.0,0.0,True,按实际呈现人数
ITEM-00115,39,愤怒,False,非答案候选选项,0,10,0.0,0.0,1,0.0,0.0,True,按实际呈现人数
ITEM-00115,39,抑郁,False,非答案候选选项,0,10,0.0,0.0,2,0.0,0.0,True,按实际呈现人数
ITEM-00115,39,敌意,False,非答案候选选项,0,10,0.0,0.0,1,0.0,0.0,True,按实际呈现人数
ITEM-00115,39,渴望,False,非答案候选选项,0,10,0.0,0.0,2,0.0,0.0,True,按实际呈现人数
ITEM-00115,39,满足,False,非答案候选选项,0,10,0.0,0.0,2,0.0,0.0,True,按实际呈现人数
ITEM-00115,39,烦躁,False,非答案候选选项,0,10,0.0,0.0,4,0.0,0.0,True,按实际呈现人数
ITEM-00115,39,焦虑,False,非答案候选选项,0,10,0.0,0.0,3,0.0,0.0,True,按实际呈现人数
ITEM-00115,39,爱,False,非答案候选选项,0,10,0.0,0.0,3,0.0,0.0,True,按实际呈现人数
ITEM-00115,39,痛苦,False,非答案候选选项,0,10,0.0,0.0,5,0.0,0.0,True,按实际呈现人数
ITEM-00115,39,绝望,False,非答案候选选项,0,10,0.0,0.0,1,0.0,0.0,True,按实际呈现人数
ITEM-00115,39,羞耻,False,非答案候选选项,0,10,0.0,0.0,3,0.0,0.0,True,按实际呈现人数
ITEM-00115,39,羡慕,False,非答案候选选项,0,10,0.0,0.0,1,0.0,0.0,True,按实际呈现人数
ITEM-00115,39,自满,False,非答案候选选项,0,10,0.0,0.0,2,0.0,0.0,True,按实际呈现人数
ITEM-00115,39,自豪,False,非答案候选选项,0,10,0.0,0.0,3,0.0,0.0,True,按实际呈现人数
ITEM-00115,39,蔑视,False,非答案候选选项,0,10,0.0,0.0,1,0.0,0.0,True,按实际呈现人数
ITEM-00115,39,轻松,False,非答案候选选项,0,10,0.0,0.0,1,0.0,0.0,True,按实际呈现人数
ITEM-00115,39,遗憾,False,非答案候选选项,0,10,0.0,0.0,2,0.0,0.0,True,按实际呈现人数
ITEM-00115,39,释然,False,非答案候选选项,0,10,0.0,0.0,3,0.0,0.0,True,按实际呈现人数
ITEM-00116,46,共情痛苦,False,非答案候选选项,1,12,0.08333333333333333,8.333333333333332,1,1.0,100.0,False,按实际呈现人数
ITEM-00116,46,感激,False,非答案候选选项,1,12,0.08333333333333333,8.333333333333332,1,1.0,100.0,False,按实际呈现人数
ITEM-00116,46,悲伤,True,标准答案选项,7,12,0.5833333333333334,58.333333333333336,12,0.5833333333333334,58.333333333333336,False,按实际呈现人数
ITEM-00116,46,感动,False,非答案候选选项,2,12,0.16666666666666666,16.666666666666664,4,0.5,50.0,False,按实际呈现人数
ITEM-00116,46,兴奋,False,非答案候选选项,1,12,0.08333333333333333,8.333333333333332,3,0.3333333333333333,33.33333333333333,False,按实际呈现人数
ITEM-00116,46,不屑,False,非答案候选选项,0,12,0.0,0.0,2,0.0,0.0,True,按实际呈现人数
ITEM-00116,46,兴趣,False,非答案候选选项,0,12,0.0,0.0,3,0.0,0.0,True,按实际呈现人数
ITEM-00116,46,冷静,False,非答案候选选项,0,12,0.0,0.0,2,0.0,0.0,True,按实际呈现人数
ITEM-00116,46,厌倦,False,非答案候选选项,0,12,0.0,0.0,1,0.0,0.0,True,按实际呈现人数
ITEM-00116,46,厌恶,False,非答案候选选项,0,12,0.0,0.0,3,0.0,0.0,True,按实际呈现人数
ITEM-00116,46,困惑,False,非答案候选选项,0,12,0.0,0.0,3,0.0,0.0,True,按实际呈现人数
ITEM-00116,46,失望,False,非答案候选选项,0,12,0.0,0.0,3,0.0,0.0,True,按实际呈现人数
ITEM-00116,46,好奇,False,非答案候选选项,0,12,0.0,0.0,3,0.0,0.0,True,按实际呈现人数
ITEM-00116,46,委屈,False,非答案候选选项,0,12,0.0,0.0,2,0.0,0.0,True,按实际呈现人数
ITEM-00116,46,嫉妒,False,非答案候选选项,0,12,0.0,0.0,3,0.0,0.0,True,按实际呈现人数
ITEM-00116,46,审美欣赏,False,非答案候选选项,0,12,0.0,0.0,3,0.0,0.0,True,按实际呈现人数
ITEM-00116,46,尴尬,False,非答案候选选项,0,12,0.0,0.0,5,0.0,0.0,True,按实际呈现人数
ITEM-00116,46,崇拜,False,非答案候选选项,0,12,0.0,0.0,2,0.0,0.0,True,按实际呈现人数
ITEM-00116,46,希望,False,非答案候选选项,0,12,0.0,0.0,4,0.0,0.0,True,按实际呈现人数
ITEM-00116,46,平静,False,非答案候选选项,0,12,0.0,0.0,3,0.0,0.0,True,按实际呈现人数
ITEM-00116,46,怀旧,False,非答案候选选项,0,12,0.0,0.0,1,0.0,0.0,True,按实际呈现人数
ITEM-00116,46,怨恨,False,非答案候选选项,0,12,0.0,0.0,4,0.0,0.0,True,按实际呈现人数
ITEM-00116,46,恐惧,False,非答案候选选项,0,12,0.0,0.0,2,0.0,0.0,True,按实际呈现人数
ITEM-00116,46,惊喜,False,非答案候选选项,0,12,0.0,0.0,1,0.0,0.0,True,按实际呈现人数
ITEM-00116,46,惊讶,False,非答案候选选项,0,12,0.0,0.0,1,0.0,0.0,True,按实际呈现人数
ITEM-00116,46,愁闷,False,非答案候选选项,0,12,0.0,0.0,4,0.0,0.0,True,按实际呈现人数
ITEM-00116,46,愉悦,False,非答案候选选项,0,12,0.0,0.0,3,0.0,0.0,True,按实际呈现人数
ITEM-00116,46,愤怒,False,非答案候选选项,0,12,0.0,0.0,1,0.0,0.0,True,按实际呈现人数
ITEM-00116,46,抑郁,False,非答案候选选项,0,12,0.0,0.0,2,0.0,0.0,True,按实际呈现人数
ITEM-00116,46,担忧,False,非答案候选选项,0,12,0.0,0.0,3,0.0,0.0,True,按实际呈现人数
ITEM-00116,46,敌意,False,非答案候选选项,0,12,0.0,0.0,1,0.0,0.0,True,按实际呈现人数
ITEM-00116,46,渴望,False,非答案候选选项,0,12,0.0,0.0,1,0.0,0.0,True,按实际呈现人数
ITEM-00116,46,烦躁,False,非答案候选选项,0,12,0.0,0.0,3,0.0,0.0,True,按实际呈现人数
ITEM-00116,46,焦虑,False,非答案候选选项,0,12,0.0,0.0,2,0.0,0.0,True,按实际呈现人数
ITEM-00116,46,痛苦,False,非答案候选选项,0,12,0.0,0.0,1,0.0,0.0,True,按实际呈现人数
ITEM-00116,46,紧张,False,非答案候选选项,0,12,0.0,0.0,5,0.0,0.0,True,按实际呈现人数
ITEM-00116,46,绝望,False,非答案候选选项,0,12,0.0,0.0,2,0.0,0.0,True,按实际呈现人数
ITEM-00116,46,羞耻,False,非答案候选选项,0,12,0.0,0.0,2,0.0,0.0,True,按实际呈现人数
ITEM-00116,46,羡慕,False,非答案候选选项,0,12,0.0,0.0,2,0.0,0.0,True,按实际呈现人数
ITEM-00116,46,自满,False,非答案候选选项,0,12,0.0,0.0,3,0.0,0.0,True,按实际呈现人数
ITEM-00116,46,自豪,False,非答案候选选项,0,12,0.0,0.0,1,0.0,0.0,True,按实际呈现人数
ITEM-00116,46,蔑视,False,非答案候选选项,0,12,0.0,0.0,4,0.0,0.0,True,按实际呈现人数
ITEM-00116,46,轻松,False,非答案候选选项,0,12,0.0,0.0,3,0.0,0.0,True,按实际呈现人数
ITEM-00116,46,遗憾,False,非答案候选选项,0,12,0.0,0.0,1,0.0,0.0,True,按实际呈现人数
ITEM-00116,46,释然,False,非答案候选选项,0,12,0.0,0.0,1,0.0,0.0,True,按实际呈现人数
ITEM-00116,46,震惊,False,非答案候选选项,0,12,0.0,0.0,3,0.0,0.0,True,按实际呈现人数
ITEM-00117,47,遗憾,False,非答案候选选项,1,10,0.1,10.0,1,1.0,100.0,False,按实际呈现人数
ITEM-00117,47,委屈,False,非答案候选选项,2,10,0.2,20.0,3,0.6666666666666666,66.66666666666666,False,按实际呈现人数
ITEM-00117,47,怨恨,False,非答案候选选项,2,10,0.2,20.0,3,0.6666666666666666,66.66666666666666,False,按实际呈现人数
ITEM-00117,47,爱,False,非答案候选选项,1,10,0.1,10.0,2,0.5,50.0,False,按实际呈现人数
ITEM-00117,47,崇拜,False,非答案候选选项,1,10,0.1,10.0,3,0.3333333333333333,33.33333333333333,False,按实际呈现人数
ITEM-00117,47,痛苦,False,非答案候选选项,1,10,0.1,10.0,4,0.25,25.0,False,按实际呈现人数
ITEM-00117,47,焦虑,True,标准答案选项,2,10,0.2,20.0,10,0.2,20.0,False,按实际呈现人数
ITEM-00117,47,不屑,False,非答案候选选项,0,10,0.0,0.0,1,0.0,0.0,True,按实际呈现人数
ITEM-00117,47,共情痛苦,False,非答案候选选项,0,10,0.0,0.0,3,0.0,0.0,True,按实际呈现人数
ITEM-00117,47,兴奋,False,非答案候选选项,0,10,0.0,0.0,3,0.0,0.0,True,按实际呈现人数
ITEM-00117,47,内疚,False,非答案候选选项,0,10,0.0,0.0,2,0.0,0.0,True,按实际呈现人数
ITEM-00117,47,冷静,False,非答案候选选项,0,10,0.0,0.0,1,0.0,0.0,True,按实际呈现人数
ITEM-00117,47,厌倦,False,非答案候选选项,0,10,0.0,0.0,2,0.0,0.0,True,按实际呈现人数
ITEM-00117,47,厌恶,False,非答案候选选项,0,10,0.0,0.0,4,0.0,0.0,True,按实际呈现人数
ITEM-00117,47,困惑,False,非答案候选选项,0,10,0.0,0.0,1,0.0,0.0,True,按实际呈现人数
ITEM-00117,47,失望,False,非答案候选选项,0,10,0.0,0.0,1,0.0,0.0,True,按实际呈现人数
ITEM-00117,47,好奇,False,非答案候选选项,0,10,0.0,0.0,2,0.0,0.0,True,按实际呈现人数
ITEM-00117,47,嫉妒,False,非答案候选选项,0,10,0.0,0.0,4,0.0,0.0,True,按实际呈现人数
ITEM-00117,47,审美欣赏,False,非答案候选选项,0,10,0.0,0.0,2,0.0,0.0,True,按实际呈现人数
ITEM-00117,47,希望,False,非答案候选选项,0,10,0.0,0.0,3,0.0,0.0,True,按实际呈现人数
ITEM-00117,47,平静,False,非答案候选选项,0,10,0.0,0.0,1,0.0,0.0,True,按实际呈现人数
ITEM-00117,47,快乐,False,非答案候选选项,0,10,0.0,0.0,2,0.0,0.0,True,按实际呈现人数
ITEM-00117,47,怀旧,False,非答案候选选项,0,10,0.0,0.0,2,0.0,0.0,True,按实际呈现人数
ITEM-00117,47,悲伤,False,非答案候选选项,0,10,0.0,0.0,1,0.0,0.0,True,按实际呈现人数
ITEM-00117,47,惊喜,False,非答案候选选项,0,10,0.0,0.0,2,0.0,0.0,True,按实际呈现人数
ITEM-00117,47,惊讶,False,非答案候选选项,0,10,0.0,0.0,2,0.0,0.0,True,按实际呈现人数
ITEM-00117,47,愁闷,False,非答案候选选项,0,10,0.0,0.0,3,0.0,0.0,True,按实际呈现人数
ITEM-00117,47,愉悦,False,非答案候选选项,0,10,0.0,0.0,2,0.0,0.0,True,按实际呈现人数
ITEM-00117,47,感激,False,非答案候选选项,0,10,0.0,0.0,2,0.0,0.0,True,按实际呈现人数
ITEM-00117,47,抑郁,False,非答案候选选项,0,10,0.0,0.0,1,0.0,0.0,True,按实际呈现人数
ITEM-00117,47,担忧,False,非答案候选选项,0,10,0.0,0.0,1,0.0,0.0,True,按实际呈现人数
ITEM-00117,47,敌意,False,非答案候选选项,0,10,0.0,0.0,1,0.0,0.0,True,按实际呈现人数
ITEM-00117,47,渴望,False,非答案候选选项,0,10,0.0,0.0,1,0.0,0.0,True,按实际呈现人数
ITEM-00117,47,满足,False,非答案候选选项,0,10,0.0,0.0,3,0.0,0.0,True,按实际呈现人数
ITEM-00117,47,烦躁,False,非答案候选选项,0,10,0.0,0.0,2,0.0,0.0,True,按实际呈现人数
ITEM-00117,47,紧张,False,非答案候选选项,0,10,0.0,0.0,2,0.0,0.0,True,按实际呈现人数
ITEM-00117,47,羞耻,False,非答案候选选项,0,10,0.0,0.0,2,0.0,0.0,True,按实际呈现人数
ITEM-00117,47,羡慕,False,非答案候选选项,0,10,0.0,0.0,3,0.0,0.0,True,按实际呈现人数
ITEM-00117,47,自满,False,非答案候选选项,0,10,0.0,0.0,4,0.0,0.0,True,按实际呈现人数
ITEM-00117,47,自豪,False,非答案候选选项,0,10,0.0,0.0,4,0.0,0.0,True,按实际呈现人数
ITEM-00117,47,释然,False,非答案候选选项,0,10,0.0,0.0,2,0.0,0.0,True,按实际呈现人数
ITEM-00117,47,震惊,False,非答案候选选项,0,10,0.0,0.0,2,0.0,0.0,True,按实际呈现人数
ITEM-00118,48,惊讶,False,非答案候选选项,1,11,0.09090909090909091,9.090909090909092,1,1.0,100.0,False,按实际呈现人数
ITEM-00118,48,厌倦,False,非答案候选选项,1,11,0.09090909090909091,9.090909090909092,2,0.5,50.0,False,按实际呈现人数
ITEM-00118,48,厌恶,False,非答案候选选项,2,11,0.18181818181818182,18.181818181818183,5,0.4,40.0,False,按实际呈现人数
ITEM-00118,48,困惑,True,标准答案选项,4,11,0.36363636363636365,36.36363636363637,11,0.36363636363636365,36.36363636363637,False,按实际呈现人数
ITEM-00118,48,担忧,False,非答案候选选项,1,11,0.09090909090909091,9.090909090909092,3,0.3333333333333333,33.33333333333333,False,按实际呈现人数
ITEM-00118,48,烦躁,False,非答案候选选项,1,11,0.09090909090909091,9.090909090909092,4,0.25,25.0,False,按实际呈现人数
ITEM-00118,48,怨恨,False,非答案候选选项,1,11,0.09090909090909091,9.090909090909092,6,0.16666666666666666,16.666666666666664,False,按实际呈现人数
ITEM-00118,48,不屑,False,非答案候选选项,0,11,0.0,0.0,3,0.0,0.0,True,按实际呈现人数
ITEM-00118,48,共情痛苦,False,非答案候选选项,0,11,0.0,0.0,1,0.0,0.0,True,按实际呈现人数
ITEM-00118,48,兴奋,False,非答案候选选项,0,11,0.0,0.0,3,0.0,0.0,True,按实际呈现人数
ITEM-00118,48,兴趣,False,非答案候选选项,0,11,0.0,0.0,1,0.0,0.0,True,按实际呈现人数
ITEM-00118,48,内疚,False,非答案候选选项,0,11,0.0,0.0,2,0.0,0.0,True,按实际呈现人数
ITEM-00118,48,冷静,False,非答案候选选项,0,11,0.0,0.0,1,0.0,0.0,True,按实际呈现人数
ITEM-00118,48,好奇,False,非答案候选选项,0,11,0.0,0.0,3,0.0,0.0,True,按实际呈现人数
ITEM-00118,48,委屈,False,非答案候选选项,0,11,0.0,0.0,2,0.0,0.0,True,按实际呈现人数
ITEM-00118,48,尴尬,False,非答案候选选项,0,11,0.0,0.0,3,0.0,0.0,True,按实际呈现人数
ITEM-00118,48,崇拜,False,非答案候选选项,0,11,0.0,0.0,2,0.0,0.0,True,按实际呈现人数
ITEM-00118,48,希望,False,非答案候选选项,0,11,0.0,0.0,2,0.0,0.0,True,按实际呈现人数
ITEM-00118,48,平静,False,非答案候选选项,0,11,0.0,0.0,2,0.0,0.0,True,按实际呈现人数
ITEM-00118,48,恐惧,False,非答案候选选项,0,11,0.0,0.0,4,0.0,0.0,True,按实际呈现人数
ITEM-00118,48,悲伤,False,非答案候选选项,0,11,0.0,0.0,3,0.0,0.0,True,按实际呈现人数
ITEM-00118,48,惊喜,False,非答案候选选项,0,11,0.0,0.0,2,0.0,0.0,True,按实际呈现人数
ITEM-00118,48,愉悦,False,非答案候选选项,0,11,0.0,0.0,2,0.0,0.0,True,按实际呈现人数
ITEM-00118,48,感动,False,非答案候选选项,0,11,0.0,0.0,2,0.0,0.0,True,按实际呈现人数
ITEM-00118,48,感激,False,非答案候选选项,0,11,0.0,0.0,1,0.0,0.0,True,按实际呈现人数
ITEM-00118,48,愤怒,False,非答案候选选项,0,11,0.0,0.0,1,0.0,0.0,True,按实际呈现人数
ITEM-00118,48,抑郁,False,非答案候选选项,0,11,0.0,0.0,3,0.0,0.0,True,按实际呈现人数
ITEM-00118,48,敌意,False,非答案候选选项,0,11,0.0,0.0,4,0.0,0.0,True,按实际呈现人数
ITEM-00118,48,渴望,False,非答案候选选项,0,11,0.0,0.0,2,0.0,0.0,True,按实际呈现人数
ITEM-00118,48,满足,False,非答案候选选项,0,11,0.0,0.0,3,0.0,0.0,True,按实际呈现人数
ITEM-00118,48,焦虑,False,非答案候选选项,0,11,0.0,0.0,1,0.0,0.0,True,按实际呈现人数
ITEM-00118,48,爱,False,非答案候选选项,0,11,0.0,0.0,1,0.0,0.0,True,按实际呈现人数
ITEM-00118,48,痛苦,False,非答案候选选项,0,11,0.0,0.0,2,0.0,0.0,True,按实际呈现人数
ITEM-00118,48,紧张,False,非答案候选选项,0,11,0.0,0.0,1,0.0,0.0,True,按实际呈现人数
ITEM-00118,48,绝望,False,非答案候选选项,0,11,0.0,0.0,1,0.0,0.0,True,按实际呈现人数
ITEM-00118,48,羞耻,False,非答案候选选项,0,11,0.0,0.0,1,0.0,0.0,True,按实际呈现人数
ITEM-00118,48,羡慕,False,非答案候选选项,0,11,0.0,0.0,1,0.0,0.0,True,按实际呈现人数
ITEM-00118,48,自满,False,非答案候选选项,0,11,0.0,0.0,3,0.0,0.0,True,按实际呈现人数
ITEM-00118,48,自豪,False,非答案候选选项,0,11,0.0,0.0,2,0.0,0.0,True,按实际呈现人数
ITEM-00118,48,蔑视,False,非答案候选选项,0,11,0.0,0.0,4,0.0,0.0,True,按实际呈现人数
ITEM-00118,48,轻松,False,非答案候选选项,0,11,0.0,0.0,4,0.0,0.0,True,按实际呈现人数
ITEM-00118,48,遗憾,False,非答案候选选项,0,11,0.0,0.0,1,0.0,0.0,True,按实际呈现人数
ITEM-00118,48,释然,False,非答案候选选项,0,11,0.0,0.0,1,0.0,0.0,True,按实际呈现人数
ITEM-00118,48,震惊,False,非答案候选选项,0,11,0.0,0.0,3,0.0,0.0,True,按实际呈现人数
ITEM-00119,49,厌恶,False,非答案候选选项,1,8,0.125,12.5,1,1.0,100.0,False,按实际呈现人数
ITEM-00119,49,蔑视,False,非答案候选选项,1,8,0.125,12.5,1,1.0,100.0,False,按实际呈现人数
ITEM-00119,49,痛苦,False,非答案候选选项,1,8,0.125,12.5,2,0.5,50.0,False,按实际呈现人数
ITEM-00119,49,自满,False,非答案候选选项,1,8,0.125,12.5,2,0.5,50.0,False,按实际呈现人数
ITEM-00119,49,冷静,False,非答案候选选项,1,8,0.125,12.5,3,0.3333333333333333,33.33333333333333,False,按实际呈现人数
ITEM-00119,49,厌倦,True,标准答案选项,2,8,0.25,25.0,8,0.25,25.0,False,按实际呈现人数
ITEM-00119,49,惊讶,False,非答案候选选项,1,8,0.125,12.5,4,0.25,25.0,False,按实际呈现人数
ITEM-00119,49,不屑,False,非答案候选选项,0,8,0.0,0.0,1,0.0,0.0,True,按实际呈现人数
ITEM-00119,49,兴奋,False,非答案候选选项,0,8,0.0,0.0,1,0.0,0.0,True,按实际呈现人数
ITEM-00119,49,内疚,False,非答案候选选项,0,8,0.0,0.0,2,0.0,0.0,True,按实际呈现人数
ITEM-00119,49,困惑,False,非答案候选选项,0,8,0.0,0.0,2,0.0,0.0,True,按实际呈现人数
ITEM-00119,49,失望,False,非答案候选选项,0,8,0.0,0.0,2,0.0,0.0,True,按实际呈现人数
ITEM-00119,49,委屈,False,非答案候选选项,0,8,0.0,0.0,1,0.0,0.0,True,按实际呈现人数
ITEM-00119,49,嫉妒,False,非答案候选选项,0,8,0.0,0.0,1,0.0,0.0,True,按实际呈现人数
ITEM-00119,49,审美欣赏,False,非答案候选选项,0,8,0.0,0.0,1,0.0,0.0,True,按实际呈现人数
ITEM-00119,49,尴尬,False,非答案候选选项,0,8,0.0,0.0,2,0.0,0.0,True,按实际呈现人数
ITEM-00119,49,崇拜,False,非答案候选选项,0,8,0.0,0.0,2,0.0,0.0,True,按实际呈现人数
ITEM-00119,49,希望,False,非答案候选选项,0,8,0.0,0.0,1,0.0,0.0,True,按实际呈现人数
ITEM-00119,49,平静,False,非答案候选选项,0,8,0.0,0.0,2,0.0,0.0,True,按实际呈现人数
ITEM-00119,49,快乐,False,非答案候选选项,0,8,0.0,0.0,3,0.0,0.0,True,按实际呈现人数
ITEM-00119,49,怀旧,False,非答案候选选项,0,8,0.0,0.0,1,0.0,0.0,True,按实际呈现人数
ITEM-00119,49,怨恨,False,非答案候选选项,0,8,0.0,0.0,1,0.0,0.0,True,按实际呈现人数
ITEM-00119,49,恐惧,False,非答案候选选项,0,8,0.0,0.0,1,0.0,0.0,True,按实际呈现人数
ITEM-00119,49,惊喜,False,非答案候选选项,0,8,0.0,0.0,2,0.0,0.0,True,按实际呈现人数
ITEM-00119,49,愁闷,False,非答案候选选项,0,8,0.0,0.0,1,0.0,0.0,True,按实际呈现人数
ITEM-00119,49,愉悦,False,非答案候选选项,0,8,0.0,0.0,4,0.0,0.0,True,按实际呈现人数
ITEM-00119,49,感激,False,非答案候选选项,0,8,0.0,0.0,1,0.0,0.0,True,按实际呈现人数
ITEM-00119,49,愤怒,False,非答案候选选项,0,8,0.0,0.0,1,0.0,0.0,True,按实际呈现人数
ITEM-00119,49,抑郁,False,非答案候选选项,0,8,0.0,0.0,3,0.0,0.0,True,按实际呈现人数
ITEM-00119,49,担忧,False,非答案候选选项,0,8,0.0,0.0,1,0.0,0.0,True,按实际呈现人数
ITEM-00119,49,敌意,False,非答案候选选项,0,8,0.0,0.0,1,0.0,0.0,True,按实际呈现人数
ITEM-00119,49,满足,False,非答案候选选项,0,8,0.0,0.0,2,0.0,0.0,True,按实际呈现人数
ITEM-00119,49,烦躁,False,非答案候选选项,0,8,0.0,0.0,1,0.0,0.0,True,按实际呈现人数
ITEM-00119,49,焦虑,False,非答案候选选项,0,8,0.0,0.0,1,0.0,0.0,True,按实际呈现人数
ITEM-00119,49,爱,False,非答案候选选项,0,8,0.0,0.0,1,0.0,0.0,True,按实际呈现人数
ITEM-00119,49,紧张,False,非答案候选选项,0,8,0.0,0.0,1,0.0,0.0,True,按实际呈现人数
ITEM-00119,49,绝望,False,非答案候选选项,0,8,0.0,0.0,1,0.0,0.0,True,按实际呈现人数
ITEM-00119,49,羞耻,False,非答案候选选项,0,8,0.0,0.0,4,0.0,0.0,True,按实际呈现人数
ITEM-00119,49,羡慕,False,非答案候选选项,0,8,0.0,0.0,2,0.0,0.0,True,按实际呈现人数
ITEM-00119,49,自豪,False,非答案候选选项,0,8,0.0,0.0,4,0.0,0.0,True,按实际呈现人数
ITEM-00119,49,轻松,False,非答案候选选项,0,8,0.0,0.0,2,0.0,0.0,True,按实际呈现人数
ITEM-00119,49,释然,False,非答案候选选项,0,8,0.0,0.0,2,0.0,0.0,True,按实际呈现人数
ITEM-00120,105,不屑,False,非答案候选选项,1,8,0.125,12.5,1,1.0,100.0,False,按实际呈现人数
ITEM-00120,105,担忧,False,非答案候选选项,1,8,0.125,12.5,1,1.0,100.0,False,按实际呈现人数
ITEM-00120,105,好奇,False,非答案候选选项,1,8,0.125,12.5,2,0.5,50.0,False,按实际呈现人数
ITEM-00120,105,羡慕,False,非答案候选选项,1,8,0.125,12.5,2,0.5,50.0,False,按实际呈现人数
ITEM-00120,105,蔑视,False,非答案候选选项,1,8,0.125,12.5,2,0.5,50.0,False,按实际呈现人数
ITEM-00120,105,尴尬,False,非答案候选选项,1,8,0.125,12.5,4,0.25,25.0,False,按实际呈现人数
ITEM-00120,105,怨恨,False,非答案候选选项,1,8,0.125,12.5,4,0.25,25.0,False,按实际呈现人数
ITEM-00120,105,紧张,True,标准答案选项,1,8,0.125,12.5,8,0.125,12.5,False,按实际呈现人数
ITEM-00120,105,共情痛苦,False,非答案候选选项,0,8,0.0,0.0,2,0.0,0.0,True,按实际呈现人数
ITEM-00120,105,兴奋,False,非答案候选选项,0,8,0.0,0.0,2,0.0,0.0,True,按实际呈现人数
ITEM-00120,105,内疚,False,非答案候选选项,0,8,0.0,0.0,1,0.0,0.0,True,按实际呈现人数
ITEM-00120,105,冷静,False,非答案候选选项,0,8,0.0,0.0,1,0.0,0.0,True,按实际呈现人数
ITEM-00120,105,厌倦,False,非答案候选选项,0,8,0.0,0.0,2,0.0,0.0,True,按实际呈现人数
ITEM-00120,105,困惑,False,非答案候选选项,0,8,0.0,0.0,2,0.0,0.0,True,按实际呈现人数
ITEM-00120,105,委屈,False,非答案候选选项,0,8,0.0,0.0,1,0.0,0.0,True,按实际呈现人数
ITEM-00120,105,崇拜,False,非答案候选选项,0,8,0.0,0.0,2,0.0,0.0,True,按实际呈现人数
ITEM-00120,105,希望,False,非答案候选选项,0,8,0.0,0.0,2,0.0,0.0,True,按实际呈现人数
ITEM-00120,105,平静,False,非答案候选选项,0,8,0.0,0.0,2,0.0,0.0,True,按实际呈现人数
ITEM-00120,105,快乐,False,非答案候选选项,0,8,0.0,0.0,3,0.0,0.0,True,按实际呈现人数
ITEM-00120,105,怀旧,False,非答案候选选项,0,8,0.0,0.0,2,0.0,0.0,True,按实际呈现人数
ITEM-00120,105,恐惧,False,非答案候选选项,0,8,0.0,0.0,1,0.0,0.0,True,按实际呈现人数
ITEM-00120,105,惊喜,False,非答案候选选项,0,8,0.0,0.0,3,0.0,0.0,True,按实际呈现人数
ITEM-00120,105,惊讶,False,非答案候选选项,0,8,0.0,0.0,2,0.0,0.0,True,按实际呈现人数
ITEM-00120,105,愁闷,False,非答案候选选项,0,8,0.0,0.0,1,0.0,0.0,True,按实际呈现人数
ITEM-00120,105,愉悦,False,非答案候选选项,0,8,0.0,0.0,3,0.0,0.0,True,按实际呈现人数
ITEM-00120,105,感激,False,非答案候选选项,0,8,0.0,0.0,1,0.0,0.0,True,按实际呈现人数
ITEM-00120,105,愤怒,False,非答案候选选项,0,8,0.0,0.0,1,0.0,0.0,True,按实际呈现人数
ITEM-00120,105,抑郁,False,非答案候选选项,0,8,0.0,0.0,2,0.0,0.0,True,按实际呈现人数
ITEM-00120,105,敌意,False,非答案候选选项,0,8,0.0,0.0,2,0.0,0.0,True,按实际呈现人数
ITEM-00120,105,渴望,False,非答案候选选项,0,8,0.0,0.0,1,0.0,0.0,True,按实际呈现人数
ITEM-00120,105,满足,False,非答案候选选项,0,8,0.0,0.0,1,0.0,0.0,True,按实际呈现人数
ITEM-00120,105,爱,False,非答案候选选项,0,8,0.0,0.0,1,0.0,0.0,True,按实际呈现人数
ITEM-00120,105,痛苦,False,非答案候选选项,0,8,0.0,0.0,1,0.0,0.0,True,按实际呈现人数
ITEM-00120,105,绝望,False,非答案候选选项,0,8,0.0,0.0,1,0.0,0.0,True,按实际呈现人数
ITEM-00120,105,羞耻,False,非答案候选选项,0,8,0.0,0.0,2,0.0,0.0,True,按实际呈现人数
ITEM-00120,105,自满,False,非答案候选选项,0,8,0.0,0.0,2,0.0,0.0,True,按实际呈现人数
ITEM-00120,105,自豪,False,非答案候选选项,0,8,0.0,0.0,5,0.0,0.0,True,按实际呈现人数
ITEM-00120,105,轻松,False,非答案候选选项,0,8,0.0,0.0,3,0.0,0.0,True,按实际呈现人数
ITEM-00120,105,遗憾,False,非答案候选选项,0,8,0.0,0.0,1,0.0,0.0,True,按实际呈现人数
ITEM-00121,106,震惊,False,非答案候选选项,2,14,0.14285714285714285,14.285714285714285,2,1.0,100.0,False,按实际呈现人数
ITEM-00121,106,惊讶,True,标准答案选项,10,14,0.7142857142857143,71.42857142857143,14,0.7142857142857143,71.42857142857143,False,按实际呈现人数
ITEM-00121,106,好奇,False,非答案候选选项,1,14,0.07142857142857142,7.142857142857142,4,0.25,25.0,False,按实际呈现人数
ITEM-00121,106,担忧,False,非答案候选选项,1,14,0.07142857142857142,7.142857142857142,4,0.25,25.0,False,按实际呈现人数
ITEM-00121,106,不屑,False,非答案候选选项,0,14,0.0,0.0,3,0.0,0.0,True,按实际呈现人数
ITEM-00121,106,兴奋,False,非答案候选选项,0,14,0.0,0.0,1,0.0,0.0,True,按实际呈现人数
ITEM-00121,106,兴趣,False,非答案候选选项,0,14,0.0,0.0,3,0.0,0.0,True,按实际呈现人数
ITEM-00121,106,内疚,False,非答案候选选项,0,14,0.0,0.0,3,0.0,0.0,True,按实际呈现人数
ITEM-00121,106,冷静,False,非答案候选选项,0,14,0.0,0.0,1,0.0,0.0,True,按实际呈现人数
ITEM-00121,106,厌倦,False,非答案候选选项,0,14,0.0,0.0,3,0.0,0.0,True,按实际呈现人数
ITEM-00121,106,厌恶,False,非答案候选选项,0,14,0.0,0.0,1,0.0,0.0,True,按实际呈现人数
ITEM-00121,106,困惑,False,非答案候选选项,0,14,0.0,0.0,3,0.0,0.0,True,按实际呈现人数
ITEM-00121,106,失望,False,非答案候选选项,0,14,0.0,0.0,6,0.0,0.0,True,按实际呈现人数
ITEM-00121,106,委屈,False,非答案候选选项,0,14,0.0,0.0,2,0.0,0.0,True,按实际呈现人数
ITEM-00121,106,审美欣赏,False,非答案候选选项,0,14,0.0,0.0,3,0.0,0.0,True,按实际呈现人数
ITEM-00121,106,尴尬,False,非答案候选选项,0,14,0.0,0.0,3,0.0,0.0,True,按实际呈现人数
ITEM-00121,106,崇拜,False,非答案候选选项,0,14,0.0,0.0,2,0.0,0.0,True,按实际呈现人数
ITEM-00121,106,希望,False,非答案候选选项,0,14,0.0,0.0,1,0.0,0.0,True,按实际呈现人数
ITEM-00121,106,平静,False,非答案候选选项,0,14,0.0,0.0,1,0.0,0.0,True,按实际呈现人数
ITEM-00121,106,快乐,False,非答案候选选项,0,14,0.0,0.0,2,0.0,0.0,True,按实际呈现人数
ITEM-00121,106,怀旧,False,非答案候选选项,0,14,0.0,0.0,4,0.0,0.0,True,按实际呈现人数
ITEM-00121,106,怨恨,False,非答案候选选项,0,14,0.0,0.0,1,0.0,0.0,True,按实际呈现人数
ITEM-00121,106,恐惧,False,非答案候选选项,0,14,0.0,0.0,3,0.0,0.0,True,按实际呈现人数
ITEM-00121,106,悲伤,False,非答案候选选项,0,14,0.0,0.0,5,0.0,0.0,True,按实际呈现人数
ITEM-00121,106,惊喜,False,非答案候选选项,0,14,0.0,0.0,3,0.0,0.0,True,按实际呈现人数
ITEM-00121,106,愉悦,False,非答案候选选项,0,14,0.0,0.0,3,0.0,0.0,True,按实际呈现人数
ITEM-00121,106,感动,False,非答案候选选项,0,14,0.0,0.0,3,0.0,0.0,True,按实际呈现人数
ITEM-00121,106,感激,False,非答案候选选项,0,14,0.0,0.0,2,0.0,0.0,True,按实际呈现人数
ITEM-00121,106,愤怒,False,非答案候选选项,0,14,0.0,0.0,5,0.0,0.0,True,按实际呈现人数
ITEM-00121,106,抑郁,False,非答案候选选项,0,14,0.0,0.0,3,0.0,0.0,True,按实际呈现人数
ITEM-00121,106,敌意,False,非答案候选选项,0,14,0.0,0.0,3,0.0,0.0,True,按实际呈现人数
ITEM-00121,106,渴望,False,非答案候选选项,0,14,0.0,0.0,3,0.0,0.0,True,按实际呈现人数
ITEM-00121,106,满足,False,非答案候选选项,0,14,0.0,0.0,3,0.0,0.0,True,按实际呈现人数
ITEM-00121,106,烦躁,False,非答案候选选项,0,14,0.0,0.0,7,0.0,0.0,True,按实际呈现人数
ITEM-00121,106,焦虑,False,非答案候选选项,0,14,0.0,0.0,2,0.0,0.0,True,按实际呈现人数
ITEM-00121,106,爱,False,非答案候选选项,0,14,0.0,0.0,3,0.0,0.0,True,按实际呈现人数
ITEM-00121,106,痛苦,False,非答案候选选项,0,14,0.0,0.0,4,0.0,0.0,True,按实际呈现人数
ITEM-00121,106,绝望,False,非答案候选选项,0,14,0.0,0.0,3,0.0,0.0,True,按实际呈现人数
ITEM-00121,106,羞耻,False,非答案候选选项,0,14,0.0,0.0,3,0.0,0.0,True,按实际呈现人数
ITEM-00121,106,羡慕,False,非答案候选选项,0,14,0.0,0.0,3,0.0,0.0,True,按实际呈现人数
ITEM-00121,106,自满,False,非答案候选选项,0,14,0.0,0.0,1,0.0,0.0,True,按实际呈现人数
ITEM-00121,106,自豪,False,非答案候选选项,0,14,0.0,0.0,2,0.0,0.0,True,按实际呈现人数
ITEM-00121,106,蔑视,False,非答案候选选项,0,14,0.0,0.0,1,0.0,0.0,True,按实际呈现人数
ITEM-00121,106,轻松,False,非答案候选选项,0,14,0.0,0.0,3,0.0,0.0,True,按实际呈现人数
ITEM-00121,106,遗憾,False,非答案候选选项,0,14,0.0,0.0,2,0.0,0.0,True,按实际呈现人数
ITEM-00121,106,释然,False,非答案候选选项,0,14,0.0,0.0,3,0.0,0.0,True,按实际呈现人数
ITEM-00122,5,悲伤,False,非答案候选选项,1,11,0.09090909090909091,9.090909090909092,1,1.0,100.0,False,按实际呈现人数
ITEM-00122,5,嫉妒,False,非答案候选选项,3,11,0.2727272727272727,27.27272727272727,4,0.75,75.0,False,按实际呈现人数
ITEM-00122,5,羡慕,True,标准答案选项,4,11,0.36363636363636365,36.36363636363637,11,0.36363636363636365,36.36363636363637,False,按实际呈现人数
ITEM-00122,5,快乐,False,非答案候选选项,1,11,0.09090909090909091,9.090909090909092,3,0.3333333333333333,33.33333333333333,False,按实际呈现人数
ITEM-00122,5,痛苦,False,非答案候选选项,1,11,0.09090909090909091,9.090909090909092,3,0.3333333333333333,33.33333333333333,False,按实际呈现人数
ITEM-00122,5,怨恨,False,非答案候选选项,1,11,0.09090909090909091,9.090909090909092,4,0.25,25.0,False,按实际呈现人数
ITEM-00122,5,不屑,False,非答案候选选项,0,11,0.0,0.0,2,0.0,0.0,True,按实际呈现人数
ITEM-00122,5,共情痛苦,False,非答案候选选项,0,11,0.0,0.0,2,0.0,0.0,True,按实际呈现人数
ITEM-00122,5,兴奋,False,非答案候选选项,0,11,0.0,0.0,2,0.0,0.0,True,按实际呈现人数
ITEM-00122,5,兴趣,False,非答案候选选项,0,11,0.0,0.0,1,0.0,0.0,True,按实际呈现人数
ITEM-00122,5,内疚,False,非答案候选选项,0,11,0.0,0.0,2,0.0,0.0,True,按实际呈现人数
ITEM-00122,5,冷静,False,非答案候选选项,0,11,0.0,0.0,2,0.0,0.0,True,按实际呈现人数
ITEM-00122,5,厌倦,False,非答案候选选项,0,11,0.0,0.0,3,0.0,0.0,True,按实际呈现人数
ITEM-00122,5,困惑,False,非答案候选选项,0,11,0.0,0.0,2,0.0,0.0,True,按实际呈现人数
ITEM-00122,5,失望,False,非答案候选选项,0,11,0.0,0.0,2,0.0,0.0,True,按实际呈现人数
ITEM-00122,5,委屈,False,非答案候选选项,0,11,0.0,0.0,2,0.0,0.0,True,按实际呈现人数
ITEM-00122,5,审美欣赏,False,非答案候选选项,0,11,0.0,0.0,2,0.0,0.0,True,按实际呈现人数
ITEM-00122,5,尴尬,False,非答案候选选项,0,11,0.0,0.0,2,0.0,0.0,True,按实际呈现人数
ITEM-00122,5,崇拜,False,非答案候选选项,0,11,0.0,0.0,3,0.0,0.0,True,按实际呈现人数
ITEM-00122,5,希望,False,非答案候选选项,0,11,0.0,0.0,3,0.0,0.0,True,按实际呈现人数
ITEM-00122,5,平静,False,非答案候选选项,0,11,0.0,0.0,3,0.0,0.0,True,按实际呈现人数
ITEM-00122,5,怀旧,False,非答案候选选项,0,11,0.0,0.0,2,0.0,0.0,True,按实际呈现人数
ITEM-00122,5,恐惧,False,非答案候选选项,0,11,0.0,0.0,3,0.0,0.0,True,按实际呈现人数
ITEM-00122,5,惊喜,False,非答案候选选项,0,11,0.0,0.0,2,0.0,0.0,True,按实际呈现人数
ITEM-00122,5,惊讶,False,非答案候选选项,0,11,0.0,0.0,3,0.0,0.0,True,按实际呈现人数
ITEM-00122,5,愁闷,False,非答案候选选项,0,11,0.0,0.0,1,0.0,0.0,True,按实际呈现人数
ITEM-00122,5,愉悦,False,非答案候选选项,0,11,0.0,0.0,1,0.0,0.0,True,按实际呈现人数
ITEM-00122,5,感动,False,非答案候选选项,0,11,0.0,0.0,1,0.0,0.0,True,按实际呈现人数
ITEM-00122,5,感激,False,非答案候选选项,0,11,0.0,0.0,1,0.0,0.0,True,按实际呈现人数
ITEM-00122,5,愤怒,False,非答案候选选项,0,11,0.0,0.0,1,0.0,0.0,True,按实际呈现人数
ITEM-00122,5,抑郁,False,非答案候选选项,0,11,0.0,0.0,2,0.0,0.0,True,按实际呈现人数
ITEM-00122,5,担忧,False,非答案候选选项,0,11,0.0,0.0,1,0.0,0.0,True,按实际呈现人数
ITEM-00122,5,敌意,False,非答案候选选项,0,11,0.0,0.0,3,0.0,0.0,True,按实际呈现人数
ITEM-00122,5,渴望,False,非答案候选选项,0,11,0.0,0.0,1,0.0,0.0,True,按实际呈现人数
ITEM-00122,5,烦躁,False,非答案候选选项,0,11,0.0,0.0,5,0.0,0.0,True,按实际呈现人数
ITEM-00122,5,焦虑,False,非答案候选选项,0,11,0.0,0.0,3,0.0,0.0,True,按实际呈现人数
ITEM-00122,5,紧张,False,非答案候选选项,0,11,0.0,0.0,2,0.0,0.0,True,按实际呈现人数
ITEM-00122,5,绝望,False,非答案候选选项,0,11,0.0,0.0,2,0.0,0.0,True,按实际呈现人数
ITEM-00122,5,羞耻,False,非答案候选选项,0,11,0.0,0.0,2,0.0,0.0,True,按实际呈现人数
ITEM-00122,5,自满,False,非答案候选选项,0,11,0.0,0.0,2,0.0,0.0,True,按实际呈现人数
ITEM-00122,5,自豪,False,非答案候选选项,0,11,0.0,0.0,2,0.0,0.0,True,按实际呈现人数
ITEM-00122,5,蔑视,False,非答案候选选项,0,11,0.0,0.0,3,0.0,0.0,True,按实际呈现人数
ITEM-00122,5,轻松,False,非答案候选选项,0,11,0.0,0.0,1,0.0,0.0,True,按实际呈现人数
ITEM-00122,5,遗憾,False,非答案候选选项,0,11,0.0,0.0,2,0.0,0.0,True,按实际呈现人数
ITEM-00122,5,释然,False,非答案候选选项,0,11,0.0,0.0,2,0.0,0.0,True,按实际呈现人数
ITEM-00122,5,震惊,False,非答案候选选项,0,11,0.0,0.0,3,0.0,0.0,True,按实际呈现人数
ITEM-00123,8,绝望,True,标准答案选项,26,41,0.6341463414634146,63.41463414634146,41,0.6341463414634146,63.41463414634146,False,按实际呈现人数
ITEM-00123,8,紧张,False,非答案候选选项,4,41,0.0975609756097561,9.75609756097561,8,0.5,50.0,False,按实际呈现人数
ITEM-00123,8,痛苦,False,非答案候选选项,5,41,0.12195121951219512,12.195121951219512,11,0.45454545454545453,45.45454545454545,False,按实际呈现人数
ITEM-00123,8,恐惧,False,非答案候选选项,2,41,0.04878048780487805,4.878048780487805,6,0.3333333333333333,33.33333333333333,False,按实际呈现人数
ITEM-00123,8,焦虑,False,非答案候选选项,1,41,0.024390243902439025,2.4390243902439024,4,0.25,25.0,False,按实际呈现人数
ITEM-00123,8,担忧,False,非答案候选选项,1,41,0.024390243902439025,2.4390243902439024,5,0.2,20.0,False,按实际呈现人数
ITEM-00123,8,抑郁,False,非答案候选选项,1,41,0.024390243902439025,2.4390243902439024,11,0.09090909090909091,9.090909090909092,False,按实际呈现人数
ITEM-00123,8,震惊,False,非答案候选选项,1,41,0.024390243902439025,2.4390243902439024,13,0.07692307692307693,7.6923076923076925,False,按实际呈现人数
ITEM-00123,8,不屑,False,非答案候选选项,0,41,0.0,0.0,5,0.0,0.0,True,按实际呈现人数
ITEM-00123,8,共情痛苦,False,非答案候选选项,0,41,0.0,0.0,6,0.0,0.0,True,按实际呈现人数
ITEM-00123,8,兴奋,False,非答案候选选项,0,41,0.0,0.0,5,0.0,0.0,True,按实际呈现人数
ITEM-00123,8,兴趣,False,非答案候选选项,0,41,0.0,0.0,5,0.0,0.0,True,按实际呈现人数
ITEM-00123,8,内疚,False,非答案候选选项,0,41,0.0,0.0,5,0.0,0.0,True,按实际呈现人数
ITEM-00123,8,冷静,False,非答案候选选项,0,41,0.0,0.0,8,0.0,0.0,True,按实际呈现人数
ITEM-00123,8,厌倦,False,非答案候选选项,0,41,0.0,0.0,7,0.0,0.0,True,按实际呈现人数
ITEM-00123,8,厌恶,False,非答案候选选项,0,41,0.0,0.0,13,0.0,0.0,True,按实际呈现人数
ITEM-00123,8,困惑,False,非答案候选选项,0,41,0.0,0.0,5,0.0,0.0,True,按实际呈现人数
ITEM-00123,8,失望,False,非答案候选选项,0,41,0.0,0.0,7,0.0,0.0,True,按实际呈现人数
ITEM-00123,8,好奇,False,非答案候选选项,0,41,0.0,0.0,10,0.0,0.0,True,按实际呈现人数
ITEM-00123,8,委屈,False,非答案候选选项,0,41,0.0,0.0,1,0.0,0.0,True,按实际呈现人数
ITEM-00123,8,嫉妒,False,非答案候选选项,0,41,0.0,0.0,9,0.0,0.0,True,按实际呈现人数
ITEM-00123,8,审美欣赏,False,非答案候选选项,0,41,0.0,0.0,6,0.0,0.0,True,按实际呈现人数
ITEM-00123,8,尴尬,False,非答案候选选项,0,41,0.0,0.0,7,0.0,0.0,True,按实际呈现人数
ITEM-00123,8,崇拜,False,非答案候选选项,0,41,0.0,0.0,8,0.0,0.0,True,按实际呈现人数
ITEM-00123,8,希望,False,非答案候选选项,0,41,0.0,0.0,6,0.0,0.0,True,按实际呈现人数
ITEM-00123,8,平静,False,非答案候选选项,0,41,0.0,0.0,9,0.0,0.0,True,按实际呈现人数
ITEM-00123,8,快乐,False,非答案候选选项,0,41,0.0,0.0,7,0.0,0.0,True,按实际呈现人数
ITEM-00123,8,怀旧,False,非答案候选选项,0,41,0.0,0.0,8,0.0,0.0,True,按实际呈现人数
ITEM-00123,8,怨恨,False,非答案候选选项,0,41,0.0,0.0,4,0.0,0.0,True,按实际呈现人数
ITEM-00123,8,悲伤,False,非答案候选选项,0,41,0.0,0.0,5,0.0,0.0,True,按实际呈现人数
ITEM-00123,8,惊喜,False,非答案候选选项,0,41,0.0,0.0,8,0.0,0.0,True,按实际呈现人数
ITEM-00123,8,惊讶,False,非答案候选选项,0,41,0.0,0.0,9,0.0,0.0,True,按实际呈现人数
ITEM-00123,8,愁闷,False,非答案候选选项,0,41,0.0,0.0,7,0.0,0.0,True,按实际呈现人数
ITEM-00123,8,愉悦,False,非答案候选选项,0,41,0.0,0.0,5,0.0,0.0,True,按实际呈现人数
ITEM-00123,8,感动,False,非答案候选选项,0,41,0.0,0.0,4,0.0,0.0,True,按实际呈现人数
ITEM-00123,8,感激,False,非答案候选选项,0,41,0.0,0.0,9,0.0,0.0,True,按实际呈现人数
ITEM-00123,8,愤怒,False,非答案候选选项,0,41,0.0,0.0,11,0.0,0.0,True,按实际呈现人数
ITEM-00123,8,敌意,False,非答案候选选项,0,41,0.0,0.0,9,0.0,0.0,True,按实际呈现人数
ITEM-00123,8,渴望,False,非答案候选选项,0,41,0.0,0.0,3,0.0,0.0,True,按实际呈现人数
ITEM-00123,8,满足,False,非答案候选选项,0,41,0.0,0.0,12,0.0,0.0,True,按实际呈现人数
ITEM-00123,8,烦躁,False,非答案候选选项,0,41,0.0,0.0,13,0.0,0.0,True,按实际呈现人数
ITEM-00123,8,爱,False,非答案候选选项,0,41,0.0,0.0,8,0.0,0.0,True,按实际呈现人数
ITEM-00123,8,羞耻,False,非答案候选选项,0,41,0.0,0.0,10,0.0,0.0,True,按实际呈现人数
ITEM-00123,8,羡慕,False,非答案候选选项,0,41,0.0,0.0,4,0.0,0.0,True,按实际呈现人数
ITEM-00123,8,自满,False,非答案候选选项,0,41,0.0,0.0,9,0.0,0.0,True,按实际呈现人数
ITEM-00123,8,自豪,False,非答案候选选项,0,41,0.0,0.0,9,0.0,0.0,True,按实际呈现人数
ITEM-00123,8,蔑视,False,非答案候选选项,0,41,0.0,0.0,10,0.0,0.0,True,按实际呈现人数
ITEM-00123,8,轻松,False,非答案候选选项,0,41,0.0,0.0,8,0.0,0.0,True,按实际呈现人数
ITEM-00123,8,遗憾,False,非答案候选选项,0,41,0.0,0.0,9,0.0,0.0,True,按实际呈现人数
ITEM-00123,8,释然,False,非答案候选选项,0,41,0.0,0.0,8,0.0,0.0,True,按实际呈现人数
ITEM-00124,22,释然,True,标准答案选项,26,39,0.6666666666666666,66.66666666666666,39,0.6666666666666666,66.66666666666666,False,按实际呈现人数
ITEM-00124,22,轻松,False,非答案候选选项,3,39,0.07692307692307693,7.6923076923076925,8,0.375,37.5,False,按实际呈现人数
ITEM-00124,22,平静,False,非答案候选选项,3,39,0.07692307692307693,7.6923076923076925,11,0.2727272727272727,27.27272727272727,False,按实际呈现人数
ITEM-00124,22,感激,False,非答案候选选项,1,39,0.02564102564102564,2.564102564102564,6,0.16666666666666666,16.666666666666664,False,按实际呈现人数
ITEM-00124,22,希望,False,非答案候选选项,1,39,0.02564102564102564,2.564102564102564,8,0.125,12.5,False,按实际呈现人数
ITEM-00124,22,惊讶,False,非答案候选选项,1,39,0.02564102564102564,2.564102564102564,8,0.125,12.5,False,按实际呈现人数
ITEM-00124,22,不屑,False,非答案候选选项,1,39,0.02564102564102564,2.564102564102564,9,0.1111111111111111,11.11111111111111,False,按实际呈现人数
ITEM-00124,22,崇拜,False,非答案候选选项,1,39,0.02564102564102564,2.564102564102564,9,0.1111111111111111,11.11111111111111,False,按实际呈现人数
ITEM-00124,22,感动,False,非答案候选选项,1,39,0.02564102564102564,2.564102564102564,9,0.1111111111111111,11.11111111111111,False,按实际呈现人数
ITEM-00124,22,焦虑,False,非答案候选选项,1,39,0.02564102564102564,2.564102564102564,9,0.1111111111111111,11.11111111111111,False,按实际呈现人数
ITEM-00124,22,共情痛苦,False,非答案候选选项,0,39,0.0,0.0,8,0.0,0.0,True,按实际呈现人数
ITEM-00124,22,兴奋,False,非答案候选选项,0,39,0.0,0.0,7,0.0,0.0,True,按实际呈现人数
ITEM-00124,22,兴趣,False,非答案候选选项,0,39,0.0,0.0,2,0.0,0.0,True,按实际呈现人数
ITEM-00124,22,内疚,False,非答案候选选项,0,39,0.0,0.0,8,0.0,0.0,True,按实际呈现人数
ITEM-00124,22,冷静,False,非答案候选选项,0,39,0.0,0.0,6,0.0,0.0,True,按实际呈现人数
ITEM-00124,22,厌倦,False,非答案候选选项,0,39,0.0,0.0,7,0.0,0.0,True,按实际呈现人数
ITEM-00124,22,厌恶,False,非答案候选选项,0,39,0.0,0.0,7,0.0,0.0,True,按实际呈现人数
ITEM-00124,22,困惑,False,非答案候选选项,0,39,0.0,0.0,5,0.0,0.0,True,按实际呈现人数
ITEM-00124,22,失望,False,非答案候选选项,0,39,0.0,0.0,9,0.0,0.0,True,按实际呈现人数
ITEM-00124,22,好奇,False,非答案候选选项,0,39,0.0,0.0,6,0.0,0.0,True,按实际呈现人数
ITEM-00124,22,委屈,False,非答案候选选项,0,39,0.0,0.0,4,0.0,0.0,True,按实际呈现人数
ITEM-00124,22,嫉妒,False,非答案候选选项,0,39,0.0,0.0,7,0.0,0.0,True,按实际呈现人数
ITEM-00124,22,审美欣赏,False,非答案候选选项,0,39,0.0,0.0,7,0.0,0.0,True,按实际呈现人数
ITEM-00124,22,尴尬,False,非答案候选选项,0,39,0.0,0.0,8,0.0,0.0,True,按实际呈现人数
ITEM-00124,22,快乐,False,非答案候选选项,0,39,0.0,0.0,5,0.0,0.0,True,按实际呈现人数
ITEM-00124,22,怀旧,False,非答案候选选项,0,39,0.0,0.0,6,0.0,0.0,True,按实际呈现人数
ITEM-00124,22,怨恨,False,非答案候选选项,0,39,0.0,0.0,12,0.0,0.0,True,按实际呈现人数
ITEM-00124,22,恐惧,False,非答案候选选项,0,39,0.0,0.0,6,0.0,0.0,True,按实际呈现人数
ITEM-00124,22,悲伤,False,非答案候选选项,0,39,0.0,0.0,9,0.0,0.0,True,按实际呈现人数
ITEM-00124,22,惊喜,False,非答案候选选项,0,39,0.0,0.0,3,0.0,0.0,True,按实际呈现人数
ITEM-00124,22,愁闷,False,非答案候选选项,0,39,0.0,0.0,11,0.0,0.0,True,按实际呈现人数
ITEM-00124,22,愉悦,False,非答案候选选项,0,39,0.0,0.0,8,0.0,0.0,True,按实际呈现人数
ITEM-00124,22,愤怒,False,非答案候选选项,0,39,0.0,0.0,11,0.0,0.0,True,按实际呈现人数
ITEM-00124,22,抑郁,False,非答案候选选项,0,39,0.0,0.0,2,0.0,0.0,True,按实际呈现人数
ITEM-00124,22,担忧,False,非答案候选选项,0,39,0.0,0.0,6,0.0,0.0,True,按实际呈现人数
ITEM-00124,22,敌意,False,非答案候选选项,0,39,0.0,0.0,9,0.0,0.0,True,按实际呈现人数
ITEM-00124,22,渴望,False,非答案候选选项,0,39,0.0,0.0,11,0.0,0.0,True,按实际呈现人数
ITEM-00124,22,满足,False,非答案候选选项,0,39,0.0,0.0,8,0.0,0.0,True,按实际呈现人数
ITEM-00124,22,烦躁,False,非答案候选选项,0,39,0.0,0.0,7,0.0,0.0,True,按实际呈现人数
ITEM-00124,22,爱,False,非答案候选选项,0,39,0.0,0.0,9,0.0,0.0,True,按实际呈现人数
ITEM-00124,22,痛苦,False,非答案候选选项,0,39,0.0,0.0,9,0.0,0.0,True,按实际呈现人数
ITEM-00124,22,紧张,False,非答案候选选项,0,39,0.0,0.0,9,0.0,0.0,True,按实际呈现人数
ITEM-00124,22,绝望,False,非答案候选选项,0,39,0.0,0.0,7,0.0,0.0,True,按实际呈现人数
ITEM-00124,22,羞耻,False,非答案候选选项,0,39,0.0,0.0,7,0.0,0.0,True,按实际呈现人数
ITEM-00124,22,羡慕,False,非答案候选选项,0,39,0.0,0.0,4,0.0,0.0,True,按实际呈现人数
ITEM-00124,22,自满,False,非答案候选选项,0,39,0.0,0.0,4,0.0,0.0,True,按实际呈现人数
ITEM-00124,22,自豪,False,非答案候选选项,0,39,0.0,0.0,2,0.0,0.0,True,按实际呈现人数
ITEM-00124,22,蔑视,False,非答案候选选项,0,39,0.0,0.0,2,0.0,0.0,True,按实际呈现人数
ITEM-00124,22,遗憾,False,非答案候选选项,0,39,0.0,0.0,9,0.0,0.0,True,按实际呈现人数
ITEM-00124,22,震惊,False,非答案候选选项,0,39,0.0,0.0,7,0.0,0.0,True,按实际呈现人数
ITEM-00125,85,内疚,False,非答案候选选项,1,26,0.038461538461538464,3.8461538461538463,1,1.0,100.0,False,按实际呈现人数
ITEM-00125,85,厌恶,False,非答案候选选项,2,26,0.07692307692307693,7.6923076923076925,2,1.0,100.0,False,按实际呈现人数
ITEM-00125,85,满足,False,非答案候选选项,1,26,0.038461538461538464,3.8461538461538463,1,1.0,100.0,False,按实际呈现人数
ITEM-00125,85,感激,True,标准答案选项,23,26,0.8846153846153846,88.46153846153845,26,0.8846153846153846,88.46153846153845,False,按实际呈现人数
ITEM-00125,85,希望,False,非答案候选选项,3,26,0.11538461538461539,11.538461538461538,4,0.75,75.0,False,按实际呈现人数
ITEM-00125,85,尴尬,False,非答案候选选项,3,26,0.11538461538461539,11.538461538461538,5,0.6,60.0,False,按实际呈现人数
ITEM-00125,85,不屑,True,标准答案选项,15,26,0.5769230769230769,57.692307692307686,26,0.5769230769230769,57.692307692307686,False,按实际呈现人数
ITEM-00125,85,兴奋,False,非答案候选选项,2,26,0.07692307692307693,7.6923076923076925,4,0.5,50.0,False,按实际呈现人数
ITEM-00125,85,崇拜,False,非答案候选选项,2,26,0.07692307692307693,7.6923076923076925,4,0.5,50.0,False,按实际呈现人数
ITEM-00125,85,惊喜,False,非答案候选选项,1,26,0.038461538461538464,3.8461538461538463,2,0.5,50.0,False,按实际呈现人数
ITEM-00125,85,感动,False,非答案候选选项,3,26,0.11538461538461539,11.538461538461538,6,0.5,50.0,False,按实际呈现人数
ITEM-00125,85,愉悦,True,标准答案选项,12,26,0.46153846153846156,46.15384615384615,26,0.46153846153846156,46.15384615384615,False,按实际呈现人数
ITEM-00125,85,困惑,False,非答案候选选项,1,26,0.038461538461538464,3.8461538461538463,3,0.3333333333333333,33.33333333333333,False,按实际呈现人数
ITEM-00125,85,震惊,False,非答案候选选项,2,26,0.07692307692307693,7.6923076923076925,6,0.3333333333333333,33.33333333333333,False,按实际呈现人数
ITEM-00125,85,愁闷,False,非答案候选选项,1,26,0.038461538461538464,3.8461538461538463,4,0.25,25.0,False,按实际呈现人数
ITEM-00125,85,蔑视,False,非答案候选选项,1,26,0.038461538461538464,3.8461538461538463,4,0.25,25.0,False,按实际呈现人数
ITEM-00125,85,烦躁,False,非答案候选选项,1,26,0.038461538461538464,3.8461538461538463,5,0.2,20.0,False,按实际呈现人数
ITEM-00125,85,爱,False,非答案候选选项,2,26,0.07692307692307693,7.6923076923076925,11,0.18181818181818182,18.181818181818183,False,按实际呈现人数
ITEM-00125,85,共情痛苦,False,非答案候选选项,1,26,0.038461538461538464,3.8461538461538463,6,0.16666666666666666,16.666666666666664,False,按实际呈现人数
ITEM-00125,85,冷静,False,非答案候选选项,1,26,0.038461538461538464,3.8461538461538463,6,0.16666666666666666,16.666666666666664,False,按实际呈现人数
ITEM-00125,85,平静,False,非答案候选选项,1,26,0.038461538461538464,3.8461538461538463,6,0.16666666666666666,16.666666666666664,False,按实际呈现人数
ITEM-00125,85,自豪,False,非答案候选选项,1,26,0.038461538461538464,3.8461538461538463,7,0.14285714285714285,14.285714285714285,False,按实际呈现人数
ITEM-00125,85,兴趣,False,非答案候选选项,0,26,0.0,0.0,1,0.0,0.0,True,按实际呈现人数
ITEM-00125,85,厌倦,False,非答案候选选项,0,26,0.0,0.0,3,0.0,0.0,True,按实际呈现人数
ITEM-00125,85,失望,False,非答案候选选项,0,26,0.0,0.0,4,0.0,0.0,True,按实际呈现人数
ITEM-00125,85,好奇,False,非答案候选选项,0,26,0.0,0.0,4,0.0,0.0,True,按实际呈现人数
ITEM-00125,85,委屈,False,非答案候选选项,0,26,0.0,0.0,1,0.0,0.0,True,按实际呈现人数
ITEM-00125,85,嫉妒,False,非答案候选选项,0,26,0.0,0.0,6,0.0,0.0,True,按实际呈现人数
ITEM-00125,85,审美欣赏,False,非答案候选选项,0,26,0.0,0.0,5,0.0,0.0,True,按实际呈现人数
ITEM-00125,85,快乐,False,非答案候选选项,0,26,0.0,0.0,4,0.0,0.0,True,按实际呈现人数
ITEM-00125,85,怀旧,False,非答案候选选项,0,26,0.0,0.0,3,0.0,0.0,True,按实际呈现人数
ITEM-00125,85,怨恨,False,非答案候选选项,0,26,0.0,0.0,5,0.0,0.0,True,按实际呈现人数
ITEM-00125,85,恐惧,False,非答案候选选项,0,26,0.0,0.0,7,0.0,0.0,True,按实际呈现人数
ITEM-00125,85,悲伤,False,非答案候选选项,0,26,0.0,0.0,6,0.0,0.0,True,按实际呈现人数
ITEM-00125,85,惊讶,False,非答案候选选项,0,26,0.0,0.0,2,0.0,0.0,True,按实际呈现人数
ITEM-00125,85,愤怒,False,非答案候选选项,0,26,0.0,0.0,3,0.0,0.0,True,按实际呈现人数
ITEM-00125,85,抑郁,False,非答案候选选项,0,26,0.0,0.0,4,0.0,0.0,True,按实际呈现人数
ITEM-00125,85,担忧,False,非答案候选选项,0,26,0.0,0.0,5,0.0,0.0,True,按实际呈现人数
ITEM-00125,85,敌意,False,非答案候选选项,0,26,0.0,0.0,3,0.0,0.0,True,按实际呈现人数
ITEM-00125,85,渴望,False,非答案候选选项,0,26,0.0,0.0,2,0.0,0.0,True,按实际呈现人数
ITEM-00125,85,焦虑,False,非答案候选选项,0,26,0.0,0.0,6,0.0,0.0,True,按实际呈现人数
ITEM-00125,85,痛苦,False,非答案候选选项,0,26,0.0,0.0,6,0.0,0.0,True,按实际呈现人数
ITEM-00125,85,紧张,False,非答案候选选项,0,26,0.0,0.0,4,0.0,0.0,True,按实际呈现人数
ITEM-00125,85,绝望,False,非答案候选选项,0,26,0.0,0.0,3,0.0,0.0,True,按实际呈现人数
ITEM-00125,85,羞耻,False,非答案候选选项,0,26,0.0,0.0,3,0.0,0.0,True,按实际呈现人数
ITEM-00125,85,羡慕,False,非答案候选选项,0,26,0.0,0.0,1,0.0,0.0,True,按实际呈现人数
ITEM-00125,85,自满,False,非答案候选选项,0,26,0.0,0.0,2,0.0,0.0,True,按实际呈现人数
ITEM-00125,85,轻松,False,非答案候选选项,0,26,0.0,0.0,1,0.0,0.0,True,按实际呈现人数
ITEM-00125,85,遗憾,False,非答案候选选项,0,26,0.0,0.0,1,0.0,0.0,True,按实际呈现人数
ITEM-00126,86,紧张,False,非答案候选选项,1,17,0.058823529411764705,5.88235294117647,1,1.0,100.0,False,按实际呈现人数
ITEM-00126,86,震惊,False,非答案候选选项,1,17,0.058823529411764705,5.88235294117647,1,1.0,100.0,False,按实际呈现人数
ITEM-00126,86,担忧,False,非答案候选选项,4,17,0.23529411764705882,23.52941176470588,5,0.8,80.0,False,按实际呈现人数
ITEM-00126,86,惊讶,True,标准答案选项,13,17,0.7647058823529411,76.47058823529412,17,0.7647058823529411,76.47058823529412,False,按实际呈现人数
ITEM-00126,86,烦躁,False,非答案候选选项,3,17,0.17647058823529413,17.647058823529413,4,0.75,75.0,False,按实际呈现人数
ITEM-00126,86,惊喜,False,非答案候选选项,2,17,0.11764705882352941,11.76470588235294,3,0.6666666666666666,66.66666666666666,False,按实际呈现人数
ITEM-00126,86,失望,False,非答案候选选项,1,17,0.058823529411764705,5.88235294117647,2,0.5,50.0,False,按实际呈现人数
ITEM-00126,86,愁闷,False,非答案候选选项,1,17,0.058823529411764705,5.88235294117647,2,0.5,50.0,False,按实际呈现人数
ITEM-00126,86,兴奋,False,非答案候选选项,1,17,0.058823529411764705,5.88235294117647,3,0.3333333333333333,33.33333333333333,False,按实际呈现人数
ITEM-00126,86,嫉妒,False,非答案候选选项,1,17,0.058823529411764705,5.88235294117647,3,0.3333333333333333,33.33333333333333,False,按实际呈现人数
ITEM-00126,86,平静,False,非答案候选选项,1,17,0.058823529411764705,5.88235294117647,3,0.3333333333333333,33.33333333333333,False,按实际呈现人数
ITEM-00126,86,羞耻,False,非答案候选选项,1,17,0.058823529411764705,5.88235294117647,3,0.3333333333333333,33.33333333333333,False,按实际呈现人数
ITEM-00126,86,兴趣,False,非答案候选选项,2,17,0.11764705882352941,11.76470588235294,8,0.25,25.0,False,按实际呈现人数
ITEM-00126,86,冷静,False,非答案候选选项,1,17,0.058823529411764705,5.88235294117647,4,0.25,25.0,False,按实际呈现人数
ITEM-00126,86,困惑,False,非答案候选选项,1,17,0.058823529411764705,5.88235294117647,4,0.25,25.0,False,按实际呈现人数
ITEM-00126,86,希望,False,非答案候选选项,1,17,0.058823529411764705,5.88235294117647,4,0.25,25.0,False,按实际呈现人数
ITEM-00126,86,感激,False,非答案候选选项,1,17,0.058823529411764705,5.88235294117647,4,0.25,25.0,False,按实际呈现人数
ITEM-00126,86,渴望,False,非答案候选选项,1,17,0.058823529411764705,5.88235294117647,4,0.25,25.0,False,按实际呈现人数
ITEM-00126,86,尴尬,False,非答案候选选项,1,17,0.058823529411764705,5.88235294117647,5,0.2,20.0,False,按实际呈现人数
ITEM-00126,86,悲伤,False,非答案候选选项,1,17,0.058823529411764705,5.88235294117647,6,0.16666666666666666,16.666666666666664,False,按实际呈现人数
ITEM-00126,86,愉悦,True,标准答案选项,2,17,0.11764705882352941,11.76470588235294,17,0.11764705882352941,11.76470588235294,False,按实际呈现人数
ITEM-00126,86,不屑,False,非答案候选选项,0,17,0.0,0.0,2,0.0,0.0,True,按实际呈现人数
ITEM-00126,86,共情痛苦,False,非答案候选选项,0,17,0.0,0.0,1,0.0,0.0,True,按实际呈现人数
ITEM-00126,86,内疚,False,非答案候选选项,0,17,0.0,0.0,3,0.0,0.0,True,按实际呈现人数
ITEM-00126,86,厌倦,False,非答案候选选项,0,17,0.0,0.0,2,0.0,0.0,True,按实际呈现人数
ITEM-00126,86,厌恶,False,非答案候选选项,0,17,0.0,0.0,4,0.0,0.0,True,按实际呈现人数
ITEM-00126,86,好奇,False,非答案候选选项,0,17,0.0,0.0,1,0.0,0.0,True,按实际呈现人数
ITEM-00126,86,委屈,False,非答案候选选项,0,17,0.0,0.0,5,0.0,0.0,True,按实际呈现人数
ITEM-00126,86,审美欣赏,False,非答案候选选项,0,17,0.0,0.0,1,0.0,0.0,True,按实际呈现人数
ITEM-00126,86,崇拜,False,非答案候选选项,0,17,0.0,0.0,3,0.0,0.0,True,按实际呈现人数
ITEM-00126,86,怀旧,False,非答案候选选项,0,17,0.0,0.0,2,0.0,0.0,True,按实际呈现人数
ITEM-00126,86,怨恨,False,非答案候选选项,0,17,0.0,0.0,2,0.0,0.0,True,按实际呈现人数
ITEM-00126,86,恐惧,False,非答案候选选项,0,17,0.0,0.0,3,0.0,0.0,True,按实际呈现人数
ITEM-00126,86,感动,False,非答案候选选项,0,17,0.0,0.0,2,0.0,0.0,True,按实际呈现人数
ITEM-00126,86,愤怒,False,非答案候选选项,0,17,0.0,0.0,4,0.0,0.0,True,按实际呈现人数
ITEM-00126,86,抑郁,False,非答案候选选项,0,17,0.0,0.0,1,0.0,0.0,True,按实际呈现人数
ITEM-00126,86,敌意,False,非答案候选选项,0,17,0.0,0.0,2,0.0,0.0,True,按实际呈现人数
ITEM-00126,86,满足,False,非答案候选选项,0,17,0.0,0.0,2,0.0,0.0,True,按实际呈现人数
ITEM-00126,86,焦虑,False,非答案候选选项,0,17,0.0,0.0,1,0.0,0.0,True,按实际呈现人数
ITEM-00126,86,爱,False,非答案候选选项,0,17,0.0,0.0,5,0.0,0.0,True,按实际呈现人数
ITEM-00126,86,痛苦,False,非答案候选选项,0,17,0.0,0.0,3,0.0,0.0,True,按实际呈现人数
ITEM-00126,86,绝望,False,非答案候选选项,0,17,0.0,0.0,2,0.0,0.0,True,按实际呈现人数
ITEM-00126,86,羡慕,False,非答案候选选项,0,17,0.0,0.0,4,0.0,0.0,True,按实际呈现人数
ITEM-00126,86,自满,False,非答案候选选项,0,17,0.0,0.0,2,0.0,0.0,True,按实际呈现人数
ITEM-00126,86,自豪,False,非答案候选选项,0,17,0.0,0.0,1,0.0,0.0,True,按实际呈现人数
ITEM-00126,86,蔑视,False,非答案候选选项,0,17,0.0,0.0,3,0.0,0.0,True,按实际呈现人数
ITEM-00126,86,轻松,False,非答案候选选项,0,17,0.0,0.0,2,0.0,0.0,True,按实际呈现人数
ITEM-00126,86,遗憾,False,非答案候选选项,0,17,0.0,0.0,1,0.0,0.0,True,按实际呈现人数
ITEM-00126,86,释然,False,非答案候选选项,0,17,0.0,0.0,3,0.0,0.0,True,按实际呈现人数
ITEM-00127,87,平静,False,非答案候选选项,2,20,0.1,10.0,2,1.0,100.0,False,按实际呈现人数
ITEM-00127,87,惊喜,False,非答案候选选项,1,20,0.05,5.0,1,1.0,100.0,False,按实际呈现人数
ITEM-00127,87,担忧,False,非答案候选选项,2,20,0.1,10.0,2,1.0,100.0,False,按实际呈现人数
ITEM-00127,87,冷静,False,非答案候选选项,2,20,0.1,10.0,3,0.6666666666666666,66.66666666666666,False,按实际呈现人数
ITEM-00127,87,震惊,True,标准答案选项,12,20,0.6,60.0,20,0.6,60.0,False,按实际呈现人数
ITEM-00127,87,审美欣赏,False,非答案候选选项,1,20,0.05,5.0,2,0.5,50.0,False,按实际呈现人数
ITEM-00127,87,惊讶,False,非答案候选选项,1,20,0.05,5.0,2,0.5,50.0,False,按实际呈现人数
ITEM-00127,87,自满,False,非答案候选选项,1,20,0.05,5.0,2,0.5,50.0,False,按实际呈现人数
ITEM-00127,87,同情,True,标准答案选项,9,20,0.45,45.0,20,0.45,45.0,False,按实际呈现人数
ITEM-00127,87,困惑,False,非答案候选选项,2,20,0.1,10.0,5,0.4,40.0,False,按实际呈现人数
ITEM-00127,87,敌意,False,非答案候选选项,1,20,0.05,5.0,3,0.3333333333333333,33.33333333333333,False,按实际呈现人数
ITEM-00127,87,自豪,False,非答案候选选项,1,20,0.05,5.0,3,0.3333333333333333,33.33333333333333,False,按实际呈现人数
ITEM-00127,87,蔑视,True,标准答案选项,6,20,0.3,30.0,20,0.3,30.0,False,按实际呈现人数
ITEM-00127,87,悲伤,False,非答案候选选项,1,20,0.05,5.0,4,0.25,25.0,False,按实际呈现人数
ITEM-00127,87,羞耻,False,非答案候选选项,1,20,0.05,5.0,4,0.25,25.0,False,按实际呈现人数
ITEM-00127,87,委屈,False,非答案候选选项,1,20,0.05,5.0,5,0.2,20.0,False,按实际呈现人数
ITEM-00127,87,愁闷,False,非答案候选选项,1,20,0.05,5.0,5,0.2,20.0,False,按实际呈现人数
ITEM-00127,87,尴尬,False,非答案候选选项,1,20,0.05,5.0,6,0.16666666666666666,16.666666666666664,False,按实际呈现人数
ITEM-00127,87,感激,False,非答案候选选项,1,20,0.05,5.0,6,0.16666666666666666,16.666666666666664,False,按实际呈现人数
ITEM-00127,87,不屑,False,非答案候选选项,0,20,0.0,0.0,6,0.0,0.0,True,按实际呈现人数
ITEM-00127,87,共情痛苦,False,非答案候选选项,0,20,0.0,0.0,4,0.0,0.0,True,按实际呈现人数
ITEM-00127,87,兴奋,False,非答案候选选项,0,20,0.0,0.0,5,0.0,0.0,True,按实际呈现人数
ITEM-00127,87,兴趣,False,非答案候选选项,0,20,0.0,0.0,2,0.0,0.0,True,按实际呈现人数
ITEM-00127,87,内疚,False,非答案候选选项,0,20,0.0,0.0,2,0.0,0.0,True,按实际呈现人数
ITEM-00127,87,厌倦,False,非答案候选选项,0,20,0.0,0.0,3,0.0,0.0,True,按实际呈现人数
ITEM-00127,87,厌恶,False,非答案候选选项,0,20,0.0,0.0,3,0.0,0.0,True,按实际呈现人数
ITEM-00127,87,失望,False,非答案候选选项,0,20,0.0,0.0,1,0.0,0.0,True,按实际呈现人数
ITEM-00127,87,好奇,False,非答案候选选项,0,20,0.0,0.0,1,0.0,0.0,True,按实际呈现人数
ITEM-00127,87,嫉妒,False,非答案候选选项,0,20,0.0,0.0,4,0.0,0.0,True,按实际呈现人数
ITEM-00127,87,崇拜,False,非答案候选选项,0,20,0.0,0.0,3,0.0,0.0,True,按实际呈现人数
ITEM-00127,87,希望,False,非答案候选选项,0,20,0.0,0.0,4,0.0,0.0,True,按实际呈现人数
ITEM-00127,87,快乐,False,非答案候选选项,0,20,0.0,0.0,2,0.0,0.0,True,按实际呈现人数
ITEM-00127,87,怀旧,False,非答案候选选项,0,20,0.0,0.0,2,0.0,0.0,True,按实际呈现人数
ITEM-00127,87,怨恨,False,非答案候选选项,0,20,0.0,0.0,2,0.0,0.0,True,按实际呈现人数
ITEM-00127,87,恐惧,False,非答案候选选项,0,20,0.0,0.0,2,0.0,0.0,True,按实际呈现人数
ITEM-00127,87,愉悦,False,非答案候选选项,0,20,0.0,0.0,3,0.0,0.0,True,按实际呈现人数
ITEM-00127,87,感动,False,非答案候选选项,0,20,0.0,0.0,3,0.0,0.0,True,按实际呈现人数
ITEM-00127,87,愤怒,False,非答案候选选项,0,20,0.0,0.0,2,0.0,0.0,True,按实际呈现人数
ITEM-00127,87,抑郁,False,非答案候选选项,0,20,0.0,0.0,5,0.0,0.0,True,按实际呈现人数
ITEM-00127,87,渴望,False,非答案候选选项,0,20,0.0,0.0,1,0.0,0.0,True,按实际呈现人数
ITEM-00127,87,满足,False,非答案候选选项,0,20,0.0,0.0,2,0.0,0.0,True,按实际呈现人数
ITEM-00127,87,烦躁,False,非答案候选选项,0,20,0.0,0.0,2,0.0,0.0,True,按实际呈现人数
ITEM-00127,87,焦虑,False,非答案候选选项,0,20,0.0,0.0,2,0.0,0.0,True,按实际呈现人数
ITEM-00127,87,爱,False,非答案候选选项,0,20,0.0,0.0,1,0.0,0.0,True,按实际呈现人数
ITEM-00127,87,痛苦,False,非答案候选选项,0,20,0.0,0.0,4,0.0,0.0,True,按实际呈现人数
ITEM-00127,87,紧张,False,非答案候选选项,0,20,0.0,0.0,4,0.0,0.0,True,按实际呈现人数
ITEM-00127,87,绝望,False,非答案候选选项,0,20,0.0,0.0,1,0.0,0.0,True,按实际呈现人数
ITEM-00127,87,羡慕,False,非答案候选选项,0,20,0.0,0.0,3,0.0,0.0,True,按实际呈现人数
ITEM-00127,87,轻松,False,非答案候选选项,0,20,0.0,0.0,3,0.0,0.0,True,按实际呈现人数
ITEM-00127,87,遗憾,False,非答案候选选项,0,20,0.0,0.0,2,0.0,0.0,True,按实际呈现人数
ITEM-00127,87,释然,False,非答案候选选项,0,20,0.0,0.0,1,0.0,0.0,True,按实际呈现人数
ITEM-00128,100,感动,False,非答案候选选项,2,17,0.11764705882352941,11.76470588235294,2,1.0,100.0,False,按实际呈现人数
ITEM-00128,100,兴奋,True,标准答案选项,15,17,0.8823529411764706,88.23529411764706,17,0.8823529411764706,88.23529411764706,False,按实际呈现人数
ITEM-00128,100,兴趣,False,非答案候选选项,2,17,0.11764705882352941,11.76470588235294,3,0.6666666666666666,66.66666666666666,False,按实际呈现人数
ITEM-00128,100,痛苦,False,非答案候选选项,1,17,0.058823529411764705,5.88235294117647,2,0.5,50.0,False,按实际呈现人数
ITEM-00128,100,轻松,False,非答案候选选项,2,17,0.11764705882352941,11.76470588235294,4,0.5,50.0,False,按实际呈现人数
ITEM-00128,100,期望,True,标准答案选项,6,17,0.35294117647058826,35.294117647058826,17,0.35294117647058826,35.294117647058826,False,按实际呈现人数
ITEM-00128,100,困惑,False,非答案候选选项,1,17,0.058823529411764705,5.88235294117647,3,0.3333333333333333,33.33333333333333,False,按实际呈现人数
ITEM-00128,100,愁闷,False,非答案候选选项,1,17,0.058823529411764705,5.88235294117647,3,0.3333333333333333,33.33333333333333,False,按实际呈现人数
ITEM-00128,100,感激,False,非答案候选选项,1,17,0.058823529411764705,5.88235294117647,3,0.3333333333333333,33.33333333333333,False,按实际呈现人数
ITEM-00128,100,失望,False,非答案候选选项,1,17,0.058823529411764705,5.88235294117647,4,0.25,25.0,False,按实际呈现人数
ITEM-00128,100,委屈,False,非答案候选选项,1,17,0.058823529411764705,5.88235294117647,4,0.25,25.0,False,按实际呈现人数
ITEM-00128,100,惊讶,False,非答案候选选项,1,17,0.058823529411764705,5.88235294117647,4,0.25,25.0,False,按实际呈现人数
ITEM-00128,100,担忧,False,非答案候选选项,1,17,0.058823529411764705,5.88235294117647,4,0.25,25.0,False,按实际呈现人数
ITEM-00128,100,烦躁,False,非答案候选选项,1,17,0.058823529411764705,5.88235294117647,4,0.25,25.0,False,按实际呈现人数
ITEM-00128,100,爱,False,非答案候选选项,1,17,0.058823529411764705,5.88235294117647,4,0.25,25.0,False,按实际呈现人数
ITEM-00128,100,自豪,False,非答案候选选项,1,17,0.058823529411764705,5.88235294117647,4,0.25,25.0,False,按实际呈现人数
ITEM-00128,100,遗憾,False,非答案候选选项,1,17,0.058823529411764705,5.88235294117647,4,0.25,25.0,False,按实际呈现人数
ITEM-00128,100,不屑,False,非答案候选选项,0,17,0.0,0.0,1,0.0,0.0,True,按实际呈现人数
ITEM-00128,100,共情痛苦,False,非答案候选选项,0,17,0.0,0.0,2,0.0,0.0,True,按实际呈现人数
ITEM-00128,100,内疚,False,非答案候选选项,0,17,0.0,0.0,3,0.0,0.0,True,按实际呈现人数
ITEM-00128,100,冷静,False,非答案候选选项,0,17,0.0,0.0,1,0.0,0.0,True,按实际呈现人数
ITEM-00128,100,厌倦,False,非答案候选选项,0,17,0.0,0.0,4,0.0,0.0,True,按实际呈现人数
ITEM-00128,100,厌恶,False,非答案候选选项,0,17,0.0,0.0,2,0.0,0.0,True,按实际呈现人数
ITEM-00128,100,好奇,False,非答案候选选项,0,17,0.0,0.0,3,0.0,0.0,True,按实际呈现人数
ITEM-00128,100,嫉妒,False,非答案候选选项,0,17,0.0,0.0,4,0.0,0.0,True,按实际呈现人数
ITEM-00128,100,审美欣赏,False,非答案候选选项,0,17,0.0,0.0,1,0.0,0.0,True,按实际呈现人数
ITEM-00128,100,尴尬,False,非答案候选选项,0,17,0.0,0.0,2,0.0,0.0,True,按实际呈现人数
ITEM-00128,100,崇拜,False,非答案候选选项,0,17,0.0,0.0,4,0.0,0.0,True,按实际呈现人数
ITEM-00128,100,希望,False,非答案候选选项,0,17,0.0,0.0,1,0.0,0.0,True,按实际呈现人数
ITEM-00128,100,平静,False,非答案候选选项,0,17,0.0,0.0,3,0.0,0.0,True,按实际呈现人数
ITEM-00128,100,快乐,False,非答案候选选项,0,17,0.0,0.0,1,0.0,0.0,True,按实际呈现人数
ITEM-00128,100,怀旧,False,非答案候选选项,0,17,0.0,0.0,5,0.0,0.0,True,按实际呈现人数
ITEM-00128,100,怨恨,False,非答案候选选项,0,17,0.0,0.0,2,0.0,0.0,True,按实际呈现人数
ITEM-00128,100,恐惧,False,非答案候选选项,0,17,0.0,0.0,4,0.0,0.0,True,按实际呈现人数
ITEM-00128,100,悲伤,False,非答案候选选项,0,17,0.0,0.0,2,0.0,0.0,True,按实际呈现人数
ITEM-00128,100,惊喜,False,非答案候选选项,0,17,0.0,0.0,4,0.0,0.0,True,按实际呈现人数
ITEM-00128,100,愉悦,False,非答案候选选项,0,17,0.0,0.0,2,0.0,0.0,True,按实际呈现人数
ITEM-00128,100,愤怒,False,非答案候选选项,0,17,0.0,0.0,3,0.0,0.0,True,按实际呈现人数
ITEM-00128,100,抑郁,False,非答案候选选项,0,17,0.0,0.0,2,0.0,0.0,True,按实际呈现人数
ITEM-00128,100,敌意,False,非答案候选选项,0,17,0.0,0.0,2,0.0,0.0,True,按实际呈现人数
ITEM-00128,100,渴望,False,非答案候选选项,0,17,0.0,0.0,1,0.0,0.0,True,按实际呈现人数
ITEM-00128,100,满足,False,非答案候选选项,0,17,0.0,0.0,1,0.0,0.0,True,按实际呈现人数
ITEM-00128,100,焦虑,False,非答案候选选项,0,17,0.0,0.0,2,0.0,0.0,True,按实际呈现人数
ITEM-00128,100,紧张,False,非答案候选选项,0,17,0.0,0.0,2,0.0,0.0,True,按实际呈现人数
ITEM-00128,100,绝望,False,非答案候选选项,0,17,0.0,0.0,4,0.0,0.0,True,按实际呈现人数
ITEM-00128,100,羞耻,False,非答案候选选项,0,17,0.0,0.0,3,0.0,0.0,True,按实际呈现人数
ITEM-00128,100,羡慕,False,非答案候选选项,0,17,0.0,0.0,3,0.0,0.0,True,按实际呈现人数
ITEM-00128,100,自满,False,非答案候选选项,0,17,0.0,0.0,3,0.0,0.0,True,按实际呈现人数
ITEM-00128,100,蔑视,False,非答案候选选项,0,17,0.0,0.0,4,0.0,0.0,True,按实际呈现人数
ITEM-00128,100,释然,False,非答案候选选项,0,17,0.0,0.0,3,0.0,0.0,True,按实际呈现人数
ITEM-00129,103,蔑视,False,非答案候选选项,4,21,0.19047619047619047,19.047619047619047,4,1.0,100.0,False,按实际呈现人数
ITEM-00129,103,兴奋,False,非答案候选选项,4,21,0.19047619047619047,19.047619047619047,5,0.8,80.0,False,按实际呈现人数
ITEM-00129,103,不屑,True,标准答案选项,14,21,0.6666666666666666,66.66666666666666,21,0.6666666666666666,66.66666666666666,False,按实际呈现人数
ITEM-00129,103,兴趣,False,非答案候选选项,1,21,0.047619047619047616,4.761904761904762,2,0.5,50.0,False,按实际呈现人数
ITEM-00129,103,冷静,False,非答案候选选项,1,21,0.047619047619047616,4.761904761904762,2,0.5,50.0,False,按实际呈现人数
ITEM-00129,103,快乐,False,非答案候选选项,2,21,0.09523809523809523,9.523809523809524,4,0.5,50.0,False,按实际呈现人数
ITEM-00129,103,爱,False,非答案候选选项,1,21,0.047619047619047616,4.761904761904762,2,0.5,50.0,False,按实际呈现人数
ITEM-00129,103,轻松,False,非答案候选选项,2,21,0.09523809523809523,9.523809523809524,4,0.5,50.0,False,按实际呈现人数
ITEM-00129,103,敌意,True,标准答案选项,7,21,0.3333333333333333,33.33333333333333,21,0.3333333333333333,33.33333333333333,False,按实际呈现人数
ITEM-00129,103,渴望,False,非答案候选选项,1,21,0.047619047619047616,4.761904761904762,3,0.3333333333333333,33.33333333333333,False,按实际呈现人数
ITEM-00129,103,满足,False,非答案候选选项,1,21,0.047619047619047616,4.761904761904762,3,0.3333333333333333,33.33333333333333,False,按实际呈现人数
ITEM-00129,103,震惊,False,非答案候选选项,1,21,0.047619047619047616,4.761904761904762,3,0.3333333333333333,33.33333333333333,False,按实际呈现人数
ITEM-00129,103,自豪,False,非答案候选选项,1,21,0.047619047619047616,4.761904761904762,5,0.2,20.0,False,按实际呈现人数
ITEM-00129,103,崇拜,False,非答案候选选项,1,21,0.047619047619047616,4.761904761904762,6,0.16666666666666666,16.666666666666664,False,按实际呈现人数
ITEM-00129,103,共情痛苦,False,非答案候选选项,0,21,0.0,0.0,5,0.0,0.0,True,按实际呈现人数
ITEM-00129,103,内疚,False,非答案候选选项,0,21,0.0,0.0,4,0.0,0.0,True,按实际呈现人数
ITEM-00129,103,厌倦,False,非答案候选选项,0,21,0.0,0.0,3,0.0,0.0,True,按实际呈现人数
ITEM-00129,103,厌恶,False,非答案候选选项,0,21,0.0,0.0,1,0.0,0.0,True,按实际呈现人数
ITEM-00129,103,困惑,False,非答案候选选项,0,21,0.0,0.0,2,0.0,0.0,True,按实际呈现人数
ITEM-00129,103,失望,False,非答案候选选项,0,21,0.0,0.0,4,0.0,0.0,True,按实际呈现人数
ITEM-00129,103,好奇,False,非答案候选选项,0,21,0.0,0.0,4,0.0,0.0,True,按实际呈现人数
ITEM-00129,103,委屈,False,非答案候选选项,0,21,0.0,0.0,2,0.0,0.0,True,按实际呈现人数
ITEM-00129,103,嫉妒,False,非答案候选选项,0,21,0.0,0.0,5,0.0,0.0,True,按实际呈现人数
ITEM-00129,103,审美欣赏,False,非答案候选选项,0,21,0.0,0.0,2,0.0,0.0,True,按实际呈现人数
ITEM-00129,103,尴尬,False,非答案候选选项,0,21,0.0,0.0,6,0.0,0.0,True,按实际呈现人数
ITEM-00129,103,希望,False,非答案候选选项,0,21,0.0,0.0,8,0.0,0.0,True,按实际呈现人数
ITEM-00129,103,平静,False,非答案候选选项,0,21,0.0,0.0,3,0.0,0.0,True,按实际呈现人数
ITEM-00129,103,怀旧,False,非答案候选选项,0,21,0.0,0.0,1,0.0,0.0,True,按实际呈现人数
ITEM-00129,103,怨恨,False,非答案候选选项,0,21,0.0,0.0,5,0.0,0.0,True,按实际呈现人数
ITEM-00129,103,恐惧,False,非答案候选选项,0,21,0.0,0.0,3,0.0,0.0,True,按实际呈现人数
ITEM-00129,103,悲伤,False,非答案候选选项,0,21,0.0,0.0,2,0.0,0.0,True,按实际呈现人数
ITEM-00129,103,惊喜,False,非答案候选选项,0,21,0.0,0.0,3,0.0,0.0,True,按实际呈现人数
ITEM-00129,103,惊讶,False,非答案候选选项,0,21,0.0,0.0,4,0.0,0.0,True,按实际呈现人数
ITEM-00129,103,愁闷,False,非答案候选选项,0,21,0.0,0.0,3,0.0,0.0,True,按实际呈现人数
ITEM-00129,103,愉悦,False,非答案候选选项,0,21,0.0,0.0,5,0.0,0.0,True,按实际呈现人数
ITEM-00129,103,感动,False,非答案候选选项,0,21,0.0,0.0,1,0.0,0.0,True,按实际呈现人数
ITEM-00129,103,感激,False,非答案候选选项,0,21,0.0,0.0,1,0.0,0.0,True,按实际呈现人数
ITEM-00129,103,愤怒,False,非答案候选选项,0,21,0.0,0.0,5,0.0,0.0,True,按实际呈现人数
ITEM-00129,103,抑郁,False,非答案候选选项,0,21,0.0,0.0,1,0.0,0.0,True,按实际呈现人数
ITEM-00129,103,担忧,False,非答案候选选项,0,21,0.0,0.0,6,0.0,0.0,True,按实际呈现人数
ITEM-00129,103,烦躁,False,非答案候选选项,0,21,0.0,0.0,5,0.0,0.0,True,按实际呈现人数
ITEM-00129,103,焦虑,False,非答案候选选项,0,21,0.0,0.0,4,0.0,0.0,True,按实际呈现人数
ITEM-00129,103,痛苦,False,非答案候选选项,0,21,0.0,0.0,4,0.0,0.0,True,按实际呈现人数
ITEM-00129,103,紧张,False,非答案候选选项,0,21,0.0,0.0,2,0.0,0.0,True,按实际呈现人数
ITEM-00129,103,绝望,False,非答案候选选项,0,21,0.0,0.0,4,0.0,0.0,True,按实际呈现人数
ITEM-00129,103,羞耻,False,非答案候选选项,0,21,0.0,0.0,3,0.0,0.0,True,按实际呈现人数
ITEM-00129,103,羡慕,False,非答案候选选项,0,21,0.0,0.0,2,0.0,0.0,True,按实际呈现人数
ITEM-00129,103,自满,False,非答案候选选项,0,21,0.0,0.0,3,0.0,0.0,True,按实际呈现人数
ITEM-00129,103,遗憾,False,非答案候选选项,0,21,0.0,0.0,5,0.0,0.0,True,按实际呈现人数
ITEM-00129,103,释然,False,非答案候选选项,0,21,0.0,0.0,4,0.0,0.0,True,按实际呈现人数
ITEM-00130,104,震惊,True,标准答案选项,16,19,0.8421052631578947,84.21052631578947,19,0.8421052631578947,84.21052631578947,False,按实际呈现人数
ITEM-00130,104,好奇,False,非答案候选选项,2,19,0.10526315789473684,10.526315789473683,3,0.6666666666666666,66.66666666666666,False,按实际呈现人数
ITEM-00130,104,惊讶,False,非答案候选选项,3,19,0.15789473684210525,15.789473684210526,5,0.6,60.0,False,按实际呈现人数
ITEM-00130,104,担忧,False,非答案候选选项,2,19,0.10526315789473684,10.526315789473683,5,0.4,40.0,False,按实际呈现人数
ITEM-00130,104,敌意,False,非答案候选选项,2,19,0.10526315789473684,10.526315789473683,5,0.4,40.0,False,按实际呈现人数
ITEM-00130,104,悲伤,False,非答案候选选项,1,19,0.05263157894736842,5.263157894736842,3,0.3333333333333333,33.33333333333333,False,按实际呈现人数
ITEM-00130,104,惊喜,False,非答案候选选项,1,19,0.05263157894736842,5.263157894736842,3,0.3333333333333333,33.33333333333333,False,按实际呈现人数
ITEM-00130,104,愤怒,True,标准答案选项,5,19,0.2631578947368421,26.31578947368421,19,0.2631578947368421,26.31578947368421,False,按实际呈现人数
ITEM-00130,104,恐惧,False,非答案候选选项,1,19,0.05263157894736842,5.263157894736842,4,0.25,25.0,False,按实际呈现人数
ITEM-00130,104,紧张,False,非答案候选选项,1,19,0.05263157894736842,5.263157894736842,5,0.2,20.0,False,按实际呈现人数
ITEM-00130,104,蔑视,False,非答案候选选项,1,19,0.05263157894736842,5.263157894736842,5,0.2,20.0,False,按实际呈现人数
ITEM-00130,104,不屑,False,非答案候选选项,0,19,0.0,0.0,4,0.0,0.0,True,按实际呈现人数
ITEM-00130,104,共情痛苦,False,非答案候选选项,0,19,0.0,0.0,1,0.0,0.0,True,按实际呈现人数
ITEM-00130,104,兴奋,False,非答案候选选项,0,19,0.0,0.0,2,0.0,0.0,True,按实际呈现人数
ITEM-00130,104,兴趣,False,非答案候选选项,0,19,0.0,0.0,1,0.0,0.0,True,按实际呈现人数
ITEM-00130,104,内疚,False,非答案候选选项,0,19,0.0,0.0,2,0.0,0.0,True,按实际呈现人数
ITEM-00130,104,冷静,False,非答案候选选项,0,19,0.0,0.0,5,0.0,0.0,True,按实际呈现人数
ITEM-00130,104,厌倦,False,非答案候选选项,0,19,0.0,0.0,6,0.0,0.0,True,按实际呈现人数
ITEM-00130,104,厌恶,False,非答案候选选项,0,19,0.0,0.0,1,0.0,0.0,True,按实际呈现人数
ITEM-00130,104,困惑,False,非答案候选选项,0,19,0.0,0.0,3,0.0,0.0,True,按实际呈现人数
ITEM-00130,104,失望,False,非答案候选选项,0,19,0.0,0.0,2,0.0,0.0,True,按实际呈现人数
ITEM-00130,104,委屈,False,非答案候选选项,0,19,0.0,0.0,3,0.0,0.0,True,按实际呈现人数
ITEM-00130,104,嫉妒,False,非答案候选选项,0,19,0.0,0.0,2,0.0,0.0,True,按实际呈现人数
ITEM-00130,104,审美欣赏,False,非答案候选选项,0,19,0.0,0.0,4,0.0,0.0,True,按实际呈现人数
ITEM-00130,104,尴尬,False,非答案候选选项,0,19,0.0,0.0,3,0.0,0.0,True,按实际呈现人数
ITEM-00130,104,崇拜,False,非答案候选选项,0,19,0.0,0.0,4,0.0,0.0,True,按实际呈现人数
ITEM-00130,104,希望,False,非答案候选选项,0,19,0.0,0.0,2,0.0,0.0,True,按实际呈现人数
ITEM-00130,104,平静,False,非答案候选选项,0,19,0.0,0.0,7,0.0,0.0,True,按实际呈现人数
ITEM-00130,104,快乐,False,非答案候选选项,0,19,0.0,0.0,4,0.0,0.0,True,按实际呈现人数
ITEM-00130,104,怀旧,False,非答案候选选项,0,19,0.0,0.0,2,0.0,0.0,True,按实际呈现人数
ITEM-00130,104,怨恨,False,非答案候选选项,0,19,0.0,0.0,2,0.0,0.0,True,按实际呈现人数
ITEM-00130,104,愁闷,False,非答案候选选项,0,19,0.0,0.0,2,0.0,0.0,True,按实际呈现人数
ITEM-00130,104,愉悦,False,非答案候选选项,0,19,0.0,0.0,1,0.0,0.0,True,按实际呈现人数
ITEM-00130,104,感动,False,非答案候选选项,0,19,0.0,0.0,4,0.0,0.0,True,按实际呈现人数
ITEM-00130,104,感激,False,非答案候选选项,0,19,0.0,0.0,4,0.0,0.0,True,按实际呈现人数
ITEM-00130,104,抑郁,False,非答案候选选项,0,19,0.0,0.0,2,0.0,0.0,True,按实际呈现人数
ITEM-00130,104,烦躁,False,非答案候选选项,0,19,0.0,0.0,2,0.0,0.0,True,按实际呈现人数
ITEM-00130,104,焦虑,False,非答案候选选项,0,19,0.0,0.0,3,0.0,0.0,True,按实际呈现人数
ITEM-00130,104,爱,False,非答案候选选项,0,19,0.0,0.0,6,0.0,0.0,True,按实际呈现人数
ITEM-00130,104,痛苦,False,非答案候选选项,0,19,0.0,0.0,5,0.0,0.0,True,按实际呈现人数
ITEM-00130,104,绝望,False,非答案候选选项,0,19,0.0,0.0,5,0.0,0.0,True,按实际呈现人数
ITEM-00130,104,羞耻,False,非答案候选选项,0,19,0.0,0.0,1,0.0,0.0,True,按实际呈现人数
ITEM-00130,104,羡慕,False,非答案候选选项,0,19,0.0,0.0,1,0.0,0.0,True,按实际呈现人数
ITEM-00130,104,自满,False,非答案候选选项,0,19,0.0,0.0,6,0.0,0.0,True,按实际呈现人数
ITEM-00130,104,自豪,False,非答案候选选项,0,19,0.0,0.0,3,0.0,0.0,True,按实际呈现人数
ITEM-00130,104,轻松,False,非答案候选选项,0,19,0.0,0.0,4,0.0,0.0,True,按实际呈现人数
ITEM-00130,104,遗憾,False,非答案候选选项,0,19,0.0,0.0,3,0.0,0.0,True,按实际呈现人数
ITEM-00130,104,释然,False,非答案候选选项,0,19,0.0,0.0,2,0.0,0.0,True,按实际呈现人数
ITEM-00131,115,崇拜,False,非答案候选选项,2,14,0.14285714285714285,14.285714285714285,2,1.0,100.0,False,按实际呈现人数
ITEM-00131,115,快乐,False,非答案候选选项,1,14,0.07142857142857142,7.142857142857142,1,1.0,100.0,False,按实际呈现人数
ITEM-00131,115,兴奋,True,标准答案选项,10,14,0.7142857142857143,71.42857142857143,14,0.7142857142857143,71.42857142857143,False,按实际呈现人数
ITEM-00131,115,愉悦,True,标准答案选项,9,14,0.6428571428571429,64.28571428571429,14,0.6428571428571429,64.28571428571429,False,按实际呈现人数
ITEM-00131,115,轻松,False,非答案候选选项,3,14,0.21428571428571427,21.428571428571427,5,0.6,60.0,False,按实际呈现人数
ITEM-00131,115,兴趣,False,非答案候选选项,1,14,0.07142857142857142,7.142857142857142,2,0.5,50.0,False,按实际呈现人数
ITEM-00131,115,好奇,False,非答案候选选项,1,14,0.07142857142857142,7.142857142857142,2,0.5,50.0,False,按实际呈现人数
ITEM-00131,115,悲伤,False,非答案候选选项,1,14,0.07142857142857142,7.142857142857142,2,0.5,50.0,False,按实际呈现人数
ITEM-00131,115,满足,False,非答案候选选项,1,14,0.07142857142857142,7.142857142857142,2,0.5,50.0,False,按实际呈现人数
ITEM-00131,115,自满,False,非答案候选选项,1,14,0.07142857142857142,7.142857142857142,2,0.5,50.0,False,按实际呈现人数
ITEM-00131,115,不屑,False,非答案候选选项,1,14,0.07142857142857142,7.142857142857142,3,0.3333333333333333,33.33333333333333,False,按实际呈现人数
ITEM-00131,115,审美欣赏,False,非答案候选选项,2,14,0.14285714285714285,14.285714285714285,6,0.3333333333333333,33.33333333333333,False,按实际呈现人数
ITEM-00131,115,渴望,False,非答案候选选项,1,14,0.07142857142857142,7.142857142857142,3,0.3333333333333333,33.33333333333333,False,按实际呈现人数
ITEM-00131,115,爱,False,非答案候选选项,1,14,0.07142857142857142,7.142857142857142,3,0.3333333333333333,33.33333333333333,False,按实际呈现人数
ITEM-00131,115,惊喜,False,非答案候选选项,1,14,0.07142857142857142,7.142857142857142,4,0.25,25.0,False,按实际呈现人数
ITEM-00131,115,共情痛苦,False,非答案候选选项,0,14,0.0,0.0,1,0.0,0.0,True,按实际呈现人数
ITEM-00131,115,内疚,False,非答案候选选项,0,14,0.0,0.0,3,0.0,0.0,True,按实际呈现人数
ITEM-00131,115,冷静,False,非答案候选选项,0,14,0.0,0.0,2,0.0,0.0,True,按实际呈现人数
ITEM-00131,115,厌倦,False,非答案候选选项,0,14,0.0,0.0,2,0.0,0.0,True,按实际呈现人数
ITEM-00131,115,厌恶,False,非答案候选选项,0,14,0.0,0.0,3,0.0,0.0,True,按实际呈现人数
ITEM-00131,115,困惑,False,非答案候选选项,0,14,0.0,0.0,2,0.0,0.0,True,按实际呈现人数
ITEM-00131,115,失望,False,非答案候选选项,0,14,0.0,0.0,3,0.0,0.0,True,按实际呈现人数
ITEM-00131,115,委屈,False,非答案候选选项,0,14,0.0,0.0,1,0.0,0.0,True,按实际呈现人数
ITEM-00131,115,嫉妒,False,非答案候选选项,0,14,0.0,0.0,2,0.0,0.0,True,按实际呈现人数
ITEM-00131,115,尴尬,False,非答案候选选项,0,14,0.0,0.0,5,0.0,0.0,True,按实际呈现人数
ITEM-00131,115,怀旧,False,非答案候选选项,0,14,0.0,0.0,3,0.0,0.0,True,按实际呈现人数
ITEM-00131,115,恐惧,False,非答案候选选项,0,14,0.0,0.0,3,0.0,0.0,True,按实际呈现人数
ITEM-00131,115,惊讶,False,非答案候选选项,0,14,0.0,0.0,2,0.0,0.0,True,按实际呈现人数
ITEM-00131,115,愁闷,False,非答案候选选项,0,14,0.0,0.0,3,0.0,0.0,True,按实际呈现人数
ITEM-00131,115,感动,False,非答案候选选项,0,14,0.0,0.0,1,0.0,0.0,True,按实际呈现人数
ITEM-00131,115,感激,False,非答案候选选项,0,14,0.0,0.0,2,0.0,0.0,True,按实际呈现人数
ITEM-00131,115,愤怒,False,非答案候选选项,0,14,0.0,0.0,3,0.0,0.0,True,按实际呈现人数
ITEM-00131,115,担忧,False,非答案候选选项,0,14,0.0,0.0,4,0.0,0.0,True,按实际呈现人数
ITEM-00131,115,敌意,False,非答案候选选项,0,14,0.0,0.0,3,0.0,0.0,True,按实际呈现人数
ITEM-00131,115,烦躁,False,非答案候选选项,0,14,0.0,0.0,2,0.0,0.0,True,按实际呈现人数
ITEM-00131,115,焦虑,False,非答案候选选项,0,14,0.0,0.0,1,0.0,0.0,True,按实际呈现人数
ITEM-00131,115,痛苦,False,非答案候选选项,0,14,0.0,0.0,3,0.0,0.0,True,按实际呈现人数
ITEM-00131,115,紧张,False,非答案候选选项,0,14,0.0,0.0,5,0.0,0.0,True,按实际呈现人数
ITEM-00131,115,绝望,False,非答案候选选项,0,14,0.0,0.0,1,0.0,0.0,True,按实际呈现人数
ITEM-00131,115,羞耻,False,非答案候选选项,0,14,0.0,0.0,1,0.0,0.0,True,按实际呈现人数
ITEM-00131,115,羡慕,False,非答案候选选项,0,14,0.0,0.0,3,0.0,0.0,True,按实际呈现人数
ITEM-00131,115,自豪,False,非答案候选选项,0,14,0.0,0.0,2,0.0,0.0,True,按实际呈现人数
ITEM-00131,115,遗憾,False,非答案候选选项,0,14,0.0,0.0,5,0.0,0.0,True,按实际呈现人数
ITEM-00131,115,释然,False,非答案候选选项,0,14,0.0,0.0,1,0.0,0.0,True,按实际呈现人数
ITEM-00131,115,震惊,False,非答案候选选项,0,14,0.0,0.0,3,0.0,0.0,True,按实际呈现人数
ITEM-00132,37,兴奋,False,非答案候选选项,1,14,0.07142857142857142,7.142857142857142,1,1.0,100.0,False,按实际呈现人数
ITEM-00132,37,好奇,False,非答案候选选项,1,14,0.07142857142857142,7.142857142857142,1,1.0,100.0,False,按实际呈现人数
ITEM-00132,37,恐惧,False,非答案候选选项,2,14,0.14285714285714285,14.285714285714285,2,1.0,100.0,False,按实际呈现人数
ITEM-00132,37,恭敬,True,标准答案选项,14,14,1.0,100.0,14,1.0,100.0,False,按实际呈现人数
ITEM-00132,37,蔑视,False,非答案候选选项,1,14,0.07142857142857142,7.142857142857142,1,1.0,100.0,False,按实际呈现人数
ITEM-00132,37,不屑,False,非答案候选选项,2,14,0.14285714285714285,14.285714285714285,3,0.6666666666666666,66.66666666666666,False,按实际呈现人数
ITEM-00132,37,羡慕,False,非答案候选选项,2,14,0.14285714285714285,14.285714285714285,3,0.6666666666666666,66.66666666666666,False,按实际呈现人数
ITEM-00132,37,崇拜,False,非答案候选选项,1,14,0.07142857142857142,7.142857142857142,2,0.5,50.0,False,按实际呈现人数
ITEM-00132,37,爱,False,非答案候选选项,1,14,0.07142857142857142,7.142857142857142,2,0.5,50.0,False,按实际呈现人数
ITEM-00132,37,平静,True,标准答案选项,5,14,0.35714285714285715,35.714285714285715,14,0.35714285714285715,35.714285714285715,False,按实际呈现人数
ITEM-00132,37,兴趣,False,非答案候选选项,1,14,0.07142857142857142,7.142857142857142,3,0.3333333333333333,33.33333333333333,False,按实际呈现人数
ITEM-00132,37,厌倦,False,非答案候选选项,1,14,0.07142857142857142,7.142857142857142,4,0.25,25.0,False,按实际呈现人数
ITEM-00132,37,烦躁,False,非答案候选选项,1,14,0.07142857142857142,7.142857142857142,4,0.25,25.0,False,按实际呈现人数
ITEM-00132,37,轻松,False,非答案候选选项,1,14,0.07142857142857142,7.142857142857142,4,0.25,25.0,False,按实际呈现人数
ITEM-00132,37,嫉妒,False,非答案候选选项,1,14,0.07142857142857142,7.142857142857142,5,0.2,20.0,False,按实际呈现人数
ITEM-00132,37,满足,False,非答案候选选项,1,14,0.07142857142857142,7.142857142857142,6,0.16666666666666666,16.666666666666664,False,按实际呈现人数
ITEM-00132,37,共情痛苦,False,非答案候选选项,0,14,0.0,0.0,4,0.0,0.0,True,按实际呈现人数
ITEM-00132,37,内疚,False,非答案候选选项,0,14,0.0,0.0,1,0.0,0.0,True,按实际呈现人数
ITEM-00132,37,冷静,False,非答案候选选项,0,14,0.0,0.0,2,0.0,0.0,True,按实际呈现人数
ITEM-00132,37,厌恶,False,非答案候选选项,0,14,0.0,0.0,2,0.0,0.0,True,按实际呈现人数
ITEM-00132,37,困惑,False,非答案候选选项,0,14,0.0,0.0,1,0.0,0.0,True,按实际呈现人数
ITEM-00132,37,失望,False,非答案候选选项,0,14,0.0,0.0,4,0.0,0.0,True,按实际呈现人数
ITEM-00132,37,委屈,False,非答案候选选项,0,14,0.0,0.0,1,0.0,0.0,True,按实际呈现人数
ITEM-00132,37,审美欣赏,False,非答案候选选项,0,14,0.0,0.0,2,0.0,0.0,True,按实际呈现人数
ITEM-00132,37,尴尬,False,非答案候选选项,0,14,0.0,0.0,3,0.0,0.0,True,按实际呈现人数
ITEM-00132,37,希望,False,非答案候选选项,0,14,0.0,0.0,1,0.0,0.0,True,按实际呈现人数
ITEM-00132,37,怀旧,False,非答案候选选项,0,14,0.0,0.0,2,0.0,0.0,True,按实际呈现人数
ITEM-00132,37,怨恨,False,非答案候选选项,0,14,0.0,0.0,1,0.0,0.0,True,按实际呈现人数
ITEM-00132,37,惊喜,False,非答案候选选项,0,14,0.0,0.0,3,0.0,0.0,True,按实际呈现人数
ITEM-00132,37,惊讶,False,非答案候选选项,0,14,0.0,0.0,1,0.0,0.0,True,按实际呈现人数
ITEM-00132,37,愁闷,False,非答案候选选项,0,14,0.0,0.0,5,0.0,0.0,True,按实际呈现人数
ITEM-00132,37,愉悦,False,非答案候选选项,0,14,0.0,0.0,5,0.0,0.0,True,按实际呈现人数
ITEM-00132,37,感动,False,非答案候选选项,0,14,0.0,0.0,2,0.0,0.0,True,按实际呈现人数
ITEM-00132,37,愤怒,False,非答案候选选项,0,14,0.0,0.0,4,0.0,0.0,True,按实际呈现人数
ITEM-00132,37,抑郁,False,非答案候选选项,0,14,0.0,0.0,4,0.0,0.0,True,按实际呈现人数
ITEM-00132,37,担忧,False,非答案候选选项,0,14,0.0,0.0,1,0.0,0.0,True,按实际呈现人数
ITEM-00132,37,敌意,False,非答案候选选项,0,14,0.0,0.0,2,0.0,0.0,True,按实际呈现人数
ITEM-00132,37,渴望,False,非答案候选选项,0,14,0.0,0.0,2,0.0,0.0,True,按实际呈现人数
ITEM-00132,37,焦虑,False,非答案候选选项,0,14,0.0,0.0,1,0.0,0.0,True,按实际呈现人数
ITEM-00132,37,痛苦,False,非答案候选选项,0,14,0.0,0.0,2,0.0,0.0,True,按实际呈现人数
ITEM-00132,37,紧张,False,非答案候选选项,0,14,0.0,0.0,1,0.0,0.0,True,按实际呈现人数
ITEM-00132,37,羞耻,False,非答案候选选项,0,14,0.0,0.0,2,0.0,0.0,True,按实际呈现人数
ITEM-00132,37,自满,False,非答案候选选项,0,14,0.0,0.0,1,0.0,0.0,True,按实际呈现人数
ITEM-00132,37,自豪,False,非答案候选选项,0,14,0.0,0.0,2,0.0,0.0,True,按实际呈现人数
ITEM-00132,37,遗憾,False,非答案候选选项,0,14,0.0,0.0,3,0.0,0.0,True,按实际呈现人数
ITEM-00132,37,释然,False,非答案候选选项,0,14,0.0,0.0,4,0.0,0.0,True,按实际呈现人数
ITEM-00132,37,震惊,False,非答案候选选项,0,14,0.0,0.0,2,0.0,0.0,True,按实际呈现人数
ITEM-00133,99,厌恶,False,非答案候选选项,2,11,0.18181818181818182,18.181818181818183,2,1.0,100.0,False,按实际呈现人数
ITEM-00133,99,抑郁,False,非答案候选选项,1,11,0.09090909090909091,9.090909090909092,1,1.0,100.0,False,按实际呈现人数
ITEM-00133,99,遗憾,False,非答案候选选项,1,11,0.09090909090909091,9.090909090909092,1,1.0,100.0,False,按实际呈现人数
ITEM-00133,99,兴趣,False,非答案候选选项,2,11,0.18181818181818182,18.181818181818183,3,0.6666666666666666,66.66666666666666,False,按实际呈现人数
ITEM-00133,99,爱,False,非答案候选选项,2,11,0.18181818181818182,18.181818181818183,3,0.6666666666666666,66.66666666666666,False,按实际呈现人数
ITEM-00133,99,共情痛苦,False,非答案候选选项,1,11,0.09090909090909091,9.090909090909092,2,0.5,50.0,False,按实际呈现人数
ITEM-00133,99,兴奋,False,非答案候选选项,1,11,0.09090909090909091,9.090909090909092,2,0.5,50.0,False,按实际呈现人数
ITEM-00133,99,冷静,False,非答案候选选项,1,11,0.09090909090909091,9.090909090909092,2,0.5,50.0,False,按实际呈现人数
ITEM-00133,99,敌意,False,非答案候选选项,1,11,0.09090909090909091,9.090909090909092,2,0.5,50.0,False,按实际呈现人数
ITEM-00133,99,平静,True,标准答案选项,5,11,0.45454545454545453,45.45454545454545,11,0.45454545454545453,45.45454545454545,False,按实际呈现人数
ITEM-00133,99,期待,True,标准答案选项,5,11,0.45454545454545453,45.45454545454545,11,0.45454545454545453,45.45454545454545,False,按实际呈现人数
ITEM-00133,99,崇拜,False,非答案候选选项,1,11,0.09090909090909091,9.090909090909092,3,0.3333333333333333,33.33333333333333,False,按实际呈现人数
ITEM-00133,99,震惊,False,非答案候选选项,1,11,0.09090909090909091,9.090909090909092,3,0.3333333333333333,33.33333333333333,False,按实际呈现人数
ITEM-00133,99,自满,False,非答案候选选项,1,11,0.09090909090909091,9.090909090909092,4,0.25,25.0,False,按实际呈现人数
ITEM-00133,99,紧张,False,非答案候选选项,1,11,0.09090909090909091,9.090909090909092,5,0.2,20.0,False,按实际呈现人数
ITEM-00133,99,内疚,False,非答案候选选项,0,11,0.0,0.0,3,0.0,0.0,True,按实际呈现人数
ITEM-00133,99,厌倦,False,非答案候选选项,0,11,0.0,0.0,2,0.0,0.0,True,按实际呈现人数
ITEM-00133,99,困惑,False,非答案候选选项,0,11,0.0,0.0,1,0.0,0.0,True,按实际呈现人数
ITEM-00133,99,失望,False,非答案候选选项,0,11,0.0,0.0,3,0.0,0.0,True,按实际呈现人数
ITEM-00133,99,好奇,False,非答案候选选项,0,11,0.0,0.0,1,0.0,0.0,True,按实际呈现人数
ITEM-00133,99,委屈,False,非答案候选选项,0,11,0.0,0.0,1,0.0,0.0,True,按实际呈现人数
ITEM-00133,99,嫉妒,False,非答案候选选项,0,11,0.0,0.0,1,0.0,0.0,True,按实际呈现人数
ITEM-00133,99,审美欣赏,False,非答案候选选项,0,11,0.0,0.0,2,0.0,0.0,True,按实际呈现人数
ITEM-00133,99,希望,False,非答案候选选项,0,11,0.0,0.0,1,0.0,0.0,True,按实际呈现人数
ITEM-00133,99,快乐,False,非答案候选选项,0,11,0.0,0.0,1,0.0,0.0,True,按实际呈现人数
ITEM-00133,99,怨恨,False,非答案候选选项,0,11,0.0,0.0,2,0.0,0.0,True,按实际呈现人数
ITEM-00133,99,恐惧,False,非答案候选选项,0,11,0.0,0.0,1,0.0,0.0,True,按实际呈现人数
ITEM-00133,99,悲伤,False,非答案候选选项,0,11,0.0,0.0,4,0.0,0.0,True,按实际呈现人数
ITEM-00133,99,惊喜,False,非答案候选选项,0,11,0.0,0.0,1,0.0,0.0,True,按实际呈现人数
ITEM-00133,99,惊讶,False,非答案候选选项,0,11,0.0,0.0,1,0.0,0.0,True,按实际呈现人数
ITEM-00133,99,愁闷,False,非答案候选选项,0,11,0.0,0.0,2,0.0,0.0,True,按实际呈现人数
ITEM-00133,99,愉悦,False,非答案候选选项,0,11,0.0,0.0,1,0.0,0.0,True,按实际呈现人数
ITEM-00133,99,感动,False,非答案候选选项,0,11,0.0,0.0,1,0.0,0.0,True,按实际呈现人数
ITEM-00133,99,感激,False,非答案候选选项,0,11,0.0,0.0,2,0.0,0.0,True,按实际呈现人数
ITEM-00133,99,愤怒,False,非答案候选选项,0,11,0.0,0.0,4,0.0,0.0,True,按实际呈现人数
ITEM-00133,99,担忧,False,非答案候选选项,0,11,0.0,0.0,3,0.0,0.0,True,按实际呈现人数
ITEM-00133,99,烦躁,False,非答案候选选项,0,11,0.0,0.0,2,0.0,0.0,True,按实际呈现人数
ITEM-00133,99,焦虑,False,非答案候选选项,0,11,0.0,0.0,3,0.0,0.0,True,按实际呈现人数
ITEM-00133,99,痛苦,False,非答案候选选项,0,11,0.0,0.0,1,0.0,0.0,True,按实际呈现人数
ITEM-00133,99,绝望,False,非答案候选选项,0,11,0.0,0.0,3,0.0,0.0,True,按实际呈现人数
ITEM-00133,99,羞耻,False,非答案候选选项,0,11,0.0,0.0,2,0.0,0.0,True,按实际呈现人数
ITEM-00133,99,自豪,False,非答案候选选项,0,11,0.0,0.0,1,0.0,0.0,True,按实际呈现人数
ITEM-00133,99,蔑视,False,非答案候选选项,0,11,0.0,0.0,1,0.0,0.0,True,按实际呈现人数
ITEM-00133,99,轻松,False,非答案候选选项,0,11,0.0,0.0,2,0.0,0.0,True,按实际呈现人数
ITEM-00133,99,释然,False,非答案候选选项,0,11,0.0,0.0,2,0.0,0.0,True,按实际呈现人数
ITEM-00134,67,蔑视,False,非答案候选选项,8,34,0.23529411764705882,23.52941176470588,9,0.8888888888888888,88.88888888888889,False,按实际呈现人数
ITEM-00134,67,敌意,True,标准答案选项,30,34,0.8823529411764706,88.23529411764706,34,0.8823529411764706,88.23529411764706,False,按实际呈现人数
ITEM-00134,67,怨恨,False,非答案候选选项,4,34,0.11764705882352941,11.76470588235294,6,0.6666666666666666,66.66666666666666,False,按实际呈现人数
ITEM-00134,67,震惊,False,非答案候选选项,2,34,0.058823529411764705,5.88235294117647,3,0.6666666666666666,66.66666666666666,False,按实际呈现人数
ITEM-00134,67,不屑,True,标准答案选项,22,34,0.6470588235294118,64.70588235294117,34,0.6470588235294118,64.70588235294117,False,按实际呈现人数
ITEM-00134,67,烦躁,False,非答案候选选项,3,34,0.08823529411764706,8.823529411764707,5,0.6,60.0,False,按实际呈现人数
ITEM-00134,67,兴趣,False,非答案候选选项,1,34,0.029411764705882353,2.941176470588235,2,0.5,50.0,False,按实际呈现人数
ITEM-00134,67,愤怒,False,非答案候选选项,3,34,0.08823529411764706,8.823529411764707,7,0.42857142857142855,42.857142857142854,False,按实际呈现人数
ITEM-00134,67,厌恶,False,非答案候选选项,2,34,0.058823529411764705,5.88235294117647,6,0.3333333333333333,33.33333333333333,False,按实际呈现人数
ITEM-00134,67,怀旧,False,非答案候选选项,1,34,0.029411764705882353,2.941176470588235,3,0.3333333333333333,33.33333333333333,False,按实际呈现人数
ITEM-00134,67,审美欣赏,False,非答案候选选项,1,34,0.029411764705882353,2.941176470588235,5,0.2,20.0,False,按实际呈现人数
ITEM-00134,67,困惑,False,非答案候选选项,1,34,0.029411764705882353,2.941176470588235,7,0.14285714285714285,14.285714285714285,False,按实际呈现人数
ITEM-00134,67,好奇,False,非答案候选选项,1,34,0.029411764705882353,2.941176470588235,7,0.14285714285714285,14.285714285714285,False,按实际呈现人数
ITEM-00134,67,冷静,False,非答案候选选项,1,34,0.029411764705882353,2.941176470588235,8,0.125,12.5,False,按实际呈现人数
ITEM-00134,67,愁闷,False,非答案候选选项,1,34,0.029411764705882353,2.941176470588235,8,0.125,12.5,False,按实际呈现人数
ITEM-00134,67,共情痛苦,False,非答案候选选项,0,34,0.0,0.0,3,0.0,0.0,True,按实际呈现人数
ITEM-00134,67,兴奋,False,非答案候选选项,0,34,0.0,0.0,8,0.0,0.0,True,按实际呈现人数
ITEM-00134,67,内疚,False,非答案候选选项,0,34,0.0,0.0,8,0.0,0.0,True,按实际呈现人数
ITEM-00134,67,厌倦,False,非答案候选选项,0,34,0.0,0.0,5,0.0,0.0,True,按实际呈现人数
ITEM-00134,67,失望,False,非答案候选选项,0,34,0.0,0.0,4,0.0,0.0,True,按实际呈现人数
ITEM-00134,67,委屈,False,非答案候选选项,0,34,0.0,0.0,3,0.0,0.0,True,按实际呈现人数
ITEM-00134,67,嫉妒,False,非答案候选选项,0,34,0.0,0.0,6,0.0,0.0,True,按实际呈现人数
ITEM-00134,67,尴尬,False,非答案候选选项,0,34,0.0,0.0,8,0.0,0.0,True,按实际呈现人数
ITEM-00134,67,崇拜,False,非答案候选选项,0,34,0.0,0.0,5,0.0,0.0,True,按实际呈现人数
ITEM-00134,67,希望,False,非答案候选选项,0,34,0.0,0.0,6,0.0,0.0,True,按实际呈现人数
ITEM-00134,67,平静,False,非答案候选选项,0,34,0.0,0.0,4,0.0,0.0,True,按实际呈现人数
ITEM-00134,67,快乐,False,非答案候选选项,0,34,0.0,0.0,3,0.0,0.0,True,按实际呈现人数
ITEM-00134,67,恐惧,False,非答案候选选项,0,34,0.0,0.0,4,0.0,0.0,True,按实际呈现人数
ITEM-00134,67,悲伤,False,非答案候选选项,0,34,0.0,0.0,5,0.0,0.0,True,按实际呈现人数
ITEM-00134,67,惊喜,False,非答案候选选项,0,34,0.0,0.0,7,0.0,0.0,True,按实际呈现人数
ITEM-00134,67,惊讶,False,非答案候选选项,0,34,0.0,0.0,6,0.0,0.0,True,按实际呈现人数
ITEM-00134,67,愉悦,False,非答案候选选项,0,34,0.0,0.0,7,0.0,0.0,True,按实际呈现人数
ITEM-00134,67,感动,False,非答案候选选项,0,34,0.0,0.0,5,0.0,0.0,True,按实际呈现人数
ITEM-00134,67,感激,False,非答案候选选项,0,34,0.0,0.0,7,0.0,0.0,True,按实际呈现人数
ITEM-00134,67,抑郁,False,非答案候选选项,0,34,0.0,0.0,5,0.0,0.0,True,按实际呈现人数
ITEM-00134,67,担忧,False,非答案候选选项,0,34,0.0,0.0,2,0.0,0.0,True,按实际呈现人数
ITEM-00134,67,渴望,False,非答案候选选项,0,34,0.0,0.0,10,0.0,0.0,True,按实际呈现人数
ITEM-00134,67,满足,False,非答案候选选项,0,34,0.0,0.0,10,0.0,0.0,True,按实际呈现人数
ITEM-00134,67,焦虑,False,非答案候选选项,0,34,0.0,0.0,5,0.0,0.0,True,按实际呈现人数
ITEM-00134,67,爱,False,非答案候选选项,0,34,0.0,0.0,4,0.0,0.0,True,按实际呈现人数
ITEM-00134,67,痛苦,False,非答案候选选项,0,34,0.0,0.0,5,0.0,0.0,True,按实际呈现人数
ITEM-00134,67,紧张,False,非答案候选选项,0,34,0.0,0.0,7,0.0,0.0,True,按实际呈现人数
ITEM-00134,67,绝望,False,非答案候选选项,0,34,0.0,0.0,10,0.0,0.0,True,按实际呈现人数
ITEM-00134,67,羞耻,False,非答案候选选项,0,34,0.0,0.0,5,0.0,0.0,True,按实际呈现人数
ITEM-00134,67,羡慕,False,非答案候选选项,0,34,0.0,0.0,5,0.0,0.0,True,按实际呈现人数
ITEM-00134,67,自满,False,非答案候选选项,0,34,0.0,0.0,3,0.0,0.0,True,按实际呈现人数
ITEM-00134,67,自豪,False,非答案候选选项,0,34,0.0,0.0,3,0.0,0.0,True,按实际呈现人数
ITEM-00134,67,轻松,False,非答案候选选项,0,34,0.0,0.0,5,0.0,0.0,True,按实际呈现人数
ITEM-00134,67,遗憾,False,非答案候选选项,0,34,0.0,0.0,9,0.0,0.0,True,按实际呈现人数
ITEM-00134,67,释然,False,非答案候选选项,0,34,0.0,0.0,4,0.0,0.0,True,按实际呈现人数
ITEM-00135,68,敌意,False,非答案候选选项,6,39,0.15384615384615385,15.384615384615385,6,1.0,100.0,False,按实际呈现人数
ITEM-00135,68,愤怒,False,非答案候选选项,9,39,0.23076923076923078,23.076923076923077,10,0.9,90.0,False,按实际呈现人数
ITEM-00135,68,蔑视,False,非答案候选选项,6,39,0.15384615384615385,15.384615384615385,8,0.75,75.0,False,按实际呈现人数
ITEM-00135,68,烦躁,False,非答案候选选项,4,39,0.10256410256410256,10.256410256410255,6,0.6666666666666666,66.66666666666666,False,按实际呈现人数
ITEM-00135,68,不屑,True,标准答案选项,22,39,0.5641025641025641,56.41025641025641,39,0.5641025641025641,56.41025641025641,False,按实际呈现人数
ITEM-00135,68,厌恶,False,非答案候选选项,5,39,0.1282051282051282,12.82051282051282,9,0.5555555555555556,55.55555555555556,False,按实际呈现人数
ITEM-00135,68,紧张,False,非答案候选选项,5,39,0.1282051282051282,12.82051282051282,10,0.5,50.0,False,按实际呈现人数
ITEM-00135,68,惊吓,True,标准答案选项,19,39,0.48717948717948717,48.717948717948715,39,0.48717948717948717,48.717948717948715,False,按实际呈现人数
ITEM-00135,68,担忧,False,非答案候选选项,5,39,0.1282051282051282,12.82051282051282,11,0.45454545454545453,45.45454545454545,False,按实际呈现人数
ITEM-00135,68,恐惧,False,非答案候选选项,3,39,0.07692307692307693,7.6923076923076925,7,0.42857142857142855,42.857142857142854,False,按实际呈现人数
ITEM-00135,68,厌倦,False,非答案候选选项,4,39,0.10256410256410256,10.256410256410255,10,0.4,40.0,False,按实际呈现人数
ITEM-00135,68,失望,False,非答案候选选项,3,39,0.07692307692307693,7.6923076923076925,9,0.3333333333333333,33.33333333333333,False,按实际呈现人数
ITEM-00135,68,委屈,False,非答案候选选项,3,39,0.07692307692307693,7.6923076923076925,10,0.3,30.0,False,按实际呈现人数
ITEM-00135,68,怨恨,False,非答案候选选项,1,39,0.02564102564102564,2.564102564102564,5,0.2,20.0,False,按实际呈现人数
ITEM-00135,68,焦虑,False,非答案候选选项,1,39,0.02564102564102564,2.564102564102564,5,0.2,20.0,False,按实际呈现人数
ITEM-00135,68,自豪,False,非答案候选选项,1,39,0.02564102564102564,2.564102564102564,6,0.16666666666666666,16.666666666666664,False,按实际呈现人数
ITEM-00135,68,共情痛苦,False,非答案候选选项,1,39,0.02564102564102564,2.564102564102564,7,0.14285714285714285,14.285714285714285,False,按实际呈现人数
ITEM-00135,68,惊讶,False,非答案候选选项,1,39,0.02564102564102564,2.564102564102564,7,0.14285714285714285,14.285714285714285,False,按实际呈现人数
ITEM-00135,68,痛苦,False,非答案候选选项,1,39,0.02564102564102564,2.564102564102564,7,0.14285714285714285,14.285714285714285,False,按实际呈现人数
ITEM-00135,68,羞耻,False,非答案候选选项,1,39,0.02564102564102564,2.564102564102564,7,0.14285714285714285,14.285714285714285,False,按实际呈现人数
ITEM-00135,68,兴奋,False,非答案候选选项,0,39,0.0,0.0,4,0.0,0.0,True,按实际呈现人数
ITEM-00135,68,兴趣,False,非答案候选选项,0,39,0.0,0.0,3,0.0,0.0,True,按实际呈现人数
ITEM-00135,68,内疚,False,非答案候选选项,0,39,0.0,0.0,6,0.0,0.0,True,按实际呈现人数
ITEM-00135,68,冷静,False,非答案候选选项,0,39,0.0,0.0,10,0.0,0.0,True,按实际呈现人数
ITEM-00135,68,困惑,False,非答案候选选项,0,39,0.0,0.0,4,0.0,0.0,True,按实际呈现人数
ITEM-00135,68,好奇,False,非答案候选选项,0,39,0.0,0.0,11,0.0,0.0,True,按实际呈现人数
ITEM-00135,68,嫉妒,False,非答案候选选项,0,39,0.0,0.0,8,0.0,0.0,True,按实际呈现人数
ITEM-00135,68,审美欣赏,False,非答案候选选项,0,39,0.0,0.0,6,0.0,0.0,True,按实际呈现人数
ITEM-00135,68,尴尬,False,非答案候选选项,0,39,0.0,0.0,3,0.0,0.0,True,按实际呈现人数
ITEM-00135,68,崇拜,False,非答案候选选项,0,39,0.0,0.0,10,0.0,0.0,True,按实际呈现人数
ITEM-00135,68,希望,False,非答案候选选项,0,39,0.0,0.0,2,0.0,0.0,True,按实际呈现人数
ITEM-00135,68,平静,False,非答案候选选项,0,39,0.0,0.0,5,0.0,0.0,True,按实际呈现人数
ITEM-00135,68,快乐,False,非答案候选选项,0,39,0.0,0.0,4,0.0,0.0,True,按实际呈现人数
ITEM-00135,68,怀旧,False,非答案候选选项,0,39,0.0,0.0,8,0.0,0.0,True,按实际呈现人数
ITEM-00135,68,悲伤,False,非答案候选选项,0,39,0.0,0.0,10,0.0,0.0,True,按实际呈现人数
ITEM-00135,68,惊喜,False,非答案候选选项,0,39,0.0,0.0,5,0.0,0.0,True,按实际呈现人数
ITEM-00135,68,愁闷,False,非答案候选选项,0,39,0.0,0.0,3,0.0,0.0,True,按实际呈现人数
ITEM-00135,68,愉悦,False,非答案候选选项,0,39,0.0,0.0,2,0.0,0.0,True,按实际呈现人数
ITEM-00135,68,感动,False,非答案候选选项,0,39,0.0,0.0,3,0.0,0.0,True,按实际呈现人数
ITEM-00135,68,感激,False,非答案候选选项,0,39,0.0,0.0,5,0.0,0.0,True,按实际呈现人数
ITEM-00135,68,抑郁,False,非答案候选选项,0,39,0.0,0.0,7,0.0,0.0,True,按实际呈现人数
ITEM-00135,68,渴望,False,非答案候选选项,0,39,0.0,0.0,11,0.0,0.0,True,按实际呈现人数
ITEM-00135,68,满足,False,非答案候选选项,0,39,0.0,0.0,3,0.0,0.0,True,按实际呈现人数
ITEM-00135,68,爱,False,非答案候选选项,0,39,0.0,0.0,9,0.0,0.0,True,按实际呈现人数
ITEM-00135,68,绝望,False,非答案候选选项,0,39,0.0,0.0,4,0.0,0.0,True,按实际呈现人数
ITEM-00135,68,羡慕,False,非答案候选选项,0,39,0.0,0.0,5,0.0,0.0,True,按实际呈现人数
ITEM-00135,68,自满,False,非答案候选选项,0,39,0.0,0.0,1,0.0,0.0,True,按实际呈现人数
ITEM-00135,68,轻松,False,非答案候选选项,0,39,0.0,0.0,4,0.0,0.0,True,按实际呈现人数
ITEM-00135,68,遗憾,False,非答案候选选项,0,39,0.0,0.0,8,0.0,0.0,True,按实际呈现人数
ITEM-00135,68,释然,False,非答案候选选项,0,39,0.0,0.0,4,0.0,0.0,True,按实际呈现人数
ITEM-00135,68,震惊,False,非答案候选选项,0,39,0.0,0.0,4,0.0,0.0,True,按实际呈现人数
ITEM-00136,71,烦躁,False,非答案候选选项,1,21,0.047619047619047616,4.761904761904762,1,1.0,100.0,False,按实际呈现人数
ITEM-00136,71,委屈,True,标准答案选项,18,21,0.8571428571428571,85.71428571428571,21,0.8571428571428571,85.71428571428571,False,按实际呈现人数
ITEM-00136,71,绝望,False,非答案候选选项,2,21,0.09523809523809523,9.523809523809524,3,0.6666666666666666,66.66666666666666,False,按实际呈现人数
ITEM-00136,71,失望,False,非答案候选选项,1,21,0.047619047619047616,4.761904761904762,2,0.5,50.0,False,按实际呈现人数
ITEM-00136,71,愤怒,False,非答案候选选项,1,21,0.047619047619047616,4.761904761904762,2,0.5,50.0,False,按实际呈现人数
ITEM-00136,71,敌意,False,非答案候选选项,1,21,0.047619047619047616,4.761904761904762,2,0.5,50.0,False,按实际呈现人数
ITEM-00136,71,蔑视,False,非答案候选选项,3,21,0.14285714285714285,14.285714285714285,6,0.5,50.0,False,按实际呈现人数
ITEM-00136,71,恐惧,True,标准答案选项,10,21,0.47619047619047616,47.61904761904761,21,0.47619047619047616,47.61904761904761,False,按实际呈现人数
ITEM-00136,71,不屑,True,标准答案选项,9,21,0.42857142857142855,42.857142857142854,21,0.42857142857142855,42.857142857142854,False,按实际呈现人数
ITEM-00136,71,悲伤,False,非答案候选选项,2,21,0.09523809523809523,9.523809523809524,5,0.4,40.0,False,按实际呈现人数
ITEM-00136,71,焦虑,False,非答案候选选项,2,21,0.09523809523809523,9.523809523809524,5,0.4,40.0,False,按实际呈现人数
ITEM-00136,71,厌恶,False,非答案候选选项,1,21,0.047619047619047616,4.761904761904762,4,0.25,25.0,False,按实际呈现人数
ITEM-00136,71,困惑,False,非答案候选选项,1,21,0.047619047619047616,4.761904761904762,5,0.2,20.0,False,按实际呈现人数
ITEM-00136,71,自满,False,非答案候选选项,1,21,0.047619047619047616,4.761904761904762,5,0.2,20.0,False,按实际呈现人数
ITEM-00136,71,共情痛苦,False,非答案候选选项,0,21,0.0,0.0,4,0.0,0.0,True,按实际呈现人数
ITEM-00136,71,兴奋,False,非答案候选选项,0,21,0.0,0.0,5,0.0,0.0,True,按实际呈现人数
ITEM-00136,71,兴趣,False,非答案候选选项,0,21,0.0,0.0,2,0.0,0.0,True,按实际呈现人数
ITEM-00136,71,内疚,False,非答案候选选项,0,21,0.0,0.0,3,0.0,0.0,True,按实际呈现人数
ITEM-00136,71,冷静,False,非答案候选选项,0,21,0.0,0.0,4,0.0,0.0,True,按实际呈现人数
ITEM-00136,71,厌倦,False,非答案候选选项,0,21,0.0,0.0,3,0.0,0.0,True,按实际呈现人数
ITEM-00136,71,好奇,False,非答案候选选项,0,21,0.0,0.0,4,0.0,0.0,True,按实际呈现人数
ITEM-00136,71,嫉妒,False,非答案候选选项,0,21,0.0,0.0,3,0.0,0.0,True,按实际呈现人数
ITEM-00136,71,审美欣赏,False,非答案候选选项,0,21,0.0,0.0,4,0.0,0.0,True,按实际呈现人数
ITEM-00136,71,尴尬,False,非答案候选选项,0,21,0.0,0.0,2,0.0,0.0,True,按实际呈现人数
ITEM-00136,71,崇拜,False,非答案候选选项,0,21,0.0,0.0,3,0.0,0.0,True,按实际呈现人数
ITEM-00136,71,希望,False,非答案候选选项,0,21,0.0,0.0,1,0.0,0.0,True,按实际呈现人数
ITEM-00136,71,平静,False,非答案候选选项,0,21,0.0,0.0,2,0.0,0.0,True,按实际呈现人数
ITEM-00136,71,快乐,False,非答案候选选项,0,21,0.0,0.0,2,0.0,0.0,True,按实际呈现人数
ITEM-00136,71,怀旧,False,非答案候选选项,0,21,0.0,0.0,3,0.0,0.0,True,按实际呈现人数
ITEM-00136,71,怨恨,False,非答案候选选项,0,21,0.0,0.0,3,0.0,0.0,True,按实际呈现人数
ITEM-00136,71,惊喜,False,非答案候选选项,0,21,0.0,0.0,3,0.0,0.0,True,按实际呈现人数
ITEM-00136,71,惊讶,False,非答案候选选项,0,21,0.0,0.0,3,0.0,0.0,True,按实际呈现人数
ITEM-00136,71,愁闷,False,非答案候选选项,0,21,0.0,0.0,4,0.0,0.0,True,按实际呈现人数
ITEM-00136,71,愉悦,False,非答案候选选项,0,21,0.0,0.0,3,0.0,0.0,True,按实际呈现人数
ITEM-00136,71,感动,False,非答案候选选项,0,21,0.0,0.0,3,0.0,0.0,True,按实际呈现人数
ITEM-00136,71,感激,False,非答案候选选项,0,21,0.0,0.0,4,0.0,0.0,True,按实际呈现人数
ITEM-00136,71,抑郁,False,非答案候选选项,0,21,0.0,0.0,3,0.0,0.0,True,按实际呈现人数
ITEM-00136,71,渴望,False,非答案候选选项,0,21,0.0,0.0,3,0.0,0.0,True,按实际呈现人数
ITEM-00136,71,满足,False,非答案候选选项,0,21,0.0,0.0,1,0.0,0.0,True,按实际呈现人数
ITEM-00136,71,爱,False,非答案候选选项,0,21,0.0,0.0,4,0.0,0.0,True,按实际呈现人数
ITEM-00136,71,痛苦,False,非答案候选选项,0,21,0.0,0.0,1,0.0,0.0,True,按实际呈现人数
ITEM-00136,71,紧张,False,非答案候选选项,0,21,0.0,0.0,2,0.0,0.0,True,按实际呈现人数
ITEM-00136,71,羞耻,False,非答案候选选项,0,21,0.0,0.0,2,0.0,0.0,True,按实际呈现人数
ITEM-00136,71,羡慕,False,非答案候选选项,0,21,0.0,0.0,6,0.0,0.0,True,按实际呈现人数
ITEM-00136,71,自豪,False,非答案候选选项,0,21,0.0,0.0,4,0.0,0.0,True,按实际呈现人数
ITEM-00136,71,轻松,False,非答案候选选项,0,21,0.0,0.0,4,0.0,0.0,True,按实际呈现人数
ITEM-00136,71,遗憾,False,非答案候选选项,0,21,0.0,0.0,1,0.0,0.0,True,按实际呈现人数
ITEM-00136,71,释然,False,非答案候选选项,0,21,0.0,0.0,4,0.0,0.0,True,按实际呈现人数
ITEM-00136,71,震惊,False,非答案候选选项,0,21,0.0,0.0,4,0.0,0.0,True,按实际呈现人数
ITEM-00137,69,不屑,False,非答案候选选项,5,33,0.15151515151515152,15.151515151515152,5,1.0,100.0,False,按实际呈现人数
ITEM-00137,69,愤怒,True,标准答案选项,28,33,0.8484848484848485,84.84848484848484,33,0.8484848484848485,84.84848484848484,False,按实际呈现人数
ITEM-00137,69,敌意,False,非答案候选选项,5,33,0.15151515151515152,15.151515151515152,6,0.8333333333333334,83.33333333333334,False,按实际呈现人数
ITEM-00137,69,轻视,True,标准答案选项,20,33,0.6060606060606061,60.60606060606061,33,0.6060606060606061,60.60606060606061,False,按实际呈现人数
ITEM-00137,69,蔑视,False,非答案候选选项,3,33,0.09090909090909091,9.090909090909092,5,0.6,60.0,False,按实际呈现人数
ITEM-00137,69,厌恶,False,非答案候选选项,4,33,0.12121212121212122,12.121212121212121,7,0.5714285714285714,57.14285714285714,False,按实际呈现人数
ITEM-00137,69,紧张,False,非答案候选选项,2,33,0.06060606060606061,6.0606060606060606,4,0.5,50.0,False,按实际呈现人数
ITEM-00137,69,厌倦,False,非答案候选选项,2,33,0.06060606060606061,6.0606060606060606,7,0.2857142857142857,28.57142857142857,False,按实际呈现人数
ITEM-00137,69,委屈,False,非答案候选选项,1,33,0.030303030303030304,3.0303030303030303,4,0.25,25.0,False,按实际呈现人数
ITEM-00137,69,惊讶,False,非答案候选选项,1,33,0.030303030303030304,3.0303030303030303,4,0.25,25.0,False,按实际呈现人数
ITEM-00137,69,焦虑,False,非答案候选选项,2,33,0.06060606060606061,6.0606060606060606,8,0.25,25.0,False,按实际呈现人数
ITEM-00137,69,烦躁,False,非答案候选选项,1,33,0.030303030303030304,3.0303030303030303,5,0.2,20.0,False,按实际呈现人数
ITEM-00137,69,担忧,False,非答案候选选项,1,33,0.030303030303030304,3.0303030303030303,6,0.16666666666666666,16.666666666666664,False,按实际呈现人数
ITEM-00137,69,轻松,False,非答案候选选项,1,33,0.030303030303030304,3.0303030303030303,7,0.14285714285714285,14.285714285714285,False,按实际呈现人数
ITEM-00137,69,崇拜,False,非答案候选选项,1,33,0.030303030303030304,3.0303030303030303,8,0.125,12.5,False,按实际呈现人数
ITEM-00137,69,愉悦,False,非答案候选选项,1,33,0.030303030303030304,3.0303030303030303,8,0.125,12.5,False,按实际呈现人数
ITEM-00137,69,自满,False,非答案候选选项,1,33,0.030303030303030304,3.0303030303030303,8,0.125,12.5,False,按实际呈现人数
ITEM-00137,69,共情痛苦,False,非答案候选选项,0,33,0.0,0.0,4,0.0,0.0,True,按实际呈现人数
ITEM-00137,69,兴奋,False,非答案候选选项,0,33,0.0,0.0,2,0.0,0.0,True,按实际呈现人数
ITEM-00137,69,兴趣,False,非答案候选选项,0,33,0.0,0.0,8,0.0,0.0,True,按实际呈现人数
ITEM-00137,69,内疚,False,非答案候选选项,0,33,0.0,0.0,5,0.0,0.0,True,按实际呈现人数
ITEM-00137,69,冷静,False,非答案候选选项,0,33,0.0,0.0,5,0.0,0.0,True,按实际呈现人数
ITEM-00137,69,困惑,False,非答案候选选项,0,33,0.0,0.0,3,0.0,0.0,True,按实际呈现人数
ITEM-00137,69,失望,False,非答案候选选项,0,33,0.0,0.0,2,0.0,0.0,True,按实际呈现人数
ITEM-00137,69,好奇,False,非答案候选选项,0,33,0.0,0.0,7,0.0,0.0,True,按实际呈现人数
ITEM-00137,69,嫉妒,False,非答案候选选项,0,33,0.0,0.0,5,0.0,0.0,True,按实际呈现人数
ITEM-00137,69,审美欣赏,False,非答案候选选项,0,33,0.0,0.0,4,0.0,0.0,True,按实际呈现人数
ITEM-00137,69,尴尬,False,非答案候选选项,0,33,0.0,0.0,4,0.0,0.0,True,按实际呈现人数
ITEM-00137,69,希望,False,非答案候选选项,0,33,0.0,0.0,3,0.0,0.0,True,按实际呈现人数
ITEM-00137,69,平静,False,非答案候选选项,0,33,0.0,0.0,5,0.0,0.0,True,按实际呈现人数
ITEM-00137,69,快乐,False,非答案候选选项,0,33,0.0,0.0,2,0.0,0.0,True,按实际呈现人数
ITEM-00137,69,怀旧,False,非答案候选选项,0,33,0.0,0.0,8,0.0,0.0,True,按实际呈现人数
ITEM-00137,69,怨恨,False,非答案候选选项,0,33,0.0,0.0,3,0.0,0.0,True,按实际呈现人数
ITEM-00137,69,恐惧,False,非答案候选选项,0,33,0.0,0.0,8,0.0,0.0,True,按实际呈现人数
ITEM-00137,69,悲伤,False,非答案候选选项,0,33,0.0,0.0,6,0.0,0.0,True,按实际呈现人数
ITEM-00137,69,惊喜,False,非答案候选选项,0,33,0.0,0.0,5,0.0,0.0,True,按实际呈现人数
ITEM-00137,69,愁闷,False,非答案候选选项,0,33,0.0,0.0,5,0.0,0.0,True,按实际呈现人数
ITEM-00137,69,感动,False,非答案候选选项,0,33,0.0,0.0,7,0.0,0.0,True,按实际呈现人数
ITEM-00137,69,感激,False,非答案候选选项,0,33,0.0,0.0,5,0.0,0.0,True,按实际呈现人数
ITEM-00137,69,抑郁,False,非答案候选选项,0,33,0.0,0.0,5,0.0,0.0,True,按实际呈现人数
ITEM-00137,69,渴望,False,非答案候选选项,0,33,0.0,0.0,6,0.0,0.0,True,按实际呈现人数
ITEM-00137,69,满足,False,非答案候选选项,0,33,0.0,0.0,6,0.0,0.0,True,按实际呈现人数
ITEM-00137,69,爱,False,非答案候选选项,0,33,0.0,0.0,8,0.0,0.0,True,按实际呈现人数
ITEM-00137,69,痛苦,False,非答案候选选项,0,33,0.0,0.0,6,0.0,0.0,True,按实际呈现人数
ITEM-00137,69,绝望,False,非答案候选选项,0,33,0.0,0.0,5,0.0,0.0,True,按实际呈现人数
ITEM-00137,69,羞耻,False,非答案候选选项,0,33,0.0,0.0,3,0.0,0.0,True,按实际呈现人数
ITEM-00137,69,羡慕,False,非答案候选选项,0,33,0.0,0.0,4,0.0,0.0,True,按实际呈现人数
ITEM-00137,69,自豪,False,非答案候选选项,0,33,0.0,0.0,4,0.0,0.0,True,按实际呈现人数
ITEM-00137,69,遗憾,False,非答案候选选项,0,33,0.0,0.0,4,0.0,0.0,True,按实际呈现人数
ITEM-00137,69,释然,False,非答案候选选项,0,33,0.0,0.0,12,0.0,0.0,True,按实际呈现人数
ITEM-00137,69,震惊,False,非答案候选选项,0,33,0.0,0.0,3,0.0,0.0,True,按实际呈现人数
ITEM-00138,22,释然,False,非答案候选选项,2,37,0.05405405405405406,5.405405405405405,2,1.0,100.0,False,按实际呈现人数
ITEM-00138,22,悲伤,False,非答案候选选项,5,37,0.13513513513513514,13.513513513513514,6,0.8333333333333334,83.33333333333334,False,按实际呈现人数
ITEM-00138,22,平静,False,非答案候选选项,5,37,0.13513513513513514,13.513513513513514,7,0.7142857142857143,71.42857142857143,False,按实际呈现人数
ITEM-00138,22,冷静,False,非答案候选选项,2,37,0.05405405405405406,5.405405405405405,4,0.5,50.0,False,按实际呈现人数
ITEM-00138,22,遗憾,False,非答案候选选项,3,37,0.08108108108108109,8.108108108108109,6,0.5,50.0,False,按实际呈现人数
ITEM-00138,22,厌倦,False,非答案候选选项,3,37,0.08108108108108109,8.108108108108109,7,0.42857142857142855,42.857142857142854,False,按实际呈现人数
ITEM-00138,22,失望,False,非答案候选选项,3,37,0.08108108108108109,8.108108108108109,7,0.42857142857142855,42.857142857142854,False,按实际呈现人数
ITEM-00138,22,可惜,True,标准答案选项,15,37,0.40540540540540543,40.54054054054054,37,0.40540540540540543,40.54054054054054,False,按实际呈现人数
ITEM-00138,22,内疚,False,非答案候选选项,2,37,0.05405405405405406,5.405405405405405,6,0.3333333333333333,33.33333333333333,False,按实际呈现人数
ITEM-00138,22,感激,False,非答案候选选项,2,37,0.05405405405405406,5.405405405405405,6,0.3333333333333333,33.33333333333333,False,按实际呈现人数
ITEM-00138,22,轻松,False,非答案候选选项,2,37,0.05405405405405406,5.405405405405405,6,0.3333333333333333,33.33333333333333,False,按实际呈现人数
ITEM-00138,22,共情痛苦,False,非答案候选选项,3,37,0.08108108108108109,8.108108108108109,10,0.3,30.0,False,按实际呈现人数
ITEM-00138,22,愁闷,False,非答案候选选项,2,37,0.05405405405405406,5.405405405405405,7,0.2857142857142857,28.57142857142857,False,按实际呈现人数
ITEM-00138,22,烦躁,False,非答案候选选项,2,37,0.05405405405405406,5.405405405405405,7,0.2857142857142857,28.57142857142857,False,按实际呈现人数
ITEM-00138,22,担忧,False,非答案候选选项,1,37,0.02702702702702703,2.7027027027027026,4,0.25,25.0,False,按实际呈现人数
ITEM-00138,22,感动,False,非答案候选选项,1,37,0.02702702702702703,2.7027027027027026,5,0.2,20.0,False,按实际呈现人数
ITEM-00138,22,满足,False,非答案候选选项,1,37,0.02702702702702703,2.7027027027027026,5,0.2,20.0,False,按实际呈现人数
ITEM-00138,22,蔑视,False,非答案候选选项,1,37,0.02702702702702703,2.7027027027027026,5,0.2,20.0,False,按实际呈现人数
ITEM-00138,22,震惊,False,非答案候选选项,1,37,0.02702702702702703,2.7027027027027026,5,0.2,20.0,False,按实际呈现人数
ITEM-00138,22,审美欣赏,False,非答案候选选项,1,37,0.02702702702702703,2.7027027027027026,6,0.16666666666666666,16.666666666666664,False,按实际呈现人数
ITEM-00138,22,自豪,False,非答案候选选项,1,37,0.02702702702702703,2.7027027027027026,6,0.16666666666666666,16.666666666666664,False,按实际呈现人数
ITEM-00138,22,不屑,True,标准答案选项,6,37,0.16216216216216217,16.216216216216218,37,0.16216216216216217,16.216216216216218,False,按实际呈现人数
ITEM-00138,22,愉悦,False,非答案候选选项,1,37,0.02702702702702703,2.7027027027027026,7,0.14285714285714285,14.285714285714285,False,按实际呈现人数
ITEM-00138,22,厌恶,False,非答案候选选项,1,37,0.02702702702702703,2.7027027027027026,8,0.125,12.5,False,按实际呈现人数
ITEM-00138,22,痛苦,False,非答案候选选项,1,37,0.02702702702702703,2.7027027027027026,8,0.125,12.5,False,按实际呈现人数
ITEM-00138,22,尴尬,False,非答案候选选项,1,37,0.02702702702702703,2.7027027027027026,10,0.1,10.0,False,按实际呈现人数
ITEM-00138,22,快乐,False,非答案候选选项,1,37,0.02702702702702703,2.7027027027027026,10,0.1,10.0,False,按实际呈现人数
ITEM-00138,22,兴奋,False,非答案候选选项,0,37,0.0,0.0,12,0.0,0.0,True,按实际呈现人数
ITEM-00138,22,兴趣,False,非答案候选选项,0,37,0.0,0.0,6,0.0,0.0,True,按实际呈现人数
ITEM-00138,22,困惑,False,非答案候选选项,0,37,0.0,0.0,4,0.0,0.0,True,按实际呈现人数
ITEM-00138,22,好奇,False,非答案候选选项,0,37,0.0,0.0,7,0.0,0.0,True,按实际呈现人数
ITEM-00138,22,委屈,False,非答案候选选项,0,37,0.0,0.0,4,0.0,0.0,True,按实际呈现人数
ITEM-00138,22,嫉妒,False,非答案候选选项,0,37,0.0,0.0,6,0.0,0.0,True,按实际呈现人数
ITEM-00138,22,崇拜,False,非答案候选选项,0,37,0.0,0.0,6,0.0,0.0,True,按实际呈现人数
ITEM-00138,22,希望,False,非答案候选选项,0,37,0.0,0.0,6,0.0,0.0,True,按实际呈现人数
ITEM-00138,22,怀旧,False,非答案候选选项,0,37,0.0,0.0,2,0.0,0.0,True,按实际呈现人数
ITEM-00138,22,怨恨,False,非答案候选选项,0,37,0.0,0.0,6,0.0,0.0,True,按实际呈现人数
ITEM-00138,22,恐惧,False,非答案候选选项,0,37,0.0,0.0,8,0.0,0.0,True,按实际呈现人数
ITEM-00138,22,惊喜,False,非答案候选选项,0,37,0.0,0.0,8,0.0,0.0,True,按实际呈现人数
ITEM-00138,22,惊讶,False,非答案候选选项,0,37,0.0,0.0,7,0.0,0.0,True,按实际呈现人数
ITEM-00138,22,愤怒,False,非答案候选选项,0,37,0.0,0.0,3,0.0,0.0,True,按实际呈现人数
ITEM-00138,22,抑郁,False,非答案候选选项,0,37,0.0,0.0,4,0.0,0.0,True,按实际呈现人数
ITEM-00138,22,敌意,False,非答案候选选项,0,37,0.0,0.0,6,0.0,0.0,True,按实际呈现人数
ITEM-00138,22,渴望,False,非答案候选选项,0,37,0.0,0.0,2,0.0,0.0,True,按实际呈现人数
ITEM-00138,22,焦虑,False,非答案候选选项,0,37,0.0,0.0,6,0.0,0.0,True,按实际呈现人数
ITEM-00138,22,爱,False,非答案候选选项,0,37,0.0,0.0,5,0.0,0.0,True,按实际呈现人数
ITEM-00138,22,紧张,False,非答案候选选项,0,37,0.0,0.0,5,0.0,0.0,True,按实际呈现人数
ITEM-00138,22,绝望,False,非答案候选选项,0,37,0.0,0.0,8,0.0,0.0,True,按实际呈现人数
ITEM-00138,22,羞耻,False,非答案候选选项,0,37,0.0,0.0,2,0.0,0.0,True,按实际呈现人数
ITEM-00138,22,羡慕,False,非答案候选选项,0,37,0.0,0.0,7,0.0,0.0,True,按实际呈现人数
ITEM-00138,22,自满,False,非答案候选选项,0,37,0.0,0.0,6,0.0,0.0,True,按实际呈现人数
ITEM-00139,37,敬畏,True,标准答案选项,41,64,0.640625,64.0625,64,0.640625,64.0625,False,按实际呈现人数
ITEM-00139,37,紧张,False,非答案候选选项,6,64,0.09375,9.375,12,0.5,50.0,False,按实际呈现人数
ITEM-00139,37,兴趣,False,非答案候选选项,4,64,0.0625,6.25,11,0.36363636363636365,36.36363636363637,False,按实际呈现人数
ITEM-00139,37,惊讶,False,非答案候选选项,5,64,0.078125,7.8125,14,0.35714285714285715,35.714285714285715,False,按实际呈现人数
ITEM-00139,37,愉悦,False,非答案候选选项,2,64,0.03125,3.125,6,0.3333333333333333,33.33333333333333,False,按实际呈现人数
ITEM-00139,37,自满,False,非答案候选选项,2,64,0.03125,3.125,6,0.3333333333333333,33.33333333333333,False,按实际呈现人数
ITEM-00139,37,蔑视,False,非答案候选选项,3,64,0.046875,4.6875,10,0.3,30.0,False,按实际呈现人数
ITEM-00139,37,崇拜,False,非答案候选选项,2,64,0.03125,3.125,7,0.2857142857142857,28.57142857142857,False,按实际呈现人数
ITEM-00139,37,渴望,False,非答案候选选项,3,64,0.046875,4.6875,11,0.2727272727272727,27.27272727272727,False,按实际呈现人数
ITEM-00139,37,尴尬,False,非答案候选选项,3,64,0.046875,4.6875,12,0.25,25.0,False,按实际呈现人数
ITEM-00139,37,希望,False,非答案候选选项,3,64,0.046875,4.6875,13,0.23076923076923078,23.076923076923077,False,按实际呈现人数
ITEM-00139,37,平静,False,非答案候选选项,2,64,0.03125,3.125,10,0.2,20.0,False,按实际呈现人数
ITEM-00139,37,满足,False,非答案候选选项,2,64,0.03125,3.125,10,0.2,20.0,False,按实际呈现人数
ITEM-00139,37,焦虑,True,标准答案选项,11,64,0.171875,17.1875,64,0.171875,17.1875,False,按实际呈现人数
ITEM-00139,37,不屑,False,非答案候选选项,2,64,0.03125,3.125,14,0.14285714285714285,14.285714285714285,False,按实际呈现人数
ITEM-00139,37,好奇,False,非答案候选选项,2,64,0.03125,3.125,14,0.14285714285714285,14.285714285714285,False,按实际呈现人数
ITEM-00139,37,震惊,False,非答案候选选项,2,64,0.03125,3.125,14,0.14285714285714285,14.285714285714285,False,按实际呈现人数
ITEM-00139,37,怨恨,False,非答案候选选项,1,64,0.015625,1.5625,8,0.125,12.5,False,按实际呈现人数
ITEM-00139,37,恐惧,False,非答案候选选项,1,64,0.015625,1.5625,8,0.125,12.5,False,按实际呈现人数
ITEM-00139,37,愁闷,False,非答案候选选项,1,64,0.015625,1.5625,8,0.125,12.5,False,按实际呈现人数
ITEM-00139,37,担忧,False,非答案候选选项,1,64,0.015625,1.5625,8,0.125,12.5,False,按实际呈现人数
ITEM-00139,37,困惑,False,非答案候选选项,1,64,0.015625,1.5625,9,0.1111111111111111,11.11111111111111,False,按实际呈现人数
ITEM-00139,37,兴奋,False,非答案候选选项,1,64,0.015625,1.5625,10,0.1,10.0,False,按实际呈现人数
ITEM-00139,37,嫉妒,False,非答案候选选项,1,64,0.015625,1.5625,10,0.1,10.0,False,按实际呈现人数
ITEM-00139,37,惊喜,False,非答案候选选项,1,64,0.015625,1.5625,10,0.1,10.0,False,按实际呈现人数
ITEM-00139,37,快乐,False,非答案候选选项,1,64,0.015625,1.5625,11,0.09090909090909091,9.090909090909092,False,按实际呈现人数
ITEM-00139,37,委屈,False,非答案候选选项,1,64,0.015625,1.5625,12,0.08333333333333333,8.333333333333332,False,按实际呈现人数
ITEM-00139,37,审美欣赏,False,非答案候选选项,1,64,0.015625,1.5625,12,0.08333333333333333,8.333333333333332,False,按实际呈现人数
ITEM-00139,37,自豪,False,非答案候选选项,1,64,0.015625,1.5625,12,0.08333333333333333,8.333333333333332,False,按实际呈现人数
ITEM-00139,37,冷静,False,非答案候选选项,1,64,0.015625,1.5625,14,0.07142857142857142,7.142857142857142,False,按实际呈现人数
ITEM-00139,37,敌意,False,非答案候选选项,1,64,0.015625,1.5625,14,0.07142857142857142,7.142857142857142,False,按实际呈现人数
ITEM-00139,37,共情痛苦,False,非答案候选选项,0,64,0.0,0.0,7,0.0,0.0,True,按实际呈现人数
ITEM-00139,37,内疚,False,非答案候选选项,0,64,0.0,0.0,11,0.0,0.0,True,按实际呈现人数
ITEM-00139,37,厌倦,False,非答案候选选项,0,64,0.0,0.0,5,0.0,0.0,True,按实际呈现人数
ITEM-00139,37,厌恶,False,非答案候选选项,0,64,0.0,0.0,5,0.0,0.0,True,按实际呈现人数
ITEM-00139,37,失望,False,非答案候选选项,0,64,0.0,0.0,11,0.0,0.0,True,按实际呈现人数
ITEM-00139,37,怀旧,False,非答案候选选项,0,64,0.0,0.0,14,0.0,0.0,True,按实际呈现人数
ITEM-00139,37,悲伤,False,非答案候选选项,0,64,0.0,0.0,12,0.0,0.0,True,按实际呈现人数
ITEM-00139,37,感动,False,非答案候选选项,0,64,0.0,0.0,17,0.0,0.0,True,按实际呈现人数
ITEM-00139,37,感激,False,非答案候选选项,0,64,0.0,0.0,9,0.0,0.0,True,按实际呈现人数
ITEM-00139,37,愤怒,False,非答案候选选项,0,64,0.0,0.0,18,0.0,0.0,True,按实际呈现人数
ITEM-00139,37,抑郁,False,非答案候选选项,0,64,0.0,0.0,9,0.0,0.0,True,按实际呈现人数
ITEM-00139,37,烦躁,False,非答案候选选项,0,64,0.0,0.0,11,0.0,0.0,True,按实际呈现人数
ITEM-00139,37,爱,False,非答案候选选项,0,64,0.0,0.0,6,0.0,0.0,True,按实际呈现人数
ITEM-00139,37,痛苦,False,非答案候选选项,0,64,0.0,0.0,11,0.0,0.0,True,按实际呈现人数
ITEM-00139,37,绝望,False,非答案候选选项,0,64,0.0,0.0,11,0.0,0.0,True,按实际呈现人数
ITEM-00139,37,羞耻,False,非答案候选选项,0,64,0.0,0.0,8,0.0,0.0,True,按实际呈现人数
ITEM-00139,37,羡慕,False,非答案候选选项,0,64,0.0,0.0,12,0.0,0.0,True,按实际呈现人数
ITEM-00139,37,轻松,False,非答案候选选项,0,64,0.0,0.0,5,0.0,0.0,True,按实际呈现人数
ITEM-00139,37,遗憾,False,非答案候选选项,0,64,0.0,0.0,7,0.0,0.0,True,按实际呈现人数
ITEM-00139,37,释然,False,非答案候选选项,0,64,0.0,0.0,13,0.0,0.0,True,按实际呈现人数
ITEM-00140,63,惊喜,True,标准答案选项,39,48,0.8125,81.25,48,0.8125,81.25,False,按实际呈现人数
ITEM-00140,63,好奇,False,非答案候选选项,9,48,0.1875,18.75,12,0.75,75.0,False,按实际呈现人数
ITEM-00140,63,希望,False,非答案候选选项,6,48,0.125,12.5,10,0.6,60.0,False,按实际呈现人数
ITEM-00140,63,兴趣,False,非答案候选选项,7,48,0.14583333333333334,14.583333333333334,12,0.5833333333333334,58.333333333333336,False,按实际呈现人数
ITEM-00140,63,兴奋,True,标准答案选项,25,48,0.5208333333333334,52.083333333333336,48,0.5208333333333334,52.083333333333336,False,按实际呈现人数
ITEM-00140,63,审美欣赏,False,非答案候选选项,4,48,0.08333333333333333,8.333333333333332,10,0.4,40.0,False,按实际呈现人数
ITEM-00140,63,愉悦,False,非答案候选选项,3,48,0.0625,6.25,8,0.375,37.5,False,按实际呈现人数
ITEM-00140,63,自豪,False,非答案候选选项,3,48,0.0625,6.25,10,0.3,30.0,False,按实际呈现人数
ITEM-00140,63,惊讶,False,非答案候选选项,1,48,0.020833333333333332,2.083333333333333,4,0.25,25.0,False,按实际呈现人数
ITEM-00140,63,平静,False,非答案候选选项,2,48,0.041666666666666664,4.166666666666666,9,0.2222222222222222,22.22222222222222,False,按实际呈现人数
ITEM-00140,63,共情痛苦,False,非答案候选选项,1,48,0.020833333333333332,2.083333333333333,5,0.2,20.0,False,按实际呈现人数
ITEM-00140,63,爱,False,非答案候选选项,2,48,0.041666666666666664,4.166666666666666,10,0.2,20.0,False,按实际呈现人数
ITEM-00140,63,轻松,False,非答案候选选项,2,48,0.041666666666666664,4.166666666666666,10,0.2,20.0,False,按实际呈现人数
ITEM-00140,63,担忧,False,非答案候选选项,1,48,0.020833333333333332,2.083333333333333,7,0.14285714285714285,14.285714285714285,False,按实际呈现人数
ITEM-00140,63,满足,False,非答案候选选项,1,48,0.020833333333333332,2.083333333333333,7,0.14285714285714285,14.285714285714285,False,按实际呈现人数
ITEM-00140,63,感激,False,非答案候选选项,1,48,0.020833333333333332,2.083333333333333,10,0.1,10.0,False,按实际呈现人数
ITEM-00140,63,崇拜,False,非答案候选选项,1,48,0.020833333333333332,2.083333333333333,11,0.09090909090909091,9.090909090909092,False,按实际呈现人数
ITEM-00140,63,蔑视,False,非答案候选选项,1,48,0.020833333333333332,2.083333333333333,11,0.09090909090909091,9.090909090909092,False,按实际呈现人数
ITEM-00140,63,怀旧,False,非答案候选选项,1,48,0.020833333333333332,2.083333333333333,12,0.08333333333333333,8.333333333333332,False,按实际呈现人数
ITEM-00140,63,不屑,False,非答案候选选项,0,48,0.0,0.0,5,0.0,0.0,True,按实际呈现人数
ITEM-00140,63,内疚,False,非答案候选选项,0,48,0.0,0.0,6,0.0,0.0,True,按实际呈现人数
ITEM-00140,63,冷静,False,非答案候选选项,0,48,0.0,0.0,13,0.0,0.0,True,按实际呈现人数
ITEM-00140,63,厌倦,False,非答案候选选项,0,48,0.0,0.0,7,0.0,0.0,True,按实际呈现人数
ITEM-00140,63,厌恶,False,非答案候选选项,0,48,0.0,0.0,8,0.0,0.0,True,按实际呈现人数
ITEM-00140,63,困惑,False,非答案候选选项,0,48,0.0,0.0,5,0.0,0.0,True,按实际呈现人数
ITEM-00140,63,失望,False,非答案候选选项,0,48,0.0,0.0,10,0.0,0.0,True,按实际呈现人数
ITEM-00140,63,委屈,False,非答案候选选项,0,48,0.0,0.0,5,0.0,0.0,True,按实际呈现人数
ITEM-00140,63,嫉妒,False,非答案候选选项,0,48,0.0,0.0,10,0.0,0.0,True,按实际呈现人数
ITEM-00140,63,尴尬,False,非答案候选选项,0,48,0.0,0.0,6,0.0,0.0,True,按实际呈现人数
ITEM-00140,63,快乐,False,非答案候选选项,0,48,0.0,0.0,7,0.0,0.0,True,按实际呈现人数
ITEM-00140,63,怨恨,False,非答案候选选项,0,48,0.0,0.0,8,0.0,0.0,True,按实际呈现人数
ITEM-00140,63,恐惧,False,非答案候选选项,0,48,0.0,0.0,9,0.0,0.0,True,按实际呈现人数
ITEM-00140,63,悲伤,False,非答案候选选项,0,48,0.0,0.0,4,0.0,0.0,True,按实际呈现人数
ITEM-00140,63,愁闷,False,非答案候选选项,0,48,0.0,0.0,6,0.0,0.0,True,按实际呈现人数
ITEM-00140,63,感动,False,非答案候选选项,0,48,0.0,0.0,7,0.0,0.0,True,按实际呈现人数
ITEM-00140,63,愤怒,False,非答案候选选项,0,48,0.0,0.0,6,0.0,0.0,True,按实际呈现人数
ITEM-00140,63,抑郁,False,非答案候选选项,0,48,0.0,0.0,6,0.0,0.0,True,按实际呈现人数
ITEM-00140,63,敌意,False,非答案候选选项,0,48,0.0,0.0,5,0.0,0.0,True,按实际呈现人数
ITEM-00140,63,渴望,False,非答案候选选项,0,48,0.0,0.0,7,0.0,0.0,True,按实际呈现人数
ITEM-00140,63,烦躁,False,非答案候选选项,0,48,0.0,0.0,9,0.0,0.0,True,按实际呈现人数
ITEM-00140,63,焦虑,False,非答案候选选项,0,48,0.0,0.0,7,0.0,0.0,True,按实际呈现人数
ITEM-00140,63,痛苦,False,非答案候选选项,0,48,0.0,0.0,14,0.0,0.0,True,按实际呈现人数
ITEM-00140,63,紧张,False,非答案候选选项,0,48,0.0,0.0,8,0.0,0.0,True,按实际呈现人数
ITEM-00140,63,绝望,False,非答案候选选项,0,48,0.0,0.0,7,0.0,0.0,True,按实际呈现人数
ITEM-00140,63,羞耻,False,非答案候选选项,0,48,0.0,0.0,6,0.0,0.0,True,按实际呈现人数
ITEM-00140,63,羡慕,False,非答案候选选项,0,48,0.0,0.0,7,0.0,0.0,True,按实际呈现人数
ITEM-00140,63,自满,False,非答案候选选项,0,48,0.0,0.0,6,0.0,0.0,True,按实际呈现人数
ITEM-00140,63,遗憾,False,非答案候选选项,0,48,0.0,0.0,9,0.0,0.0,True,按实际呈现人数
ITEM-00140,63,释然,False,非答案候选选项,0,48,0.0,0.0,9,0.0,0.0,True,按实际呈现人数
ITEM-00140,63,震惊,False,非答案候选选项,0,48,0.0,0.0,4,0.0,0.0,True,按实际呈现人数
ITEM-00141,67,愤怒,True,标准答案选项,37,48,0.7708333333333334,77.08333333333334,48,0.7708333333333334,77.08333333333334,False,按实际呈现人数
ITEM-00141,67,厌恶,False,非答案候选选项,3,48,0.0625,6.25,5,0.6,60.0,False,按实际呈现人数
ITEM-00141,67,敌意,False,非答案候选选项,6,48,0.125,12.5,10,0.6,60.0,False,按实际呈现人数
ITEM-00141,67,震惊,False,非答案候选选项,4,48,0.08333333333333333,8.333333333333332,7,0.5714285714285714,57.14285714285714,False,按实际呈现人数
ITEM-00141,67,羞耻,False,非答案候选选项,3,48,0.0625,6.25,7,0.42857142857142855,42.857142857142854,False,按实际呈现人数
ITEM-00141,67,惊讶,True,标准答案选项,16,48,0.3333333333333333,33.33333333333333,48,0.3333333333333333,33.33333333333333,False,按实际呈现人数
ITEM-00141,67,困惑,False,非答案候选选项,2,48,0.041666666666666664,4.166666666666666,8,0.25,25.0,False,按实际呈现人数
ITEM-00141,67,怨恨,False,非答案候选选项,3,48,0.0625,6.25,13,0.23076923076923078,23.076923076923077,False,按实际呈现人数
ITEM-00141,67,尴尬,False,非答案候选选项,2,48,0.041666666666666664,4.166666666666666,9,0.2222222222222222,22.22222222222222,False,按实际呈现人数
ITEM-00141,67,审美欣赏,False,非答案候选选项,2,48,0.041666666666666664,4.166666666666666,10,0.2,20.0,False,按实际呈现人数
ITEM-00141,67,自满,False,非答案候选选项,2,48,0.041666666666666664,4.166666666666666,10,0.2,20.0,False,按实际呈现人数
ITEM-00141,67,蔑视,False,非答案候选选项,2,48,0.041666666666666664,4.166666666666666,10,0.2,20.0,False,按实际呈现人数
ITEM-00141,67,愁闷,False,非答案候选选项,2,48,0.041666666666666664,4.166666666666666,11,0.18181818181818182,18.181818181818183,False,按实际呈现人数
ITEM-00141,67,焦虑,False,非答案候选选项,2,48,0.041666666666666664,4.166666666666666,11,0.18181818181818182,18.181818181818183,False,按实际呈现人数
ITEM-00141,67,不屑,False,非答案候选选项,1,48,0.020833333333333332,2.083333333333333,7,0.14285714285714285,14.285714285714285,False,按实际呈现人数
ITEM-00141,67,兴趣,False,非答案候选选项,1,48,0.020833333333333332,2.083333333333333,7,0.14285714285714285,14.285714285714285,False,按实际呈现人数
ITEM-00141,67,委屈,False,非答案候选选项,2,48,0.041666666666666664,4.166666666666666,14,0.14285714285714285,14.285714285714285,False,按实际呈现人数
ITEM-00141,67,嫉妒,False,非答案候选选项,1,48,0.020833333333333332,2.083333333333333,7,0.14285714285714285,14.285714285714285,False,按实际呈现人数
ITEM-00141,67,遗憾,False,非答案候选选项,1,48,0.020833333333333332,2.083333333333333,7,0.14285714285714285,14.285714285714285,False,按实际呈现人数
ITEM-00141,67,兴奋,False,非答案候选选项,1,48,0.020833333333333332,2.083333333333333,8,0.125,12.5,False,按实际呈现人数
ITEM-00141,67,失望,False,非答案候选选项,1,48,0.020833333333333332,2.083333333333333,8,0.125,12.5,False,按实际呈现人数
ITEM-00141,67,好奇,False,非答案候选选项,1,48,0.020833333333333332,2.083333333333333,8,0.125,12.5,False,按实际呈现人数
ITEM-00141,67,烦躁,False,非答案候选选项,1,48,0.020833333333333332,2.083333333333333,8,0.125,12.5,False,按实际呈现人数
ITEM-00141,67,痛苦,False,非答案候选选项,1,48,0.020833333333333332,2.083333333333333,14,0.07142857142857142,7.142857142857142,False,按实际呈现人数
ITEM-00141,67,共情痛苦,False,非答案候选选项,0,48,0.0,0.0,9,0.0,0.0,True,按实际呈现人数
ITEM-00141,67,内疚,False,非答案候选选项,0,48,0.0,0.0,6,0.0,0.0,True,按实际呈现人数
ITEM-00141,67,冷静,False,非答案候选选项,0,48,0.0,0.0,4,0.0,0.0,True,按实际呈现人数
ITEM-00141,67,厌倦,False,非答案候选选项,0,48,0.0,0.0,8,0.0,0.0,True,按实际呈现人数
ITEM-00141,67,崇拜,False,非答案候选选项,0,48,0.0,0.0,6,0.0,0.0,True,按实际呈现人数
ITEM-00141,67,希望,False,非答案候选选项,0,48,0.0,0.0,6,0.0,0.0,True,按实际呈现人数
ITEM-00141,67,平静,False,非答案候选选项,0,48,0.0,0.0,7,0.0,0.0,True,按实际呈现人数
ITEM-00141,67,快乐,False,非答案候选选项,0,48,0.0,0.0,7,0.0,0.0,True,按实际呈现人数
ITEM-00141,67,怀旧,False,非答案候选选项,0,48,0.0,0.0,9,0.0,0.0,True,按实际呈现人数
ITEM-00141,67,恐惧,False,非答案候选选项,0,48,0.0,0.0,6,0.0,0.0,True,按实际呈现人数
ITEM-00141,67,悲伤,False,非答案候选选项,0,48,0.0,0.0,10,0.0,0.0,True,按实际呈现人数
ITEM-00141,67,惊喜,False,非答案候选选项,0,48,0.0,0.0,7,0.0,0.0,True,按实际呈现人数
ITEM-00141,67,愉悦,False,非答案候选选项,0,48,0.0,0.0,6,0.0,0.0,True,按实际呈现人数
ITEM-00141,67,感动,False,非答案候选选项,0,48,0.0,0.0,12,0.0,0.0,True,按实际呈现人数
ITEM-00141,67,感激,False,非答案候选选项,0,48,0.0,0.0,10,0.0,0.0,True,按实际呈现人数
ITEM-00141,67,抑郁,False,非答案候选选项,0,48,0.0,0.0,8,0.0,0.0,True,按实际呈现人数
ITEM-00141,67,担忧,False,非答案候选选项,0,48,0.0,0.0,6,0.0,0.0,True,按实际呈现人数
ITEM-00141,67,渴望,False,非答案候选选项,0,48,0.0,0.0,8,0.0,0.0,True,按实际呈现人数
ITEM-00141,67,满足,False,非答案候选选项,0,48,0.0,0.0,8,0.0,0.0,True,按实际呈现人数
ITEM-00141,67,爱,False,非答案候选选项,0,48,0.0,0.0,5,0.0,0.0,True,按实际呈现人数
ITEM-00141,67,紧张,False,非答案候选选项,0,48,0.0,0.0,9,0.0,0.0,True,按实际呈现人数
ITEM-00141,67,绝望,False,非答案候选选项,0,48,0.0,0.0,8,0.0,0.0,True,按实际呈现人数
ITEM-00141,67,羡慕,False,非答案候选选项,0,48,0.0,0.0,5,0.0,0.0,True,按实际呈现人数
ITEM-00141,67,自豪,False,非答案候选选项,0,48,0.0,0.0,6,0.0,0.0,True,按实际呈现人数
ITEM-00141,67,轻松,False,非答案候选选项,0,48,0.0,0.0,4,0.0,0.0,True,按实际呈现人数
ITEM-00141,67,释然,False,非答案候选选项,0,48,0.0,0.0,5,0.0,0.0,True,按实际呈现人数
ITEM-00142,68,尴尬,False,非答案候选选项,2,33,0.06060606060606061,6.0606060606060606,3,0.6666666666666666,66.66666666666666,False,按实际呈现人数
ITEM-00142,68,愤怒,False,非答案候选选项,2,33,0.06060606060606061,6.0606060606060606,3,0.6666666666666666,66.66666666666666,False,按实际呈现人数
ITEM-00142,68,烦躁,False,非答案候选选项,2,33,0.06060606060606061,6.0606060606060606,5,0.4,40.0,False,按实际呈现人数
ITEM-00142,68,敌意,True,标准答案选项,13,33,0.3939393939393939,39.39393939393939,33,0.3939393939393939,39.39393939393939,False,按实际呈现人数
ITEM-00142,68,厌恶,False,非答案候选选项,2,33,0.06060606060606061,6.0606060606060606,7,0.2857142857142857,28.57142857142857,False,按实际呈现人数
ITEM-00142,68,紧张,False,非答案候选选项,1,33,0.030303030303030304,3.0303030303030303,4,0.25,25.0,False,按实际呈现人数
ITEM-00142,68,兴趣,False,非答案候选选项,1,33,0.030303030303030304,3.0303030303030303,5,0.2,20.0,False,按实际呈现人数
ITEM-00142,68,内疚,False,非答案候选选项,1,33,0.030303030303030304,3.0303030303030303,5,0.2,20.0,False,按实际呈现人数
ITEM-00142,68,蔑视,False,非答案候选选项,1,33,0.030303030303030304,3.0303030303030303,5,0.2,20.0,False,按实际呈现人数
ITEM-00142,68,抑郁,False,非答案候选选项,1,33,0.030303030303030304,3.0303030303030303,6,0.16666666666666666,16.666666666666664,False,按实际呈现人数
ITEM-00142,68,好奇,False,非答案候选选项,1,33,0.030303030303030304,3.0303030303030303,7,0.14285714285714285,14.285714285714285,False,按实际呈现人数
ITEM-00142,68,委屈,False,非答案候选选项,1,33,0.030303030303030304,3.0303030303030303,7,0.14285714285714285,14.285714285714285,False,按实际呈现人数
ITEM-00142,68,嫉妒,False,非答案候选选项,1,33,0.030303030303030304,3.0303030303030303,7,0.14285714285714285,14.285714285714285,False,按实际呈现人数
ITEM-00142,68,恐惧,False,非答案候选选项,1,33,0.030303030303030304,3.0303030303030303,7,0.14285714285714285,14.285714285714285,False,按实际呈现人数
ITEM-00142,68,焦虑,False,非答案候选选项,1,33,0.030303030303030304,3.0303030303030303,7,0.14285714285714285,14.285714285714285,False,按实际呈现人数
ITEM-00142,68,不屑,False,非答案候选选项,1,33,0.030303030303030304,3.0303030303030303,8,0.125,12.5,False,按实际呈现人数
ITEM-00142,68,愉悦,False,非答案候选选项,1,33,0.030303030303030304,3.0303030303030303,8,0.125,12.5,False,按实际呈现人数
ITEM-00142,68,共情痛苦,False,非答案候选选项,0,33,0.0,0.0,6,0.0,0.0,True,按实际呈现人数
ITEM-00142,68,兴奋,False,非答案候选选项,0,33,0.0,0.0,7,0.0,0.0,True,按实际呈现人数
ITEM-00142,68,冷静,False,非答案候选选项,0,33,0.0,0.0,7,0.0,0.0,True,按实际呈现人数
ITEM-00142,68,厌倦,False,非答案候选选项,0,33,0.0,0.0,7,0.0,0.0,True,按实际呈现人数
ITEM-00142,68,困惑,False,非答案候选选项,0,33,0.0,0.0,7,0.0,0.0,True,按实际呈现人数
ITEM-00142,68,失望,False,非答案候选选项,0,33,0.0,0.0,5,0.0,0.0,True,按实际呈现人数
ITEM-00142,68,审美欣赏,False,非答案候选选项,0,33,0.0,0.0,5,0.0,0.0,True,按实际呈现人数
ITEM-00142,68,崇拜,False,非答案候选选项,0,33,0.0,0.0,9,0.0,0.0,True,按实际呈现人数
ITEM-00142,68,希望,False,非答案候选选项,0,33,0.0,0.0,5,0.0,0.0,True,按实际呈现人数
ITEM-00142,68,平静,False,非答案候选选项,0,33,0.0,0.0,7,0.0,0.0,True,按实际呈现人数
ITEM-00142,68,快乐,False,非答案候选选项,0,33,0.0,0.0,13,0.0,0.0,True,按实际呈现人数
ITEM-00142,68,怀旧,False,非答案候选选项,0,33,0.0,0.0,9,0.0,0.0,True,按实际呈现人数
ITEM-00142,68,怨恨,False,非答案候选选项,0,33,0.0,0.0,3,0.0,0.0,True,按实际呈现人数
ITEM-00142,68,悲伤,False,非答案候选选项,0,33,0.0,0.0,3,0.0,0.0,True,按实际呈现人数
ITEM-00142,68,惊喜,False,非答案候选选项,0,33,0.0,0.0,9,0.0,0.0,True,按实际呈现人数
ITEM-00142,68,惊讶,False,非答案候选选项,0,33,0.0,0.0,1,0.0,0.0,True,按实际呈现人数
ITEM-00142,68,愁闷,False,非答案候选选项,0,33,0.0,0.0,6,0.0,0.0,True,按实际呈现人数
ITEM-00142,68,感动,False,非答案候选选项,0,33,0.0,0.0,8,0.0,0.0,True,按实际呈现人数
ITEM-00142,68,感激,False,非答案候选选项,0,33,0.0,0.0,5,0.0,0.0,True,按实际呈现人数
ITEM-00142,68,担忧,False,非答案候选选项,0,33,0.0,0.0,9,0.0,0.0,True,按实际呈现人数
ITEM-00142,68,渴望,False,非答案候选选项,0,33,0.0,0.0,3,0.0,0.0,True,按实际呈现人数
ITEM-00142,68,满足,False,非答案候选选项,0,33,0.0,0.0,7,0.0,0.0,True,按实际呈现人数
ITEM-00142,68,爱,False,非答案候选选项,0,33,0.0,0.0,7,0.0,0.0,True,按实际呈现人数
ITEM-00142,68,痛苦,False,非答案候选选项,0,33,0.0,0.0,5,0.0,0.0,True,按实际呈现人数
ITEM-00142,68,绝望,False,非答案候选选项,0,33,0.0,0.0,6,0.0,0.0,True,按实际呈现人数
ITEM-00142,68,羞耻,False,非答案候选选项,0,33,0.0,0.0,5,0.0,0.0,True,按实际呈现人数
ITEM-00142,68,羡慕,False,非答案候选选项,0,33,0.0,0.0,6,0.0,0.0,True,按实际呈现人数
ITEM-00142,68,自满,False,非答案候选选项,0,33,0.0,0.0,6,0.0,0.0,True,按实际呈现人数
ITEM-00142,68,自豪,False,非答案候选选项,0,33,0.0,0.0,7,0.0,0.0,True,按实际呈现人数
ITEM-00142,68,轻松,False,非答案候选选项,0,33,0.0,0.0,2,0.0,0.0,True,按实际呈现人数
ITEM-00142,68,遗憾,False,非答案候选选项,0,33,0.0,0.0,7,0.0,0.0,True,按实际呈现人数
ITEM-00142,68,释然,False,非答案候选选项,0,33,0.0,0.0,7,0.0,0.0,True,按实际呈现人数
ITEM-00142,68,震惊,False,非答案候选选项,0,33,0.0,0.0,4,0.0,0.0,True,按实际呈现人数
ITEM-00143,71,蔑视,False,非答案候选选项,5,37,0.13513513513513514,13.513513513513514,6,0.8333333333333334,83.33333333333334,False,按实际呈现人数
ITEM-00143,71,绝望,False,非答案候选选项,4,37,0.10810810810810811,10.81081081081081,6,0.6666666666666666,66.66666666666666,False,按实际呈现人数
ITEM-00143,71,厌恶,False,非答案候选选项,4,37,0.10810810810810811,10.81081081081081,8,0.5,50.0,False,按实际呈现人数
ITEM-00143,71,愤怒,False,非答案候选选项,2,37,0.05405405405405406,5.405405405405405,4,0.5,50.0,False,按实际呈现人数
ITEM-00143,71,平静,False,非答案候选选项,1,37,0.02702702702702703,2.7027027027027026,3,0.3333333333333333,33.33333333333333,False,按实际呈现人数
ITEM-00143,71,不屑,True,标准答案选项,11,37,0.2972972972972973,29.72972972972973,37,0.2972972972972973,29.72972972972973,False,按实际呈现人数
ITEM-00143,71,厌倦,False,非答案候选选项,2,37,0.05405405405405406,5.405405405405405,7,0.2857142857142857,28.57142857142857,False,按实际呈现人数
ITEM-00143,71,愁闷,False,非答案候选选项,1,37,0.02702702702702703,2.7027027027027026,4,0.25,25.0,False,按实际呈现人数
ITEM-00143,71,痛苦,False,非答案候选选项,2,37,0.05405405405405406,5.405405405405405,8,0.25,25.0,False,按实际呈现人数
ITEM-00143,71,怨恨,False,非答案候选选项,2,37,0.05405405405405406,5.405405405405405,10,0.2,20.0,False,按实际呈现人数
ITEM-00143,71,敌意,False,非答案候选选项,1,37,0.02702702702702703,2.7027027027027026,6,0.16666666666666666,16.666666666666664,False,按实际呈现人数
ITEM-00143,71,内疚,False,非答案候选选项,1,37,0.02702702702702703,2.7027027027027026,7,0.14285714285714285,14.285714285714285,False,按实际呈现人数
ITEM-00143,71,烦躁,False,非答案候选选项,1,37,0.02702702702702703,2.7027027027027026,7,0.14285714285714285,14.285714285714285,False,按实际呈现人数
ITEM-00143,71,共情痛苦,False,非答案候选选项,0,37,0.0,0.0,5,0.0,0.0,True,按实际呈现人数
ITEM-00143,71,兴奋,False,非答案候选选项,0,37,0.0,0.0,4,0.0,0.0,True,按实际呈现人数
ITEM-00143,71,兴趣,False,非答案候选选项,0,37,0.0,0.0,4,0.0,0.0,True,按实际呈现人数
ITEM-00143,71,冷静,False,非答案候选选项,0,37,0.0,0.0,10,0.0,0.0,True,按实际呈现人数
ITEM-00143,71,困惑,False,非答案候选选项,0,37,0.0,0.0,10,0.0,0.0,True,按实际呈现人数
ITEM-00143,71,失望,False,非答案候选选项,0,37,0.0,0.0,4,0.0,0.0,True,按实际呈现人数
ITEM-00143,71,好奇,False,非答案候选选项,0,37,0.0,0.0,6,0.0,0.0,True,按实际呈现人数
ITEM-00143,71,委屈,False,非答案候选选项,0,37,0.0,0.0,8,0.0,0.0,True,按实际呈现人数
ITEM-00143,71,嫉妒,False,非答案候选选项,0,37,0.0,0.0,5,0.0,0.0,True,按实际呈现人数
ITEM-00143,71,审美欣赏,False,非答案候选选项,0,37,0.0,0.0,11,0.0,0.0,True,按实际呈现人数
ITEM-00143,71,尴尬,False,非答案候选选项,0,37,0.0,0.0,9,0.0,0.0,True,按实际呈现人数
ITEM-00143,71,崇拜,False,非答案候选选项,0,37,0.0,0.0,5,0.0,0.0,True,按实际呈现人数
ITEM-00143,71,希望,False,非答案候选选项,0,37,0.0,0.0,5,0.0,0.0,True,按实际呈现人数
ITEM-00143,71,快乐,False,非答案候选选项,0,37,0.0,0.0,9,0.0,0.0,True,按实际呈现人数
ITEM-00143,71,怀旧,False,非答案候选选项,0,37,0.0,0.0,6,0.0,0.0,True,按实际呈现人数
ITEM-00143,71,恐惧,False,非答案候选选项,0,37,0.0,0.0,8,0.0,0.0,True,按实际呈现人数
ITEM-00143,71,悲伤,False,非答案候选选项,0,37,0.0,0.0,6,0.0,0.0,True,按实际呈现人数
ITEM-00143,71,惊喜,False,非答案候选选项,0,37,0.0,0.0,4,0.0,0.0,True,按实际呈现人数
ITEM-00143,71,惊讶,False,非答案候选选项,0,37,0.0,0.0,8,0.0,0.0,True,按实际呈现人数
ITEM-00143,71,愉悦,False,非答案候选选项,0,37,0.0,0.0,4,0.0,0.0,True,按实际呈现人数
ITEM-00143,71,感动,False,非答案候选选项,0,37,0.0,0.0,9,0.0,0.0,True,按实际呈现人数
ITEM-00143,71,感激,False,非答案候选选项,0,37,0.0,0.0,5,0.0,0.0,True,按实际呈现人数
ITEM-00143,71,抑郁,False,非答案候选选项,0,37,0.0,0.0,5,0.0,0.0,True,按实际呈现人数
ITEM-00143,71,担忧,False,非答案候选选项,0,37,0.0,0.0,12,0.0,0.0,True,按实际呈现人数
ITEM-00143,71,渴望,False,非答案候选选项,0,37,0.0,0.0,6,0.0,0.0,True,按实际呈现人数
ITEM-00143,71,满足,False,非答案候选选项,0,37,0.0,0.0,6,0.0,0.0,True,按实际呈现人数
ITEM-00143,71,焦虑,False,非答案候选选项,0,37,0.0,0.0,8,0.0,0.0,True,按实际呈现人数
ITEM-00143,71,爱,False,非答案候选选项,0,37,0.0,0.0,7,0.0,0.0,True,按实际呈现人数
ITEM-00143,71,紧张,False,非答案候选选项,0,37,0.0,0.0,8,0.0,0.0,True,按实际呈现人数
ITEM-00143,71,羞耻,False,非答案候选选项,0,37,0.0,0.0,4,0.0,0.0,True,按实际呈现人数
ITEM-00143,71,羡慕,False,非答案候选选项,0,37,0.0,0.0,9,0.0,0.0,True,按实际呈现人数
ITEM-00143,71,自满,False,非答案候选选项,0,37,0.0,0.0,6,0.0,0.0,True,按实际呈现人数
ITEM-00143,71,自豪,False,非答案候选选项,0,37,0.0,0.0,10,0.0,0.0,True,按实际呈现人数
ITEM-00143,71,轻松,False,非答案候选选项,0,37,0.0,0.0,8,0.0,0.0,True,按实际呈现人数
ITEM-00143,71,遗憾,False,非答案候选选项,0,37,0.0,0.0,6,0.0,0.0,True,按实际呈现人数
ITEM-00143,71,释然,False,非答案候选选项,0,37,0.0,0.0,6,0.0,0.0,True,按实际呈现人数
ITEM-00143,71,震惊,False,非答案候选选项,0,37,0.0,0.0,11,0.0,0.0,True,按实际呈现人数
ITEM-00144,118,厌倦,False,非答案候选选项,4,31,0.12903225806451613,12.903225806451612,7,0.5714285714285714,57.14285714285714,False,按实际呈现人数
ITEM-00144,118,失望,True,标准答案选项,14,31,0.45161290322580644,45.16129032258064,31,0.45161290322580644,45.16129032258064,False,按实际呈现人数
ITEM-00144,118,不屑,False,非答案候选选项,2,31,0.06451612903225806,6.451612903225806,5,0.4,40.0,False,按实际呈现人数
ITEM-00144,118,愁闷,False,非答案候选选项,2,31,0.06451612903225806,6.451612903225806,5,0.4,40.0,False,按实际呈现人数
ITEM-00144,118,厌恶,False,非答案候选选项,1,31,0.03225806451612903,3.225806451612903,4,0.25,25.0,False,按实际呈现人数
ITEM-00144,118,敌意,False,非答案候选选项,1,31,0.03225806451612903,3.225806451612903,4,0.25,25.0,False,按实际呈现人数
ITEM-00144,118,愉悦,False,非答案候选选项,1,31,0.03225806451612903,3.225806451612903,5,0.2,20.0,False,按实际呈现人数
ITEM-00144,118,愤怒,False,非答案候选选项,1,31,0.03225806451612903,3.225806451612903,5,0.2,20.0,False,按实际呈现人数
ITEM-00144,118,担忧,False,非答案候选选项,1,31,0.03225806451612903,3.225806451612903,5,0.2,20.0,False,按实际呈现人数
ITEM-00144,118,烦躁,False,非答案候选选项,1,31,0.03225806451612903,3.225806451612903,5,0.2,20.0,False,按实际呈现人数
ITEM-00144,118,尴尬,False,非答案候选选项,1,31,0.03225806451612903,3.225806451612903,7,0.14285714285714285,14.285714285714285,False,按实际呈现人数
ITEM-00144,118,平静,False,非答案候选选项,1,31,0.03225806451612903,3.225806451612903,7,0.14285714285714285,14.285714285714285,False,按实际呈现人数
ITEM-00144,118,痛苦,False,非答案候选选项,1,31,0.03225806451612903,3.225806451612903,8,0.125,12.5,False,按实际呈现人数
ITEM-00144,118,共情痛苦,False,非答案候选选项,0,31,0.0,0.0,7,0.0,0.0,True,按实际呈现人数
ITEM-00144,118,兴奋,False,非答案候选选项,0,31,0.0,0.0,4,0.0,0.0,True,按实际呈现人数
ITEM-00144,118,兴趣,False,非答案候选选项,0,31,0.0,0.0,8,0.0,0.0,True,按实际呈现人数
ITEM-00144,118,内疚,False,非答案候选选项,0,31,0.0,0.0,8,0.0,0.0,True,按实际呈现人数
ITEM-00144,118,冷静,False,非答案候选选项,0,31,0.0,0.0,8,0.0,0.0,True,按实际呈现人数
ITEM-00144,118,困惑,False,非答案候选选项,0,31,0.0,0.0,5,0.0,0.0,True,按实际呈现人数
ITEM-00144,118,好奇,False,非答案候选选项,0,31,0.0,0.0,1,0.0,0.0,True,按实际呈现人数
ITEM-00144,118,委屈,False,非答案候选选项,0,31,0.0,0.0,6,0.0,0.0,True,按实际呈现人数
ITEM-00144,118,嫉妒,False,非答案候选选项,0,31,0.0,0.0,3,0.0,0.0,True,按实际呈现人数
ITEM-00144,118,审美欣赏,False,非答案候选选项,0,31,0.0,0.0,2,0.0,0.0,True,按实际呈现人数
ITEM-00144,118,崇拜,False,非答案候选选项,0,31,0.0,0.0,7,0.0,0.0,True,按实际呈现人数
ITEM-00144,118,希望,False,非答案候选选项,0,31,0.0,0.0,8,0.0,0.0,True,按实际呈现人数
ITEM-00144,118,快乐,False,非答案候选选项,0,31,0.0,0.0,9,0.0,0.0,True,按实际呈现人数
ITEM-00144,118,怀旧,False,非答案候选选项,0,31,0.0,0.0,6,0.0,0.0,True,按实际呈现人数
ITEM-00144,118,怨恨,False,非答案候选选项,0,31,0.0,0.0,4,0.0,0.0,True,按实际呈现人数
ITEM-00144,118,恐惧,False,非答案候选选项,0,31,0.0,0.0,3,0.0,0.0,True,按实际呈现人数
ITEM-00144,118,悲伤,False,非答案候选选项,0,31,0.0,0.0,6,0.0,0.0,True,按实际呈现人数
ITEM-00144,118,惊喜,False,非答案候选选项,0,31,0.0,0.0,5,0.0,0.0,True,按实际呈现人数
ITEM-00144,118,惊讶,False,非答案候选选项,0,31,0.0,0.0,10,0.0,0.0,True,按实际呈现人数
ITEM-00144,118,感动,False,非答案候选选项,0,31,0.0,0.0,5,0.0,0.0,True,按实际呈现人数
ITEM-00144,118,感激,False,非答案候选选项,0,31,0.0,0.0,2,0.0,0.0,True,按实际呈现人数
ITEM-00144,118,抑郁,False,非答案候选选项,0,31,0.0,0.0,6,0.0,0.0,True,按实际呈现人数
ITEM-00144,118,渴望,False,非答案候选选项,0,31,0.0,0.0,5,0.0,0.0,True,按实际呈现人数
ITEM-00144,118,满足,False,非答案候选选项,0,31,0.0,0.0,7,0.0,0.0,True,按实际呈现人数
ITEM-00144,118,焦虑,False,非答案候选选项,0,31,0.0,0.0,6,0.0,0.0,True,按实际呈现人数
ITEM-00144,118,爱,False,非答案候选选项,0,31,0.0,0.0,6,0.0,0.0,True,按实际呈现人数
ITEM-00144,118,紧张,False,非答案候选选项,0,31,0.0,0.0,9,0.0,0.0,True,按实际呈现人数
ITEM-00144,118,绝望,False,非答案候选选项,0,31,0.0,0.0,8,0.0,0.0,True,按实际呈现人数
ITEM-00144,118,羞耻,False,非答案候选选项,0,31,0.0,0.0,1,0.0,0.0,True,按实际呈现人数
ITEM-00144,118,羡慕,False,非答案候选选项,0,31,0.0,0.0,7,0.0,0.0,True,按实际呈现人数
ITEM-00144,118,自满,False,非答案候选选项,0,31,0.0,0.0,5,0.0,0.0,True,按实际呈现人数
ITEM-00144,118,自豪,False,非答案候选选项,0,31,0.0,0.0,6,0.0,0.0,True,按实际呈现人数
ITEM-00144,118,蔑视,False,非答案候选选项,0,31,0.0,0.0,4,0.0,0.0,True,按实际呈现人数
ITEM-00144,118,轻松,False,非答案候选选项,0,31,0.0,0.0,6,0.0,0.0,True,按实际呈现人数
ITEM-00144,118,遗憾,False,非答案候选选项,0,31,0.0,0.0,5,0.0,0.0,True,按实际呈现人数
ITEM-00144,118,释然,False,非答案候选选项,0,31,0.0,0.0,4,0.0,0.0,True,按实际呈现人数
ITEM-00144,118,震惊,False,非答案候选选项,0,31,0.0,0.0,10,0.0,0.0,True,按实际呈现人数
ITEM-00145,69,不屑,False,非答案候选选项,3,29,0.10344827586206896,10.344827586206897,3,1.0,100.0,False,按实际呈现人数
ITEM-00145,69,愤怒,True,标准答案选项,22,29,0.7586206896551724,75.86206896551724,29,0.7586206896551724,75.86206896551724,False,按实际呈现人数
ITEM-00145,69,兴奋,False,非答案候选选项,2,29,0.06896551724137931,6.896551724137931,3,0.6666666666666666,66.66666666666666,False,按实际呈现人数
ITEM-00145,69,厌恶,False,非答案候选选项,4,29,0.13793103448275862,13.793103448275861,6,0.6666666666666666,66.66666666666666,False,按实际呈现人数
ITEM-00145,69,蔑视,False,非答案候选选项,3,29,0.10344827586206896,10.344827586206897,5,0.6,60.0,False,按实际呈现人数
ITEM-00145,69,惊讶,False,非答案候选选项,2,29,0.06896551724137931,6.896551724137931,4,0.5,50.0,False,按实际呈现人数
ITEM-00145,69,敌意,False,非答案候选选项,1,29,0.034482758620689655,3.4482758620689653,2,0.5,50.0,False,按实际呈现人数
ITEM-00145,69,自满,False,非答案候选选项,1,29,0.034482758620689655,3.4482758620689653,2,0.5,50.0,False,按实际呈现人数
ITEM-00145,69,冷静,False,非答案候选选项,2,29,0.06896551724137931,6.896551724137931,5,0.4,40.0,False,按实际呈现人数
ITEM-00145,69,烦躁,False,非答案候选选项,2,29,0.06896551724137931,6.896551724137931,5,0.4,40.0,False,按实际呈现人数
ITEM-00145,69,兴趣,False,非答案候选选项,1,29,0.034482758620689655,3.4482758620689653,3,0.3333333333333333,33.33333333333333,False,按实际呈现人数
ITEM-00145,69,失望,False,非答案候选选项,1,29,0.034482758620689655,3.4482758620689653,3,0.3333333333333333,33.33333333333333,False,按实际呈现人数
ITEM-00145,69,困惑,False,非答案候选选项,1,29,0.034482758620689655,3.4482758620689653,4,0.25,25.0,False,按实际呈现人数
ITEM-00145,69,快乐,False,非答案候选选项,1,29,0.034482758620689655,3.4482758620689653,4,0.25,25.0,False,按实际呈现人数
ITEM-00145,69,震惊,True,标准答案选项,7,29,0.2413793103448276,24.137931034482758,29,0.2413793103448276,24.137931034482758,False,按实际呈现人数
ITEM-00145,69,担忧,False,非答案候选选项,1,29,0.034482758620689655,3.4482758620689653,5,0.2,20.0,False,按实际呈现人数
ITEM-00145,69,厌倦,False,非答案候选选项,1,29,0.034482758620689655,3.4482758620689653,6,0.16666666666666666,16.666666666666664,False,按实际呈现人数
ITEM-00145,69,嫉妒,False,非答案候选选项,1,29,0.034482758620689655,3.4482758620689653,6,0.16666666666666666,16.666666666666664,False,按实际呈现人数
ITEM-00145,69,渴望,False,非答案候选选项,1,29,0.034482758620689655,3.4482758620689653,6,0.16666666666666666,16.666666666666664,False,按实际呈现人数
ITEM-00145,69,轻松,False,非答案候选选项,1,29,0.034482758620689655,3.4482758620689653,6,0.16666666666666666,16.666666666666664,False,按实际呈现人数
ITEM-00145,69,好奇,False,非答案候选选项,1,29,0.034482758620689655,3.4482758620689653,7,0.14285714285714285,14.285714285714285,False,按实际呈现人数
ITEM-00145,69,绝望,False,非答案候选选项,1,29,0.034482758620689655,3.4482758620689653,7,0.14285714285714285,14.285714285714285,False,按实际呈现人数
ITEM-00145,69,愁闷,False,非答案候选选项,1,29,0.034482758620689655,3.4482758620689653,9,0.1111111111111111,11.11111111111111,False,按实际呈现人数
ITEM-00145,69,共情痛苦,False,非答案候选选项,0,29,0.0,0.0,8,0.0,0.0,True,按实际呈现人数
ITEM-00145,69,内疚,False,非答案候选选项,0,29,0.0,0.0,4,0.0,0.0,True,按实际呈现人数
ITEM-00145,69,委屈,False,非答案候选选项,0,29,0.0,0.0,8,0.0,0.0,True,按实际呈现人数
ITEM-00145,69,审美欣赏,False,非答案候选选项,0,29,0.0,0.0,2,0.0,0.0,True,按实际呈现人数
ITEM-00145,69,尴尬,False,非答案候选选项,0,29,0.0,0.0,1,0.0,0.0,True,按实际呈现人数
ITEM-00145,69,崇拜,False,非答案候选选项,0,29,0.0,0.0,7,0.0,0.0,True,按实际呈现人数
ITEM-00145,69,希望,False,非答案候选选项,0,29,0.0,0.0,2,0.0,0.0,True,按实际呈现人数
ITEM-00145,69,平静,False,非答案候选选项,0,29,0.0,0.0,1,0.0,0.0,True,按实际呈现人数
ITEM-00145,69,怀旧,False,非答案候选选项,0,29,0.0,0.0,6,0.0,0.0,True,按实际呈现人数
ITEM-00145,69,怨恨,False,非答案候选选项,0,29,0.0,0.0,6,0.0,0.0,True,按实际呈现人数
ITEM-00145,69,恐惧,False,非答案候选选项,0,29,0.0,0.0,4,0.0,0.0,True,按实际呈现人数
ITEM-00145,69,悲伤,False,非答案候选选项,0,29,0.0,0.0,4,0.0,0.0,True,按实际呈现人数
ITEM-00145,69,惊喜,False,非答案候选选项,0,29,0.0,0.0,5,0.0,0.0,True,按实际呈现人数
ITEM-00145,69,愉悦,False,非答案候选选项,0,29,0.0,0.0,4,0.0,0.0,True,按实际呈现人数
ITEM-00145,69,感动,False,非答案候选选项,0,29,0.0,0.0,5,0.0,0.0,True,按实际呈现人数
ITEM-00145,69,感激,False,非答案候选选项,0,29,0.0,0.0,8,0.0,0.0,True,按实际呈现人数
ITEM-00145,69,抑郁,False,非答案候选选项,0,29,0.0,0.0,4,0.0,0.0,True,按实际呈现人数
ITEM-00145,69,满足,False,非答案候选选项,0,29,0.0,0.0,7,0.0,0.0,True,按实际呈现人数
ITEM-00145,69,焦虑,False,非答案候选选项,0,29,0.0,0.0,4,0.0,0.0,True,按实际呈现人数
ITEM-00145,69,爱,False,非答案候选选项,0,29,0.0,0.0,5,0.0,0.0,True,按实际呈现人数
ITEM-00145,69,痛苦,False,非答案候选选项,0,29,0.0,0.0,5,0.0,0.0,True,按实际呈现人数
ITEM-00145,69,紧张,False,非答案候选选项,0,29,0.0,0.0,4,0.0,0.0,True,按实际呈现人数
ITEM-00145,69,羞耻,False,非答案候选选项,0,29,0.0,0.0,3,0.0,0.0,True,按实际呈现人数
ITEM-00145,69,羡慕,False,非答案候选选项,0,29,0.0,0.0,3,0.0,0.0,True,按实际呈现人数
ITEM-00145,69,自豪,False,非答案候选选项,0,29,0.0,0.0,9,0.0,0.0,True,按实际呈现人数
ITEM-00145,69,遗憾,False,非答案候选选项,0,29,0.0,0.0,4,0.0,0.0,True,按实际呈现人数
ITEM-00145,69,释然,False,非答案候选选项,0,29,0.0,0.0,8,0.0,0.0,True,按实际呈现人数
ITEM-00146,118,烦躁,True,标准答案选项,26,31,0.8387096774193549,83.87096774193549,31,0.8387096774193549,83.87096774193549,False,按实际呈现人数
ITEM-00146,118,失望,True,标准答案选项,21,31,0.6774193548387096,67.74193548387096,31,0.6774193548387096,67.74193548387096,False,按实际呈现人数
ITEM-00146,118,愤怒,False,非答案候选选项,3,31,0.0967741935483871,9.67741935483871,5,0.6,60.0,False,按实际呈现人数
ITEM-00146,118,不屑,False,非答案候选选项,2,31,0.06451612903225806,6.451612903225806,4,0.5,50.0,False,按实际呈现人数
ITEM-00146,118,厌倦,False,非答案候选选项,1,31,0.03225806451612903,3.225806451612903,2,0.5,50.0,False,按实际呈现人数
ITEM-00146,118,痛苦,False,非答案候选选项,1,31,0.03225806451612903,3.225806451612903,2,0.5,50.0,False,按实际呈现人数
ITEM-00146,118,怨恨,False,非答案候选选项,3,31,0.0967741935483871,9.67741935483871,7,0.42857142857142855,42.857142857142854,False,按实际呈现人数
ITEM-00146,118,厌恶,False,非答案候选选项,2,31,0.06451612903225806,6.451612903225806,6,0.3333333333333333,33.33333333333333,False,按实际呈现人数
ITEM-00146,118,委屈,False,非答案候选选项,2,31,0.06451612903225806,6.451612903225806,6,0.3333333333333333,33.33333333333333,False,按实际呈现人数
ITEM-00146,118,平静,False,非答案候选选项,2,31,0.06451612903225806,6.451612903225806,7,0.2857142857142857,28.57142857142857,False,按实际呈现人数
ITEM-00146,118,困惑,False,非答案候选选项,1,31,0.03225806451612903,3.225806451612903,4,0.25,25.0,False,按实际呈现人数
ITEM-00146,118,希望,False,非答案候选选项,1,31,0.03225806451612903,3.225806451612903,4,0.25,25.0,False,按实际呈现人数
ITEM-00146,118,悲伤,False,非答案候选选项,1,31,0.03225806451612903,3.225806451612903,5,0.2,20.0,False,按实际呈现人数
ITEM-00146,118,爱,False,非答案候选选项,1,31,0.03225806451612903,3.225806451612903,6,0.16666666666666666,16.666666666666664,False,按实际呈现人数
ITEM-00146,118,轻松,False,非答案候选选项,1,31,0.03225806451612903,3.225806451612903,6,0.16666666666666666,16.666666666666664,False,按实际呈现人数
ITEM-00146,118,焦虑,False,非答案候选选项,1,31,0.03225806451612903,3.225806451612903,7,0.14285714285714285,14.285714285714285,False,按实际呈现人数
ITEM-00146,118,愉悦,False,非答案候选选项,1,31,0.03225806451612903,3.225806451612903,8,0.125,12.5,False,按实际呈现人数
ITEM-00146,118,敌意,False,非答案候选选项,1,31,0.03225806451612903,3.225806451612903,8,0.125,12.5,False,按实际呈现人数
ITEM-00146,118,共情痛苦,False,非答案候选选项,0,31,0.0,0.0,6,0.0,0.0,True,按实际呈现人数
ITEM-00146,118,兴奋,False,非答案候选选项,0,31,0.0,0.0,4,0.0,0.0,True,按实际呈现人数
ITEM-00146,118,兴趣,False,非答案候选选项,0,31,0.0,0.0,4,0.0,0.0,True,按实际呈现人数
ITEM-00146,118,内疚,False,非答案候选选项,0,31,0.0,0.0,3,0.0,0.0,True,按实际呈现人数
ITEM-00146,118,冷静,False,非答案候选选项,0,31,0.0,0.0,5,0.0,0.0,True,按实际呈现人数
ITEM-00146,118,好奇,False,非答案候选选项,0,31,0.0,0.0,8,0.0,0.0,True,按实际呈现人数
ITEM-00146,118,嫉妒,False,非答案候选选项,0,31,0.0,0.0,6,0.0,0.0,True,按实际呈现人数
ITEM-00146,118,审美欣赏,False,非答案候选选项,0,31,0.0,0.0,5,0.0,0.0,True,按实际呈现人数
ITEM-00146,118,尴尬,False,非答案候选选项,0,31,0.0,0.0,2,0.0,0.0,True,按实际呈现人数
ITEM-00146,118,崇拜,False,非答案候选选项,0,31,0.0,0.0,4,0.0,0.0,True,按实际呈现人数
ITEM-00146,118,快乐,False,非答案候选选项,0,31,0.0,0.0,6,0.0,0.0,True,按实际呈现人数
ITEM-00146,118,怀旧,False,非答案候选选项,0,31,0.0,0.0,6,0.0,0.0,True,按实际呈现人数
ITEM-00146,118,恐惧,False,非答案候选选项,0,31,0.0,0.0,6,0.0,0.0,True,按实际呈现人数
ITEM-00146,118,惊喜,False,非答案候选选项,0,31,0.0,0.0,4,0.0,0.0,True,按实际呈现人数
ITEM-00146,118,惊讶,False,非答案候选选项,0,31,0.0,0.0,2,0.0,0.0,True,按实际呈现人数
ITEM-00146,118,愁闷,False,非答案候选选项,0,31,0.0,0.0,3,0.0,0.0,True,按实际呈现人数
ITEM-00146,118,感动,False,非答案候选选项,0,31,0.0,0.0,4,0.0,0.0,True,按实际呈现人数
ITEM-00146,118,感激,False,非答案候选选项,0,31,0.0,0.0,4,0.0,0.0,True,按实际呈现人数
ITEM-00146,118,抑郁,False,非答案候选选项,0,31,0.0,0.0,6,0.0,0.0,True,按实际呈现人数
ITEM-00146,118,担忧,False,非答案候选选项,0,31,0.0,0.0,4,0.0,0.0,True,按实际呈现人数
ITEM-00146,118,渴望,False,非答案候选选项,0,31,0.0,0.0,5,0.0,0.0,True,按实际呈现人数
ITEM-00146,118,满足,False,非答案候选选项,0,31,0.0,0.0,6,0.0,0.0,True,按实际呈现人数
ITEM-00146,118,紧张,False,非答案候选选项,0,31,0.0,0.0,4,0.0,0.0,True,按实际呈现人数
ITEM-00146,118,绝望,False,非答案候选选项,0,31,0.0,0.0,2,0.0,0.0,True,按实际呈现人数
ITEM-00146,118,羞耻,False,非答案候选选项,0,31,0.0,0.0,6,0.0,0.0,True,按实际呈现人数
ITEM-00146,118,羡慕,False,非答案候选选项,0,31,0.0,0.0,9,0.0,0.0,True,按实际呈现人数
ITEM-00146,118,自满,False,非答案候选选项,0,31,0.0,0.0,4,0.0,0.0,True,按实际呈现人数
ITEM-00146,118,自豪,False,非答案候选选项,0,31,0.0,0.0,11,0.0,0.0,True,按实际呈现人数
ITEM-00146,118,蔑视,False,非答案候选选项,0,31,0.0,0.0,8,0.0,0.0,True,按实际呈现人数
ITEM-00146,118,遗憾,False,非答案候选选项,0,31,0.0,0.0,4,0.0,0.0,True,按实际呈现人数
ITEM-00146,118,释然,False,非答案候选选项,0,31,0.0,0.0,6,0.0,0.0,True,按实际呈现人数
ITEM-00146,118,震惊,False,非答案候选选项,0,31,0.0,0.0,4,0.0,0.0,True,按实际呈现人数
ITEM-00147,6,内疚,False,非答案候选选项,1,4,0.25,25.0,1,1.0,100.0,False,按实际呈现人数
ITEM-00147,6,感动,True,标准答案选项,3,4,0.75,75.0,4,0.75,75.0,False,按实际呈现人数
ITEM-00147,6,不屑,False,非答案候选选项,0,4,0.0,0.0,1,0.0,0.0,True,按实际呈现人数
ITEM-00147,6,共情痛苦,False,非答案候选选项,0,4,0.0,0.0,1,0.0,0.0,True,按实际呈现人数
ITEM-00147,6,困惑,False,非答案候选选项,0,4,0.0,0.0,2,0.0,0.0,True,按实际呈现人数
ITEM-00147,6,失望,False,非答案候选选项,0,4,0.0,0.0,1,0.0,0.0,True,按实际呈现人数
ITEM-00147,6,委屈,False,非答案候选选项,0,4,0.0,0.0,1,0.0,0.0,True,按实际呈现人数
ITEM-00147,6,审美欣赏,False,非答案候选选项,0,4,0.0,0.0,1,0.0,0.0,True,按实际呈现人数
ITEM-00147,6,崇拜,False,非答案候选选项,0,4,0.0,0.0,1,0.0,0.0,True,按实际呈现人数
ITEM-00147,6,平静,False,非答案候选选项,0,4,0.0,0.0,2,0.0,0.0,True,按实际呈现人数
ITEM-00147,6,怀旧,False,非答案候选选项,0,4,0.0,0.0,1,0.0,0.0,True,按实际呈现人数
ITEM-00147,6,恐惧,False,非答案候选选项,0,4,0.0,0.0,1,0.0,0.0,True,按实际呈现人数
ITEM-00147,6,惊喜,False,非答案候选选项,0,4,0.0,0.0,3,0.0,0.0,True,按实际呈现人数
ITEM-00147,6,愁闷,False,非答案候选选项,0,4,0.0,0.0,1,0.0,0.0,True,按实际呈现人数
ITEM-00147,6,愉悦,False,非答案候选选项,0,4,0.0,0.0,1,0.0,0.0,True,按实际呈现人数
ITEM-00147,6,愤怒,False,非答案候选选项,0,4,0.0,0.0,2,0.0,0.0,True,按实际呈现人数
ITEM-00147,6,抑郁,False,非答案候选选项,0,4,0.0,0.0,1,0.0,0.0,True,按实际呈现人数
ITEM-00147,6,渴望,False,非答案候选选项,0,4,0.0,0.0,1,0.0,0.0,True,按实际呈现人数
ITEM-00147,6,满足,False,非答案候选选项,0,4,0.0,0.0,2,0.0,0.0,True,按实际呈现人数
ITEM-00147,6,焦虑,False,非答案候选选项,0,4,0.0,0.0,1,0.0,0.0,True,按实际呈现人数
ITEM-00147,6,爱,False,非答案候选选项,0,4,0.0,0.0,2,0.0,0.0,True,按实际呈现人数
ITEM-00147,6,痛苦,False,非答案候选选项,0,4,0.0,0.0,1,0.0,0.0,True,按实际呈现人数
ITEM-00147,6,紧张,False,非答案候选选项,0,4,0.0,0.0,1,0.0,0.0,True,按实际呈现人数
ITEM-00147,6,羞耻,False,非答案候选选项,0,4,0.0,0.0,1,0.0,0.0,True,按实际呈现人数
ITEM-00147,6,羡慕,False,非答案候选选项,0,4,0.0,0.0,2,0.0,0.0,True,按实际呈现人数
ITEM-00147,6,轻松,False,非答案候选选项,0,4,0.0,0.0,1,0.0,0.0,True,按实际呈现人数
ITEM-00147,6,释然,False,非答案候选选项,0,4,0.0,0.0,2,0.0,0.0,True,按实际呈现人数
ITEM-00147,6,震惊,False,非答案候选选项,0,4,0.0,0.0,1,0.0,0.0,True,按实际呈现人数
ITEM-00148,62,紧张,False,非答案候选选项,1,12,0.08333333333333333,8.333333333333332,1,1.0,100.0,False,按实际呈现人数
ITEM-00148,62,尴尬,True,标准答案选项,9,12,0.75,75.0,12,0.75,75.0,False,按实际呈现人数
ITEM-00148,62,不屑,False,非答案候选选项,1,12,0.08333333333333333,8.333333333333332,3,0.3333333333333333,33.33333333333333,False,按实际呈现人数
ITEM-00148,62,震惊,False,非答案候选选项,1,12,0.08333333333333333,8.333333333333332,3,0.3333333333333333,33.33333333333333,False,按实际呈现人数
ITEM-00148,62,共情痛苦,False,非答案候选选项,0,12,0.0,0.0,2,0.0,0.0,True,按实际呈现人数
ITEM-00148,62,兴趣,False,非答案候选选项,0,12,0.0,0.0,4,0.0,0.0,True,按实际呈现人数
ITEM-00148,62,内疚,False,非答案候选选项,0,12,0.0,0.0,3,0.0,0.0,True,按实际呈现人数
ITEM-00148,62,厌倦,False,非答案候选选项,0,12,0.0,0.0,1,0.0,0.0,True,按实际呈现人数
ITEM-00148,62,厌恶,False,非答案候选选项,0,12,0.0,0.0,4,0.0,0.0,True,按实际呈现人数
ITEM-00148,62,困惑,False,非答案候选选项,0,12,0.0,0.0,4,0.0,0.0,True,按实际呈现人数
ITEM-00148,62,失望,False,非答案候选选项,0,12,0.0,0.0,3,0.0,0.0,True,按实际呈现人数
ITEM-00148,62,好奇,False,非答案候选选项,0,12,0.0,0.0,2,0.0,0.0,True,按实际呈现人数
ITEM-00148,62,委屈,False,非答案候选选项,0,12,0.0,0.0,2,0.0,0.0,True,按实际呈现人数
ITEM-00148,62,嫉妒,False,非答案候选选项,0,12,0.0,0.0,3,0.0,0.0,True,按实际呈现人数
ITEM-00148,62,审美欣赏,False,非答案候选选项,0,12,0.0,0.0,2,0.0,0.0,True,按实际呈现人数
ITEM-00148,62,崇拜,False,非答案候选选项,0,12,0.0,0.0,2,0.0,0.0,True,按实际呈现人数
ITEM-00148,62,希望,False,非答案候选选项,0,12,0.0,0.0,3,0.0,0.0,True,按实际呈现人数
ITEM-00148,62,平静,False,非答案候选选项,0,12,0.0,0.0,1,0.0,0.0,True,按实际呈现人数
ITEM-00148,62,快乐,False,非答案候选选项,0,12,0.0,0.0,1,0.0,0.0,True,按实际呈现人数
ITEM-00148,62,怨恨,False,非答案候选选项,0,12,0.0,0.0,3,0.0,0.0,True,按实际呈现人数
ITEM-00148,62,恐惧,False,非答案候选选项,0,12,0.0,0.0,4,0.0,0.0,True,按实际呈现人数
ITEM-00148,62,悲伤,False,非答案候选选项,0,12,0.0,0.0,5,0.0,0.0,True,按实际呈现人数
ITEM-00148,62,惊喜,False,非答案候选选项,0,12,0.0,0.0,4,0.0,0.0,True,按实际呈现人数
ITEM-00148,62,惊讶,False,非答案候选选项,0,12,0.0,0.0,2,0.0,0.0,True,按实际呈现人数
ITEM-00148,62,愁闷,False,非答案候选选项,0,12,0.0,0.0,2,0.0,0.0,True,按实际呈现人数
ITEM-00148,62,愉悦,False,非答案候选选项,0,12,0.0,0.0,1,0.0,0.0,True,按实际呈现人数
ITEM-00148,62,感动,False,非答案候选选项,0,12,0.0,0.0,3,0.0,0.0,True,按实际呈现人数
ITEM-00148,62,感激,False,非答案候选选项,0,12,0.0,0.0,1,0.0,0.0,True,按实际呈现人数
ITEM-00148,62,愤怒,False,非答案候选选项,0,12,0.0,0.0,2,0.0,0.0,True,按实际呈现人数
ITEM-00148,62,抑郁,False,非答案候选选项,0,12,0.0,0.0,2,0.0,0.0,True,按实际呈现人数
ITEM-00148,62,担忧,False,非答案候选选项,0,12,0.0,0.0,5,0.0,0.0,True,按实际呈现人数
ITEM-00148,62,敌意,False,非答案候选选项,0,12,0.0,0.0,3,0.0,0.0,True,按实际呈现人数
ITEM-00148,62,渴望,False,非答案候选选项,0,12,0.0,0.0,1,0.0,0.0,True,按实际呈现人数
ITEM-00148,62,满足,False,非答案候选选项,0,12,0.0,0.0,1,0.0,0.0,True,按实际呈现人数
ITEM-00148,62,烦躁,False,非答案候选选项,0,12,0.0,0.0,2,0.0,0.0,True,按实际呈现人数
ITEM-00148,62,焦虑,False,非答案候选选项,0,12,0.0,0.0,4,0.0,0.0,True,按实际呈现人数
ITEM-00148,62,爱,False,非答案候选选项,0,12,0.0,0.0,1,0.0,0.0,True,按实际呈现人数
ITEM-00148,62,痛苦,False,非答案候选选项,0,12,0.0,0.0,3,0.0,0.0,True,按实际呈现人数
ITEM-00148,62,绝望,False,非答案候选选项,0,12,0.0,0.0,1,0.0,0.0,True,按实际呈现人数
ITEM-00148,62,羞耻,False,非答案候选选项,0,12,0.0,0.0,1,0.0,0.0,True,按实际呈现人数
ITEM-00148,62,羡慕,False,非答案候选选项,0,12,0.0,0.0,3,0.0,0.0,True,按实际呈现人数
ITEM-00148,62,自豪,False,非答案候选选项,0,12,0.0,0.0,2,0.0,0.0,True,按实际呈现人数
ITEM-00148,62,蔑视,False,非答案候选选项,0,12,0.0,0.0,5,0.0,0.0,True,按实际呈现人数
ITEM-00148,62,轻松,False,非答案候选选项,0,12,0.0,0.0,1,0.0,0.0,True,按实际呈现人数
ITEM-00148,62,释然,False,非答案候选选项,0,12,0.0,0.0,2,0.0,0.0,True,按实际呈现人数
ITEM-00149,60,愁闷,False,非答案候选选项,5,33,0.15151515151515152,15.151515151515152,8,0.625,62.5,False,按实际呈现人数
ITEM-00149,60,悲伤,False,非答案候选选项,2,33,0.06060606060606061,6.0606060606060606,4,0.5,50.0,False,按实际呈现人数
ITEM-00149,60,担忧,True,标准答案选项,12,33,0.36363636363636365,36.36363636363637,33,0.36363636363636365,36.36363636363637,False,按实际呈现人数
ITEM-00149,60,内疚,False,非答案候选选项,2,33,0.06060606060606061,6.0606060606060606,6,0.3333333333333333,33.33333333333333,False,按实际呈现人数
ITEM-00149,60,痛苦,False,非答案候选选项,2,33,0.06060606060606061,6.0606060606060606,6,0.3333333333333333,33.33333333333333,False,按实际呈现人数
ITEM-00149,60,自满,False,非答案候选选项,1,33,0.030303030303030304,3.0303030303030303,4,0.25,25.0,False,按实际呈现人数
ITEM-00149,60,共情痛苦,False,非答案候选选项,1,33,0.030303030303030304,3.0303030303030303,6,0.16666666666666666,16.666666666666664,False,按实际呈现人数
ITEM-00149,60,爱,False,非答案候选选项,1,33,0.030303030303030304,3.0303030303030303,6,0.16666666666666666,16.666666666666664,False,按实际呈现人数
ITEM-00149,60,遗憾,False,非答案候选选项,1,33,0.030303030303030304,3.0303030303030303,6,0.16666666666666666,16.666666666666664,False,按实际呈现人数
ITEM-00149,60,失望,False,非答案候选选项,1,33,0.030303030303030304,3.0303030303030303,7,0.14285714285714285,14.285714285714285,False,按实际呈现人数
ITEM-00149,60,怨恨,False,非答案候选选项,1,33,0.030303030303030304,3.0303030303030303,7,0.14285714285714285,14.285714285714285,False,按实际呈现人数
ITEM-00149,60,恐惧,False,非答案候选选项,1,33,0.030303030303030304,3.0303030303030303,7,0.14285714285714285,14.285714285714285,False,按实际呈现人数
ITEM-00149,60,困惑,False,非答案候选选项,1,33,0.030303030303030304,3.0303030303030303,8,0.125,12.5,False,按实际呈现人数
ITEM-00149,60,敌意,False,非答案候选选项,1,33,0.030303030303030304,3.0303030303030303,8,0.125,12.5,False,按实际呈现人数
ITEM-00149,60,绝望,False,非答案候选选项,1,33,0.030303030303030304,3.0303030303030303,9,0.1111111111111111,11.11111111111111,False,按实际呈现人数
ITEM-00149,60,不屑,False,非答案候选选项,0,33,0.0,0.0,6,0.0,0.0,True,按实际呈现人数
ITEM-00149,60,兴奋,False,非答案候选选项,0,33,0.0,0.0,3,0.0,0.0,True,按实际呈现人数
ITEM-00149,60,兴趣,False,非答案候选选项,0,33,0.0,0.0,6,0.0,0.0,True,按实际呈现人数
ITEM-00149,60,冷静,False,非答案候选选项,0,33,0.0,0.0,6,0.0,0.0,True,按实际呈现人数
ITEM-00149,60,厌倦,False,非答案候选选项,0,33,0.0,0.0,8,0.0,0.0,True,按实际呈现人数
ITEM-00149,60,厌恶,False,非答案候选选项,0,33,0.0,0.0,7,0.0,0.0,True,按实际呈现人数
ITEM-00149,60,好奇,False,非答案候选选项,0,33,0.0,0.0,7,0.0,0.0,True,按实际呈现人数
ITEM-00149,60,委屈,False,非答案候选选项,0,33,0.0,0.0,2,0.0,0.0,True,按实际呈现人数
ITEM-00149,60,嫉妒,False,非答案候选选项,0,33,0.0,0.0,4,0.0,0.0,True,按实际呈现人数
ITEM-00149,60,审美欣赏,False,非答案候选选项,0,33,0.0,0.0,6,0.0,0.0,True,按实际呈现人数
ITEM-00149,60,尴尬,False,非答案候选选项,0,33,0.0,0.0,8,0.0,0.0,True,按实际呈现人数
ITEM-00149,60,崇拜,False,非答案候选选项,0,33,0.0,0.0,6,0.0,0.0,True,按实际呈现人数
ITEM-00149,60,希望,False,非答案候选选项,0,33,0.0,0.0,5,0.0,0.0,True,按实际呈现人数
ITEM-00149,60,平静,False,非答案候选选项,0,33,0.0,0.0,8,0.0,0.0,True,按实际呈现人数
ITEM-00149,60,快乐,False,非答案候选选项,0,33,0.0,0.0,6,0.0,0.0,True,按实际呈现人数
ITEM-00149,60,怀旧,False,非答案候选选项,0,33,0.0,0.0,6,0.0,0.0,True,按实际呈现人数
ITEM-00149,60,惊喜,False,非答案候选选项,0,33,0.0,0.0,6,0.0,0.0,True,按实际呈现人数
ITEM-00149,60,惊讶,False,非答案候选选项,0,33,0.0,0.0,5,0.0,0.0,True,按实际呈现人数
ITEM-00149,60,愉悦,False,非答案候选选项,0,33,0.0,0.0,5,0.0,0.0,True,按实际呈现人数
ITEM-00149,60,感动,False,非答案候选选项,0,33,0.0,0.0,6,0.0,0.0,True,按实际呈现人数
ITEM-00149,60,感激,False,非答案候选选项,0,33,0.0,0.0,5,0.0,0.0,True,按实际呈现人数
ITEM-00149,60,愤怒,False,非答案候选选项,0,33,0.0,0.0,6,0.0,0.0,True,按实际呈现人数
ITEM-00149,60,抑郁,False,非答案候选选项,0,33,0.0,0.0,8,0.0,0.0,True,按实际呈现人数
ITEM-00149,60,渴望,False,非答案候选选项,0,33,0.0,0.0,2,0.0,0.0,True,按实际呈现人数
ITEM-00149,60,满足,False,非答案候选选项,0,33,0.0,0.0,4,0.0,0.0,True,按实际呈现人数
ITEM-00149,60,烦躁,False,非答案候选选项,0,33,0.0,0.0,7,0.0,0.0,True,按实际呈现人数
ITEM-00149,60,焦虑,False,非答案候选选项,0,33,0.0,0.0,7,0.0,0.0,True,按实际呈现人数
ITEM-00149,60,紧张,False,非答案候选选项,0,33,0.0,0.0,9,0.0,0.0,True,按实际呈现人数
ITEM-00149,60,羞耻,False,非答案候选选项,0,33,0.0,0.0,9,0.0,0.0,True,按实际呈现人数
ITEM-00149,60,羡慕,False,非答案候选选项,0,33,0.0,0.0,5,0.0,0.0,True,按实际呈现人数
ITEM-00149,60,自豪,False,非答案候选选项,0,33,0.0,0.0,2,0.0,0.0,True,按实际呈现人数
ITEM-00149,60,蔑视,False,非答案候选选项,0,33,0.0,0.0,8,0.0,0.0,True,按实际呈现人数
ITEM-00149,60,轻松,False,非答案候选选项,0,33,0.0,0.0,6,0.0,0.0,True,按实际呈现人数
ITEM-00149,60,释然,False,非答案候选选项,0,33,0.0,0.0,6,0.0,0.0,True,按实际呈现人数
ITEM-00149,60,震惊,False,非答案候选选项,0,33,0.0,0.0,5,0.0,0.0,True,按实际呈现人数
ITEM-00150,86,尴尬,False,非答案候选选项,4,38,0.10526315789473684,10.526315789473683,5,0.8,80.0,False,按实际呈现人数
ITEM-00150,86,冷静,False,非答案候选选项,3,38,0.07894736842105263,7.894736842105263,5,0.6,60.0,False,按实际呈现人数
ITEM-00150,86,愁闷,False,非答案候选选项,3,38,0.07894736842105263,7.894736842105263,5,0.6,60.0,False,按实际呈现人数
ITEM-00150,86,悲伤,False,非答案候选选项,3,38,0.07894736842105263,7.894736842105263,6,0.5,50.0,False,按实际呈现人数
ITEM-00150,86,愉悦,False,非答案候选选项,1,38,0.02631578947368421,2.631578947368421,2,0.5,50.0,False,按实际呈现人数
ITEM-00150,86,震惊,False,非答案候选选项,3,38,0.07894736842105263,7.894736842105263,7,0.42857142857142855,42.857142857142854,False,按实际呈现人数
ITEM-00150,86,担忧,False,非答案候选选项,4,38,0.10526315789473684,10.526315789473683,10,0.4,40.0,False,按实际呈现人数
ITEM-00150,86,困惑,False,非答案候选选项,3,38,0.07894736842105263,7.894736842105263,8,0.375,37.5,False,按实际呈现人数
ITEM-00150,86,惊讶,False,非答案候选选项,3,38,0.07894736842105263,7.894736842105263,8,0.375,37.5,False,按实际呈现人数
ITEM-00150,86,满足,True,标准答案选项,13,38,0.34210526315789475,34.21052631578947,38,0.34210526315789475,34.21052631578947,False,按实际呈现人数
ITEM-00150,86,委屈,False,非答案候选选项,2,38,0.05263157894736842,5.263157894736842,6,0.3333333333333333,33.33333333333333,False,按实际呈现人数
ITEM-00150,86,快乐,True,标准答案选项,12,38,0.3157894736842105,31.57894736842105,38,0.3157894736842105,31.57894736842105,False,按实际呈现人数
ITEM-00150,86,羡慕,False,非答案候选选项,1,38,0.02631578947368421,2.631578947368421,4,0.25,25.0,False,按实际呈现人数
ITEM-00150,86,自豪,False,非答案候选选项,2,38,0.05263157894736842,5.263157894736842,8,0.25,25.0,False,按实际呈现人数
ITEM-00150,86,惊喜,False,非答案候选选项,2,38,0.05263157894736842,5.263157894736842,9,0.2222222222222222,22.22222222222222,False,按实际呈现人数
ITEM-00150,86,不屑,False,非答案候选选项,3,38,0.07894736842105263,7.894736842105263,15,0.2,20.0,False,按实际呈现人数
ITEM-00150,86,兴奋,False,非答案候选选项,1,38,0.02631578947368421,2.631578947368421,5,0.2,20.0,False,按实际呈现人数
ITEM-00150,86,爱,False,非答案候选选项,1,38,0.02631578947368421,2.631578947368421,5,0.2,20.0,False,按实际呈现人数
ITEM-00150,86,轻松,False,非答案候选选项,1,38,0.02631578947368421,2.631578947368421,5,0.2,20.0,False,按实际呈现人数
ITEM-00150,86,失望,False,非答案候选选项,1,38,0.02631578947368421,2.631578947368421,6,0.16666666666666666,16.666666666666664,False,按实际呈现人数
ITEM-00150,86,感动,False,非答案候选选项,1,38,0.02631578947368421,2.631578947368421,6,0.16666666666666666,16.666666666666664,False,按实际呈现人数
ITEM-00150,86,渴望,False,非答案候选选项,1,38,0.02631578947368421,2.631578947368421,6,0.16666666666666666,16.666666666666664,False,按实际呈现人数
ITEM-00150,86,内疚,False,非答案候选选项,1,38,0.02631578947368421,2.631578947368421,7,0.14285714285714285,14.285714285714285,False,按实际呈现人数
ITEM-00150,86,共情痛苦,False,非答案候选选项,1,38,0.02631578947368421,2.631578947368421,8,0.125,12.5,False,按实际呈现人数
ITEM-00150,86,好奇,False,非答案候选选项,1,38,0.02631578947368421,2.631578947368421,8,0.125,12.5,False,按实际呈现人数
ITEM-00150,86,平静,False,非答案候选选项,1,38,0.02631578947368421,2.631578947368421,8,0.125,12.5,False,按实际呈现人数
ITEM-00150,86,遗憾,False,非答案候选选项,1,38,0.02631578947368421,2.631578947368421,10,0.1,10.0,False,按实际呈现人数
ITEM-00150,86,抑郁,False,非答案候选选项,1,38,0.02631578947368421,2.631578947368421,11,0.09090909090909091,9.090909090909092,False,按实际呈现人数
ITEM-00150,86,绝望,False,非答案候选选项,1,38,0.02631578947368421,2.631578947368421,11,0.09090909090909091,9.090909090909092,False,按实际呈现人数
ITEM-00150,86,崇拜,False,非答案候选选项,1,38,0.02631578947368421,2.631578947368421,12,0.08333333333333333,8.333333333333332,False,按实际呈现人数
ITEM-00150,86,怀旧,False,非答案候选选项,1,38,0.02631578947368421,2.631578947368421,12,0.08333333333333333,8.333333333333332,False,按实际呈现人数
ITEM-00150,86,兴趣,False,非答案候选选项,0,38,0.0,0.0,5,0.0,0.0,True,按实际呈现人数
ITEM-00150,86,厌倦,False,非答案候选选项,0,38,0.0,0.0,5,0.0,0.0,True,按实际呈现人数
ITEM-00150,86,厌恶,False,非答案候选选项,0,38,0.0,0.0,2,0.0,0.0,True,按实际呈现人数
ITEM-00150,86,嫉妒,False,非答案候选选项,0,38,0.0,0.0,3,0.0,0.0,True,按实际呈现人数
ITEM-00150,86,审美欣赏,False,非答案候选选项,0,38,0.0,0.0,2,0.0,0.0,True,按实际呈现人数
ITEM-00150,86,希望,False,非答案候选选项,0,38,0.0,0.0,6,0.0,0.0,True,按实际呈现人数
ITEM-00150,86,怨恨,False,非答案候选选项,0,38,0.0,0.0,2,0.0,0.0,True,按实际呈现人数
ITEM-00150,86,恐惧,False,非答案候选选项,0,38,0.0,0.0,6,0.0,0.0,True,按实际呈现人数
ITEM-00150,86,感激,False,非答案候选选项,0,38,0.0,0.0,5,0.0,0.0,True,按实际呈现人数
ITEM-00150,86,愤怒,False,非答案候选选项,0,38,0.0,0.0,5,0.0,0.0,True,按实际呈现人数
ITEM-00150,86,敌意,False,非答案候选选项,0,38,0.0,0.0,5,0.0,0.0,True,按实际呈现人数
ITEM-00150,86,烦躁,False,非答案候选选项,0,38,0.0,0.0,5,0.0,0.0,True,按实际呈现人数
ITEM-00150,86,焦虑,False,非答案候选选项,0,38,0.0,0.0,7,0.0,0.0,True,按实际呈现人数
ITEM-00150,86,痛苦,False,非答案候选选项,0,38,0.0,0.0,4,0.0,0.0,True,按实际呈现人数
ITEM-00150,86,紧张,False,非答案候选选项,0,38,0.0,0.0,1,0.0,0.0,True,按实际呈现人数
ITEM-00150,86,羞耻,False,非答案候选选项,0,38,0.0,0.0,7,0.0,0.0,True,按实际呈现人数
ITEM-00150,86,自满,False,非答案候选选项,0,38,0.0,0.0,7,0.0,0.0,True,按实际呈现人数
ITEM-00150,86,蔑视,False,非答案候选选项,0,38,0.0,0.0,4,0.0,0.0,True,按实际呈现人数
ITEM-00150,86,释然,False,非答案候选选项,0,38,0.0,0.0,5,0.0,0.0,True,按实际呈现人数
