"匿名答卷编号","提交时间（北京时间）","答卷综合得分率（%）","题号","题目编号","题目标题","素材模态","能力类型","选项形式","题目分值","本题候选情绪","用户选择情绪","用户情绪强度","标准情绪","标准情绪强度","是否看过素材","作答状态","标签得分率（%）","强度得分率（%）","单题综合得分率（%）","单题实得分","作答用时（秒）","修改次数"
"ZJ20260816C01C33B1","2026-08-16 13:24:56","68.08","1","ITEM-00086","79","音频","情绪推理","多选题","4.50","厌倦｜兴奋｜共情痛苦｜平静｜遗憾｜震惊｜满足｜愉悦｜渴望｜烦躁","烦躁","4","烦躁｜厌倦","4｜4","否","已作答","66.67","50.00","60.00","2.70","58.34","3"
"ZJ20260816C01C33B1","2026-08-16 13:24:56","68.08","2","ITEM-00121","106","图像","情绪识别","单选题","3.50","痛苦｜悲伤｜惊讶｜自满｜内疚｜释然｜满足｜敌意｜惊喜｜快乐","惊讶","5","惊讶","5","是","已作答","100.00","100.00","100.00","3.50","20.83","4"
"ZJ20260816C01C33B1","2026-08-16 13:24:56","68.08","3","ITEM-00076","78","音频","情绪识别","多选题","4.50","兴趣｜共情痛苦｜烦躁｜遗憾｜释然｜失望｜羞耻｜嫉妒｜轻松｜担忧","烦躁","4","羞耻｜烦躁","4｜5","是","已作答","66.67","37.50","55.00","2.47","39.04","3"
"ZJ20260816C01C33B1","2026-08-16 13:24:56","68.08","4","ITEM-00088","81","视频","情绪识别","多选题","4.50","惊喜｜共情痛苦｜愤怒｜爱｜震惊｜快乐｜兴奋｜惊讶｜崇拜｜厌倦","爱｜快乐｜兴奋｜惊喜","5｜4｜4｜5","快乐｜惊喜｜兴奋｜爱","5｜5｜5｜5","是","已作答","100.00","87.50","95.00","4.28","65.74","9"
"ZJ20260816C01C33B1","2026-08-16 13:24:56","68.08","5","ITEM-00109","88","音频","情绪推理","多选题","4.50","羞耻｜困惑｜爱｜震惊｜厌恶｜烦躁｜厌倦｜兴趣｜焦虑｜羡慕","兴趣","3","厌倦｜困惑","3｜3","否","已作答","0.00","0.00","0.00","0.00","45.40","4"
"ZJ20260816C01C33B1","2026-08-16 13:24:56","68.08","6","ITEM-00150","86","视频","情绪推理","多选题","4.50","愉悦｜蔑视｜内疚｜快乐｜惊讶｜惊喜｜痛苦｜感激｜满足｜共情痛苦","愉悦｜快乐","4｜4","满足｜快乐","4｜3","否","已作答","50.00","37.50","45.00","2.02","35.32","7"
"ZJ20260816C01C33B1","2026-08-16 13:24:56","68.08","7","ITEM-00141","67","文本","情绪推理","多选题","4.50","痛苦｜惊讶｜愤怒｜共情痛苦｜恐惧｜崇拜｜好奇｜冷静｜委屈｜厌恶","愤怒｜厌恶","5｜3","愤怒｜惊讶","4｜3","否","已作答","50.00","37.50","45.00","2.02","99.51","6"
"ZJ20260816C01C33B1","2026-08-16 13:24:56","68.08","8","ITEM-00040","53","文本","情绪识别","单选题","3.50","感激｜怨恨｜平静｜蔑视｜惊讶｜释然｜愉悦｜愁闷｜厌倦｜爱","怨恨","5","怨恨","5","否","已作答","100.00","100.00","100.00","3.50","16.20","3"
"ZJ20260816C01C33B1","2026-08-16 13:24:56","68.08","9","ITEM-00043","65","视频","情绪识别","多选题","4.50","快乐｜感动｜抑郁｜遗憾｜敌意｜怀旧｜委屈｜自满｜愉悦｜惊讶","遗憾｜怀旧","4｜3","怀旧｜感动｜愉悦｜遗憾","5｜3｜3｜5","否","已作答","66.67","31.25","52.50","2.36","48.67","6"
"ZJ20260816C01C33B1","2026-08-16 13:24:56","68.08","10","ITEM-00096","74","文本","情绪识别","多选题","4.50","自满｜轻松｜好奇｜冷静｜委屈｜内疚｜愉悦｜满足｜审美欣赏｜厌倦","轻松｜愉悦｜满足｜审美欣赏","4｜4｜5｜3","审美欣赏｜愉悦","5｜5","否","已作答","66.67","62.50","65.00","2.92","36.91","11"
"ZJ20260816C01C33B1","2026-08-16 13:24:56","68.08","11","ITEM-00070","119","文本","情绪识别","多选题","4.50","痛苦｜困惑｜担忧｜愉悦｜不屑｜爱｜释然｜怨恨｜厌恶｜满足","困惑｜痛苦","5｜4","困惑｜痛苦","4｜5","否","已作答","100.00","75.00","90.00","4.05","99.31","6"
"ZJ20260816C01C33B1","2026-08-16 13:24:56","68.08","12","ITEM-00065","112","图像","情绪识别","多选题","4.50","释然｜怨恨｜不屑｜悲伤｜遗憾｜担忧｜冷静｜感动｜震惊｜自满","遗憾｜悲伤","3｜5","悲伤｜遗憾｜感动｜释然","3｜4｜4｜4","否","已作答","66.67","31.25","52.50","2.36","29.22","6"
"ZJ20260816C01C33B1","2026-08-16 13:24:56","68.08","13","ITEM-00051","93","图像","情绪识别","单选题","3.50","悲伤｜愁闷｜愉悦｜紧张｜兴奋｜渴望｜震惊｜释然｜抑郁｜共情痛苦","悲伤","5","悲伤","4","是","已作答","100.00","75.00","90.00","3.15","15.58","3"
"ZJ20260816C01C33B1","2026-08-16 13:24:56","68.08","14","ITEM-00149","60","视频","情绪推理","单选题","2.50","尴尬｜怨恨｜担忧｜好奇｜快乐｜蔑视｜兴趣｜希望｜困惑｜愁闷","愁闷","4","担忧","4","否","已作答","0.00","0.00","0.00","0.00","91.34","3"
"ZJ20260816C01C33B1","2026-08-16 13:24:56","68.08","15","ITEM-00064","111","图像","情绪识别","多选题","4.50","遗憾｜希望｜困惑｜怨恨｜烦躁｜释然｜愉悦｜感动｜惊讶｜渴望","释然｜愉悦","4｜5","释然｜愉悦","3｜5","否","已作答","100.00","87.50","95.00","4.28","15.92","5"
"ZJ20260816C01C33B1","2026-08-16 13:24:56","68.08","16","ITEM-00092","66","音频","情绪识别","多选题","4.50","内疚｜绝望｜抑郁｜兴趣｜失望｜悲伤｜满足｜痛苦｜惊讶｜感激","悲伤｜内疚｜痛苦","4｜3｜4","内疚｜痛苦｜悲伤","5｜5｜5","否","已作答","100.00","66.67","86.67","3.90","44.97","8"
"ZJ20260816C01C33B1","2026-08-16 13:24:56","68.08","17","ITEM-00100","10","视频","情绪推理","多选题","4.50","愉悦｜共情痛苦｜羡慕｜兴奋｜得意｜愤怒｜震惊｜不屑｜兴趣｜愁闷","得意｜不屑","4｜4","不屑｜得意","4｜4","否","已作答","100.00","100.00","100.00","4.50","17.97","7"
"ZJ20260816C01C33B1","2026-08-16 13:24:56","68.08","18","ITEM-00095","59","文本","情绪识别","多选题","4.50","失望｜渴望｜内疚｜敌意｜快乐｜兴趣｜感激｜痛苦｜感动｜恐惧","内疚｜痛苦","5｜3","内疚｜痛苦","5｜5","否","已作答","100.00","75.00","90.00","4.05","31.52","6"
"ZJ20260816C01C33B1","2026-08-16 13:24:56","68.08","19","ITEM-00123","8","音频","情绪识别","单选题","3.50","尴尬｜紧张｜愁闷｜惊讶｜厌倦｜自满｜震惊｜厌恶｜绝望｜满足","紧张","4","绝望","4","是","已作答","0.00","0.00","0.00","0.00","23.69","6"
"ZJ20260816C01C33B1","2026-08-16 13:24:56","68.08","20","ITEM-00048","2","音频","情绪识别","单选题","3.50","快乐｜紧张｜释然｜尴尬｜愉悦｜平静｜自满｜不屑｜冷静｜愤怒","愤怒","5","愤怒","5","否","已作答","100.00","100.00","100.00","3.50","26.71","4"
"ZJ20260816C01C33B1","2026-08-16 13:24:56","68.08","21","ITEM-00130","104","图像","情绪识别","多选题","4.50","厌恶｜绝望｜敌意｜痛苦｜蔑视｜愤怒｜厌倦｜释然｜震惊｜爱","震惊","3","愤怒｜震惊","5｜4","是","已作答","66.67","37.50","55.00","2.47","17.04","5"
"ZJ20260816C01C33B1","2026-08-16 13:24:56","68.08","22","ITEM-00027","83","视频","情绪识别","单选题","3.50","冷静｜恐惧｜渴望｜厌恶｜烦躁｜羡慕｜快乐｜痛苦｜悲伤｜愁闷","快乐","5","快乐","4","否","已作答","100.00","75.00","90.00","3.15","37.85","3"
"ZJ20260816C01C33B1","2026-08-16 13:24:56","68.08","23","ITEM-00139","37","图像","情绪推理","多选题","4.50","好奇｜兴趣｜焦虑｜蔑视｜希望｜爱｜怨恨｜震惊｜羞耻｜敬畏","敬畏","4","焦虑｜敬畏","3｜4","是","已作答","66.67","50.00","60.00","2.70","23.70","3"
"ZJ20260816C01C33B1","2026-08-16 13:24:56","68.08","24","ITEM-00142","68","文本","情绪推理","单选题","3.50","困惑｜悲伤｜惊喜｜敌意｜快乐｜紧张｜满足｜羡慕｜爱｜愉悦","敌意","4","敌意","4","否","已作答","100.00","100.00","100.00","3.50","34.26","5"
"ZJ20260816F0E6F92D","2026-08-16 13:03:05","55.34","1","ITEM-00138","22","音频","情绪推理","多选题","4.50","厌恶｜不屑｜审美欣赏｜可惜｜尴尬｜快乐｜羡慕｜感激｜满足｜兴奋","审美欣赏｜感激","4｜4","不屑｜可惜","4｜3","否","已作答","0.00","0.00","0.00","0.00","104.42","8"
"ZJ20260816F0E6F92D","2026-08-16 13:03:05","55.34","2","ITEM-00095","59","文本","情绪识别","多选题","4.50","惊讶｜好奇｜释然｜共情痛苦｜悲伤｜自满｜审美欣赏｜痛苦｜内疚｜感动","悲伤｜痛苦｜内疚","5｜5｜5","内疚｜痛苦","5｜5","否","已作答","80.00","100.00","88.00","3.96","54.27","7"
"ZJ20260816F0E6F92D","2026-08-16 13:03:05","55.34","3","ITEM-00064","111","图像","情绪识别","多选题","4.50","抑郁｜释然｜嫉妒｜审美欣赏｜烦躁｜愉悦｜厌倦｜困惑｜自豪｜好奇","烦躁｜厌倦","4｜4","释然｜愉悦","3｜5","否","已作答","0.00","0.00","0.00","0.00","12.34","7"
"ZJ20260816F0E6F92D","2026-08-16 13:03:05","55.34","4","ITEM-00037","50","文本","情绪识别","单选题","3.50","自豪｜爱｜蔑视｜愉悦｜遗憾｜快乐｜兴奋｜委屈｜惊喜｜崇拜","蔑视","5","蔑视","3","否","已作答","100.00","50.00","80.00","2.80","42.99","3"
"ZJ20260816F0E6F92D","2026-08-16 13:03:05","55.34","5","ITEM-00057","23","音频","情绪识别","单选题","3.50","厌倦｜满足｜惊喜｜敌意｜羡慕｜抑郁｜愤怒｜审美欣赏｜不屑｜紧张","惊喜","5","惊喜","5","否","已作答","100.00","100.00","100.00","3.50","67.83","3"
"ZJ20260816F0E6F92D","2026-08-16 13:03:05","55.34","6","ITEM-00007","29","图像","情绪识别","单选题","3.50","困惑｜紧张｜惊讶｜敌意｜痛苦｜厌恶｜震惊｜共情痛苦｜惊喜｜兴奋","困惑","5","惊讶","3","否","已作答","0.00","0.00","0.00","0.00","33.48","3"
"ZJ20260816F0E6F92D","2026-08-16 13:03:05","55.34","7","ITEM-00142","68","文本","情绪推理","单选题","3.50","嫉妒｜希望｜敌意｜抑郁｜冷静｜好奇｜委屈｜震惊｜愉悦｜厌恶","敌意","5","敌意","4","否","已作答","100.00","75.00","90.00","3.15","56.13","3"
"ZJ20260816F0E6F92D","2026-08-16 13:03:05","55.34","8","ITEM-00009","7","音频","情绪识别","单选题","3.50","委屈｜平静｜爱｜震惊｜共情痛苦｜担忧｜烦躁｜愉悦｜紧张｜渴望","紧张","5","紧张","2","否","已作答","100.00","25.00","70.00","2.45","62.25","3"
"ZJ20260816F0E6F92D","2026-08-16 13:03:05","55.34","9","ITEM-00139","37","图像","情绪推理","多选题","4.50","绝望｜敬畏｜好奇｜不屑｜焦虑｜崇拜｜希望｜怨恨｜担忧｜惊讶","敬畏","4","焦虑｜敬畏","3｜4","否","已作答","66.67","50.00","60.00","2.70","54.73","3"
"ZJ20260816F0E6F92D","2026-08-16 13:03:05","55.34","10","ITEM-00125","85","视频","情绪识别","多选题","4.50","感激｜不屑｜平静｜自豪｜绝望｜审美欣赏｜兴奋｜痛苦｜嫉妒｜愉悦","感激｜不屑｜兴奋","5｜4｜5","感激｜愉悦｜不屑","5｜5｜3","否","已作答","66.67","58.33","63.33","2.85","61.98","8"
"ZJ20260816F0E6F92D","2026-08-16 13:03:05","55.34","11","ITEM-00015","4","视频","情绪识别","单选题","3.50","震惊｜绝望｜痛苦｜紧张｜感激｜惊喜｜遗憾｜愉悦｜满足｜嫉妒","痛苦","5","绝望","4","未填写","已作答","0.00","0.00","0.00","0.00","108.58","3"
"ZJ20260816F0E6F92D","2026-08-16 13:03:05","55.34","12","ITEM-00077","79","音频","情绪识别","多选题","4.50","恐惧｜怀旧｜兴奋｜担忧｜愁闷｜平静｜厌倦｜审美欣赏｜烦躁｜委屈","烦躁","5","烦躁｜厌倦","4｜4","否","已作答","66.67","37.50","55.00","2.47","51.21","4"
"ZJ20260816F0E6F92D","2026-08-16 13:03:05","55.34","13","ITEM-00097","82","文本","情绪识别","多选题","4.50","蔑视｜委屈｜羡慕｜审美欣赏｜轻松｜自豪｜紧张｜担忧｜快乐｜希望","轻松｜快乐","5｜4","轻松｜快乐","4｜4","是","已作答","100.00","87.50","95.00","4.28","51.12","9"
"ZJ20260816F0E6F92D","2026-08-16 13:03:05","55.34","14","ITEM-00150","86","视频","情绪推理","多选题","4.50","抑郁｜失望｜感动｜快乐｜怀旧｜爱｜羞耻｜蔑视｜惊喜｜满足","惊喜","4","满足｜快乐","4｜3","否","已作答","0.00","0.00","0.00","0.00","42.69","5"
"ZJ20260816F0E6F92D","2026-08-16 13:03:05","55.34","15","ITEM-00088","81","视频","情绪识别","多选题","4.50","兴奋｜希望｜羡慕｜惊喜｜遗憾｜爱｜厌倦｜感动｜委屈｜快乐","兴奋｜惊喜｜快乐","5｜4｜5","快乐｜惊喜｜兴奋｜爱","5｜5｜5｜5","否","已作答","85.71","68.75","78.93","3.55","46.28","8"
"ZJ20260816F0E6F92D","2026-08-16 13:03:05","55.34","16","ITEM-00046","89","图像","情绪识别","多选题","4.50","困惑｜自满｜敌意｜蔑视｜平静｜失望｜嫉妒｜内疚｜悲伤｜愁闷","内疚｜悲伤｜愁闷","3｜3｜3","内疚｜悲伤","4｜3","否","已作答","80.00","87.50","83.00","3.73","35.81","6"
"ZJ20260816F0E6F92D","2026-08-16 13:03:05","55.34","17","ITEM-00094","88","音频","情绪识别","多选题","4.50","怨恨｜兴趣｜自豪｜兴奋｜愤怒｜失望｜满足｜好奇｜轻松｜渴望","兴趣｜轻松","4｜4","渴望｜兴趣","4｜5","否","已作答","50.00","37.50","45.00","2.02","78.39","5"
"ZJ20260816F0E6F92D","2026-08-16 13:03:05","55.34","18","ITEM-00084","78","音频","情绪推理","多选题","4.50","快乐｜愁闷｜羡慕｜羞耻｜崇拜｜自满｜感动｜烦躁｜平静｜厌倦","烦躁｜快乐","4｜3","羞耻｜烦躁","4｜5","否","已作答","50.00","37.50","45.00","2.02","52.21","4"
"ZJ20260816F0E6F92D","2026-08-16 13:03:05","55.34","19","ITEM-00073","107","图像","情绪识别","多选题","4.50","感动｜释然｜怀旧｜羞耻｜冷静｜抑郁｜惊喜｜爱｜希望｜愁闷","感动｜希望","4｜4","感动｜爱","5｜5","否","已作答","50.00","37.50","45.00","2.02","28.63","5"
"ZJ20260816F0E6F92D","2026-08-16 13:03:05","55.34","20","ITEM-00004","62","视频","情绪推理","单选题","3.50","崇拜｜敌意｜尴尬｜冷静｜感激｜释然｜自豪｜厌倦｜惊讶｜感动","尴尬","5","尴尬","3","否","已作答","100.00","50.00","80.00","2.80","31.79","5"
"ZJ20260816F0E6F92D","2026-08-16 13:03:05","55.34","21","ITEM-00070","119","文本","情绪识别","多选题","4.50","烦躁｜满足｜尴尬｜平静｜困惑｜痛苦｜审美欣赏｜渴望｜委屈｜惊讶","委屈｜困惑｜渴望","5｜4｜4","困惑｜痛苦","4｜5","否","已作答","40.00","50.00","44.00","1.98","36.92","8"
"ZJ20260816F0E6F92D","2026-08-16 13:03:05","55.34","22","ITEM-00140","63","文本","情绪推理","多选题","4.50","紧张｜兴奋｜爱｜困惑｜审美欣赏｜惊喜｜兴趣｜嫉妒｜轻松｜痛苦","兴奋｜惊喜｜兴趣","5｜5｜5","惊喜｜兴奋","4｜4","否","已作答","80.00","75.00","78.00","3.51","28.93","7"
"ZJ20260816F0E6F92D","2026-08-16 13:03:05","55.34","23","ITEM-00115","39","图像","情绪识别","单选题","3.50","感激｜烦躁｜爱｜震惊｜轻松｜渴望｜羞耻｜焦虑｜满足｜自豪","震惊","5","震惊","5","否","已作答","100.00","100.00","100.00","3.50","11.89","3"
"ZJ20260816F0E6F92D","2026-08-16 13:03:05","55.34","24","ITEM-00100","10","视频","情绪推理","多选题","4.50","兴趣｜震惊｜得意｜蔑视｜满足｜不屑｜失望｜好奇｜轻松｜共情痛苦","蔑视｜不屑","5｜5","不屑｜得意","4｜4","否","已作答","50.00","37.50","45.00","2.02","65.16","5"
"ZJ20260816FE8BA1E6","2026-08-16 12:50:34","59.25","1","ITEM-00109","88","音频","情绪推理","多选题","4.50","愁闷｜厌倦｜困惑｜厌恶｜好奇｜委屈｜愤怒｜审美欣赏｜敌意｜爱","厌倦｜困惑｜愤怒｜愁闷","4｜3｜4｜3","厌倦｜困惑","3｜3","否","已作答","66.67","87.50","75.00","3.38","168.89","7"
"ZJ20260816FE8BA1E6","2026-08-16 12:50:34","59.25","2","ITEM-00143","71","文本","情绪推理","单选题","3.50","厌恶｜愉悦｜渴望｜崇拜｜不屑｜自豪｜担忧｜轻松｜好奇｜释然","不屑","4","不屑","3","是","已作答","100.00","75.00","90.00","3.15","45.99","3"
"ZJ20260816FE8BA1E6","2026-08-16 12:50:34","59.25","3","ITEM-00108","59","音频","情绪推理","多选题","4.50","渴望｜抑郁｜尴尬｜感激｜爱｜震惊｜痛苦｜兴趣｜怨恨｜快乐","痛苦","4","痛苦｜抑郁","4｜4","否","已作答","66.67","50.00","60.00","2.70","74.29","3"
"ZJ20260816FE8BA1E6","2026-08-16 12:50:34","59.25","4","ITEM-00097","82","文本","情绪识别","多选题","4.50","轻松｜失望｜震惊｜感动｜尴尬｜愉悦｜爱｜自豪｜快乐｜兴奋","愉悦","4","轻松｜快乐","4｜4","否","已作答","0.00","0.00","0.00","0.00","74.08","3"
"ZJ20260816FE8BA1E6","2026-08-16 12:50:34","59.25","5","ITEM-00106","77","视频","情绪推理","单选题","3.50","愁闷｜内疚｜快乐｜好奇｜满足｜悲伤｜释然｜厌倦｜怀旧｜愤怒","满足","5","快乐","5","是","已作答","0.00","0.00","0.00","0.00","107.89","3"
"ZJ20260816FE8BA1E6","2026-08-16 12:50:34","59.25","6","ITEM-00107","81","视频","情绪推理","多选题","4.50","羡慕｜感动｜共情痛苦｜快乐｜平静｜悲伤｜兴趣｜抑郁｜内疚｜满足","快乐","4","快乐｜满足｜感动","5｜5｜5","是","已作答","50.00","25.00","40.00","1.80","36.59","3"
"ZJ20260816FE8BA1E6","2026-08-16 12:50:34","59.25","7","ITEM-00125","85","视频","情绪识别","多选题","4.50","希望｜快乐｜烦躁｜恐惧｜不屑｜感激｜愉悦｜自豪｜痛苦｜共情痛苦","共情痛苦｜感激｜希望","5｜5｜4","感激｜愉悦｜不屑","5｜5｜3","否","已作答","33.33","33.33","33.33","1.50","65.46","7"
"ZJ20260816FE8BA1E6","2026-08-16 12:50:34","59.25","8","ITEM-00020","13","视频","情绪识别","单选题","3.50","愁闷｜困惑｜委屈｜尴尬｜兴趣｜抑郁｜释然｜愤怒｜悲伤｜渴望","尴尬","4","尴尬","3","是","已作答","100.00","75.00","90.00","3.15","51.41","5"
"ZJ20260816FE8BA1E6","2026-08-16 12:50:34","59.25","9","ITEM-00037","50","文本","情绪识别","单选题","3.50","希望｜蔑视｜怨恨｜羡慕｜敌意｜渴望｜平静｜爱｜绝望｜尴尬","蔑视","4","蔑视","3","否","已作答","100.00","75.00","90.00","3.15","18.18","3"
"ZJ20260816FE8BA1E6","2026-08-16 12:50:34","59.25","10","ITEM-00121","106","图像","情绪识别","单选题","3.50","怀旧｜愉悦｜渴望｜惊讶｜痛苦｜尴尬｜困惑｜委屈｜绝望｜感激","惊讶","4","惊讶","5","是","已作答","100.00","75.00","90.00","3.15","19.49","3"
"ZJ20260816FE8BA1E6","2026-08-16 12:50:34","59.25","11","ITEM-00140","63","文本","情绪推理","多选题","4.50","平静｜自豪｜恐惧｜释然｜嫉妒｜满足｜兴奋｜爱｜绝望｜惊喜","兴奋","4","惊喜｜兴奋","4｜4","否","已作答","66.67","50.00","60.00","2.70","29.10","3"
"ZJ20260816FE8BA1E6","2026-08-16 12:50:34","59.25","12","ITEM-00072","120","文本","情绪识别","多选题","4.50","担忧｜愉悦｜崇拜｜平静｜满足｜自豪｜希望｜兴趣｜轻松｜痛苦","愉悦｜满足｜希望｜轻松","4｜4｜5｜4","满足｜轻松｜愉悦｜希望｜兴趣","5｜5｜5｜5｜5","否","已作答","88.89","65.00","79.33","3.57","46.03","9"
"ZJ20260816FE8BA1E6","2026-08-16 12:50:34","59.25","13","ITEM-00079","61","视频","情绪推理","多选题","4.50","困惑｜怨恨｜快乐｜痛苦｜绝望｜委屈｜悲伤｜愁闷｜失望｜恐惧","困惑｜委屈｜恐惧","4｜5｜5","委屈｜悲伤","3｜3","否","已作答","40.00","25.00","34.00","1.53","37.29","7"
"ZJ20260816FE8BA1E6","2026-08-16 12:50:34","59.25","14","ITEM-00146","118","文本","情绪识别","多选题","4.50","蔑视｜崇拜｜内疚｜兴奋｜好奇｜焦虑｜烦躁｜失望｜震惊｜轻松","失望｜烦躁","4｜4","烦躁｜失望","4｜4","否","已作答","100.00","100.00","100.00","4.50","56.40","5"
"ZJ20260816FE8BA1E6","2026-08-16 12:50:34","59.25","15","ITEM-00077","79","音频","情绪识别","多选题","4.50","蔑视｜厌倦｜失望｜烦躁｜厌恶｜审美欣赏｜委屈｜崇拜｜渴望｜释然","烦躁｜委屈｜厌倦","5｜5｜5","烦躁｜厌倦","4｜4","否","已作答","80.00","75.00","78.00","3.51","43.18","7"
"ZJ20260816FE8BA1E6","2026-08-16 12:50:34","59.25","16","ITEM-00071","91","图像","情绪识别","多选题","4.50","焦虑｜释然｜失望｜震惊｜抑郁｜遗憾｜兴趣｜共情痛苦｜绝望｜愁闷","失望","5","失望｜震惊","5｜5","否","已作答","66.67","50.00","60.00","2.70","30.71","3"
"ZJ20260816FE8BA1E6","2026-08-16 12:50:34","59.25","17","ITEM-00048","2","音频","情绪识别","单选题","3.50","不屑｜愤怒｜惊讶｜厌恶｜敌意｜羡慕｜怨恨｜蔑视｜平静｜惊喜","愤怒","4","愤怒","5","否","已作答","100.00","75.00","90.00","3.15","28.81","3"
"ZJ20260816FE8BA1E6","2026-08-16 12:50:34","59.25","18","ITEM-00046","89","图像","情绪识别","多选题","4.50","愉悦｜悲伤｜惊喜｜爱｜兴趣｜痛苦｜满足｜内疚｜惊讶｜希望","痛苦","5","内疚｜悲伤","4｜3","否","已作答","0.00","0.00","0.00","0.00","12.31","3"
"ZJ20260816FE8BA1E6","2026-08-16 12:50:34","59.25","19","ITEM-00076","78","音频","情绪识别","多选题","4.50","共情痛苦｜惊讶｜羞耻｜怨恨｜满足｜自豪｜渴望｜嫉妒｜蔑视｜烦躁","嫉妒","4","羞耻｜烦躁","4｜5","否","已作答","0.00","0.00","0.00","0.00","16.89","3"
"ZJ20260816FE8BA1E6","2026-08-16 12:50:34","59.25","20","ITEM-00124","22","音频","情绪识别","单选题","3.50","自满｜释然｜尴尬｜共情痛苦｜痛苦｜不屑｜敌意｜厌恶｜自豪｜感激","释然","4","释然","3","否","已作答","100.00","75.00","90.00","3.15","45.81","3"
"ZJ20260816FE8BA1E6","2026-08-16 12:50:34","59.25","21","ITEM-00139","37","图像","情绪推理","多选题","4.50","感动｜敬畏｜蔑视｜焦虑｜嫉妒｜惊讶｜轻松｜敌意｜快乐｜羞耻","敬畏","4","焦虑｜敬畏","3｜4","是","已作答","66.67","50.00","60.00","2.70","15.17","3"
"ZJ20260816FE8BA1E6","2026-08-16 12:50:34","59.25","22","ITEM-00034","43","图像","情绪识别","单选题","3.50","共情痛苦｜厌恶｜释然｜怨恨｜遗憾｜恐惧｜痛苦｜惊喜｜自豪｜爱","爱","5","爱","5","是","已作答","100.00","100.00","100.00","3.50","9.52","3"
"ZJ20260816FE8BA1E6","2026-08-16 12:50:34","59.25","23","ITEM-00052","94","图像","情绪识别","多选题","4.50","爱｜困惑｜渴望｜快乐｜怨恨｜绝望｜冷静｜痛苦｜厌恶｜委屈","绝望｜痛苦｜委屈｜厌恶｜怨恨","5｜5｜5｜5｜5","绝望｜痛苦｜委屈","5｜5｜4","是","已作答","75.00","91.67","81.67","3.67","23.43","11"
"ZJ20260816FE8BA1E6","2026-08-16 12:50:34","59.25","24","ITEM-00089","84","视频","情绪识别","多选题","4.50","爱｜同情｜羞耻｜震惊｜悲伤｜失望｜兴奋｜不屑｜担忧｜厌恶","悲伤｜同情｜震惊｜失望","4｜4｜3｜5","担忧｜同情｜悲伤","5｜4｜5","否","已作答","57.14","58.33","57.62","2.59","89.14","8"
"ZJ2026081632C60C6E","2026-08-16 12:36:18","61.09","1","ITEM-00048","2","音频","情绪识别","单选题","3.50","感动｜紧张｜愤怒｜困惑｜兴趣｜委屈｜惊喜｜烦躁｜厌倦｜恐惧","烦躁","4","愤怒","5","否","已作答","0.00","0.00","0.00","0.00","40.20","3"
"ZJ2026081632C60C6E","2026-08-16 12:36:18","61.09","2","ITEM-00049","17","音频","情绪识别","单选题","3.50","怨恨｜担忧｜满足｜羡慕｜渴望｜希望｜厌恶｜释然｜厌倦｜敌意","敌意","3","敌意","4","是","已作答","100.00","75.00","90.00","3.15","147.78","3"
"ZJ2026081632C60C6E","2026-08-16 12:36:18","61.09","3","ITEM-00086","79","音频","情绪推理","多选题","4.50","失望｜羞耻｜震惊｜烦躁｜感动｜愁闷｜厌倦｜自豪｜痛苦｜愤怒","烦躁","4","烦躁｜厌倦","4｜4","否","已作答","66.67","50.00","60.00","2.70","18.64","4"
"ZJ2026081632C60C6E","2026-08-16 12:36:18","61.09","4","ITEM-00142","68","文本","情绪推理","单选题","3.50","焦虑｜感动｜厌恶｜快乐｜敌意｜嫉妒｜怨恨｜兴趣｜审美欣赏｜羡慕","厌恶","4","敌意","4","否","已作答","0.00","0.00","0.00","0.00","30.64","3"
"ZJ2026081632C60C6E","2026-08-16 12:36:18","61.09","5","ITEM-00069","117","文本","情绪识别","多选题","4.50","困惑｜好奇｜感激｜共情痛苦｜满足｜烦躁｜爱｜悲伤｜愉悦｜恐惧","爱｜愉悦","3｜4","感激｜爱｜愉悦","4｜4｜5","否","已作答","80.00","50.00","68.00","3.06","23.94","4"
"ZJ2026081632C60C6E","2026-08-16 12:36:18","61.09","6","ITEM-00068","116","文本","情绪识别","多选题","4.50","震惊｜感动｜不屑｜遗憾｜好奇｜厌倦｜共情痛苦｜厌恶｜轻松｜愁闷","厌恶｜不屑","2｜4","厌恶｜不屑","4｜4","否","已作答","100.00","75.00","90.00","4.05","39.05","6"
"ZJ2026081632C60C6E","2026-08-16 12:36:18","61.09","7","ITEM-00102","57","视频","情绪推理","多选题","4.50","不屑｜平静｜委屈｜抑郁｜失望｜烦躁｜渴望｜自满｜尴尬｜愤怒","烦躁｜愤怒","5｜5","愤怒｜烦躁","5｜5","否","已作答","100.00","100.00","100.00","4.50","67.14","7"
"ZJ2026081632C60C6E","2026-08-16 12:36:18","61.09","8","ITEM-00082","72","视频","情绪识别","多选题","4.50","崇拜｜轻松｜兴奋｜抑郁｜审美欣赏｜惊讶｜焦虑｜紧张｜不屑｜厌倦","焦虑｜紧张","4｜5","焦虑｜紧张","4｜5","否","已作答","100.00","100.00","100.00","4.50","49.13","7"
"ZJ2026081632C60C6E","2026-08-16 12:36:18","61.09","9","ITEM-00122","5","文本","情绪识别","单选题","3.50","惊讶｜遗憾｜怨恨｜焦虑｜快乐｜平静｜蔑视｜尴尬｜羡慕｜紧张","怨恨","4","羡慕","4","否","已作答","0.00","0.00","0.00","0.00","19.00","5"
"ZJ2026081632C60C6E","2026-08-16 12:36:18","61.09","10","ITEM-00053","95","图像","情绪识别","多选题","4.50","失望｜崇拜｜委屈｜嫉妒｜抑郁｜痛苦｜尴尬｜绝望｜羡慕｜悲伤","痛苦｜抑郁｜悲伤｜绝望","2｜4｜4｜2","悲伤｜委屈｜绝望","3｜3｜5","否","已作答","57.14","33.33","47.62","2.14","35.65","14"
"ZJ2026081632C60C6E","2026-08-16 12:36:18","61.09","11","ITEM-00106","77","视频","情绪推理","单选题","3.50","自满｜审美欣赏｜怨恨｜快乐｜好奇｜愤怒｜绝望｜共情痛苦｜感动｜渴望","快乐","5","快乐","5","是","已作答","100.00","100.00","100.00","3.50","25.67","8"
"ZJ2026081632C60C6E","2026-08-16 12:36:18","61.09","12","ITEM-00013","27","图像","情绪识别","单选题","3.50","希望｜审美欣赏｜抑郁｜敌意｜烦躁｜内疚｜感动｜担忧｜蔑视｜愤怒","愤怒","5","愤怒","5","否","已作答","100.00","100.00","100.00","3.50","11.59","5"
"ZJ2026081632C60C6E","2026-08-16 12:36:18","61.09","13","ITEM-00138","22","音频","情绪推理","多选题","4.50","不屑｜委屈｜快乐｜可惜｜惊喜｜烦躁｜焦虑｜厌倦｜兴奋｜冷静","冷静｜厌倦","4｜1","不屑｜可惜","4｜3","否","已作答","0.00","0.00","0.00","0.00","62.23","9"
"ZJ2026081632C60C6E","2026-08-16 12:36:18","61.09","14","ITEM-00061","109","图像","情绪识别","多选题","4.50","震惊｜敌意｜自满｜感动｜怀旧｜满足｜抑郁｜厌倦｜愉悦｜快乐","愉悦｜快乐｜满足","5｜5｜3","快乐｜愉悦","4｜4","是","已作答","80.00","75.00","78.00","3.51","21.16","11"
"ZJ2026081632C60C6E","2026-08-16 12:36:18","61.09","15","ITEM-00096","74","文本","情绪识别","多选题","4.50","烦躁｜尴尬｜困惑｜绝望｜厌倦｜愉悦｜快乐｜审美欣赏｜担忧｜内疚","愉悦｜快乐｜审美欣赏","5｜5｜3","审美欣赏｜愉悦","5｜5","否","已作答","80.00","75.00","78.00","3.51","27.04","12"
"ZJ2026081632C60C6E","2026-08-16 12:36:18","61.09","16","ITEM-00023","55","视频","情绪识别","单选题","3.50","委屈｜崇拜｜审美欣赏｜希望｜厌倦｜快乐｜悲伤｜满足｜厌恶｜敌意","敌意","3","敌意","4","否","已作答","100.00","75.00","90.00","3.15","51.15","4"
"ZJ2026081632C60C6E","2026-08-16 12:36:18","61.09","17","ITEM-00107","81","视频","情绪推理","多选题","4.50","快乐｜厌恶｜满足｜困惑｜自豪｜悲伤｜绝望｜厌倦｜感动｜冷静","快乐｜满足｜自豪","5｜4｜2","快乐｜满足｜感动","5｜5｜5","否","已作答","66.67","58.33","63.33","2.85","31.70","7"
"ZJ2026081632C60C6E","2026-08-16 12:36:18","61.09","18","ITEM-00078","89","图像","情绪推理","多选题","4.50","悲伤｜内疚｜失望｜尴尬｜快乐｜绝望｜担忧｜自豪｜惊喜｜审美欣赏","悲伤｜内疚｜绝望","5｜3｜1","内疚｜悲伤","4｜3","否","已作答","80.00","62.50","73.00","3.29","23.23","11"
"ZJ2026081632C60C6E","2026-08-16 12:36:18","61.09","19","ITEM-00012","26","图像","情绪识别","单选题","3.50","抑郁｜尴尬｜感动｜愤怒｜羞耻｜失望｜恐惧｜烦躁｜紧张｜爱","愤怒","4","愤怒","4","否","已作答","100.00","100.00","100.00","3.50","12.73","3"
"ZJ2026081632C60C6E","2026-08-16 12:36:18","61.09","20","ITEM-00110","59","文本","情绪推理","多选题","4.50","感动｜快乐｜痛苦｜尴尬｜渴望｜抑郁｜共情痛苦｜愁闷｜担忧｜绝望","愁闷｜共情痛苦","3｜5","痛苦｜抑郁","4｜4","否","已作答","0.00","0.00","0.00","0.00","46.94","5"
"ZJ2026081632C60C6E","2026-08-16 12:36:18","61.09","21","ITEM-00071","91","图像","情绪识别","多选题","4.50","震惊｜遗憾｜愉悦｜怨恨｜蔑视｜自满｜委屈｜嫉妒｜失望｜惊喜","失望｜委屈｜遗憾","5｜3｜2","失望｜震惊","5｜5","否","已作答","40.00","50.00","44.00","1.98","17.92","6"
"ZJ2026081632C60C6E","2026-08-16 12:36:18","61.09","22","ITEM-00137","69","音频","情绪识别","多选题","4.50","震惊｜愉悦｜兴趣｜释然｜嫉妒｜紧张｜委屈｜轻视｜愤怒｜爱","紧张｜愤怒｜轻视","4｜5｜4","愤怒｜轻视","4｜4","否","已作答","80.00","87.50","83.00","3.73","28.98","7"
"ZJ2026081632C60C6E","2026-08-16 12:36:18","61.09","23","ITEM-00125","85","视频","情绪识别","多选题","4.50","快乐｜恐惧｜感动｜震惊｜紧张｜感激｜担忧｜尴尬｜愉悦｜不屑","感动｜感激｜愉悦｜震惊","5｜5｜3｜4","感激｜愉悦｜不屑","5｜5｜3","否","已作答","57.14","50.00","54.29","2.44","51.97","16"
"ZJ2026081632C60C6E","2026-08-16 12:36:18","61.09","24","ITEM-00094","88","音频","情绪识别","多选题","4.50","好奇｜恐惧｜抑郁｜渴望｜尴尬｜释然｜兴趣｜厌恶｜困惑｜爱","兴趣｜好奇","4｜4","渴望｜兴趣","4｜5","否","已作答","50.00","37.50","45.00","2.02","66.07","6"
"ZJ2026081651FA7FF0","2026-08-16 12:35:42","50.48","1","ITEM-00068","116","文本","情绪识别","多选题","4.50","厌恶｜内疚｜爱｜渴望｜遗憾｜平静｜愤怒｜愁闷｜不屑｜悲伤","愤怒","4","厌恶｜不屑","4｜4","否","已作答","0.00","0.00","0.00","0.00","19.20","3"
"ZJ2026081651FA7FF0","2026-08-16 12:35:42","50.48","2","ITEM-00086","79","音频","情绪推理","多选题","4.50","怨恨｜敌意｜爱｜痛苦｜厌倦｜兴奋｜烦躁｜怀旧｜崇拜｜尴尬","烦躁","4","烦躁｜厌倦","4｜4","否","已作答","66.67","50.00","60.00","2.70","18.61","3"
"ZJ2026081651FA7FF0","2026-08-16 12:35:42","50.48","3","ITEM-00039","52","文本","情绪识别","单选题","3.50","羡慕｜兴趣｜惊讶｜释然｜崇拜｜怨恨｜感动｜痛苦｜自豪｜蔑视","痛苦","5","痛苦","4","未填写","已作答","100.00","75.00","90.00","3.15","14.03","3"
"ZJ2026081651FA7FF0","2026-08-16 12:35:42","50.48","4","ITEM-00063","110","图像","情绪识别","多选题","4.50","愉悦｜感激｜审美欣赏｜崇拜｜失望｜轻松｜蔑视｜焦虑｜敌意｜渴望","愉悦","4","轻松｜愉悦","5｜4","未填写","已作答","66.67","50.00","60.00","2.70","5.68","2"
"ZJ2026081651FA7FF0","2026-08-16 12:35:42","50.48","5","ITEM-00101","55","视频","情绪推理","多选题","4.50","崇拜｜痛苦｜渴望｜兴奋｜快乐｜担忧｜困惑｜希望｜遗憾｜尴尬","尴尬","5","尴尬｜困惑","4｜4","未填写","已作答","66.67","37.50","55.00","2.47","74.93","3"
"ZJ2026081651FA7FF0","2026-08-16 12:35:42","50.48","6","ITEM-00091","59","音频","情绪识别","多选题","4.50","遗憾｜感激｜不屑｜痛苦｜焦虑｜平静｜内疚｜怀旧｜兴奋｜愉悦","痛苦","5","内疚｜痛苦","5｜5","未填写","已作答","66.67","50.00","60.00","2.70","24.28","3"
"ZJ2026081651FA7FF0","2026-08-16 12:35:42","50.48","7","ITEM-00145","69","音频","情绪识别","多选题","4.50","震惊｜内疚｜绝望｜好奇｜崇拜｜愤怒｜满足｜快乐｜愁闷｜厌倦","愤怒","5","愤怒｜震惊","4｜3","未填写","已作答","66.67","37.50","55.00","2.47","21.83","3"
"ZJ2026081651FA7FF0","2026-08-16 12:35:42","50.48","8","ITEM-00141","67","文本","情绪推理","多选题","4.50","感动｜愤怒｜爱｜惊讶｜自豪｜怨恨｜满足｜愁闷｜希望｜紧张","怨恨","5","愤怒｜惊讶","4｜3","未填写","已作答","0.00","0.00","0.00","0.00","26.74","3"
"ZJ2026081651FA7FF0","2026-08-16 12:35:42","50.48","9","ITEM-00087","77","视频","情绪识别","多选题","4.50","满足｜自豪｜爱｜内疚｜惊喜｜紧张｜冷静｜怨恨｜不屑｜兴奋","惊喜","5","兴奋｜爱｜惊喜","5｜5｜5","未填写","已作答","50.00","33.33","43.33","1.95","16.04","3"
"ZJ2026081651FA7FF0","2026-08-16 12:35:42","50.48","10","ITEM-00069","117","文本","情绪识别","多选题","4.50","厌恶｜爱｜敌意｜惊喜｜愉悦｜悲伤｜崇拜｜感激｜自满｜希望","爱","5","感激｜爱｜愉悦","4｜4｜5","未填写","已作答","50.00","25.00","40.00","1.80","6.33","3"
"ZJ2026081651FA7FF0","2026-08-16 12:35:42","50.48","11","ITEM-00115","39","图像","情绪识别","单选题","3.50","怨恨｜怀旧｜困惑｜震惊｜自满｜绝望｜厌倦｜失望｜羞耻｜抑郁","震惊","5","震惊","5","未填写","已作答","100.00","100.00","100.00","3.50","6.93","2"
"ZJ2026081651FA7FF0","2026-08-16 12:35:42","50.48","12","ITEM-00125","85","视频","情绪识别","多选题","4.50","冷静｜平静｜困惑｜愤怒｜抑郁｜失望｜不屑｜崇拜｜感激｜愉悦","感激｜愉悦｜不屑","5｜5｜4","感激｜愉悦｜不屑","5｜5｜3","未填写","已作答","100.00","91.67","96.67","4.35","41.34","8"
"ZJ2026081651FA7FF0","2026-08-16 12:35:42","50.48","13","ITEM-00073","107","图像","情绪识别","多选题","4.50","悲伤｜敌意｜焦虑｜蔑视｜兴奋｜羞耻｜失望｜爱｜感动｜绝望","爱｜感动","4｜5","感动｜爱","5｜5","未填写","已作答","100.00","87.50","95.00","4.28","8.87","4"
"ZJ2026081651FA7FF0","2026-08-16 12:35:42","50.48","14","ITEM-00135","68","文本","情绪识别","多选题","4.50","痛苦｜惊吓｜不屑｜愤怒｜蔑视｜焦虑｜羞耻｜怨恨｜惊讶｜好奇","愤怒｜惊吓","4｜5","不屑｜惊吓","5｜4","未填写","已作答","50.00","37.50","45.00","2.02","15.17","6"
"ZJ2026081651FA7FF0","2026-08-16 12:35:42","50.48","15","ITEM-00132","37","图像","情绪识别","多选题","4.50","满足｜兴趣｜平静｜希望｜好奇｜愁闷｜恭敬｜羡慕｜烦躁｜轻松","恭敬｜好奇｜兴趣","5｜4｜5","平静｜恭敬","5｜5","未填写","已作答","40.00","50.00","44.00","1.98","27.90","6"
"ZJ2026081651FA7FF0","2026-08-16 12:35:42","50.48","16","ITEM-00098","1","视频","情绪推理","多选题","4.50","自豪｜担忧｜厌倦｜嫉妒｜感激｜怀旧｜满足｜焦虑｜震惊｜尴尬","感激","5","感激｜自豪｜满足","4｜3｜4","未填写","已作答","50.00","25.00","40.00","1.80","25.57","2"
"ZJ2026081651FA7FF0","2026-08-16 12:35:42","50.48","17","ITEM-00025","60","视频","情绪识别","单选题","3.50","担忧｜平静｜绝望｜遗憾｜痛苦｜兴趣｜怨恨｜愁闷｜尴尬｜释然","痛苦","5","痛苦","3","未填写","已作答","100.00","50.00","80.00","2.80","23.20","2"
"ZJ2026081651FA7FF0","2026-08-16 12:35:42","50.48","18","ITEM-00084","78","音频","情绪推理","多选题","4.50","惊讶｜厌倦｜担忧｜紧张｜烦躁｜满足｜愉悦｜羞耻｜审美欣赏｜兴奋","厌倦","5","羞耻｜烦躁","4｜5","未填写","已作答","0.00","0.00","0.00","0.00","27.29","6"
"ZJ2026081651FA7FF0","2026-08-16 12:35:42","50.48","19","ITEM-00121","106","图像","情绪识别","单选题","3.50","兴奋｜怀旧｜崇拜｜羞耻｜失望｜担忧｜惊讶｜烦躁｜悲伤｜自豪","惊讶","5","惊讶","5","否","已作答","100.00","100.00","100.00","3.50","9.97","3"
"ZJ2026081651FA7FF0","2026-08-16 12:35:42","50.48","20","ITEM-00104","23","文本","情绪推理","单选题","3.50","痛苦｜羞耻｜烦躁｜愉悦｜失望｜怀旧｜渴望｜兴奋｜惊讶｜困惑","兴奋","5","兴奋","5","未填写","已作答","100.00","100.00","100.00","3.50","18.81","2"
"ZJ2026081651FA7FF0","2026-08-16 12:35:42","50.48","21","ITEM-00124","22","音频","情绪识别","单选题","3.50","羡慕｜爱｜嫉妒｜崇拜｜审美欣赏｜怀旧｜惊讶｜怨恨｜释然｜悲伤","崇拜","5","释然","3","未填写","已作答","0.00","0.00","0.00","0.00","39.51","2"
"ZJ2026081651FA7FF0","2026-08-16 12:35:42","50.48","22","ITEM-00045","2","音频","情绪识别","单选题","3.50","敌意｜遗憾｜紧张｜渴望｜愉悦｜羡慕｜满足｜嫉妒｜悲伤｜痛苦","紧张","5","紧张","3","未填写","已作答","100.00","50.00","80.00","2.80","21.30","2"
"ZJ2026081651FA7FF0","2026-08-16 12:35:42","50.48","23","ITEM-00004","62","视频","情绪推理","单选题","3.50","愤怒｜轻松｜厌恶｜尴尬｜内疚｜愉悦｜释然｜敌意｜遗憾｜绝望","遗憾","4","尴尬","3","未填写","已作答","0.00","0.00","0.00","0.00","21.81","2"
"ZJ2026081651FA7FF0","2026-08-16 12:35:42","50.48","24","ITEM-00078","89","图像","情绪推理","多选题","4.50","遗憾｜好奇｜内疚｜愁闷｜尴尬｜不屑｜困惑｜痛苦｜悲伤｜恐惧","愁闷","5","内疚｜悲伤","4｜3","未填写","已作答","0.00","0.00","0.00","0.00","10.04","2"
"ZJ202608160C984004","2026-08-16 12:33:01","52.70","1","ITEM-00040","53","文本","情绪识别","单选题","3.50","尴尬｜羞耻｜自满｜蔑视｜嫉妒｜渴望｜委屈｜怨恨｜自豪｜烦躁","怨恨","4","怨恨","5","否","已作答","100.00","75.00","90.00","3.15","25.94","3"
"ZJ202608160C984004","2026-08-16 12:33:01","52.70","2","ITEM-00058","102","图像","情绪识别","多选题","4.50","愉悦｜悲伤｜困惑｜愤怒｜好奇｜不屑｜感动｜厌倦｜渴望｜兴奋","悲伤｜好奇","2｜3","感动｜愉悦","4｜4","否","已作答","0.00","0.00","0.00","0.00","25.03","4"
"ZJ202608160C984004","2026-08-16 12:33:01","52.70","3","ITEM-00078","89","图像","情绪推理","多选题","4.50","自满｜满足｜冷静｜审美欣赏｜悲伤｜轻松｜惊喜｜自豪｜好奇｜内疚","悲伤｜内疚","5｜2","内疚｜悲伤","4｜3","否","已作答","100.00","50.00","80.00","3.60","33.41","5"
"ZJ202608160C984004","2026-08-16 12:33:01","52.70","4","ITEM-00109","88","音频","情绪推理","多选题","4.50","审美欣赏｜怨恨｜希望｜愤怒｜困惑｜恐惧｜冷静｜共情痛苦｜厌倦｜羞耻","厌倦｜怨恨","5｜2","厌倦｜困惑","3｜3","否","已作答","50.00","25.00","40.00","1.80","69.21","5"
"ZJ202608160C984004","2026-08-16 12:33:01","52.70","5","ITEM-00029","34","图像","情绪识别","单选题","3.50","不屑｜抑郁｜紧张｜厌恶｜共情痛苦｜失望｜惊喜｜审美欣赏｜爱｜怨恨","共情痛苦","2","厌恶","5","未填写","已作答","0.00","0.00","0.00","0.00","14.07","2"
"ZJ202608160C984004","2026-08-16 12:33:01","52.70","6","ITEM-00141","67","文本","情绪推理","多选题","4.50","感动｜惊讶｜悲伤｜兴趣｜困惑｜自满｜不屑｜尴尬｜愁闷｜愤怒","愤怒","4","愤怒｜惊讶","4｜3","否","已作答","66.67","50.00","60.00","2.70","61.35","3"
"ZJ202608160C984004","2026-08-16 12:33:01","52.70","7","ITEM-00015","4","视频","情绪识别","单选题","3.50","释然｜绝望｜兴奋｜愉悦｜尴尬｜焦虑｜委屈｜感激｜厌倦｜困惑","绝望","5","绝望","4","否","已作答","100.00","75.00","90.00","3.15","6.54","4"
"ZJ202608160C984004","2026-08-16 12:33:01","52.70","8","ITEM-00125","85","视频","情绪识别","多选题","4.50","不屑｜抑郁｜共情痛苦｜感激｜怀旧｜愉悦｜绝望｜爱｜尴尬｜愤怒","感激｜尴尬｜不屑","5｜4｜4","感激｜愉悦｜不屑","5｜5｜3","否","已作答","66.67","58.33","63.33","2.85","43.05","8"
"ZJ202608160C984004","2026-08-16 12:33:01","52.70","9","ITEM-00123","8","音频","情绪识别","单选题","3.50","绝望｜抑郁｜自豪｜蔑视｜共情痛苦｜震惊｜尴尬｜审美欣赏｜敌意｜兴奋","绝望","5","绝望","4","否","已作答","100.00","75.00","90.00","3.15","19.84","4"
"ZJ202608160C984004","2026-08-16 12:33:01","52.70","10","ITEM-00097","82","文本","情绪识别","多选题","4.50","失望｜蔑视｜爱｜快乐｜厌倦｜恐惧｜释然｜轻松｜紧张｜愉悦","轻松","2","轻松｜快乐","4｜4","否","已作答","66.67","25.00","50.00","2.25","33.22","3"
"ZJ202608160C984004","2026-08-16 12:33:01","52.70","11","ITEM-00106","77","视频","情绪推理","单选题","3.50","平静｜崇拜｜羡慕｜感动｜冷静｜惊喜｜悲伤｜快乐｜紧张｜抑郁","快乐","5","快乐","5","否","已作答","100.00","100.00","100.00","3.50","110.61","6"
"ZJ202608160C984004","2026-08-16 12:33:01","52.70","12","ITEM-00010","63","文本","情绪识别","多选题","4.50","失望｜尴尬｜好奇｜兴奋｜快乐｜惊喜｜悲伤｜震惊｜痛苦｜绝望","兴奋｜快乐｜震惊","4｜4｜5","惊喜｜兴奋","4｜4","否","已作答","40.00","50.00","44.00","1.98","18.18","10"
"ZJ202608160C984004","2026-08-16 12:33:01","52.70","13","ITEM-00107","81","视频","情绪推理","多选题","4.50","感动｜满足｜绝望｜愤怒｜愁闷｜共情痛苦｜冷静｜快乐｜震惊｜敌意","快乐","5","快乐｜满足｜感动","5｜5｜5","否","已作答","50.00","33.33","43.33","1.95","47.69","4"
"ZJ202608160C984004","2026-08-16 12:33:01","52.70","14","ITEM-00048","2","音频","情绪识别","单选题","3.50","愤怒｜审美欣赏｜烦躁｜轻松｜渴望｜困惑｜兴趣｜厌恶｜蔑视｜希望","愤怒","4","愤怒","5","否","已作答","100.00","75.00","90.00","3.15","43.28","3"
"ZJ202608160C984004","2026-08-16 12:33:01","52.70","15","ITEM-00130","104","图像","情绪识别","多选题","4.50","绝望｜委屈｜惊讶｜审美欣赏｜震惊｜悲伤｜恐惧｜愤怒｜感激｜崇拜","惊讶","4","愤怒｜震惊","5｜4","否","已作答","0.00","0.00","0.00","0.00","14.75","3"
"ZJ202608160C984004","2026-08-16 12:33:01","52.70","16","ITEM-00071","91","图像","情绪识别","多选题","4.50","紧张｜震惊｜绝望｜敌意｜恐惧｜困惑｜不屑｜厌倦｜悲伤｜失望","紧张｜失望","4｜4","失望｜震惊","5｜5","否","已作答","50.00","37.50","45.00","2.02","20.93","8"
"ZJ202608160C984004","2026-08-16 12:33:01","52.70","17","ITEM-00144","118","文本","情绪推理","单选题","3.50","内疚｜自豪｜轻松｜遗憾｜尴尬｜失望｜惊讶｜羡慕｜感动｜震惊","失望","5","失望","4","否","已作答","100.00","75.00","90.00","3.15","27.73","4"
"ZJ202608160C984004","2026-08-16 12:33:01","52.70","18","ITEM-00070","119","文本","情绪识别","多选题","4.50","困惑｜厌恶｜痛苦｜满足｜悲伤｜愤怒｜兴奋｜紧张｜自豪｜恐惧","恐惧｜困惑","4｜5","困惑｜痛苦","4｜5","否","已作答","50.00","37.50","45.00","2.02","17.46","10"
"ZJ202608160C984004","2026-08-16 12:33:01","52.70","19","ITEM-00145","69","音频","情绪识别","多选题","4.50","冷静｜崇拜｜快乐｜惊喜｜自豪｜震惊｜紧张｜嫉妒｜好奇｜愤怒","冷静｜愤怒","4｜2","愤怒｜震惊","4｜3","否","已作答","50.00","25.00","40.00","1.80","31.21","5"
"ZJ202608160C984004","2026-08-16 12:33:01","52.70","20","ITEM-00121","106","图像","情绪识别","单选题","3.50","抑郁｜蔑视｜希望｜爱｜绝望｜困惑｜愉悦｜惊讶｜失望｜痛苦","惊讶","5","惊讶","5","否","已作答","100.00","100.00","100.00","3.50","9.29","4"
"ZJ202608160C984004","2026-08-16 12:33:01","52.70","21","ITEM-00079","61","视频","情绪推理","多选题","4.50","委屈｜烦躁｜失望｜怀旧｜悲伤｜震惊｜遗憾｜快乐｜渴望｜焦虑","委屈｜失望","4｜2","委屈｜悲伤","3｜3","否","已作答","50.00","37.50","45.00","2.02","29.89","7"
"ZJ202608160C984004","2026-08-16 12:33:01","52.70","22","ITEM-00044","80","视频","情绪识别","多选题","4.50","紧张｜尴尬｜恐惧｜震惊｜焦虑｜委屈｜惊讶｜羞耻｜快乐｜困惑","紧张","5","紧张｜惊讶","4｜4","否","已作答","66.67","37.50","55.00","2.47","19.83","4"
"ZJ202608160C984004","2026-08-16 12:33:01","52.70","23","ITEM-00138","22","音频","情绪推理","多选题","4.50","厌倦｜惊讶｜紧张｜自满｜尴尬｜希望｜崇拜｜可惜｜不屑｜平静","平静","5","不屑｜可惜","4｜3","否","已作答","0.00","0.00","0.00","0.00","58.97","4"
"ZJ202608160C984004","2026-08-16 12:33:01","52.70","24","ITEM-00091","59","音频","情绪识别","多选题","4.50","渴望｜内疚｜感激｜惊讶｜痛苦｜震惊｜抑郁｜不屑｜共情痛苦｜冷静","痛苦","4","内疚｜痛苦","5｜5","否","已作答","66.67","37.50","55.00","2.47","19.94","3"
"ZJ20260816A4EBD459","2026-08-16 12:32:59","41.37","1","ITEM-00063","110","图像","情绪识别","多选题","4.50","轻松｜自满｜渴望｜满足｜内疚｜好奇｜厌恶｜愉悦｜审美欣赏｜共情痛苦","轻松｜愉悦","3｜3","轻松｜愉悦","5｜4","是","已作答","100.00","62.50","85.00","3.83","34.22","3"
"ZJ20260816A4EBD459","2026-08-16 12:32:59","41.37","2","ITEM-00141","67","文本","情绪推理","多选题","4.50","绝望｜自满｜蔑视｜平静｜愤怒｜厌倦｜感激｜惊讶｜审美欣赏｜不屑","愤怒","4","愤怒｜惊讶","4｜3","否","已作答","66.67","50.00","60.00","2.70","111.42","3"
"ZJ20260816A4EBD459","2026-08-16 12:32:59","41.37","3","ITEM-00096","74","文本","情绪识别","多选题","4.50","愉悦｜惊喜｜审美欣赏｜愁闷｜厌恶｜绝望｜烦躁｜困惑｜焦虑｜兴趣","审美欣赏","4","审美欣赏｜愉悦","5｜5","否","已作答","66.67","37.50","55.00","2.47","29.31","5"
"ZJ20260816A4EBD459","2026-08-16 12:32:59","41.37","4","ITEM-00108","59","音频","情绪推理","多选题","4.50","共情痛苦｜愁闷｜委屈｜担忧｜厌恶｜绝望｜惊讶｜痛苦｜内疚｜抑郁","绝望｜痛苦｜抑郁｜委屈｜愁闷","3｜4｜4｜4｜4","痛苦｜抑郁","4｜4","未填写","已作答","57.14","100.00","74.29","3.34","46.33","14"
"ZJ20260816A4EBD459","2026-08-16 12:32:59","41.37","5","ITEM-00071","91","图像","情绪识别","多选题","4.50","渴望｜困惑｜尴尬｜平静｜恐惧｜震惊｜遗憾｜失望｜轻松｜自满","困惑｜震惊","4｜4","失望｜震惊","5｜5","未填写","已作答","50.00","37.50","45.00","2.02","34.90","6"
"ZJ20260816A4EBD459","2026-08-16 12:32:59","41.37","6","ITEM-00131","115","图像","情绪识别","多选题","4.50","兴奋｜愉悦｜怀旧｜担忧｜审美欣赏｜轻松｜愤怒｜痛苦｜感激｜恐惧","兴奋","4","兴奋｜愉悦","3｜4","否","已作答","66.67","37.50","55.00","2.47","17.00","3"
"ZJ20260816A4EBD459","2026-08-16 12:32:59","41.37","7","ITEM-00107","81","视频","情绪推理","多选题","4.50","惊喜｜失望｜兴奋｜羞耻｜尴尬｜震惊｜快乐｜委屈｜满足｜感动","震惊","4","快乐｜满足｜感动","5｜5｜5","否","已作答","0.00","0.00","0.00","0.00","37.51","3"
"ZJ20260816A4EBD459","2026-08-16 12:32:59","41.37","8","ITEM-00080","65","视频","情绪推理","多选题","4.50","平静｜共情痛苦｜遗憾｜愉悦｜敌意｜担忧｜感动｜烦躁｜渴望｜怀旧","渴望｜怀旧｜愉悦","3｜3｜3","怀旧｜感动｜愉悦｜遗憾","5｜3｜3｜5","否","已作答","57.14","37.50","49.29","2.22","43.38","6"
"ZJ20260816A4EBD459","2026-08-16 12:32:59","41.37","9","ITEM-00004","62","视频","情绪推理","单选题","3.50","嫉妒｜希望｜尴尬｜怨恨｜不屑｜担忧｜敌意｜遗憾｜惊讶｜满足","尴尬","4","尴尬","3","否","已作答","100.00","75.00","90.00","3.15","47.25","5"
"ZJ20260816A4EBD459","2026-08-16 12:32:59","41.37","10","ITEM-00124","22","音频","情绪识别","单选题","3.50","好奇｜嫉妒｜遗憾｜平静｜审美欣赏｜感动｜冷静｜尴尬｜痛苦｜释然","平静","3","释然","3","未填写","已作答","0.00","0.00","0.00","0.00","30.07","1"
"ZJ20260816A4EBD459","2026-08-16 12:32:59","41.37","11","ITEM-00030","42","图像","情绪识别","单选题","3.50","快乐｜困惑｜好奇｜兴奋｜感动｜怀旧｜悲伤｜失望｜审美欣赏｜尴尬","失望","4","困惑","4","否","已作答","0.00","0.00","0.00","0.00","13.60","4"
"ZJ20260816A4EBD459","2026-08-16 12:32:59","41.37","12","ITEM-00139","37","图像","情绪推理","多选题","4.50","愤怒｜爱｜内疚｜满足｜焦虑｜困惑｜尴尬｜敬畏｜惊讶｜释然","敬畏","3","焦虑｜敬畏","3｜4","否","已作答","66.67","37.50","55.00","2.47","13.59","2"
"ZJ20260816A4EBD459","2026-08-16 12:32:59","41.37","13","ITEM-00042","61","视频","情绪识别","多选题","4.50","兴趣｜困惑｜委屈｜渴望｜崇拜｜烦躁｜快乐｜悲伤｜爱｜共情痛苦","委屈","3","委屈｜悲伤","3｜3","未填写","已作答","66.67","50.00","60.00","2.70","24.67","1"
"ZJ20260816A4EBD459","2026-08-16 12:32:59","41.37","14","ITEM-00143","71","文本","情绪推理","单选题","3.50","共情痛苦｜轻松｜悲伤｜不屑｜厌恶｜羡慕｜怀旧｜绝望｜自豪｜爱","绝望","4","不屑","3","否","已作答","0.00","0.00","0.00","0.00","15.79","4"
"ZJ20260816A4EBD459","2026-08-16 12:32:59","41.37","15","ITEM-00027","83","视频","情绪识别","单选题","3.50","共情痛苦｜轻松｜愁闷｜冷静｜自满｜快乐｜蔑视｜好奇｜自豪｜平静","好奇","3","快乐","4","否","已作答","0.00","0.00","0.00","0.00","42.95","2"
"ZJ20260816A4EBD459","2026-08-16 12:32:59","41.37","16","ITEM-00038","51","文本","情绪识别","单选题","3.50","尴尬｜兴趣｜轻松｜愁闷｜自满｜蔑视｜怀旧｜烦躁｜痛苦｜嫉妒","自满","4","自满","3","否","已作答","100.00","75.00","90.00","3.15","23.31","3"
"ZJ20260816A4EBD459","2026-08-16 12:32:59","41.37","17","ITEM-00146","118","文本","情绪识别","多选题","4.50","愤怒｜不屑｜蔑视｜羞耻｜希望｜紧张｜渴望｜烦躁｜失望｜兴奋","希望｜烦躁｜不屑","4｜4｜4","烦躁｜失望","4｜4","未填写","已作答","40.00","50.00","44.00","1.98","37.70","6"
"ZJ20260816A4EBD459","2026-08-16 12:32:59","41.37","18","ITEM-00097","82","文本","情绪识别","多选题","4.50","焦虑｜平静｜冷静｜委屈｜怀旧｜嫉妒｜愁闷｜敌意｜快乐｜轻松","平静｜怀旧","4｜4","轻松｜快乐","4｜4","否","已作答","0.00","0.00","0.00","0.00","19.02","5"
"ZJ20260816A4EBD459","2026-08-16 12:32:59","41.37","19","ITEM-00087","77","视频","情绪识别","多选题","4.50","羞耻｜渴望｜遗憾｜抑郁｜委屈｜爱｜惊喜｜尴尬｜兴奋｜惊讶","爱｜惊喜｜兴奋","4｜4｜3","兴奋｜爱｜惊喜","5｜5｜5","未填写","已作答","100.00","66.67","86.67","3.90","15.45","9"
"ZJ20260816A4EBD459","2026-08-16 12:32:59","41.37","20","ITEM-00121","106","图像","情绪识别","单选题","3.50","遗憾｜好奇｜崇拜｜内疚｜轻松｜冷静｜痛苦｜厌倦｜兴趣｜惊讶","好奇","4","惊讶","5","否","已作答","0.00","0.00","0.00","0.00","12.62","4"
"ZJ20260816A4EBD459","2026-08-16 12:32:59","41.37","21","ITEM-00094","88","音频","情绪识别","多选题","4.50","愁闷｜释然｜怀旧｜冷静｜轻松｜焦虑｜兴趣｜痛苦｜渴望｜敌意","轻松｜释然","4｜4","渴望｜兴趣","4｜5","否","已作答","0.00","0.00","0.00","0.00","36.72","5"
"ZJ20260816A4EBD459","2026-08-16 12:32:59","41.37","22","ITEM-00009","7","音频","情绪识别","单选题","3.50","冷静｜自豪｜困惑｜痛苦｜蔑视｜好奇｜兴奋｜敌意｜愁闷｜紧张","兴奋","3","紧张","2","否","已作答","0.00","0.00","0.00","0.00","16.57","3"
"ZJ20260816A4EBD459","2026-08-16 12:32:59","41.37","23","ITEM-00077","79","音频","情绪识别","多选题","4.50","羞耻｜内疚｜审美欣赏｜厌倦｜困惑｜遗憾｜烦躁｜惊讶｜兴趣｜自豪","烦躁","3","烦躁｜厌倦","4｜4","否","已作答","66.67","37.50","55.00","2.47","19.99","2"
"ZJ20260816A4EBD459","2026-08-16 12:32:59","41.37","24","ITEM-00084","78","音频","情绪推理","多选题","4.50","紧张｜羞耻｜蔑视｜兴奋｜抑郁｜满足｜烦躁｜悲伤｜好奇｜共情痛苦","烦躁","4","羞耻｜烦躁","4｜5","否","已作答","66.67","37.50","55.00","2.47","17.63","4"
"ZJ20260816F4ABF9AD","2026-08-16 12:31:44","37.77","1","ITEM-00078","89","图像","情绪推理","多选题","4.50","希望｜恐惧｜释然｜绝望｜轻松｜内疚｜审美欣赏｜厌恶｜悲伤｜愉悦","审美欣赏｜内疚｜希望","4｜5｜4","内疚｜悲伤","4｜3","未填写","已作答","40.00","37.50","39.00","1.75","22.44","6"
"ZJ20260816F4ABF9AD","2026-08-16 12:31:44","37.77","2","ITEM-00064","111","图像","情绪识别","多选题","4.50","愉悦｜释然｜厌恶｜委屈｜爱｜冷静｜嫉妒｜崇拜｜尴尬｜烦躁","愉悦｜释然","4｜4","释然｜愉悦","3｜5","否","已作答","100.00","75.00","90.00","4.05","9.71","6"
"ZJ20260816F4ABF9AD","2026-08-16 12:31:44","37.77","3","ITEM-00045","2","音频","情绪识别","单选题","3.50","困惑｜满足｜嫉妒｜羞耻｜紧张｜烦躁｜快乐｜厌倦｜惊讶｜平静","困惑","4","紧张","3","未填写","已作答","0.00","0.00","0.00","0.00","34.00","2"
"ZJ20260816F4ABF9AD","2026-08-16 12:31:44","37.77","4","ITEM-00106","77","视频","情绪推理","单选题","3.50","烦躁｜震惊｜快乐｜渴望｜自满｜怀旧｜不屑｜绝望｜感激｜内疚","快乐","4","快乐","5","未填写","已作答","100.00","75.00","90.00","3.15","18.03","4"
"ZJ20260816F4ABF9AD","2026-08-16 12:31:44","37.77","5","ITEM-00141","67","文本","情绪推理","多选题","4.50","担忧｜蔑视｜愤怒｜敌意｜怨恨｜遗憾｜惊讶｜审美欣赏｜愁闷｜厌倦","惊讶｜审美欣赏","4｜4","愤怒｜惊讶","4｜3","未填写","已作答","50.00","37.50","45.00","2.02","23.76","4"
"ZJ20260816F4ABF9AD","2026-08-16 12:31:44","37.77","6","ITEM-00065","112","图像","情绪识别","多选题","4.50","怨恨｜遗憾｜审美欣赏｜愉悦｜抑郁｜震惊｜释然｜感动｜悲伤｜愁闷","怨恨｜遗憾｜释然｜悲伤","5｜4｜4｜5","悲伤｜遗憾｜感动｜释然","3｜4｜4｜4","否","已作答","75.00","62.50","70.00","3.15","12.36","10"
"ZJ20260816F4ABF9AD","2026-08-16 12:31:44","37.77","7","ITEM-00142","68","文本","情绪推理","单选题","3.50","绝望｜冷静｜失望｜敌意｜委屈｜自豪｜好奇｜希望｜不屑｜抑郁","好奇","3","敌意","4","未填写","已作答","0.00","0.00","0.00","0.00","51.76","8"
"ZJ20260816F4ABF9AD","2026-08-16 12:31:44","37.77","8","ITEM-00028","24","图像","情绪识别","单选题","3.50","轻松｜崇拜｜释然｜愤怒｜尴尬｜担忧｜抑郁｜悲伤｜希望｜满足","希望","4","悲伤","4","否","已作答","0.00","0.00","0.00","0.00","45.98","3"
"ZJ20260816F4ABF9AD","2026-08-16 12:31:44","37.77","9","ITEM-00096","74","文本","情绪识别","多选题","4.50","感动｜羞耻｜希望｜厌倦｜满足｜爱｜愉悦｜内疚｜审美欣赏｜困惑","希望｜满足","3｜5","审美欣赏｜愉悦","5｜5","未填写","已作答","0.00","0.00","0.00","0.00","26.56","3"
"ZJ20260816F4ABF9AD","2026-08-16 12:31:44","37.77","10","ITEM-00092","66","音频","情绪识别","多选题","4.50","内疚｜悲伤｜烦躁｜不屑｜痛苦｜恐惧｜希望｜好奇｜惊讶｜轻松","内疚｜悲伤","4｜5","内疚｜痛苦｜悲伤","5｜5｜5","否","已作答","80.00","58.33","71.33","3.21","32.12","6"
"ZJ20260816F4ABF9AD","2026-08-16 12:31:44","37.77","11","ITEM-00150","86","视频","情绪推理","多选题","4.50","渴望｜惊讶｜快乐｜内疚｜兴趣｜希望｜兴奋｜满足｜恐惧｜好奇","惊讶","4","满足｜快乐","4｜3","未填写","已作答","0.00","0.00","0.00","0.00","39.98","2"
"ZJ20260816F4ABF9AD","2026-08-16 12:31:44","37.77","12","ITEM-00100","10","视频","情绪推理","多选题","4.50","快乐｜恐惧｜烦躁｜兴奋｜不屑｜爱｜紧张｜得意｜内疚｜羡慕","不屑","3","不屑｜得意","4｜4","未填写","已作答","66.67","37.50","55.00","2.47","20.33","1"
"ZJ20260816F4ABF9AD","2026-08-16 12:31:44","37.77","13","ITEM-00129","103","图像","情绪识别","多选题","4.50","愉悦｜蔑视｜满足｜敌意｜怨恨｜痛苦｜平静｜担忧｜不屑｜尴尬","蔑视","5","不屑｜敌意","5｜3","未填写","已作答","0.00","0.00","0.00","0.00","9.21","2"
"ZJ20260816F4ABF9AD","2026-08-16 12:31:44","37.77","14","ITEM-00108","59","音频","情绪推理","多选题","4.50","嫉妒｜感动｜好奇｜共情痛苦｜感激｜蔑视｜痛苦｜抑郁｜兴奋｜希望","感动｜共情痛苦","5｜3","痛苦｜抑郁","4｜4","未填写","已作答","0.00","0.00","0.00","0.00","19.48","3"
"ZJ20260816F4ABF9AD","2026-08-16 12:31:44","37.77","15","ITEM-00041","54","文本","情绪识别","单选题","3.50","自豪｜抑郁｜恐惧｜轻松｜自满｜焦虑｜兴奋｜尴尬｜崇拜｜惊讶","自满","3","自满","4","未填写","已作答","100.00","75.00","90.00","3.15","32.59","3"
"ZJ20260816F4ABF9AD","2026-08-16 12:31:44","37.77","16","ITEM-00042","61","视频","情绪识别","多选题","4.50","平静｜冷静｜崇拜｜爱｜抑郁｜委屈｜悲伤｜羡慕｜痛苦｜自满","委屈｜悲伤","4｜5","委屈｜悲伤","3｜3","未填写","已作答","100.00","62.50","85.00","3.83","22.23","7"
"ZJ20260816F4ABF9AD","2026-08-16 12:31:44","37.77","17","ITEM-00086","79","音频","情绪推理","多选题","4.50","兴趣｜厌倦｜困惑｜快乐｜平静｜怀旧｜烦躁｜感激｜审美欣赏｜满足","厌倦｜烦躁","5｜4","烦躁｜厌倦","4｜4","未填写","已作答","100.00","87.50","95.00","4.28","12.26","4"
"ZJ20260816F4ABF9AD","2026-08-16 12:31:44","37.77","18","ITEM-00136","71","文本","情绪识别","多选题","4.50","绝望｜悲伤｜委屈｜厌倦｜恐惧｜抑郁｜尴尬｜兴趣｜愉悦｜不屑","绝望｜悲伤","4｜4","委屈｜恐惧｜不屑","5｜4｜4","未填写","已作答","0.00","0.00","0.00","0.00","11.45","4"
"ZJ20260816F4ABF9AD","2026-08-16 12:31:44","37.77","19","ITEM-00034","43","图像","情绪识别","单选题","3.50","羡慕｜嫉妒｜渴望｜感动｜好奇｜委屈｜愤怒｜崇拜｜惊讶｜爱","爱","4","爱","5","否","已作答","100.00","75.00","90.00","3.15","8.88","5"
"ZJ20260816F4ABF9AD","2026-08-16 12:31:44","37.77","20","ITEM-00019","12","视频","情绪识别","单选题","3.50","厌恶｜共情痛苦｜困惑｜怨恨｜愁闷｜焦虑｜尴尬｜崇拜｜惊喜｜烦躁","愁闷","3","烦躁","4","未填写","已作答","0.00","0.00","0.00","0.00","17.95","3"
"ZJ20260816F4ABF9AD","2026-08-16 12:31:44","37.77","21","ITEM-00043","65","视频","情绪识别","多选题","4.50","愁闷｜焦虑｜怀旧｜爱｜羞耻｜遗憾｜困惑｜愉悦｜感动｜兴奋","怀旧","3","怀旧｜感动｜愉悦｜遗憾","5｜3｜3｜5","否","已作答","40.00","12.50","29.00","1.30","16.17","2"
"ZJ20260816F4ABF9AD","2026-08-16 12:31:44","37.77","22","ITEM-00097","82","文本","情绪识别","多选题","4.50","快乐｜共情痛苦｜感动｜怀旧｜抑郁｜平静｜烦躁｜好奇｜轻松｜紧张","烦躁","4","轻松｜快乐","4｜4","未填写","已作答","0.00","0.00","0.00","0.00","9.21","2"
"ZJ20260816F4ABF9AD","2026-08-16 12:31:44","37.77","23","ITEM-00090","56","音频","情绪识别","多选题","4.50","怨恨｜自满｜绝望｜困惑｜好奇｜冷静｜兴趣｜失望｜恐惧｜敌意","怨恨｜敌意","5｜4","怨恨｜失望","5｜5","未填写","已作答","50.00","50.00","50.00","2.25","14.05","4"
"ZJ20260816F4ABF9AD","2026-08-16 12:31:44","37.77","24","ITEM-00123","8","音频","情绪识别","单选题","3.50","爱｜震惊｜内疚｜羞耻｜绝望｜烦躁｜敌意｜失望｜蔑视｜嫉妒","震惊","4","绝望","4","未填写","已作答","0.00","0.00","0.00","0.00","17.55","3"
"ZJ20260816E3CB6F01","2026-08-16 12:30:02","61.01","1","ITEM-00014","1","视频","情绪识别","单选题","3.50","悲伤｜崇拜｜遗憾｜羞耻｜愉悦｜希望｜烦躁｜怀旧｜轻松｜焦虑","崇拜","4","崇拜","5","是","已作答","100.00","75.00","90.00","3.15","52.49","5"
"ZJ20260816E3CB6F01","2026-08-16 12:30:02","61.01","2","ITEM-00130","104","图像","情绪识别","多选题","4.50","困惑｜希望｜愤怒｜感动｜震惊｜委屈｜感激｜嫉妒｜焦虑｜爱","震惊","3","愤怒｜震惊","5｜4","否","已作答","66.67","37.50","55.00","2.47","11.34","4"
"ZJ20260816E3CB6F01","2026-08-16 12:30:02","61.01","3","ITEM-00070","119","文本","情绪识别","多选题","4.50","遗憾｜痛苦｜感激｜厌倦｜羡慕｜释然｜感动｜困惑｜羞耻｜不屑","痛苦｜困惑｜不屑｜厌倦｜遗憾","4｜5｜4｜3｜4","困惑｜痛苦","4｜5","否","已作答","57.14","75.00","64.29","2.89","45.73","15"
"ZJ20260816E3CB6F01","2026-08-16 12:30:02","61.01","4","ITEM-00013","27","图像","情绪识别","单选题","3.50","不屑｜尴尬｜愁闷｜羞耻｜厌恶｜愤怒｜自满｜痛苦｜满足｜怨恨","怨恨","4","愤怒","5","否","已作答","0.00","0.00","0.00","0.00","16.38","5"
"ZJ20260816E3CB6F01","2026-08-16 12:30:02","61.01","5","ITEM-00056","101","图像","情绪识别","单选题","3.50","敌意｜自满｜兴趣｜委屈｜崇拜｜厌恶｜担忧｜厌倦｜兴奋｜愉悦","厌倦","5","担忧","4","否","已作答","0.00","0.00","0.00","0.00","26.04","4"
"ZJ20260816E3CB6F01","2026-08-16 12:30:02","61.01","6","ITEM-00140","63","文本","情绪推理","多选题","4.50","爱｜审美欣赏｜羡慕｜怨恨｜羞耻｜自豪｜失望｜惊喜｜痛苦｜兴奋","审美欣赏｜惊喜｜兴奋｜自豪｜爱","5｜4｜3｜4｜4","惊喜｜兴奋","4｜4","否","已作答","57.14","87.50","69.29","3.12","47.46","15"
"ZJ20260816E3CB6F01","2026-08-16 12:30:02","61.01","7","ITEM-00126","86","视频","情绪识别","多选题","4.50","悲伤｜敌意｜惊讶｜紧张｜厌恶｜嫉妒｜兴趣｜尴尬｜兴奋｜愉悦","兴奋｜愉悦｜兴趣｜惊讶｜紧张","4｜4｜5｜4｜3","惊讶｜愉悦","4｜5","否","已作答","57.14","87.50","69.29","3.12","46.39","12"
"ZJ20260816E3CB6F01","2026-08-16 12:30:02","61.01","8","ITEM-00057","23","音频","情绪识别","单选题","3.50","羡慕｜惊喜｜委屈｜兴趣｜自豪｜失望｜厌恶｜内疚｜不屑｜遗憾","惊喜","5","惊喜","5","否","已作答","100.00","100.00","100.00","3.50","32.08","3"
"ZJ20260816E3CB6F01","2026-08-16 12:30:02","61.01","9","ITEM-00108","59","音频","情绪推理","多选题","4.50","悲伤｜冷静｜紧张｜羞耻｜平静｜痛苦｜抑郁｜审美欣赏｜绝望｜愉悦","悲伤｜紧张｜痛苦｜抑郁｜绝望","5｜5｜4｜4｜3","痛苦｜抑郁","4｜4","否","已作答","57.14","100.00","74.29","3.34","30.13","16"
"ZJ20260816E3CB6F01","2026-08-16 12:30:02","61.01","10","ITEM-00080","65","视频","情绪推理","多选题","4.50","愤怒｜愉悦｜惊讶｜感动｜痛苦｜委屈｜怀旧｜厌恶｜嫉妒｜遗憾","委屈｜遗憾｜惊讶｜痛苦｜怀旧","4｜5｜4｜5｜4","怀旧｜感动｜愉悦｜遗憾","5｜3｜3｜5","否","已作答","44.44","43.75","44.17","1.99","47.53","21"
"ZJ20260816E3CB6F01","2026-08-16 12:30:02","61.01","11","ITEM-00143","71","文本","情绪推理","单选题","3.50","不屑｜爱｜烦躁｜平静｜快乐｜兴趣｜内疚｜抑郁｜震惊｜尴尬","内疚","4","不屑","3","否","已作答","0.00","0.00","0.00","0.00","29.16","3"
"ZJ20260816E3CB6F01","2026-08-16 12:30:02","61.01","12","ITEM-00046","89","图像","情绪识别","多选题","4.50","悲伤｜内疚｜惊喜｜爱｜冷静｜兴奋｜蔑视｜不屑｜惊讶｜敌意","悲伤｜不屑｜内疚｜蔑视｜惊讶","4｜5｜4｜3｜4","内疚｜悲伤","4｜3","否","已作答","57.14","87.50","69.29","3.12","26.63","13"
"ZJ20260816E3CB6F01","2026-08-16 12:30:02","61.01","13","ITEM-00093","75","音频","情绪识别","多选题","4.50","希望｜委屈｜惊喜｜悲伤｜烦躁｜自满｜冷静｜兴趣｜绝望｜恐惧","委屈｜悲伤｜绝望｜恐惧｜烦躁","4｜5｜3｜4｜4","委屈｜悲伤","5｜5","否","已作答","57.14","87.50","69.29","3.12","68.48","13"
"ZJ20260816E3CB6F01","2026-08-16 12:30:02","61.01","14","ITEM-00139","37","图像","情绪推理","多选题","4.50","羞耻｜紧张｜敬畏｜兴趣｜内疚｜焦虑｜冷静｜遗憾｜愤怒｜惊喜","紧张｜焦虑｜冷静｜敬畏｜兴趣","4｜4｜5｜5｜4","焦虑｜敬畏","3｜4","否","已作答","57.14","75.00","64.29","2.89","94.04","12"
"ZJ20260816E3CB6F01","2026-08-16 12:30:02","61.01","15","ITEM-00049","17","音频","情绪识别","单选题","3.50","快乐｜怀旧｜审美欣赏｜自满｜羡慕｜敌意｜感激｜困惑｜焦虑｜紧张","敌意","5","敌意","4","否","已作答","100.00","75.00","90.00","3.15","57.60","3"
"ZJ20260816E3CB6F01","2026-08-16 12:30:02","61.01","16","ITEM-00047","90","图像","情绪识别","多选题","4.50","崇拜｜感激｜委屈｜满足｜惊喜｜愉悦｜平静｜希望｜快乐｜厌恶","感激｜满足｜惊喜｜愉悦｜快乐","4｜4｜5｜4｜5","惊喜｜快乐｜愉悦","5｜5｜5","否","已作答","75.00","91.67","81.67","3.67","19.30","12"
"ZJ20260816E3CB6F01","2026-08-16 12:30:02","61.01","17","ITEM-00088","81","视频","情绪识别","多选题","4.50","焦虑｜兴奋｜爱｜快乐｜困惑｜惊喜｜嫉妒｜委屈｜轻松｜内疚","兴奋｜爱｜快乐｜惊喜｜轻松","5｜4｜4｜3｜5","快乐｜惊喜｜兴奋｜爱","5｜5｜5｜5","否","已作答","88.89","75.00","83.33","3.75","34.61","15"
"ZJ20260816E3CB6F01","2026-08-16 12:30:02","61.01","18","ITEM-00039","52","文本","情绪识别","单选题","3.50","痛苦｜抑郁｜紧张｜自豪｜兴奋｜恐惧｜愁闷｜敌意｜不屑｜希望","痛苦","4","痛苦","4","否","已作答","100.00","100.00","100.00","3.50","61.01","3"
"ZJ20260816E3CB6F01","2026-08-16 12:30:02","61.01","19","ITEM-00149","60","视频","情绪推理","单选题","2.50","紧张｜敌意｜担忧｜烦躁｜惊讶｜尴尬｜蔑视｜满足｜释然｜好奇","担忧","5","担忧","4","否","已作答","100.00","75.00","90.00","2.25","130.78","4"
"ZJ20260816E3CB6F01","2026-08-16 12:30:02","61.01","20","ITEM-00090","56","音频","情绪识别","多选题","4.50","崇拜｜失望｜内疚｜厌恶｜怨恨｜兴奋｜震惊｜惊讶｜烦躁｜自豪","厌恶｜怨恨｜烦躁｜失望｜内疚","4｜5｜4｜3｜4","怨恨｜失望","5｜5","否","已作答","57.14","75.00","64.29","2.89","49.11","15"
"ZJ20260816E3CB6F01","2026-08-16 12:30:02","61.01","21","ITEM-00097","82","文本","情绪识别","多选题","4.50","遗憾｜羡慕｜快乐｜厌倦｜愁闷｜敌意｜自满｜轻松｜渴望｜厌恶","愁闷｜遗憾｜敌意｜厌恶｜厌倦","5｜4｜4｜3｜5","轻松｜快乐","4｜4","否","已作答","0.00","0.00","0.00","0.00","44.04","14"
"ZJ20260816E3CB6F01","2026-08-16 12:30:02","61.01","22","ITEM-00072","120","文本","情绪识别","多选题","4.50","自豪｜嫉妒｜希望｜愉悦｜快乐｜冷静｜轻松｜兴趣｜好奇｜满足","自豪｜希望｜冷静｜轻松｜满足","5｜4｜4｜3｜5","满足｜轻松｜愉悦｜希望｜兴趣","5｜5｜5｜5｜5","否","已作答","60.00","45.00","54.00","2.43","30.30","14"
"ZJ20260816E3CB6F01","2026-08-16 12:30:02","61.01","23","ITEM-00079","61","视频","情绪推理","多选题","4.50","委屈｜审美欣赏｜崇拜｜内疚｜震惊｜平静｜担忧｜渴望｜悲伤｜尴尬","委屈｜担忧｜悲伤｜内疚｜渴望","4｜4｜5｜4｜3","委屈｜悲伤","3｜3","否","已作答","57.14","62.50","59.29","2.67","38.10","18"
"ZJ20260816E3CB6F01","2026-08-16 12:30:02","61.01","24","ITEM-00086","79","音频","情绪推理","多选题","4.50","震惊｜烦躁｜希望｜痛苦｜焦虑｜羞耻｜羡慕｜崇拜｜兴趣｜厌倦","烦躁｜厌倦｜震惊｜羞耻","4｜5｜4｜5","烦躁｜厌倦","4｜4","否","已作答","66.67","87.50","75.00","3.38","57.93","12"
"ZJ20260816AE17A576","2026-08-16 12:29:54","22.68","1","ITEM-00042","61","视频","情绪识别","多选题","4.50","敌意｜悲伤｜轻松｜不屑｜愉悦｜尴尬｜兴奋｜恐惧｜困惑｜委屈","恐惧","3","委屈｜悲伤","3｜3","否","已作答","0.00","0.00","0.00","0.00","44.65","2"
"ZJ20260816AE17A576","2026-08-16 12:29:54","22.68","2","ITEM-00088","81","视频","情绪识别","多选题","4.50","兴奋｜惊喜｜敌意｜崇拜｜感动｜爱｜好奇｜快乐｜失望｜羞耻","兴奋｜惊喜","4｜4","快乐｜惊喜｜兴奋｜爱","5｜5｜5｜5","否","已作答","66.67","37.50","55.00","2.47","25.94","5"
"ZJ20260816AE17A576","2026-08-16 12:29:54","22.68","3","ITEM-00097","82","文本","情绪识别","多选题","4.50","怨恨｜厌恶｜愤怒｜恐惧｜渴望｜轻松｜释然｜痛苦｜羞耻｜快乐","渴望","3","轻松｜快乐","4｜4","是","已作答","0.00","0.00","0.00","0.00","58.45","2"
"ZJ20260816AE17A576","2026-08-16 12:29:54","22.68","4","ITEM-00002","6","视频","情绪推理","单选题","3.50","感动｜感激｜遗憾｜愁闷｜不屑｜好奇｜释然｜敌意｜羞耻｜愉悦","感激","5","感动","3","否","已作答","0.00","0.00","0.00","0.00","41.57","9"
"ZJ20260816AE17A576","2026-08-16 12:29:54","22.68","5","ITEM-00134","67","文本","情绪识别","多选题","4.50","蔑视｜惊喜｜羞耻｜敌意｜惊讶｜愉悦｜委屈｜不屑｜愁闷｜怨恨","蔑视","3","不屑｜敌意","5｜3","否","已作答","0.00","0.00","0.00","0.00","25.80","2"
"ZJ20260816AE17A576","2026-08-16 12:29:54","22.68","6","ITEM-00091","59","音频","情绪识别","多选题","4.50","担忧｜痛苦｜爱｜希望｜嫉妒｜抑郁｜羡慕｜内疚｜自豪｜绝望","担忧｜痛苦","4｜4","内疚｜痛苦","5｜5","否","已作答","50.00","37.50","45.00","2.02","15.11","5"
"ZJ20260816AE17A576","2026-08-16 12:29:54","22.68","7","ITEM-00059","15","文本","情绪识别","单选题","3.50","愁闷｜共情痛苦｜抑郁｜嫉妒｜冷静｜委屈｜自满｜羞耻｜感动｜失望","共情痛苦","3","羞耻","5","否","已作答","0.00","0.00","0.00","0.00","20.21","5"
"ZJ20260816AE17A576","2026-08-16 12:29:54","22.68","8","ITEM-00072","120","文本","情绪识别","多选题","4.50","兴趣｜愉悦｜满足｜轻松｜敌意｜羡慕｜自满｜共情痛苦｜内疚｜希望","希望","4","满足｜轻松｜愉悦｜希望｜兴趣","5｜5｜5｜5｜5","否","已作答","33.33","15.00","26.00","1.17","20.73","5"
"ZJ20260816AE17A576","2026-08-16 12:29:54","22.68","9","ITEM-00142","68","文本","情绪推理","单选题","3.50","烦躁｜轻松｜冷静｜怀旧｜满足｜敌意｜悲伤｜委屈｜希望｜平静","烦躁","4","敌意","4","否","已作答","0.00","0.00","0.00","0.00","17.60","4"
"ZJ20260816AE17A576","2026-08-16 12:29:54","22.68","10","ITEM-00014","1","视频","情绪识别","单选题","3.50","崇拜｜羞耻｜释然｜痛苦｜愤怒｜愉悦｜厌恶｜悲伤｜尴尬｜爱","愉悦","5","崇拜","5","否","已作答","0.00","0.00","0.00","0.00","38.81","4"
"ZJ20260816AE17A576","2026-08-16 12:29:54","22.68","11","ITEM-00057","23","音频","情绪识别","单选题","3.50","羡慕｜爱｜自满｜轻松｜共情痛苦｜困惑｜愤怒｜紧张｜厌倦｜惊喜","轻松","3","惊喜","5","未填写","已作答","0.00","0.00","0.00","0.00","15.24","1"
"ZJ20260816AE17A576","2026-08-16 12:29:54","22.68","12","ITEM-00093","75","音频","情绪识别","多选题","4.50","尴尬｜惊喜｜满足｜愁闷｜共情痛苦｜敌意｜羡慕｜悲伤｜遗憾｜委屈","愁闷｜委屈｜遗憾｜悲伤","3｜3｜3｜3","委屈｜悲伤","5｜5","未填写","已作答","66.67","50.00","60.00","2.70","17.88","4"
"ZJ20260816AE17A576","2026-08-16 12:29:54","22.68","13","ITEM-00080","65","视频","情绪推理","多选题","4.50","自满｜感激｜羞耻｜怀旧｜希望｜自豪｜愉悦｜嫉妒｜感动｜遗憾","遗憾","3","怀旧｜感动｜愉悦｜遗憾","5｜3｜3｜5","否","已作答","40.00","12.50","29.00","1.30","22.48","2"
"ZJ20260816AE17A576","2026-08-16 12:29:54","22.68","14","ITEM-00100","10","视频","情绪推理","多选题","4.50","渴望｜好奇｜得意｜悲伤｜轻松｜满足｜不屑｜爱｜惊喜｜愉悦","轻松｜不屑","3｜3","不屑｜得意","4｜4","否","已作答","50.00","37.50","45.00","2.02","23.75","3"
"ZJ20260816AE17A576","2026-08-16 12:29:54","22.68","15","ITEM-00086","79","音频","情绪推理","多选题","4.50","蔑视｜厌倦｜平静｜共情痛苦｜愉悦｜尴尬｜自满｜嫉妒｜烦躁｜担忧","蔑视","3","烦躁｜厌倦","4｜4","否","已作答","0.00","0.00","0.00","0.00","17.60","2"
"ZJ20260816AE17A576","2026-08-16 12:29:54","22.68","16","ITEM-00109","88","音频","情绪推理","多选题","4.50","厌倦｜委屈｜崇拜｜惊喜｜怨恨｜渴望｜烦躁｜兴奋｜困惑｜希望","厌倦｜委屈","3｜3","厌倦｜困惑","3｜3","否","已作答","50.00","50.00","50.00","2.25","34.27","9"
"ZJ20260816AE17A576","2026-08-16 12:29:54","22.68","17","ITEM-00048","2","音频","情绪识别","单选题","3.50","自豪｜自满｜愤怒｜平静｜希望｜惊喜｜绝望｜爱｜震惊｜审美欣赏","自满","3","愤怒","5","否","已作答","0.00","0.00","0.00","0.00","13.77","8"
"ZJ20260816AE17A576","2026-08-16 12:29:54","22.68","18","ITEM-00063","110","图像","情绪识别","多选题","4.50","快乐｜愉悦｜困惑｜烦躁｜渴望｜崇拜｜尴尬｜轻松｜担忧｜审美欣赏","渴望｜崇拜","3｜3","轻松｜愉悦","5｜4","未填写","已作答","0.00","0.00","0.00","0.00","20.54","2"
"ZJ20260816AE17A576","2026-08-16 12:29:54","22.68","19","ITEM-00007","29","图像","情绪识别","单选题","3.50","恐惧｜厌倦｜敌意｜怨恨｜惊讶｜厌恶｜内疚｜好奇｜不屑｜崇拜","不屑","3","惊讶","3","未填写","已作答","0.00","0.00","0.00","0.00","12.86","4"
"ZJ20260816AE17A576","2026-08-16 12:29:54","22.68","20","ITEM-00140","63","文本","情绪推理","多选题","4.50","嫉妒｜羞耻｜好奇｜平静｜愉悦｜兴奋｜惊喜｜羡慕｜绝望｜困惑","好奇","4","惊喜｜兴奋","4｜4","未填写","已作答","0.00","0.00","0.00","0.00","14.21","2"
"ZJ20260816AE17A576","2026-08-16 12:29:54","22.68","21","ITEM-00054","97","图像","情绪识别","多选题","4.50","感动｜希望｜痛苦｜好奇｜轻松｜恐惧｜愁闷｜愉悦｜绝望｜兴趣","希望｜轻松","3｜3","希望｜轻松｜愉悦","5｜5｜5","未填写","已作答","80.00","33.33","61.33","2.76","13.90","2"
"ZJ20260816AE17A576","2026-08-16 12:29:54","22.68","22","ITEM-00121","106","图像","情绪识别","单选题","3.50","兴趣｜抑郁｜惊讶｜愤怒｜烦躁｜好奇｜厌倦｜恐惧｜不屑｜释然","惊讶","5","惊讶","5","否","已作答","100.00","100.00","100.00","3.50","9.87","4"
"ZJ20260816AE17A576","2026-08-16 12:29:54","22.68","23","ITEM-00139","37","图像","情绪推理","多选题","4.50","不屑｜自豪｜惊讶｜惊喜｜希望｜紧张｜敬畏｜快乐｜平静｜焦虑","惊讶","3","焦虑｜敬畏","3｜4","未填写","已作答","0.00","0.00","0.00","0.00","15.66","1"
"ZJ20260816AE17A576","2026-08-16 12:29:54","22.68","24","ITEM-00075","108","图像","情绪识别","多选题","4.50","怀旧｜震惊｜惊喜｜厌倦｜不屑｜内疚｜蔑视｜轻松｜愤怒｜困惑","震惊","4","震惊｜愤怒","5｜5","未填写","已作答","66.67","37.50","55.00","2.47","12.76","2"
"ZJ20260816EC8AC7E1","2026-08-16 12:23:54","65.55","1","ITEM-00129","103","图像","情绪识别","多选题","4.50","紧张｜嫉妒｜敌意｜平静｜焦虑｜失望｜悲伤｜释然｜不屑｜怨恨","敌意｜不屑","3｜4","不屑｜敌意","5｜3","是","已作答","100.00","87.50","95.00","4.28","23.54","4"
"ZJ20260816EC8AC7E1","2026-08-16 12:23:54","65.55","2","ITEM-00088","81","视频","情绪识别","多选题","4.50","爱｜快乐｜厌恶｜怀旧｜羡慕｜痛苦｜惊喜｜兴奋｜焦虑｜不屑","爱｜快乐｜惊喜｜兴奋","3｜4｜5｜5","快乐｜惊喜｜兴奋｜爱","5｜5｜5｜5","否","已作答","100.00","81.25","92.50","4.16","51.59","10"
"ZJ20260816EC8AC7E1","2026-08-16 12:23:54","65.55","3","ITEM-00141","67","文本","情绪推理","多选题","4.50","惊讶｜痛苦｜委屈｜快乐｜好奇｜愤怒｜愉悦｜蔑视｜希望｜满足","愤怒｜蔑视｜惊讶","4｜4｜3","愤怒｜惊讶","4｜3","否","已作答","80.00","100.00","88.00","3.96","70.83","8"
"ZJ20260816EC8AC7E1","2026-08-16 12:23:54","65.55","4","ITEM-00009","7","音频","情绪识别","单选题","3.50","烦躁｜蔑视｜厌恶｜爱｜失望｜感激｜紧张｜愁闷｜抑郁｜快乐","紧张","3","紧张","2","否","已作答","100.00","75.00","90.00","3.15","39.81","2"
"ZJ20260816EC8AC7E1","2026-08-16 12:23:54","65.55","5","ITEM-00080","65","视频","情绪推理","多选题","4.50","委屈｜担忧｜愉悦｜冷静｜怀旧｜感动｜遗憾｜愁闷｜爱｜满足","委屈｜怀旧｜遗憾","3｜4｜5","怀旧｜感动｜愉悦｜遗憾","5｜3｜3｜5","否","已作答","57.14","43.75","51.79","2.33","33.88","11"
"ZJ20260816EC8AC7E1","2026-08-16 12:23:54","65.55","6","ITEM-00001","3","视频","情绪识别","单选题","3.50","怀旧｜快乐｜羡慕｜兴奋｜痛苦｜悲伤｜共情痛苦｜感激｜震惊｜感动","震惊","4","震惊","3","是","已作答","100.00","75.00","90.00","3.15","19.32","3"
"ZJ20260816EC8AC7E1","2026-08-16 12:23:54","65.55","7","ITEM-00053","95","图像","情绪识别","多选题","4.50","痛苦｜羞耻｜遗憾｜委屈｜敌意｜蔑视｜愉悦｜绝望｜悲伤｜爱","悲伤｜绝望","4｜4","悲伤｜委屈｜绝望","3｜3｜5","否","已作答","80.00","50.00","68.00","3.06","18.63","5"
"ZJ20260816EC8AC7E1","2026-08-16 12:23:54","65.55","8","ITEM-00113","36","图像","情绪识别","单选题","3.50","好奇｜爱｜怨恨｜共情痛苦｜快乐｜轻松｜兴奋｜厌恶｜愉悦｜感激","好奇","4","共情痛苦","4","是","已作答","0.00","0.00","0.00","0.00","35.23","3"
"ZJ20260816EC8AC7E1","2026-08-16 12:23:54","65.55","9","ITEM-00105","2","音频","情绪推理","多选题","4.50","崇拜｜爱｜惊讶｜焦虑｜内疚｜羡慕｜感激｜紧张｜审美欣赏｜愤怒","惊讶｜紧张｜焦虑｜内疚","3｜4｜4｜4","焦虑｜紧张｜内疚","4｜5｜4","否","已作答","85.71","91.67","88.10","3.96","52.81","8"
"ZJ20260816EC8AC7E1","2026-08-16 12:23:54","65.55","10","ITEM-00075","108","图像","情绪识别","多选题","4.50","震惊｜蔑视｜自豪｜嫉妒｜怀旧｜羡慕｜失望｜希望｜审美欣赏｜愤怒","震惊｜失望｜愤怒","4｜4｜3","震惊｜愤怒","5｜5","否","已作答","80.00","62.50","73.00","3.29","20.57","6"
"ZJ20260816EC8AC7E1","2026-08-16 12:23:54","65.55","11","ITEM-00096","74","文本","情绪识别","多选题","4.50","渴望｜冷静｜审美欣赏｜轻松｜不屑｜嫉妒｜愉悦｜恐惧｜好奇｜兴趣","轻松｜愉悦","4｜5","审美欣赏｜愉悦","5｜5","否","已作答","50.00","50.00","50.00","2.25","25.14","5"
"ZJ20260816EC8AC7E1","2026-08-16 12:23:54","65.55","12","ITEM-00004","62","视频","情绪推理","单选题","3.50","震惊｜厌倦｜惊讶｜尴尬｜遗憾｜绝望｜崇拜｜感动｜自豪｜委屈","尴尬","5","尴尬","3","否","已作答","100.00","50.00","80.00","2.80","28.03","5"
"ZJ20260816EC8AC7E1","2026-08-16 12:23:54","65.55","13","ITEM-00083","73","视频","情绪识别","多选题","4.50","遗憾｜恐惧｜爱｜羡慕｜渴望｜满足｜担忧｜失望｜愁闷｜释然","释然","4","爱｜释然","5｜5","否","已作答","66.67","37.50","55.00","2.47","73.56","3"
"ZJ20260816EC8AC7E1","2026-08-16 12:23:54","65.55","14","ITEM-00072","120","文本","情绪识别","多选题","4.50","轻松｜满足｜希望｜快乐｜愉悦｜感激｜尴尬｜震惊｜厌恶｜兴趣","满足｜轻松｜感激","4｜5｜5","满足｜轻松｜愉悦｜希望｜兴趣","5｜5｜5｜5｜5","否","已作答","50.00","35.00","44.00","1.98","29.80","7"
"ZJ20260816EC8AC7E1","2026-08-16 12:23:54","65.55","15","ITEM-00007","29","图像","情绪识别","单选题","3.50","满足｜自豪｜敌意｜内疚｜震惊｜惊喜｜焦虑｜惊讶｜紧张｜恐惧","焦虑","4","惊讶","3","否","已作答","0.00","0.00","0.00","0.00","20.38","3"
"ZJ20260816EC8AC7E1","2026-08-16 12:23:54","65.55","16","ITEM-00074","121","文本","情绪识别","单选题","3.50","释然｜厌恶｜自满｜不屑｜羡慕｜愉悦｜自豪｜抑郁｜愁闷｜担忧","自豪","3","自豪","5","否","已作答","100.00","50.00","80.00","2.80","29.30","3"
"ZJ20260816EC8AC7E1","2026-08-16 12:23:54","65.55","17","ITEM-00137","69","音频","情绪识别","多选题","4.50","抑郁｜敌意｜烦躁｜怨恨｜困惑｜好奇｜自豪｜愤怒｜轻视｜尴尬","轻视｜烦躁｜敌意","4｜4｜5","愤怒｜轻视","4｜4","否","已作答","40.00","50.00","44.00","1.98","42.12","7"
"ZJ20260816EC8AC7E1","2026-08-16 12:23:54","65.55","18","ITEM-00010","63","文本","情绪识别","多选题","4.50","惊讶｜爱｜自豪｜希望｜兴奋｜烦躁｜惊喜｜自满｜冷静｜敌意","惊喜｜惊讶","2｜3","惊喜｜兴奋","4｜4","否","已作答","50.00","25.00","40.00","1.80","29.21","4"
"ZJ20260816EC8AC7E1","2026-08-16 12:23:54","65.55","19","ITEM-00108","59","音频","情绪推理","多选题","4.50","蔑视｜失望｜怀旧｜轻松｜抑郁｜愉悦｜担忧｜敌意｜痛苦｜审美欣赏","痛苦","5","痛苦｜抑郁","4｜4","否","已作答","66.67","37.50","55.00","2.47","58.41","3"
"ZJ20260816EC8AC7E1","2026-08-16 12:23:54","65.55","20","ITEM-00139","37","图像","情绪推理","多选题","4.50","紧张｜尴尬｜愤怒｜愁闷｜焦虑｜冷静｜感激｜敬畏｜兴趣｜抑郁","紧张｜焦虑","4｜4","焦虑｜敬畏","3｜4","否","已作答","50.00","37.50","45.00","2.02","25.59","6"
"ZJ20260816EC8AC7E1","2026-08-16 12:23:54","65.55","21","ITEM-00090","56","音频","情绪识别","多选题","4.50","冷静｜感激｜渴望｜怨恨｜厌倦｜失望｜嫉妒｜怀旧｜平静｜审美欣赏","失望","4","怨恨｜失望","5｜5","否","已作答","66.67","37.50","55.00","2.47","72.63","3"
"ZJ20260816EC8AC7E1","2026-08-16 12:23:54","65.55","22","ITEM-00057","23","音频","情绪识别","单选题","3.50","惊喜｜羡慕｜兴趣｜愤怒｜自满｜痛苦｜烦躁｜敌意｜抑郁｜遗憾","惊喜","5","惊喜","5","否","已作答","100.00","100.00","100.00","3.50","32.24","3"
"ZJ20260816EC8AC7E1","2026-08-16 12:23:54","65.55","23","ITEM-00143","71","文本","情绪推理","单选题","3.50","内疚｜兴奋｜不屑｜尴尬｜遗憾｜震惊｜悲伤｜满足｜感动｜自豪","不屑","4","不屑","3","否","已作答","100.00","75.00","90.00","3.15","41.26","3"
"ZJ20260816EC8AC7E1","2026-08-16 12:23:54","65.55","24","ITEM-00102","57","视频","情绪推理","多选题","4.50","希望｜蔑视｜厌倦｜兴趣｜焦虑｜震惊｜愤怒｜平静｜怀旧｜烦躁","愤怒｜烦躁","5｜5","愤怒｜烦躁","5｜5","否","已作答","100.00","100.00","100.00","4.50","111.41","5"
"ZJ20260816316503A8","2026-08-16 12:22:17","55.80","1","ITEM-00065","112","图像","情绪识别","多选题","4.50","困惑｜好奇｜释然｜悲伤｜抑郁｜蔑视｜感动｜遗憾｜希望｜厌倦","遗憾｜悲伤｜抑郁｜厌倦","5｜3｜2｜2","悲伤｜遗憾｜感动｜释然","3｜4｜4｜4","否","已作答","50.00","43.75","47.50","2.14","53.13","10"
"ZJ20260816316503A8","2026-08-16 12:22:17","55.80","2","ITEM-00004","62","视频","情绪推理","单选题","3.50","敌意｜委屈｜怀旧｜尴尬｜爱｜快乐｜自满｜羡慕｜厌恶｜厌倦","尴尬","5","尴尬","3","否","已作答","100.00","50.00","80.00","2.80","48.44","3"
"ZJ20260816316503A8","2026-08-16 12:22:17","55.80","3","ITEM-00008","30","图像","情绪识别","单选题","3.50","敌意｜感动｜震惊｜蔑视｜抑郁｜怀旧｜厌倦｜困惑｜内疚｜兴奋","感动","3","困惑","3","否","已作答","0.00","0.00","0.00","0.00","37.22","2"
"ZJ20260816316503A8","2026-08-16 12:22:17","55.80","4","ITEM-00128","100","图像","情绪识别","多选题","4.50","兴奋｜感激｜期望｜尴尬｜恐惧｜愤怒｜兴趣｜嫉妒｜委屈｜蔑视","兴奋｜兴趣","4｜3","兴奋｜期望","4｜4","未填写","已作答","50.00","50.00","50.00","2.25","21.20","5"
"ZJ20260816316503A8","2026-08-16 12:22:17","55.80","5","ITEM-00096","74","文本","情绪识别","多选题","4.50","遗憾｜自豪｜审美欣赏｜愉悦｜担忧｜爱｜委屈｜释然｜紧张｜惊喜","审美欣赏｜愉悦｜爱","5｜4｜4","审美欣赏｜愉悦","5｜5","未填写","已作答","80.00","87.50","83.00","3.73","35.74","7"
"ZJ20260816316503A8","2026-08-16 12:22:17","55.80","6","ITEM-00078","89","图像","情绪推理","多选题","4.50","自豪｜烦躁｜自满｜厌恶｜愁闷｜怨恨｜惊讶｜内疚｜悲伤｜担忧","愁闷｜悲伤｜烦躁｜怨恨","5｜3｜2｜1","内疚｜悲伤","4｜3","未填写","已作答","33.33","50.00","40.00","1.80","36.02","8"
"ZJ20260816316503A8","2026-08-16 12:22:17","55.80","7","ITEM-00141","67","文本","情绪推理","多选题","4.50","敌意｜惊讶｜平静｜审美欣赏｜震惊｜渴望｜感动｜愤怒｜蔑视｜失望","敌意｜惊讶｜震惊｜愤怒","3｜4｜5｜4","愤怒｜惊讶","4｜3","未填写","已作答","66.67","87.50","75.00","3.38","61.73","10"
"ZJ20260816316503A8","2026-08-16 12:22:17","55.80","8","ITEM-00144","118","文本","情绪推理","单选题","3.50","感动｜绝望｜失望｜快乐｜冷静｜焦虑｜痛苦｜好奇｜厌恶｜担忧","厌恶","4","失望","4","未填写","已作答","0.00","0.00","0.00","0.00","65.60","3"
"ZJ20260816316503A8","2026-08-16 12:22:17","55.80","9","ITEM-00138","22","音频","情绪推理","多选题","4.50","平静｜自满｜快乐｜焦虑｜不屑｜惊讶｜可惜｜抑郁｜厌倦｜怨恨","厌倦｜平静","4｜4","不屑｜可惜","4｜3","未填写","已作答","0.00","0.00","0.00","0.00","101.80","5"
"ZJ20260816316503A8","2026-08-16 12:22:17","55.80","10","ITEM-00100","10","视频","情绪推理","多选题","4.50","爱｜平静｜不屑｜失望｜兴奋｜绝望｜恐惧｜希望｜得意｜厌倦","不屑｜得意","4｜2","不屑｜得意","4｜4","未填写","已作答","100.00","75.00","90.00","4.05","81.48","7"
"ZJ20260816316503A8","2026-08-16 12:22:17","55.80","11","ITEM-00093","75","音频","情绪识别","多选题","4.50","悲伤｜感动｜愤怒｜共情痛苦｜惊讶｜愁闷｜失望｜内疚｜厌倦｜委屈","悲伤｜感动｜委屈","3｜2｜5","委屈｜悲伤","5｜5","未填写","已作答","80.00","75.00","78.00","3.51","103.14","11"
"ZJ20260816316503A8","2026-08-16 12:22:17","55.80","12","ITEM-00092","66","音频","情绪识别","多选题","4.50","审美欣赏｜羞耻｜失望｜轻松｜愉悦｜悲伤｜痛苦｜嫉妒｜烦躁｜内疚","悲伤｜羞耻｜痛苦｜内疚","5｜1｜5｜4","内疚｜痛苦｜悲伤","5｜5｜5","否","已作答","85.71","91.67","88.10","3.96","61.97","11"
"ZJ20260816316503A8","2026-08-16 12:22:17","55.80","13","ITEM-00055","98","图像","情绪识别","多选题","4.50","自豪｜轻松｜平静｜愉悦｜兴奋｜快乐｜紧张｜焦虑｜蔑视｜崇拜","自豪｜轻松｜愉悦｜快乐｜平静","5｜5｜5｜4｜3","兴奋｜轻松｜愉悦｜快乐","5｜5｜5｜5","未填写","已作答","66.67","68.75","67.50","3.04","23.41","10"
"ZJ20260816316503A8","2026-08-16 12:22:17","55.80","14","ITEM-00062","23","文本","情绪识别","单选题","3.50","兴趣｜惊喜｜释然｜尴尬｜悲伤｜愉悦｜渴望｜内疚｜羡慕｜审美欣赏","惊喜","5","惊喜","5","未填写","已作答","100.00","100.00","100.00","3.50","44.42","5"
"ZJ20260816316503A8","2026-08-16 12:22:17","55.80","15","ITEM-00105","2","音频","情绪推理","多选题","4.50","共情痛苦｜愁闷｜兴奋｜焦虑｜紧张｜悲伤｜轻松｜崇拜｜敌意｜内疚","紧张","3","焦虑｜紧张｜内疚","4｜5｜4","未填写","已作答","50.00","16.67","36.67","1.65","82.80","2"
"ZJ20260816316503A8","2026-08-16 12:22:17","55.80","16","ITEM-00114","38","图像","情绪识别","单选题","3.50","共情痛苦｜爱｜遗憾｜恐惧｜希望｜紧张｜焦虑｜满足｜平静｜愁闷","共情痛苦","4","遗憾","4","未填写","已作答","0.00","0.00","0.00","0.00","27.55","3"
"ZJ20260816316503A8","2026-08-16 12:22:17","55.80","17","ITEM-00083","73","视频","情绪识别","多选题","4.50","爱｜遗憾｜崇拜｜烦躁｜怨恨｜困惑｜焦虑｜愤怒｜释然｜紧张","爱｜遗憾｜释然","4｜3｜2","爱｜释然","5｜5","未填写","已作答","80.00","50.00","68.00","3.06","77.09","7"
"ZJ20260816316503A8","2026-08-16 12:22:17","55.80","18","ITEM-00098","1","视频","情绪推理","多选题","4.50","怨恨｜感激｜紧张｜痛苦｜愤怒｜自豪｜不屑｜渴望｜满足｜审美欣赏","紧张｜感激｜自豪","4｜2｜1","感激｜自豪｜满足","4｜3｜4","未填写","已作答","66.67","33.33","53.33","2.40","59.82","7"
"ZJ20260816316503A8","2026-08-16 12:22:17","55.80","19","ITEM-00070","119","文本","情绪识别","多选题","4.50","不屑｜轻松｜羡慕｜焦虑｜困惑｜蔑视｜愁闷｜痛苦｜自豪｜遗憾","愁闷｜困惑","4｜1","困惑｜痛苦","4｜5","未填写","已作答","50.00","12.50","35.00","1.57","34.07","8"
"ZJ20260816316503A8","2026-08-16 12:22:17","55.80","20","ITEM-00009","7","音频","情绪识别","单选题","3.50","敌意｜遗憾｜痛苦｜愉悦｜自满｜紧张｜羡慕｜嫉妒｜厌倦｜焦虑","愉悦","4","紧张","2","否","已作答","0.00","0.00","0.00","0.00","9.55","3"
"ZJ20260816316503A8","2026-08-16 12:22:17","55.80","21","ITEM-00095","59","文本","情绪识别","多选题","4.50","惊讶｜痛苦｜嫉妒｜困惑｜崇拜｜内疚｜审美欣赏｜羞耻｜兴奋｜蔑视","内疚｜羞耻｜痛苦","3｜3｜4","内疚｜痛苦","5｜5","否","已作答","80.00","62.50","73.00","3.29","30.80","5"
"ZJ20260816316503A8","2026-08-16 12:22:17","55.80","22","ITEM-00123","8","音频","情绪识别","单选题","3.50","痛苦｜满足｜绝望｜厌恶｜震惊｜自豪｜惊喜｜羞耻｜轻松｜敌意","绝望","4","绝望","4","否","已作答","100.00","100.00","100.00","3.50","46.73","5"
"ZJ20260816316503A8","2026-08-16 12:22:17","55.80","23","ITEM-00081","58","视频","情绪识别","多选题","4.50","羞耻｜兴奋｜希望｜惊喜｜释然｜厌恶｜审美欣赏｜怀旧｜困惑｜满足","怀旧｜审美欣赏","5｜2","审美欣赏｜怀旧","5｜3","否","已作答","100.00","37.50","75.00","3.38","75.77","5"
"ZJ20260816316503A8","2026-08-16 12:22:17","55.80","24","ITEM-00001","3","视频","情绪识别","单选题","3.50","悲伤｜怀旧｜震惊｜满足｜渴望｜绝望｜感激｜愤怒｜轻松｜怨恨","震惊","5","震惊","3","否","已作答","100.00","50.00","80.00","2.80","33.49","6"
"ZJ20260816ABD8761B","2026-08-16 12:13:28","66.39","1","ITEM-00030","42","图像","情绪识别","单选题","3.50","愤怒｜自豪｜绝望｜爱｜内疚｜悲伤｜好奇｜轻松｜快乐｜困惑","困惑","3","困惑","4","否","已作答","100.00","75.00","90.00","3.15","12.00","2"
"ZJ20260816ABD8761B","2026-08-16 12:13:28","66.39","2","ITEM-00002","6","视频","情绪推理","单选题","3.50","尴尬｜失望｜担忧｜内疚｜恐惧｜愉悦｜平静｜感动｜困惑｜渴望","感动","4","感动","3","否","已作答","100.00","75.00","90.00","3.15","39.13","3"
"ZJ20260816ABD8761B","2026-08-16 12:13:28","66.39","3","ITEM-00020","13","视频","情绪识别","单选题","3.50","感动｜嫉妒｜厌倦｜轻松｜自豪｜惊喜｜惊讶｜爱｜愉悦｜尴尬","尴尬","4","尴尬","3","否","已作答","100.00","75.00","90.00","3.15","36.87","3"
"ZJ20260816ABD8761B","2026-08-16 12:13:28","66.39","4","ITEM-00097","82","文本","情绪识别","多选题","4.50","愁闷｜焦虑｜抑郁｜自豪｜平静｜紧张｜震惊｜轻松｜快乐｜恐惧","自豪","3","轻松｜快乐","4｜4","否","已作答","0.00","0.00","0.00","0.00","41.61","2"
"ZJ20260816ABD8761B","2026-08-16 12:13:28","66.39","5","ITEM-00137","69","音频","情绪识别","多选题","4.50","轻视｜渴望｜平静｜愤怒｜释然｜自豪｜怀旧｜轻松｜怨恨｜好奇","愤怒","5","愤怒｜轻视","4｜4","否","已作答","66.67","37.50","55.00","2.47","15.01","3"
"ZJ20260816ABD8761B","2026-08-16 12:13:28","66.39","6","ITEM-00048","2","音频","情绪识别","单选题","3.50","厌恶｜平静｜愤怒｜羞耻｜恐惧｜抑郁｜不屑｜感激｜紧张｜好奇","愤怒","5","愤怒","5","否","已作答","100.00","100.00","100.00","3.50","73.24","5"
"ZJ20260816ABD8761B","2026-08-16 12:13:28","66.39","7","ITEM-00013","27","图像","情绪识别","单选题","3.50","恐惧｜痛苦｜兴奋｜希望｜感动｜愤怒｜愉悦｜冷静｜蔑视｜厌倦","愤怒","5","愤怒","5","否","已作答","100.00","100.00","100.00","3.50","11.48","4"
"ZJ20260816ABD8761B","2026-08-16 12:13:28","66.39","8","ITEM-00059","15","文本","情绪识别","单选题","3.50","愁闷｜羞耻｜恐惧｜失望｜渴望｜兴趣｜好奇｜烦躁｜不屑｜抑郁","烦躁","5","羞耻","5","否","已作答","0.00","0.00","0.00","0.00","30.25","3"
"ZJ20260816ABD8761B","2026-08-16 12:13:28","66.39","9","ITEM-00068","116","文本","情绪识别","多选题","4.50","失望｜厌恶｜紧张｜兴奋｜冷静｜羞耻｜担忧｜不屑｜恐惧｜希望","不屑","2","厌恶｜不屑","4｜4","否","已作答","66.67","25.00","50.00","2.25","8.74","3"
"ZJ20260816ABD8761B","2026-08-16 12:13:28","66.39","10","ITEM-00123","8","音频","情绪识别","单选题","3.50","崇拜｜厌恶｜敌意｜快乐｜紧张｜愤怒｜冷静｜嫉妒｜绝望｜自豪","绝望","4","绝望","4","否","已作答","100.00","100.00","100.00","3.50","19.17","3"
"ZJ20260816ABD8761B","2026-08-16 12:13:28","66.39","11","ITEM-00055","98","图像","情绪识别","多选题","4.50","共情痛苦｜羞耻｜担忧｜愉悦｜快乐｜兴奋｜愁闷｜遗憾｜轻松｜蔑视","快乐｜愉悦｜轻松｜兴奋｜遗憾","5｜5｜5｜5｜1","兴奋｜轻松｜愉悦｜快乐","5｜5｜5｜5","否","已作答","88.89","100.00","93.33","4.20","30.81","11"
"ZJ20260816ABD8761B","2026-08-16 12:13:28","66.39","12","ITEM-00083","73","视频","情绪识别","多选题","4.50","内疚｜渴望｜释然｜厌倦｜平静｜愤怒｜爱｜紧张｜失望｜不屑","爱｜平静｜释然｜渴望｜紧张","4｜2｜3｜4｜4","爱｜释然","5｜5","否","已作答","57.14","62.50","59.29","2.67","79.42","14"
"ZJ20260816ABD8761B","2026-08-16 12:13:28","66.39","13","ITEM-00042","61","视频","情绪识别","多选题","4.50","悲伤｜绝望｜渴望｜委屈｜感动｜震惊｜轻松｜遗憾｜恐惧｜愉悦","悲伤｜绝望｜委屈｜恐惧｜震惊","3｜5｜4｜4｜5","委屈｜悲伤","3｜3","否","已作答","57.14","87.50","69.29","3.12","45.17","14"
"ZJ20260816ABD8761B","2026-08-16 12:13:28","66.39","14","ITEM-00104","23","文本","情绪推理","单选题","3.50","困惑｜兴奋｜兴趣｜感动｜羞耻｜尴尬｜怨恨｜感激｜愁闷｜遗憾","兴奋","4","兴奋","5","否","已作答","100.00","75.00","90.00","3.15","34.28","5"
"ZJ20260816ABD8761B","2026-08-16 12:13:28","66.39","15","ITEM-00080","65","视频","情绪推理","多选题","4.50","愉悦｜恐惧｜怀旧｜悲伤｜自豪｜困惑｜感动｜遗憾｜满足｜绝望","困惑｜遗憾｜怀旧｜悲伤","5｜3｜3｜4","怀旧｜感动｜愉悦｜遗憾","5｜3｜3｜5","否","已作答","50.00","25.00","40.00","1.80","40.35","7"
"ZJ20260816ABD8761B","2026-08-16 12:13:28","66.39","16","ITEM-00058","102","图像","情绪识别","多选题","4.50","兴趣｜怀旧｜好奇｜轻松｜愉悦｜感动｜不屑｜失望｜紧张｜困惑","怀旧｜困惑｜好奇｜兴趣","3｜4｜5｜3","感动｜愉悦","4｜4","否","已作答","0.00","0.00","0.00","0.00","19.66","10"
"ZJ20260816ABD8761B","2026-08-16 12:13:28","66.39","17","ITEM-00090","56","音频","情绪识别","多选题","4.50","冷静｜审美欣赏｜感激｜蔑视｜羞耻｜遗憾｜平静｜嫉妒｜失望｜怨恨","失望｜怨恨","5｜5","怨恨｜失望","5｜5","否","已作答","100.00","100.00","100.00","4.50","23.20","7"
"ZJ20260816ABD8761B","2026-08-16 12:13:28","66.39","18","ITEM-00095","59","文本","情绪识别","多选题","4.50","绝望｜释然｜怨恨｜惊讶｜内疚｜痛苦｜抑郁｜好奇｜羞耻｜爱","绝望｜内疚｜痛苦","4｜5｜5","内疚｜痛苦","5｜5","否","已作答","80.00","100.00","88.00","3.96","20.77","8"
"ZJ20260816ABD8761B","2026-08-16 12:13:28","66.39","19","ITEM-00133","99","图像","情绪识别","多选题","4.50","愤怒｜蔑视｜焦虑｜惊喜｜震惊｜兴趣｜平静｜期待｜遗憾｜希望","震惊｜遗憾｜兴趣｜期待","3｜3｜3｜3","平静｜期待","4｜4","否","已作答","33.33","37.50","35.00","1.57","18.88","7"
"ZJ20260816ABD8761B","2026-08-16 12:13:28","66.39","20","ITEM-00109","88","音频","情绪推理","多选题","4.50","紧张｜内疚｜惊讶｜厌倦｜尴尬｜共情痛苦｜惊喜｜困惑｜绝望｜失望","惊讶｜困惑｜失望","3｜4｜4","厌倦｜困惑","3｜3","否","已作答","40.00","37.50","39.00","1.75","40.55","8"
"ZJ20260816ABD8761B","2026-08-16 12:13:28","66.39","21","ITEM-00139","37","图像","情绪推理","多选题","4.50","敬畏｜自豪｜厌恶｜冷静｜感激｜希望｜焦虑｜兴奋｜失望｜烦躁","焦虑｜敬畏","4｜4","焦虑｜敬畏","3｜4","否","已作答","100.00","87.50","95.00","4.28","19.61","7"
"ZJ20260816ABD8761B","2026-08-16 12:13:28","66.39","22","ITEM-00138","22","音频","情绪推理","多选题","4.50","厌倦｜厌恶｜不屑｜失望｜兴奋｜烦躁｜可惜｜绝望｜愁闷｜抑郁","不屑｜厌倦｜厌恶｜可惜","4｜4｜3｜3","不屑｜可惜","4｜3","否","已作答","66.67","100.00","80.00","3.60","49.76","7"
"ZJ20260816ABD8761B","2026-08-16 12:13:28","66.39","23","ITEM-00100","10","视频","情绪推理","多选题","4.50","希望｜遗憾｜不屑｜兴奋｜惊喜｜自满｜羡慕｜得意｜抑郁｜平静","不屑｜兴奋｜自满｜得意","3｜4｜5｜4","不屑｜得意","4｜4","否","已作答","66.67","87.50","75.00","3.38","61.66","11"
"ZJ20260816ABD8761B","2026-08-16 12:13:28","66.39","24","ITEM-00140","63","文本","情绪推理","多选题","4.50","兴奋｜恐惧｜怨恨｜蔑视｜愉悦｜惊喜｜痛苦｜失望｜爱｜悲伤","兴奋｜愉悦｜惊喜","5｜4｜4","惊喜｜兴奋","4｜4","否","已作答","80.00","87.50","83.00","3.73","20.02","9"
"ZJ202608164A9B5EAB","2026-08-16 12:12:46","49.97","1","ITEM-00100","10","视频","情绪推理","多选题","4.50","绝望｜厌倦｜尴尬｜不屑｜遗憾｜得意｜厌恶｜希望｜崇拜｜愁闷","绝望｜愁闷｜遗憾","4｜4｜3","不屑｜得意","4｜4","否","已作答","0.00","0.00","0.00","0.00","78.07","10"
"ZJ202608164A9B5EAB","2026-08-16 12:12:46","49.97","2","ITEM-00053","95","图像","情绪识别","多选题","4.50","恐惧｜敌意｜羞耻｜内疚｜绝望｜羡慕｜悲伤｜自满｜委屈｜共情痛苦","恐惧｜绝望｜悲伤","3｜4｜4","悲伤｜委屈｜绝望","3｜3｜5","否","已作答","66.67","50.00","60.00","2.70","15.53","9"
"ZJ202608164A9B5EAB","2026-08-16 12:12:46","49.97","3","ITEM-00085","76","视频","情绪识别","多选题","4.50","感激｜满足｜平静｜惊讶｜紧张｜自豪｜兴奋｜恐惧｜委屈｜崇拜","感激｜自豪｜兴奋","4｜5｜5","自豪｜兴奋","5｜5","否","已作答","80.00","100.00","88.00","3.96","44.60","9"
"ZJ202608164A9B5EAB","2026-08-16 12:12:46","49.97","4","ITEM-00101","55","视频","情绪推理","多选题","4.50","委屈｜困惑｜希望｜自豪｜感动｜厌恶｜尴尬｜愉悦｜兴趣｜烦躁","尴尬｜困惑","4｜5","尴尬｜困惑","4｜4","否","已作答","100.00","87.50","95.00","4.28","62.67","5"
"ZJ202608164A9B5EAB","2026-08-16 12:12:46","49.97","5","ITEM-00040","53","文本","情绪识别","单选题","3.50","惊喜｜尴尬｜嫉妒｜怨恨｜厌倦｜愤怒｜悲伤｜委屈｜兴奋｜崇拜","怨恨","5","怨恨","5","否","已作答","100.00","100.00","100.00","3.50","15.02","5"
"ZJ202608164A9B5EAB","2026-08-16 12:12:46","49.97","6","ITEM-00110","59","文本","情绪推理","多选题","4.50","委屈｜焦虑｜不屑｜痛苦｜抑郁｜感动｜共情痛苦｜羡慕｜希望｜敌意","痛苦｜委屈｜抑郁","4｜4｜5","痛苦｜抑郁","4｜4","否","已作答","80.00","87.50","83.00","3.73","48.59","9"
"ZJ202608164A9B5EAB","2026-08-16 12:12:46","49.97","7","ITEM-00072","120","文本","情绪识别","多选题","4.50","震惊｜兴趣｜愉悦｜紧张｜满足｜希望｜嫉妒｜厌恶｜怀旧｜轻松","愉悦｜满足｜希望｜轻松","4｜5｜5｜4","满足｜轻松｜愉悦｜希望｜兴趣","5｜5｜5｜5｜5","否","已作答","88.89","70.00","81.33","3.66","22.46","10"
"ZJ202608164A9B5EAB","2026-08-16 12:12:46","49.97","8","ITEM-00090","56","音频","情绪识别","多选题","4.50","兴趣｜自豪｜敌意｜紧张｜厌恶｜怨恨｜失望｜嫉妒｜蔑视｜绝望","怨恨｜敌意｜失望｜绝望","5｜4｜4｜4","怨恨｜失望","5｜5","否","已作答","66.67","87.50","75.00","3.38","58.31","10"
"ZJ202608164A9B5EAB","2026-08-16 12:12:46","49.97","9","ITEM-00013","27","图像","情绪识别","单选题","3.50","怨恨｜希望｜释然｜惊喜｜轻松｜共情痛苦｜审美欣赏｜愤怒｜焦虑｜紧张","怨恨","5","愤怒","5","否","已作答","0.00","0.00","0.00","0.00","12.33","5"
"ZJ202608164A9B5EAB","2026-08-16 12:12:46","49.97","10","ITEM-00010","63","文本","情绪识别","多选题","4.50","兴趣｜兴奋｜蔑视｜惊喜｜爱｜羞耻｜悲伤｜感动｜怀旧｜失望","惊喜｜兴奋","5｜4","惊喜｜兴奋","4｜4","否","已作答","100.00","87.50","95.00","4.28","23.76","7"
"ZJ202608164A9B5EAB","2026-08-16 12:12:46","49.97","11","ITEM-00144","118","文本","情绪推理","单选题","3.50","遗憾｜希望｜自满｜不屑｜失望｜担忧｜震惊｜厌恶｜烦躁｜兴奋","失望","5","失望","4","否","已作答","100.00","75.00","90.00","3.15","35.51","5"
"ZJ202608164A9B5EAB","2026-08-16 12:12:46","49.97","12","ITEM-00105","2","音频","情绪推理","多选题","4.50","冷静｜震惊｜释然｜紧张｜内疚｜希望｜羞耻｜焦虑｜怀旧｜悲伤","内疚｜悲伤","4｜4","焦虑｜紧张｜内疚","4｜5｜4","否","已作答","40.00","33.33","37.33","1.68","43.84","5"
"ZJ202608164A9B5EAB","2026-08-16 12:12:46","49.97","13","ITEM-00027","83","视频","情绪识别","单选题","3.50","抑郁｜惊讶｜感动｜自满｜好奇｜愉悦｜厌恶｜内疚｜快乐｜厌倦","愉悦","5","快乐","4","否","已作答","0.00","0.00","0.00","0.00","28.67","3"
"ZJ202608164A9B5EAB","2026-08-16 12:12:46","49.97","14","ITEM-00109","88","音频","情绪推理","多选题","4.50","困惑｜敌意｜审美欣赏｜厌倦｜感动｜爱｜快乐｜怨恨｜怀旧｜绝望","敌意｜厌倦","4｜4","厌倦｜困惑","3｜3","否","已作答","50.00","37.50","45.00","2.02","73.43","5"
"ZJ202608164A9B5EAB","2026-08-16 12:12:46","49.97","15","ITEM-00064","111","图像","情绪识别","多选题","4.50","释然｜惊喜｜平静｜愤怒｜紧张｜厌倦｜愉悦｜怨恨｜惊讶｜敌意","惊喜","5","释然｜愉悦","3｜5","未填写","已作答","0.00","0.00","0.00","0.00","9.51","2"
"ZJ202608164A9B5EAB","2026-08-16 12:12:46","49.97","16","ITEM-00081","58","视频","情绪识别","多选题","4.50","好奇｜担忧｜怀旧｜崇拜｜紧张｜厌恶｜抑郁｜审美欣赏｜感动｜自豪","怀旧｜审美欣赏｜感动","4｜4｜5","审美欣赏｜怀旧","5｜3","未填写","已作答","80.00","75.00","78.00","3.51","30.08","6"
"ZJ202608164A9B5EAB","2026-08-16 12:12:46","49.97","17","ITEM-00128","100","图像","情绪识别","多选题","4.50","担忧｜冷静｜兴奋｜感激｜自满｜崇拜｜紧张｜厌倦｜期望｜自豪","兴奋","4","兴奋｜期望","4｜4","未填写","已作答","66.67","50.00","60.00","2.70","14.35","2"
"ZJ202608164A9B5EAB","2026-08-16 12:12:46","49.97","18","ITEM-00077","79","音频","情绪识别","多选题","4.50","爱｜担忧｜内疚｜烦躁｜愤怒｜怀旧｜尴尬｜平静｜敌意｜厌倦","烦躁｜愤怒","3｜2","烦躁｜厌倦","4｜4","未填写","已作答","50.00","37.50","45.00","2.02","30.81","5"
"ZJ202608164A9B5EAB","2026-08-16 12:12:46","49.97","19","ITEM-00135","68","文本","情绪识别","多选题","4.50","好奇｜绝望｜厌倦｜悲伤｜烦躁｜快乐｜共情痛苦｜嫉妒｜惊吓｜不屑","烦躁｜厌倦｜共情痛苦","4｜3｜4","不屑｜惊吓","5｜4","未填写","已作答","0.00","0.00","0.00","0.00","28.12","5"
"ZJ202608164A9B5EAB","2026-08-16 12:12:46","49.97","20","ITEM-00123","8","音频","情绪识别","单选题","3.50","绝望｜惊讶｜烦躁｜痛苦｜平静｜困惑｜失望｜不屑｜敌意｜快乐","痛苦","4","绝望","4","未填写","已作答","0.00","0.00","0.00","0.00","19.56","5"
"ZJ202608164A9B5EAB","2026-08-16 12:12:46","49.97","21","ITEM-00004","62","视频","情绪推理","单选题","3.50","蔑视｜紧张｜尴尬｜痛苦｜担忧｜抑郁｜震惊｜焦虑｜爱｜怨恨","尴尬","4","尴尬","3","未填写","已作答","100.00","75.00","90.00","3.15","36.96","3"
"ZJ202608164A9B5EAB","2026-08-16 12:12:46","49.97","22","ITEM-00033","44","图像","情绪识别","单选题","3.50","震惊｜快乐｜厌倦｜感动｜平静｜委屈｜好奇｜惊讶｜惊喜｜蔑视","震惊","4","惊讶","5","未填写","已作答","0.00","0.00","0.00","0.00","6.32","2"
"ZJ202608164A9B5EAB","2026-08-16 12:12:46","49.97","23","ITEM-00078","89","图像","情绪推理","多选题","4.50","担忧｜内疚｜悲伤｜羡慕｜厌恶｜困惑｜敌意｜感激｜崇拜｜爱","悲伤","5","内疚｜悲伤","4｜3","未填写","已作答","66.67","25.00","50.00","2.25","12.87","2"
"ZJ202608164A9B5EAB","2026-08-16 12:12:46","49.97","24","ITEM-00057","23","音频","情绪识别","单选题","3.50","共情痛苦｜自豪｜痛苦｜审美欣赏｜绝望｜平静｜满足｜好奇｜渴望｜惊喜","痛苦","4","惊喜","5","未填写","已作答","0.00","0.00","0.00","0.00","38.41","5"
"ZJ20260816470D778E","2026-08-16 12:06:37","64.50","1","ITEM-00050","92","图像","情绪识别","多选题","4.50","敌意｜满足｜嫉妒｜渴望｜不屑｜震惊｜担忧｜怨恨｜快乐｜羡慕","怨恨｜敌意","5｜4","敌意｜怨恨","5｜5","否","已作答","100.00","87.50","95.00","4.28","28.69","5"
"ZJ20260816470D778E","2026-08-16 12:06:37","64.50","2","ITEM-00142","68","文本","情绪推理","单选题","3.50","好奇｜感动｜厌恶｜恐惧｜兴趣｜愉悦｜敌意｜焦虑｜震惊｜共情痛苦","愉悦","4","敌意","4","否","已作答","0.00","0.00","0.00","0.00","29.55","5"
"ZJ20260816470D778E","2026-08-16 12:06:37","64.50","3","ITEM-00138","22","音频","情绪推理","多选题","4.50","满足｜羡慕｜怨恨｜不屑｜可惜｜焦虑｜尴尬｜厌恶｜轻松｜困惑","可惜｜尴尬","4｜2","不屑｜可惜","4｜3","否","已作答","50.00","37.50","45.00","2.02","68.18","5"
"ZJ20260816470D778E","2026-08-16 12:06:37","64.50","4","ITEM-00022","16","视频","情绪识别","单选题","3.50","焦虑｜不屑｜震惊｜痛苦｜遗憾｜希望｜渴望｜羡慕｜爱｜自豪","震惊","4","震惊","5","是","已作答","100.00","75.00","90.00","3.15","79.73","4"
"ZJ20260816470D778E","2026-08-16 12:06:37","64.50","5","ITEM-00091","59","音频","情绪识别","多选题","4.50","痛苦｜快乐｜恐惧｜审美欣赏｜希望｜敌意｜内疚｜冷静｜共情痛苦｜抑郁","内疚｜共情痛苦","5｜4","内疚｜痛苦","5｜5","否","已作答","50.00","50.00","50.00","2.25","54.22","7"
"ZJ20260816470D778E","2026-08-16 12:06:37","64.50","6","ITEM-00002","6","视频","情绪推理","单选题","3.50","担忧｜感动｜自豪｜羞耻｜失望｜平静｜愉悦｜兴奋｜崇拜｜惊喜","感动","4","感动","3","否","已作答","100.00","75.00","90.00","3.15","42.01","3"
"ZJ20260816470D778E","2026-08-16 12:06:37","64.50","7","ITEM-00136","71","文本","情绪识别","多选题","4.50","释然｜平静｜委屈｜内疚｜羡慕｜困惑｜共情痛苦｜兴奋｜恐惧｜不屑","委屈｜不屑","4｜3","委屈｜恐惧｜不屑","5｜4｜4","否","已作答","80.00","50.00","68.00","3.06","31.20","4"
"ZJ20260816470D778E","2026-08-16 12:06:37","64.50","8","ITEM-00086","79","音频","情绪推理","多选题","4.50","绝望｜抑郁｜困惑｜烦躁｜厌倦｜恐惧｜敌意｜崇拜｜审美欣赏｜怨恨","烦躁｜敌意｜厌倦","5｜4｜3","烦躁｜厌倦","4｜4","否","已作答","80.00","75.00","78.00","3.51","53.31","6"
"ZJ20260816470D778E","2026-08-16 12:06:37","64.50","9","ITEM-00079","61","视频","情绪推理","多选题","4.50","尴尬｜失望｜悲伤｜恐惧｜委屈｜不屑｜愤怒｜兴奋｜遗憾｜羞耻","失望｜悲伤｜委屈","4｜4｜4","委屈｜悲伤","3｜3","否","已作答","80.00","75.00","78.00","3.51","30.22","7"
"ZJ20260816470D778E","2026-08-16 12:06:37","64.50","10","ITEM-00094","88","音频","情绪识别","多选题","4.50","怀旧｜不屑｜审美欣赏｜自满｜兴奋｜感激｜震惊｜渴望｜悲伤｜兴趣","怀旧｜兴趣","3｜3","渴望｜兴趣","4｜5","否","已作答","50.00","25.00","40.00","1.80","7.97","3"
"ZJ20260816470D778E","2026-08-16 12:06:37","64.50","11","ITEM-00123","8","音频","情绪识别","单选题","3.50","怨恨｜愉悦｜希望｜平静｜绝望｜感激｜困惑｜轻松｜惊讶｜蔑视","绝望","5","绝望","4","否","已作答","100.00","75.00","90.00","3.15","28.89","4"
"ZJ20260816470D778E","2026-08-16 12:06:37","64.50","12","ITEM-00072","120","文本","情绪识别","多选题","4.50","渴望｜兴趣｜愉悦｜绝望｜希望｜好奇｜自豪｜轻松｜满足｜厌倦","希望｜满足｜轻松","4｜3｜3","满足｜轻松｜愉悦｜希望｜兴趣","5｜5｜5｜5｜5","否","已作答","75.00","35.00","59.00","2.65","23.29","7"
"ZJ20260816470D778E","2026-08-16 12:06:37","64.50","13","ITEM-00139","37","图像","情绪推理","多选题","4.50","怀旧｜释然｜焦虑｜羡慕｜敬畏｜愤怒｜爱｜担忧｜审美欣赏｜冷静","敬畏｜担忧","4｜3","焦虑｜敬畏","3｜4","否","已作答","50.00","50.00","50.00","2.25","22.82","4"
"ZJ20260816470D778E","2026-08-16 12:06:37","64.50","14","ITEM-00064","111","图像","情绪识别","多选题","4.50","释然｜失望｜愉悦｜自满｜厌恶｜抑郁｜绝望｜羞耻｜恐惧｜震惊","释然","4","释然｜愉悦","3｜5","否","已作答","66.67","37.50","55.00","2.47","16.08","3"
"ZJ20260816470D778E","2026-08-16 12:06:37","64.50","15","ITEM-00126","86","视频","情绪识别","多选题","4.50","感动｜惊讶｜平静｜愉悦｜爱｜愁闷｜感激｜释然｜羡慕｜尴尬","惊讶｜愁闷","3｜4","惊讶｜愉悦","4｜5","否","已作答","50.00","37.50","45.00","2.02","30.79","4"
"ZJ20260816470D778E","2026-08-16 12:06:37","64.50","16","ITEM-00141","67","文本","情绪推理","多选题","4.50","惊讶｜渴望｜自豪｜厌倦｜自满｜愤怒｜嫉妒｜平静｜兴趣｜痛苦","愤怒｜嫉妒","4｜2","愤怒｜惊讶","4｜3","否","已作答","50.00","50.00","50.00","2.25","24.90","6"
"ZJ20260816470D778E","2026-08-16 12:06:37","64.50","17","ITEM-00111","31","图像","情绪识别","单选题","3.50","审美欣赏｜委屈｜崇拜｜绝望｜好奇｜平静｜释然｜不屑｜感动｜无奈","好奇","3","无奈","3","否","已作答","0.00","0.00","0.00","0.00","16.81","2"
"ZJ20260816470D778E","2026-08-16 12:06:37","64.50","18","ITEM-00041","54","文本","情绪识别","单选题","3.50","羞耻｜尴尬｜快乐｜抑郁｜内疚｜恐惧｜遗憾｜困惑｜感动｜自满","遗憾","4","自满","4","否","已作答","0.00","0.00","0.00","0.00","20.07","3"
"ZJ20260816470D778E","2026-08-16 12:06:37","64.50","19","ITEM-00127","87","视频","情绪识别","多选题","4.50","厌倦｜痛苦｜蔑视｜兴奋｜尴尬｜震惊｜同情｜自豪｜惊讶｜委屈","震惊｜同情","4｜3","震惊｜蔑视｜同情","4｜4｜3","否","已作答","80.00","66.67","74.67","3.36","72.30","4"
"ZJ20260816470D778E","2026-08-16 12:06:37","64.50","20","ITEM-00057","23","音频","情绪识别","单选题","3.50","嫉妒｜好奇｜痛苦｜满足｜惊喜｜绝望｜平静｜失望｜愤怒｜焦虑","惊喜","5","惊喜","5","否","已作答","100.00","100.00","100.00","3.50","28.74","4"
"ZJ20260816470D778E","2026-08-16 12:06:37","64.50","21","ITEM-00032","41","图像","情绪识别","单选题","3.50","尴尬｜遗憾｜困惑｜怀旧｜渴望｜羞耻｜好奇｜怨恨｜愉悦｜震惊","愉悦","3","愉悦","4","否","已作答","100.00","75.00","90.00","3.15","11.26","5"
"ZJ20260816470D778E","2026-08-16 12:06:37","64.50","22","ITEM-00071","91","图像","情绪识别","多选题","4.50","快乐｜困惑｜内疚｜失望｜感动｜厌倦｜自满｜焦虑｜震惊｜紧张","失望｜震惊","5｜5","失望｜震惊","5｜5","是","已作答","100.00","100.00","100.00","4.50","20.26","5"
"ZJ20260816470D778E","2026-08-16 12:06:37","64.50","23","ITEM-00102","57","视频","情绪推理","多选题","4.50","爱｜烦躁｜内疚｜抑郁｜快乐｜厌恶｜愁闷｜愤怒｜困惑｜好奇","烦躁｜厌恶｜愤怒","5｜4｜5","愤怒｜烦躁","5｜5","否","已作答","80.00","100.00","88.00","3.96","61.91","7"
"ZJ20260816470D778E","2026-08-16 12:06:37","64.50","24","ITEM-00146","118","文本","情绪识别","多选题","4.50","委屈｜遗憾｜爱｜审美欣赏｜失望｜平静｜怨恨｜烦躁｜恐惧｜蔑视","烦躁｜失望","4｜4","烦躁｜失望","4｜4","否","已作答","100.00","100.00","100.00","4.50","22.86","5"
"ZJ2026081660D35A2B","2026-08-16 12:03:39","53.06","1","ITEM-00067","114","图像","情绪识别","单选题","3.50","嫉妒｜怀旧｜愉悦｜绝望｜恐惧｜抑郁｜委屈｜不屑｜震惊｜内疚","震惊","3","震惊","4","否","已作答","100.00","75.00","90.00","3.15","12.76","2"
"ZJ2026081660D35A2B","2026-08-16 12:03:39","53.06","2","ITEM-00109","88","音频","情绪推理","多选题","4.50","焦虑｜恐惧｜兴奋｜困惑｜担忧｜共情痛苦｜不屑｜兴趣｜失望｜厌倦","不屑","2","厌倦｜困惑","3｜3","否","已作答","0.00","0.00","0.00","0.00","75.42","3"
"ZJ2026081660D35A2B","2026-08-16 12:03:39","53.06","3","ITEM-00073","107","图像","情绪识别","多选题","4.50","感动｜羞耻｜希望｜遗憾｜愤怒｜不屑｜烦躁｜爱｜快乐｜担忧","遗憾","4","感动｜爱","5｜5","否","已作答","0.00","0.00","0.00","0.00","10.43","3"
"ZJ2026081660D35A2B","2026-08-16 12:03:39","53.06","4","ITEM-00101","55","视频","情绪推理","多选题","4.50","崇拜｜遗憾｜震惊｜爱｜尴尬｜失望｜审美欣赏｜困惑｜自豪｜蔑视","尴尬｜失望｜困惑","4｜2｜3","尴尬｜困惑","4｜4","否","已作答","80.00","87.50","83.00","3.73","54.09","6"
"ZJ2026081660D35A2B","2026-08-16 12:03:39","53.06","5","ITEM-00134","67","文本","情绪识别","多选题","4.50","失望｜愤怒｜遗憾｜感激｜满足｜愁闷｜敌意｜好奇｜绝望｜不屑","敌意｜好奇","3｜2","不屑｜敌意","5｜3","否","已作答","50.00","50.00","50.00","2.25","35.84","4"
"ZJ2026081660D35A2B","2026-08-16 12:03:39","53.06","6","ITEM-00033","44","图像","情绪识别","单选题","3.50","厌恶｜愁闷｜厌倦｜感激｜困惑｜委屈｜兴奋｜渴望｜惊讶｜遗憾","惊讶","4","惊讶","5","否","已作答","100.00","75.00","90.00","3.15","11.65","4"
"ZJ2026081660D35A2B","2026-08-16 12:03:39","53.06","7","ITEM-00132","37","图像","情绪识别","多选题","4.50","平静｜满足｜释然｜失望｜震惊｜羡慕｜恭敬｜兴趣｜痛苦｜焦虑","恭敬｜羡慕｜平静","4｜3｜2","平静｜恭敬","5｜5","否","已作答","80.00","50.00","68.00","3.06","27.89","6"
"ZJ2026081660D35A2B","2026-08-16 12:03:39","53.06","8","ITEM-00026","64","视频","情绪识别","单选题","3.50","敌意｜自豪｜尴尬｜释然｜内疚｜愁闷｜兴奋｜失望｜悲伤｜爱","悲伤","4","悲伤","5","否","已作答","100.00","75.00","90.00","3.15","29.13","4"
"ZJ2026081660D35A2B","2026-08-16 12:03:39","53.06","9","ITEM-00041","54","文本","情绪识别","单选题","3.50","痛苦｜内疚｜兴奋｜紧张｜震惊｜自满｜愉悦｜怀旧｜怨恨｜兴趣","怨恨","2","自满","4","否","已作答","0.00","0.00","0.00","0.00","11.12","3"
"ZJ2026081660D35A2B","2026-08-16 12:03:39","53.06","10","ITEM-00135","68","文本","情绪识别","多选题","4.50","愤怒｜惊吓｜惊喜｜烦躁｜内疚｜共情痛苦｜崇拜｜不屑｜审美欣赏｜怀旧","愤怒｜惊吓","4｜4","不屑｜惊吓","5｜4","否","已作答","50.00","50.00","50.00","2.25","11.84","5"
"ZJ2026081660D35A2B","2026-08-16 12:03:39","53.06","11","ITEM-00080","65","视频","情绪推理","多选题","4.50","嫉妒｜愉悦｜羡慕｜平静｜内疚｜愁闷｜感动｜遗憾｜惊喜｜怀旧","遗憾｜怀旧","4｜2","怀旧｜感动｜愉悦｜遗憾","5｜3｜3｜5","否","已作答","66.67","25.00","50.00","2.25","28.31","5"
"ZJ2026081660D35A2B","2026-08-16 12:03:39","53.06","12","ITEM-00127","87","视频","情绪识别","多选题","4.50","厌恶｜不屑｜快乐｜好奇｜轻松｜蔑视｜内疚｜同情｜震惊｜希望","蔑视｜震惊｜同情","4｜3｜3","震惊｜蔑视｜同情","4｜4｜3","否","已作答","100.00","91.67","96.67","4.35","73.11","5"
"ZJ2026081660D35A2B","2026-08-16 12:03:39","53.06","13","ITEM-00081","58","视频","情绪识别","多选题","4.50","失望｜尴尬｜自豪｜兴奋｜抑郁｜感动｜审美欣赏｜希望｜愤怒｜怀旧","抑郁｜审美欣赏｜感动","3｜4｜1","审美欣赏｜怀旧","5｜3","否","已作答","40.00","37.50","39.00","1.75","58.37","6"
"ZJ2026081660D35A2B","2026-08-16 12:03:39","53.06","14","ITEM-00124","22","音频","情绪识别","单选题","3.50","羡慕｜遗憾｜不屑｜冷静｜怨恨｜释然｜绝望｜担忧｜悲伤｜尴尬","释然","2","释然","3","否","已作答","100.00","75.00","90.00","3.15","65.21","5"
"ZJ2026081660D35A2B","2026-08-16 12:03:39","53.06","15","ITEM-00077","79","音频","情绪识别","多选题","4.50","烦躁｜崇拜｜震惊｜担忧｜抑郁｜绝望｜感动｜愉悦｜厌倦｜嫉妒","烦躁","4","烦躁｜厌倦","4｜4","否","已作答","66.67","50.00","60.00","2.70","16.25","3"
"ZJ2026081660D35A2B","2026-08-16 12:03:39","53.06","16","ITEM-00131","115","图像","情绪识别","多选题","4.50","审美欣赏｜兴奋｜痛苦｜尴尬｜内疚｜愉悦｜遗憾｜焦虑｜崇拜｜感动","兴奋｜愉悦｜崇拜","3｜2｜1","兴奋｜愉悦","3｜4","否","已作答","80.00","75.00","78.00","3.51","14.84","8"
"ZJ2026081660D35A2B","2026-08-16 12:03:39","53.06","17","ITEM-00084","78","音频","情绪推理","多选题","4.50","委屈｜恐惧｜爱｜羞耻｜愁闷｜好奇｜失望｜烦躁｜痛苦｜怨恨","委屈｜失望｜怨恨","4｜4｜2","羞耻｜烦躁","4｜5","否","已作答","0.00","0.00","0.00","0.00","23.34","7"
"ZJ2026081660D35A2B","2026-08-16 12:03:39","53.06","18","ITEM-00136","71","文本","情绪识别","多选题","4.50","爱｜不屑｜悲伤｜委屈｜恐惧｜失望｜好奇｜感激｜羞耻｜崇拜","失望｜委屈｜恐惧｜不屑","2｜3｜2｜3","委屈｜恐惧｜不屑","5｜4｜4","否","已作答","85.71","58.33","74.76","3.36","23.68","9"
"ZJ2026081660D35A2B","2026-08-16 12:03:39","53.06","19","ITEM-00091","59","音频","情绪识别","多选题","4.50","内疚｜震惊｜快乐｜恐惧｜兴趣｜遗憾｜感激｜爱｜痛苦｜尴尬","痛苦｜遗憾","4｜1","内疚｜痛苦","5｜5","否","已作答","50.00","37.50","45.00","2.02","37.11","5"
"ZJ2026081660D35A2B","2026-08-16 12:03:39","53.06","20","ITEM-00140","63","文本","情绪推理","多选题","4.50","兴奋｜愤怒｜满足｜惊喜｜冷静｜怀旧｜厌恶｜审美欣赏｜焦虑｜困惑","兴奋｜惊喜｜审美欣赏","2｜4｜3","惊喜｜兴奋","4｜4","否","已作答","80.00","75.00","78.00","3.51","23.40","6"
"ZJ2026081660D35A2B","2026-08-16 12:03:39","53.06","21","ITEM-00149","60","视频","情绪推理","单选题","2.50","惊讶｜羞耻｜自满｜恐惧｜尴尬｜痛苦｜平静｜担忧｜羡慕｜厌倦","痛苦","3","担忧","4","否","已作答","0.00","0.00","0.00","0.00","70.22","6"
"ZJ2026081660D35A2B","2026-08-16 12:03:39","53.06","22","ITEM-00009","7","音频","情绪识别","单选题","3.50","羡慕｜怨恨｜痛苦｜紧张｜兴趣｜冷静｜厌恶｜震惊｜蔑视｜尴尬","兴趣","3","紧张","2","否","已作答","0.00","0.00","0.00","0.00","29.15","4"
"ZJ2026081660D35A2B","2026-08-16 12:03:39","53.06","23","ITEM-00078","89","图像","情绪推理","多选题","4.50","羡慕｜内疚｜恐惧｜怀旧｜悲伤｜紧张｜冷静｜自满｜愁闷｜尴尬","悲伤｜愁闷","2｜3","内疚｜悲伤","4｜3","否","已作答","50.00","37.50","45.00","2.02","16.80","4"
"ZJ2026081660D35A2B","2026-08-16 12:03:39","53.06","24","ITEM-00104","23","文本","情绪推理","单选题","3.50","审美欣赏｜嫉妒｜震惊｜快乐｜兴奋｜愉悦｜遗憾｜满足｜焦虑｜敌意","兴奋","4","兴奋","5","否","已作答","100.00","75.00","90.00","3.15","21.45","3"
"ZJ20260816C63CA8EE","2026-08-16 12:02:12","29.25","1","ITEM-00101","55","视频","情绪推理","多选题","4.50","共情痛苦｜羡慕｜困惑｜感激｜痛苦｜悲伤｜蔑视｜满足｜尴尬｜惊喜","共情痛苦｜悲伤","3｜5","尴尬｜困惑","4｜4","是","已作答","0.00","0.00","0.00","0.00","7.58","4"
"ZJ20260816C63CA8EE","2026-08-16 12:02:12","29.25","2","ITEM-00011","25","图像","情绪识别","单选题","3.50","羡慕｜蔑视｜尴尬｜悲伤｜震惊｜担忧｜冷静｜崇拜｜怀旧｜满足","担忧","3","担忧","4","否","已作答","100.00","75.00","90.00","3.15","8.53","5"
"ZJ20260816C63CA8EE","2026-08-16 12:02:12","29.25","3","ITEM-00060","18","文本","情绪识别","单选题","3.50","愁闷｜轻松｜自满｜兴奋｜满足｜羡慕｜蔑视｜感激｜爱｜悲伤","感激","3","感激","3","是","已作答","100.00","100.00","100.00","3.50","10.12","3"
"ZJ20260816C63CA8EE","2026-08-16 12:02:12","29.25","4","ITEM-00080","65","视频","情绪推理","多选题","4.50","遗憾｜惊讶｜满足｜释然｜羞耻｜恐惧｜平静｜愉悦｜怀旧｜感动","惊讶","3","怀旧｜感动｜愉悦｜遗憾","5｜3｜3｜5","是","已作答","0.00","0.00","0.00","0.00","6.41","2"
"ZJ20260816C63CA8EE","2026-08-16 12:02:12","29.25","5","ITEM-00097","82","文本","情绪识别","多选题","4.50","轻松｜怨恨｜快乐｜内疚｜自满｜渴望｜遗憾｜蔑视｜惊讶｜不屑","怨恨","3","轻松｜快乐","4｜4","否","已作答","0.00","0.00","0.00","0.00","8.95","2"
"ZJ20260816C63CA8EE","2026-08-16 12:02:12","29.25","6","ITEM-00008","30","图像","情绪识别","单选题","3.50","共情痛苦｜厌恶｜希望｜痛苦｜困惑｜愤怒｜尴尬｜审美欣赏｜冷静｜好奇","共情痛苦","3","困惑","3","否","已作答","0.00","0.00","0.00","0.00","6.64","3"
"ZJ20260816C63CA8EE","2026-08-16 12:02:12","29.25","7","ITEM-00146","118","文本","情绪识别","多选题","4.50","释然｜共情痛苦｜惊喜｜嫉妒｜烦躁｜痛苦｜羞耻｜冷静｜失望｜敌意","失望","3","烦躁｜失望","4｜4","否","已作答","66.67","37.50","55.00","2.47","6.40","2"
"ZJ20260816C63CA8EE","2026-08-16 12:02:12","29.25","8","ITEM-00125","85","视频","情绪识别","多选题","4.50","不屑｜怨恨｜厌倦｜释然｜感激｜愤怒｜平静｜愉悦｜内疚｜自豪","释然｜感激","3｜3","感激｜愉悦｜不屑","5｜5｜3","否","已作答","40.00","16.67","30.67","1.38","9.99","3"
"ZJ20260816C63CA8EE","2026-08-16 12:02:12","29.25","9","ITEM-00009","7","音频","情绪识别","单选题","3.50","平静｜失望｜自豪｜委屈｜尴尬｜好奇｜困惑｜羡慕｜愁闷｜紧张","失望","3","紧张","2","否","已作答","0.00","0.00","0.00","0.00","10.70","2"
"ZJ20260816C63CA8EE","2026-08-16 12:02:12","29.25","10","ITEM-00141","67","文本","情绪推理","多选题","4.50","爱｜希望｜愤怒｜委屈｜惊讶｜感动｜内疚｜羞耻｜厌恶｜惊喜","羞耻","3","愤怒｜惊讶","4｜3","否","已作答","0.00","0.00","0.00","0.00","6.99","2"
"ZJ20260816C63CA8EE","2026-08-16 12:02:12","29.25","11","ITEM-00137","69","音频","情绪识别","多选题","4.50","愤怒｜敌意｜希望｜震惊｜轻视｜内疚｜厌恶｜渴望｜怀旧｜审美欣赏","轻视","3","愤怒｜轻视","4｜4","否","已作答","66.67","37.50","55.00","2.47","10.71","2"
"ZJ20260816C63CA8EE","2026-08-16 12:02:12","29.25","12","ITEM-00084","78","音频","情绪推理","多选题","4.50","震惊｜焦虑｜委屈｜烦躁｜审美欣赏｜羡慕｜释然｜嫉妒｜羞耻｜失望","委屈｜烦躁","3｜3","羞耻｜烦躁","4｜5","否","已作答","50.00","25.00","40.00","1.80","11.53","3"
"ZJ20260816C63CA8EE","2026-08-16 12:02:12","29.25","13","ITEM-00050","92","图像","情绪识别","多选题","4.50","遗憾｜厌恶｜失望｜惊喜｜怨恨｜敌意｜担忧｜困惑｜兴趣｜愁闷","厌恶｜失望","3｜3","敌意｜怨恨","5｜5","否","已作答","0.00","0.00","0.00","0.00","4.11","3"
"ZJ20260816C63CA8EE","2026-08-16 12:02:12","29.25","14","ITEM-00003","21","视频","情绪识别","单选题","3.50","兴趣｜希望｜怨恨｜恐惧｜感动｜遗憾｜抑郁｜崇拜｜爱｜紧张","希望","3","遗憾","3","否","已作答","0.00","0.00","0.00","0.00","5.41","2"
"ZJ20260816C63CA8EE","2026-08-16 12:02:12","29.25","15","ITEM-00046","89","图像","情绪识别","多选题","4.50","自豪｜惊讶｜释然｜尴尬｜爱｜痛苦｜悲伤｜委屈｜失望｜内疚","内疚","3","内疚｜悲伤","4｜3","否","已作答","66.67","37.50","55.00","2.47","5.81","2"
"ZJ20260816C63CA8EE","2026-08-16 12:02:12","29.25","16","ITEM-00149","60","视频","情绪推理","单选题","2.50","抑郁｜担忧｜困惑｜兴趣｜厌倦｜羡慕｜愁闷｜好奇｜羞耻｜自满","担忧","3","担忧","4","否","已作答","100.00","75.00","90.00","2.25","6.34","3"
"ZJ20260816C63CA8EE","2026-08-16 12:02:12","29.25","17","ITEM-00010","63","文本","情绪识别","多选题","4.50","兴趣｜自满｜兴奋｜尴尬｜感动｜惊喜｜释然｜轻松｜厌倦｜焦虑","轻松","3","惊喜｜兴奋","4｜4","否","已作答","0.00","0.00","0.00","0.00","5.79","2"
"ZJ20260816C63CA8EE","2026-08-16 12:02:12","29.25","18","ITEM-00088","81","视频","情绪识别","多选题","4.50","兴奋｜惊喜｜震惊｜厌恶｜爱｜内疚｜愤怒｜不屑｜快乐｜担忧","惊喜｜兴奋","3｜3","快乐｜惊喜｜兴奋｜爱","5｜5｜5｜5","是","已作答","66.67","25.00","50.00","2.25","7.42","3"
"ZJ20260816C63CA8EE","2026-08-16 12:02:12","29.25","19","ITEM-00104","23","文本","情绪推理","单选题","3.50","快乐｜兴趣｜兴奋｜敌意｜渴望｜惊讶｜抑郁｜遗憾｜委屈｜希望","快乐","3","兴奋","5","否","已作答","0.00","0.00","0.00","0.00","5.44","5"
"ZJ20260816C63CA8EE","2026-08-16 12:02:12","29.25","20","ITEM-00049","17","音频","情绪识别","单选题","3.50","释然｜不屑｜敌意｜恐惧｜烦躁｜惊喜｜羞耻｜冷静｜怀旧｜尴尬","敌意","3","敌意","4","否","已作答","100.00","75.00","90.00","3.15","8.83","2"
"ZJ20260816C63CA8EE","2026-08-16 12:02:12","29.25","21","ITEM-00071","91","图像","情绪识别","多选题","4.50","满足｜失望｜委屈｜悲伤｜震惊｜自满｜平静｜遗憾｜敌意｜释然","悲伤","3","失望｜震惊","5｜5","否","已作答","0.00","0.00","0.00","0.00","3.33","2"
"ZJ20260816C63CA8EE","2026-08-16 12:02:12","29.25","22","ITEM-00093","75","音频","情绪识别","多选题","4.50","自满｜自豪｜焦虑｜感动｜惊喜｜失望｜惊讶｜委屈｜担忧｜悲伤","焦虑","3","委屈｜悲伤","5｜5","否","已作答","0.00","0.00","0.00","0.00","9.90","2"
"ZJ20260816C63CA8EE","2026-08-16 12:02:12","29.25","23","ITEM-00139","37","图像","情绪推理","多选题","4.50","惊讶｜爱｜困惑｜焦虑｜惊喜｜怨恨｜悲伤｜抑郁｜敬畏｜内疚","悲伤｜敬畏","3｜3","焦虑｜敬畏","3｜4","是","已作答","50.00","37.50","45.00","2.02","6.84","4"
"ZJ20260816C63CA8EE","2026-08-16 12:02:12","29.25","24","ITEM-00138","22","音频","情绪推理","多选题","4.50","不屑｜共情痛苦｜自豪｜好奇｜恐惧｜审美欣赏｜敌意｜遗憾｜烦躁｜可惜","共情痛苦｜不屑","3｜3","不屑｜可惜","4｜3","否","已作答","50.00","37.50","45.00","2.02","6.48","5"
"ZJ20260813EFF97C9D","2026-08-16 12:01:56","69.11","1","ITEM-00066","113","图像","情绪识别","多选题","4.50","绝望｜恐惧｜烦躁｜渴望｜痛苦｜快乐｜兴趣｜怀旧｜愤怒｜悲伤","绝望｜恐惧｜渴望｜痛苦｜悲伤","1｜3｜5｜5｜4","渴望｜痛苦｜悲伤｜绝望","4｜5｜5｜5","未填写","已作答","88.89","62.50","78.33","3.52","50.51","21"
"ZJ20260813EFF97C9D","2026-08-16 12:01:56","69.11","2","ITEM-00075","108","图像","情绪识别","多选题","4.50","震惊｜崇拜｜厌倦｜担忧｜愤怒｜恐惧｜自豪｜渴望｜不屑｜兴奋","震惊｜愤怒｜恐惧｜担忧","4｜5｜2｜2","震惊｜愤怒","5｜5","否","已作答","66.67","87.50","75.00","3.38","89.89","16"
"ZJ20260813EFF97C9D","2026-08-16 12:01:56","69.11","3","ITEM-00138","22","音频","情绪推理","多选题","4.50","愉悦｜抑郁｜可惜｜不屑｜绝望｜担忧｜满足｜惊喜｜敌意｜厌倦","愉悦｜不屑｜满足｜可惜","4｜3｜4｜2","不屑｜可惜","4｜3","否","已作答","66.67","75.00","70.00","3.15","153.58","14"
"ZJ20260813EFF97C9D","2026-08-16 12:01:56","69.11","4","ITEM-00127","87","视频","情绪识别","多选题","4.50","同情｜审美欣赏｜震惊｜冷静｜厌恶｜蔑视｜自豪｜困惑｜紧张｜尴尬","震惊｜自豪｜蔑视","5｜5｜4","震惊｜蔑视｜同情","4｜4｜3","否","已作答","66.67","58.33","63.33","2.85","156.27","12"
"ZJ20260813EFF97C9D","2026-08-16 12:01:56","69.11","5","ITEM-00096","74","文本","情绪识别","多选题","4.50","愉悦｜愤怒｜共情痛苦｜焦虑｜兴趣｜不屑｜平静｜满足｜委屈｜审美欣赏","愉悦｜兴趣｜平静｜满足｜审美欣赏","5｜2｜5｜5｜4","审美欣赏｜愉悦","5｜5","否","已作答","57.14","87.50","69.29","3.12","60.02","13"
"ZJ20260813EFF97C9D","2026-08-16 12:01:56","69.11","6","ITEM-00135","68","文本","情绪识别","多选题","4.50","冷静｜好奇｜不屑｜惊吓｜愁闷｜共情痛苦｜渴望｜惊喜｜惊讶｜敌意","敌意｜惊吓｜不屑","5｜4｜4","不屑｜惊吓","5｜4","否","已作答","80.00","87.50","83.00","3.73","72.13","18"
"ZJ20260813EFF97C9D","2026-08-16 12:01:56","69.11","7","ITEM-00144","118","文本","情绪推理","单选题","3.50","恐惧｜紧张｜震惊｜困惑｜失望｜嫉妒｜绝望｜愤怒｜审美欣赏｜崇拜","愤怒","4","失望","4","否","已作答","0.00","0.00","0.00","0.00","181.87","9"
"ZJ20260813EFF97C9D","2026-08-16 12:01:56","69.11","8","ITEM-00121","106","图像","情绪识别","单选题","3.50","烦躁｜羡慕｜厌恶｜愉悦｜好奇｜惊讶｜担忧｜怨恨｜释然｜困惑","惊讶","5","惊讶","5","否","已作答","100.00","100.00","100.00","3.50","22.36","3"
"ZJ20260813EFF97C9D","2026-08-16 12:01:56","69.11","9","ITEM-00102","57","视频","情绪推理","多选题","4.50","厌恶｜绝望｜愉悦｜羞耻｜羡慕｜共情痛苦｜烦躁｜嫉妒｜愤怒｜抑郁","厌恶｜烦躁｜愤怒","5｜5｜5","愤怒｜烦躁","5｜5","否","已作答","80.00","100.00","88.00","3.96","148.62","20"
"ZJ20260813EFF97C9D","2026-08-16 12:01:56","69.11","10","ITEM-00048","2","音频","情绪识别","单选题","3.50","恐惧｜厌恶｜遗憾｜轻松｜内疚｜困惑｜愤怒｜羡慕｜自满｜感激","愤怒","4","愤怒","5","否","已作答","100.00","75.00","90.00","3.15","78.34","4"
"ZJ20260813EFF97C9D","2026-08-16 12:01:56","69.11","11","ITEM-00139","37","图像","情绪推理","多选题","4.50","失望｜焦虑｜惊讶｜敬畏｜兴趣｜遗憾｜不屑｜烦躁｜释然｜绝望","敬畏｜兴趣｜惊讶","5｜5｜3","焦虑｜敬畏","3｜4","否","已作答","40.00","37.50","39.00","1.75","87.30","14"
"ZJ20260813EFF97C9D","2026-08-16 12:01:56","69.11","12","ITEM-00079","61","视频","情绪推理","多选题","4.50","自豪｜委屈｜厌倦｜渴望｜冷静｜惊喜｜紧张｜悲伤｜怨恨｜轻松","委屈｜悲伤｜紧张","5｜4｜1","委屈｜悲伤","3｜3","是","已作答","80.00","62.50","73.00","3.29","85.89","8"
"ZJ20260813EFF97C9D","2026-08-16 12:01:56","69.11","13","ITEM-00095","59","文本","情绪识别","多选题","4.50","痛苦｜怨恨｜感动｜蔑视｜惊讶｜内疚｜敌意｜羞耻｜遗憾｜自豪","内疚｜痛苦｜羞耻｜遗憾","5｜4｜4｜1","内疚｜痛苦","5｜5","否","已作答","66.67","87.50","75.00","3.38","111.05","20"
"ZJ20260813EFF97C9D","2026-08-16 12:01:56","69.11","14","ITEM-00145","69","音频","情绪识别","多选题","4.50","恐惧｜感激｜困惑｜自豪｜渴望｜满足｜烦躁｜愤怒｜震惊｜不屑","不屑｜愤怒｜烦躁","1｜4｜5","愤怒｜震惊","4｜3","否","已作答","40.00","50.00","44.00","1.98","71.94","11"
"ZJ20260813EFF97C9D","2026-08-16 12:01:56","69.11","15","ITEM-00081","58","视频","情绪识别","多选题","4.50","轻松｜感激｜共情痛苦｜崇拜｜自豪｜怀旧｜释然｜审美欣赏｜嫉妒｜满足","共情痛苦｜怀旧｜释然｜审美欣赏","4｜2｜3｜3","审美欣赏｜怀旧","5｜3","否","已作答","66.67","62.50","65.00","2.92","83.43","9"
"ZJ20260813EFF97C9D","2026-08-16 12:01:56","69.11","16","ITEM-00122","5","文本","情绪识别","单选题","3.50","焦虑｜希望｜厌倦｜怨恨｜兴奋｜绝望｜愁闷｜惊讶｜震惊｜羡慕","羡慕","5","羡慕","4","否","已作答","100.00","75.00","90.00","3.15","29.12","4"
"ZJ20260813EFF97C9D","2026-08-16 12:01:56","69.11","17","ITEM-00017","10","视频","情绪识别","单选题","3.50","感激｜感动｜自满｜愤怒｜震惊｜遗憾｜平静｜冷静｜困惑｜愉悦","愤怒","5","愤怒","5","否","已作答","100.00","100.00","100.00","3.50","9.66","4"
"ZJ20260813EFF97C9D","2026-08-16 12:01:56","69.11","18","ITEM-00002","6","视频","情绪推理","单选题","3.50","快乐｜冷静｜担忧｜审美欣赏｜感动｜烦躁｜好奇｜共情痛苦｜遗憾｜愁闷","愁闷","4","感动","3","否","已作答","0.00","0.00","0.00","0.00","83.14","5"
"ZJ20260813EFF97C9D","2026-08-16 12:01:56","69.11","19","ITEM-00110","59","文本","情绪推理","多选题","4.50","感激｜痛苦｜焦虑｜怨恨｜嫉妒｜怀旧｜愁闷｜抑郁｜好奇｜平静","痛苦｜怨恨｜愁闷","5｜2｜5","痛苦｜抑郁","4｜4","否","已作答","40.00","37.50","39.00","1.75","76.94","13"
"ZJ20260813EFF97C9D","2026-08-16 12:01:56","69.11","20","ITEM-00086","79","音频","情绪推理","多选题","4.50","烦躁｜怀旧｜愁闷｜焦虑｜尴尬｜嫉妒｜遗憾｜厌倦｜冷静｜自豪","烦躁｜厌倦","5｜5","烦躁｜厌倦","4｜4","否","已作答","100.00","75.00","90.00","4.05","61.54","7"
"ZJ20260813EFF97C9D","2026-08-16 12:01:56","69.11","21","ITEM-00093","75","音频","情绪识别","多选题","4.50","共情痛苦｜愤怒｜绝望｜委屈｜释然｜兴趣｜悲伤｜困惑｜厌恶｜怨恨","绝望｜委屈｜悲伤","3｜4｜5","委屈｜悲伤","5｜5","否","已作答","80.00","87.50","83.00","3.73","102.52","7"
"ZJ20260813EFF97C9D","2026-08-16 12:01:56","69.11","22","ITEM-00046","89","图像","情绪识别","多选题","4.50","希望｜厌恶｜内疚｜悲伤｜愉悦｜厌倦｜抑郁｜恐惧｜自满｜紧张","悲伤｜抑郁｜内疚","5｜4｜3","内疚｜悲伤","4｜3","否","已作答","80.00","62.50","73.00","3.29","53.30","9"
"ZJ20260813EFF97C9D","2026-08-16 12:01:56","69.11","23","ITEM-00056","101","图像","情绪识别","单选题","3.50","烦躁｜担忧｜释然｜惊讶｜愁闷｜委屈｜平静｜自豪｜蔑视｜困惑","担忧","3","担忧","4","否","已作答","100.00","75.00","90.00","3.15","35.14","2"
"ZJ20260813EFF97C9D","2026-08-16 12:01:56","69.11","24","ITEM-00009","7","音频","情绪识别","单选题","3.50","愤怒｜平静｜抑郁｜紧张｜惊喜｜愁闷｜内疚｜共情痛苦｜蔑视｜自豪","紧张","4","紧张","2","否","已作答","100.00","50.00","80.00","2.80","26.20","3"
"ZJ2026081661ECA598","2026-08-16 12:01:48","57.48","1","ITEM-00055","98","图像","情绪识别","多选题","4.50","愉悦｜轻松｜痛苦｜兴奋｜感激｜快乐｜羞耻｜共情痛苦｜兴趣｜渴望","愉悦｜轻松｜快乐｜兴趣","3｜3｜5｜4","兴奋｜轻松｜愉悦｜快乐","5｜5｜5｜5","否","已作答","75.00","50.00","65.00","2.92","46.79","14"
"ZJ2026081661ECA598","2026-08-16 12:01:48","57.48","2","ITEM-00128","100","图像","情绪识别","多选题","4.50","共情痛苦｜敌意｜感动｜惊讶｜审美欣赏｜期望｜兴奋｜委屈｜绝望｜平静","兴奋｜惊讶｜感动","3｜2｜2","兴奋｜期望","4｜4","否","已作答","40.00","37.50","39.00","1.75","35.44","8"
"ZJ2026081661ECA598","2026-08-16 12:01:48","57.48","3","ITEM-00078","89","图像","情绪推理","多选题","4.50","满足｜紧张｜羡慕｜释然｜悲伤｜绝望｜蔑视｜愤怒｜内疚｜平静","悲伤","4","内疚｜悲伤","4｜3","否","已作答","66.67","37.50","55.00","2.47","35.08","3"
"ZJ2026081661ECA598","2026-08-16 12:01:48","57.48","4","ITEM-00057","23","音频","情绪识别","单选题","3.50","失望｜好奇｜惊喜｜愁闷｜震惊｜兴奋｜抑郁｜自满｜羡慕｜怀旧","惊喜","4","惊喜","5","否","已作答","100.00","75.00","90.00","3.15","58.46","5"
"ZJ2026081661ECA598","2026-08-16 12:01:48","57.48","5","ITEM-00004","62","视频","情绪推理","单选题","3.50","震惊｜愤怒｜厌倦｜失望｜敌意｜冷静｜尴尬｜遗憾｜内疚｜平静","尴尬","3","尴尬","3","否","已作答","100.00","100.00","100.00","3.50","25.32","2"
"ZJ2026081661ECA598","2026-08-16 12:01:48","57.48","6","ITEM-00033","44","图像","情绪识别","单选题","3.50","快乐｜烦躁｜委屈｜惊讶｜希望｜好奇｜震惊｜悲伤｜感激｜厌恶","震惊","3","惊讶","5","否","已作答","0.00","0.00","0.00","0.00","14.88","3"
"ZJ2026081661ECA598","2026-08-16 12:01:48","57.48","7","ITEM-00093","75","音频","情绪识别","多选题","4.50","愤怒｜满足｜悲伤｜快乐｜委屈｜冷静｜烦躁｜蔑视｜震惊｜困惑","悲伤｜委屈","4｜2","委屈｜悲伤","5｜5","否","已作答","100.00","50.00","80.00","3.60","72.81","5"
"ZJ2026081661ECA598","2026-08-16 12:01:48","57.48","8","ITEM-00041","54","文本","情绪识别","单选题","3.50","轻松｜自豪｜自满｜惊讶｜羞耻｜平静｜崇拜｜烦躁｜痛苦｜惊喜","自满","3","自满","4","否","已作答","100.00","75.00","90.00","3.15","20.11","2"
"ZJ2026081661ECA598","2026-08-16 12:01:48","57.48","9","ITEM-00138","22","音频","情绪推理","多选题","4.50","委屈｜共情痛苦｜不屑｜内疚｜嫉妒｜释然｜感动｜兴奋｜可惜｜爱","释然","4","不屑｜可惜","4｜3","否","已作答","0.00","0.00","0.00","0.00","96.55","3"
"ZJ2026081661ECA598","2026-08-16 12:01:48","57.48","10","ITEM-00082","72","视频","情绪识别","多选题","4.50","冷静｜惊讶｜失望｜崇拜｜委屈｜焦虑｜感激｜不屑｜痛苦｜紧张","紧张｜冷静｜惊讶","3｜3｜1","焦虑｜紧张","4｜5","否","已作答","40.00","25.00","34.00","1.53","86.86","10"
"ZJ2026081661ECA598","2026-08-16 12:01:48","57.48","11","ITEM-00100","10","视频","情绪推理","多选题","4.50","怨恨｜烦躁｜蔑视｜共情痛苦｜悲伤｜厌倦｜得意｜冷静｜释然｜不屑","蔑视｜得意｜不屑","3｜5｜3","不屑｜得意","4｜4","否","已作答","80.00","75.00","78.00","3.51","72.12","5"
"ZJ2026081661ECA598","2026-08-16 12:01:48","57.48","12","ITEM-00141","67","文本","情绪推理","多选题","4.50","愤怒｜恐惧｜羞耻｜惊讶｜抑郁｜委屈｜兴趣｜嫉妒｜兴奋｜敌意","愤怒｜惊讶｜敌意","4｜2｜4","愤怒｜惊讶","4｜3","否","已作答","80.00","87.50","83.00","3.73","75.67","7"
"ZJ2026081661ECA598","2026-08-16 12:01:48","57.48","13","ITEM-00068","116","文本","情绪识别","多选题","4.50","担忧｜惊讶｜兴奋｜厌恶｜内疚｜快乐｜不屑｜委屈｜渴望｜自豪","厌恶｜不屑","5｜3","厌恶｜不屑","4｜4","否","已作答","100.00","75.00","90.00","4.05","17.39","4"
"ZJ2026081661ECA598","2026-08-16 12:01:48","57.48","14","ITEM-00146","118","文本","情绪识别","多选题","4.50","焦虑｜失望｜羡慕｜厌倦｜自豪｜冷静｜紧张｜烦躁｜平静｜恐惧","厌倦｜烦躁｜平静","3｜3｜2","烦躁｜失望","4｜4","否","已作答","40.00","37.50","39.00","1.75","43.79","8"
"ZJ2026081661ECA598","2026-08-16 12:01:48","57.48","15","ITEM-00080","65","视频","情绪推理","多选题","4.50","愉悦｜愁闷｜兴奋｜怨恨｜怀旧｜羡慕｜遗憾｜感动｜兴趣｜失望","遗憾｜怀旧","3｜3","怀旧｜感动｜愉悦｜遗憾","5｜3｜3｜5","是","已作答","66.67","25.00","50.00","2.25","35.35","6"
"ZJ2026081661ECA598","2026-08-16 12:01:48","57.48","16","ITEM-00054","97","图像","情绪识别","多选题","4.50","焦虑｜尴尬｜快乐｜厌倦｜希望｜绝望｜愉悦｜轻松｜渴望｜抑郁","快乐｜希望｜愉悦｜轻松｜渴望","2｜3｜2｜3｜2","希望｜轻松｜愉悦","5｜5｜5","否","已作答","75.00","41.67","61.67","2.77","35.06","11"
"ZJ2026081661ECA598","2026-08-16 12:01:48","57.48","17","ITEM-00010","63","文本","情绪识别","多选题","4.50","紧张｜恐惧｜平静｜自满｜惊喜｜悲伤｜困惑｜崇拜｜委屈｜兴奋","惊喜｜兴奋","4｜2","惊喜｜兴奋","4｜4","否","已作答","100.00","75.00","90.00","4.05","23.69","5"
"ZJ2026081661ECA598","2026-08-16 12:01:48","57.48","18","ITEM-00116","46","图像","情绪识别","单选题","3.50","怨恨｜自豪｜悲伤｜厌倦｜愁闷｜崇拜｜兴趣｜共情痛苦｜困惑｜轻松","共情痛苦","3","悲伤","5","否","已作答","0.00","0.00","0.00","0.00","15.59","2"
"ZJ2026081661ECA598","2026-08-16 12:01:48","57.48","19","ITEM-00091","59","音频","情绪识别","多选题","4.50","满足｜快乐｜痛苦｜感动｜羞耻｜审美欣赏｜惊讶｜烦躁｜自豪｜内疚","痛苦｜内疚","3｜3","内疚｜痛苦","5｜5","否","已作答","100.00","50.00","80.00","3.60","61.12","3"
"ZJ2026081661ECA598","2026-08-16 12:01:48","57.48","20","ITEM-00044","80","视频","情绪识别","多选题","4.50","紧张｜爱｜快乐｜轻松｜渴望｜释然｜失望｜惊讶｜恐惧｜羞耻","紧张","4","紧张｜惊讶","4｜4","否","已作答","66.67","50.00","60.00","2.70","22.42","5"
"ZJ2026081661ECA598","2026-08-16 12:01:48","57.48","21","ITEM-00147","6","视频","情绪识别","单选题","3.50","审美欣赏｜不屑｜惊喜｜爱｜满足｜抑郁｜怀旧｜崇拜｜感动｜愤怒","感动","4","感动","3","否","已作答","100.00","75.00","90.00","3.15","40.58","3"
"ZJ2026081661ECA598","2026-08-16 12:01:48","57.48","22","ITEM-00143","71","文本","情绪推理","单选题","3.50","紧张｜恐惧｜怨恨｜兴奋｜满足｜兴趣｜不屑｜厌恶｜敌意｜委屈","厌恶","3","不屑","3","否","已作答","0.00","0.00","0.00","0.00","31.29","3"
"ZJ2026081661ECA598","2026-08-16 12:01:48","57.48","23","ITEM-00086","79","音频","情绪推理","多选题","4.50","厌倦｜感激｜轻松｜绝望｜烦躁｜抑郁｜蔑视｜好奇｜震惊｜共情痛苦","厌倦｜烦躁","2｜3","烦躁｜厌倦","4｜4","否","已作答","100.00","62.50","85.00","3.83","36.47","4"
"ZJ2026081661ECA598","2026-08-16 12:01:48","57.48","24","ITEM-00045","2","音频","情绪识别","单选题","3.50","内疚｜恐惧｜担忧｜厌恶｜平静｜震惊｜紧张｜审美欣赏｜希望｜共情痛苦","内疚","3","紧张","3","否","已作答","0.00","0.00","0.00","0.00","69.19","2"
"ZJ20260816E61875DB","2026-08-16 11:55:03","56.84","1","ITEM-00057","23","音频","情绪识别","单选题","3.50","渴望｜愤怒｜自满｜审美欣赏｜好奇｜惊喜｜愁闷｜内疚｜希望｜焦虑","惊喜","4","惊喜","5","否","已作答","100.00","75.00","90.00","3.15","45.31","3"
"ZJ20260816E61875DB","2026-08-16 11:55:03","56.84","2","ITEM-00105","2","音频","情绪推理","多选题","4.50","怀旧｜内疚｜渴望｜感激｜释然｜厌倦｜不屑｜希望｜紧张｜焦虑","焦虑｜紧张｜不屑","5｜4｜1","焦虑｜紧张｜内疚","4｜5｜4","否","已作答","66.67","50.00","60.00","2.70","99.69","9"
"ZJ20260816E61875DB","2026-08-16 11:55:03","56.84","3","ITEM-00010","63","文本","情绪识别","多选题","4.50","满足｜自豪｜惊喜｜兴奋｜烦躁｜感激｜兴趣｜悲伤｜愁闷｜希望","惊喜｜兴奋｜兴趣｜自豪","4｜3｜3｜4","惊喜｜兴奋","4｜4","否","已作答","66.67","87.50","75.00","3.38","35.25","10"
"ZJ20260816E61875DB","2026-08-16 11:55:03","56.84","4","ITEM-00056","101","图像","情绪识别","单选题","3.50","厌恶｜羞耻｜蔑视｜担忧｜愤怒｜满足｜审美欣赏｜厌倦｜兴奋｜好奇","好奇","3","担忧","4","否","已作答","0.00","0.00","0.00","0.00","21.69","2"
"ZJ20260816E61875DB","2026-08-16 11:55:03","56.84","5","ITEM-00083","73","视频","情绪识别","多选题","4.50","爱｜渴望｜怀旧｜愁闷｜嫉妒｜自豪｜释然｜羞耻｜失望｜希望","爱｜希望","4｜3","爱｜释然","5｜5","否","已作答","50.00","37.50","45.00","2.02","56.00","4"
"ZJ20260816E61875DB","2026-08-16 11:55:03","56.84","6","ITEM-00038","51","文本","情绪识别","单选题","3.50","感动｜自满｜怨恨｜委屈｜羞耻｜愤怒｜轻松｜尴尬｜共情痛苦｜惊讶","自满","5","自满","3","否","已作答","100.00","50.00","80.00","2.80","14.31","3"
"ZJ20260816E61875DB","2026-08-16 11:55:03","56.84","7","ITEM-00137","69","音频","情绪识别","多选题","4.50","惊喜｜满足｜快乐｜轻视｜释然｜惊讶｜共情痛苦｜悲伤｜愤怒｜内疚","轻视｜愤怒","3｜4","愤怒｜轻视","4｜4","否","已作答","100.00","87.50","95.00","4.28","54.24","4"
"ZJ20260816E61875DB","2026-08-16 11:55:03","56.84","8","ITEM-00139","37","图像","情绪推理","多选题","4.50","审美欣赏｜痛苦｜敬畏｜尴尬｜兴奋｜担忧｜自豪｜愁闷｜焦虑｜冷静","敬畏｜尴尬｜焦虑","1｜3｜2","焦虑｜敬畏","3｜4","否","已作答","80.00","50.00","68.00","3.06","41.96","8"
"ZJ20260816E61875DB","2026-08-16 11:55:03","56.84","9","ITEM-00109","88","音频","情绪推理","多选题","4.50","内疚｜厌倦｜抑郁｜羞耻｜满足｜嫉妒｜困惑｜爱｜委屈｜好奇","厌倦｜困惑","4｜2","厌倦｜困惑","3｜3","否","已作答","100.00","75.00","90.00","4.05","91.81","6"
"ZJ20260816E61875DB","2026-08-16 11:55:03","56.84","10","ITEM-00072","120","文本","情绪识别","多选题","4.50","希望｜紧张｜满足｜羞耻｜失望｜轻松｜蔑视｜愉悦｜尴尬｜兴趣","希望｜轻松｜愉悦","5｜4｜3","满足｜轻松｜愉悦｜希望｜兴趣","5｜5｜5｜5｜5","是","已作答","75.00","45.00","63.00","2.83","17.06","9"
"ZJ20260816E61875DB","2026-08-16 11:55:03","56.84","11","ITEM-00053","95","图像","情绪识别","多选题","4.50","兴奋｜厌倦｜悲伤｜委屈｜焦虑｜失望｜共情痛苦｜绝望｜痛苦｜感激","悲伤｜共情痛苦｜焦虑","4｜2｜3","悲伤｜委屈｜绝望","3｜3｜5","否","已作答","33.33","25.00","30.00","1.35","17.68","6"
"ZJ20260816E61875DB","2026-08-16 11:55:03","56.84","12","ITEM-00073","107","图像","情绪识别","多选题","4.50","焦虑｜爱｜释然｜渴望｜感动｜兴趣｜羞耻｜惊喜｜羡慕｜自满","释然｜渴望｜羡慕｜感动","3｜4｜2｜4","感动｜爱","5｜5","否","已作答","33.33","37.50","35.00","1.57","22.04","8"
"ZJ20260816E61875DB","2026-08-16 11:55:03","56.84","13","ITEM-00147","6","视频","情绪识别","单选题","3.50","惊喜｜紧张｜释然｜愉悦｜羡慕｜羞耻｜痛苦｜感动｜恐惧｜困惑","感动","4","感动","3","是","已作答","100.00","75.00","90.00","3.15","69.62","5"
"ZJ20260816E61875DB","2026-08-16 11:55:03","56.84","14","ITEM-00079","61","视频","情绪推理","多选题","4.50","悲伤｜惊讶｜委屈｜困惑｜自满｜快乐｜愉悦｜厌倦｜怀旧｜愤怒","委屈｜困惑｜悲伤","4｜3｜1","委屈｜悲伤","3｜3","是","已作答","80.00","62.50","73.00","3.29","38.13","7"
"ZJ20260816E61875DB","2026-08-16 11:55:03","56.84","15","ITEM-00093","75","音频","情绪识别","多选题","4.50","紧张｜内疚｜悲伤｜羡慕｜困惑｜满足｜委屈｜希望｜好奇｜释然","紧张｜满足","4｜3","委屈｜悲伤","5｜5","否","已作答","0.00","0.00","0.00","0.00","45.97","4"
"ZJ20260816E61875DB","2026-08-16 11:55:03","56.84","16","ITEM-00004","62","视频","情绪推理","单选题","3.50","遗憾｜羞耻｜渴望｜感动｜好奇｜尴尬｜兴奋｜爱｜困惑｜厌倦","尴尬","4","尴尬","3","否","已作答","100.00","75.00","90.00","3.15","30.29","5"
"ZJ20260816E61875DB","2026-08-16 11:55:03","56.84","17","ITEM-00125","85","视频","情绪识别","多选题","4.50","满足｜紧张｜不屑｜感激｜爱｜焦虑｜嫉妒｜感动｜失望｜愉悦","满足｜感动｜不屑｜愉悦｜感激","4｜4｜1｜4｜4","感激｜愉悦｜不屑","5｜5｜3","否","已作答","75.00","66.67","71.67","3.23","61.91","13"
"ZJ20260816E61875DB","2026-08-16 11:55:03","56.84","18","ITEM-00075","108","图像","情绪识别","多选题","4.50","愤怒｜羞耻｜遗憾｜紧张｜希望｜震惊｜厌恶｜兴趣｜好奇｜厌倦","愤怒｜厌恶","4｜3","震惊｜愤怒","5｜5","否","已作答","50.00","37.50","45.00","2.02","12.35","4"
"ZJ20260816E61875DB","2026-08-16 11:55:03","56.84","19","ITEM-00150","86","视频","情绪推理","多选题","4.50","轻松｜羡慕｜烦躁｜好奇｜感激｜怀旧｜悲伤｜满足｜快乐｜厌恶","好奇｜悲伤｜羡慕","3｜1｜1","满足｜快乐","4｜3","否","已作答","0.00","0.00","0.00","0.00","40.57","6"
"ZJ20260816E61875DB","2026-08-16 11:55:03","56.84","20","ITEM-00030","42","图像","情绪识别","单选题","3.50","困惑｜羡慕｜抑郁｜担忧｜敌意｜尴尬｜委屈｜感激｜怀旧｜不屑","怀旧","2","困惑","4","否","已作答","0.00","0.00","0.00","0.00","16.21","3"
"ZJ20260816E61875DB","2026-08-16 11:55:03","56.84","21","ITEM-00141","67","文本","情绪推理","多选题","4.50","困惑｜惊讶｜失望｜内疚｜共情痛苦｜敌意｜羡慕｜愤怒｜绝望｜痛苦","敌意｜愤怒｜惊讶","4｜4｜2","愤怒｜惊讶","4｜3","否","已作答","80.00","87.50","83.00","3.73","50.37","7"
"ZJ20260816E61875DB","2026-08-16 11:55:03","56.84","22","ITEM-00143","71","文本","情绪推理","单选题","3.50","羡慕｜内疚｜厌恶｜不屑｜厌倦｜审美欣赏｜遗憾｜怨恨｜好奇｜爱","怨恨","3","不屑","3","否","已作答","0.00","0.00","0.00","0.00","40.03","4"
"ZJ20260816E61875DB","2026-08-16 11:55:03","56.84","23","ITEM-00049","17","音频","情绪识别","单选题","3.50","抑郁｜感激｜惊喜｜满足｜敌意｜兴奋｜烦躁｜希望｜紧张｜痛苦","敌意","2","敌意","4","否","已作答","100.00","50.00","80.00","2.80","337.08","15"
"ZJ20260816E61875DB","2026-08-16 11:55:03","56.84","24","ITEM-00095","59","文本","情绪识别","多选题","4.50","痛苦｜困惑｜惊喜｜崇拜｜内疚｜蔑视｜平静｜冷静｜审美欣赏｜嫉妒","痛苦｜内疚","4｜5","内疚｜痛苦","5｜5","否","已作答","100.00","87.50","95.00","4.28","43.79","5"
"ZJ202608160816DE75","2026-08-16 11:46:40","36.04","1","ITEM-00089","84","视频","情绪识别","多选题","4.50","尴尬｜同情｜烦躁｜满足｜愁闷｜兴奋｜悲伤｜羞耻｜感激｜担忧","兴奋｜同情｜感激","4｜5｜4","担忧｜同情｜悲伤","5｜4｜5","未填写","已作答","33.33","25.00","30.00","1.35","49.74","8"
"ZJ202608160816DE75","2026-08-16 11:46:40","36.04","2","ITEM-00055","98","图像","情绪识别","多选题","4.50","快乐｜释然｜愉悦｜渴望｜遗憾｜轻松｜兴奋｜困惑｜惊喜｜内疚","渴望","4","兴奋｜轻松｜愉悦｜快乐","5｜5｜5｜5","未填写","已作答","0.00","0.00","0.00","0.00","20.90","3"
"ZJ202608160816DE75","2026-08-16 11:46:40","36.04","3","ITEM-00102","57","视频","情绪推理","多选题","4.50","好奇｜羡慕｜兴奋｜愤怒｜烦躁｜希望｜满足｜紧张｜痛苦｜轻松","兴奋","4","愤怒｜烦躁","5｜5","是","已作答","0.00","0.00","0.00","0.00","37.81","4"
"ZJ202608160816DE75","2026-08-16 11:46:40","36.04","4","ITEM-00077","79","音频","情绪识别","多选题","4.50","厌倦｜敌意｜恐惧｜共情痛苦｜兴奋｜愤怒｜羡慕｜嫉妒｜烦躁｜惊讶","厌倦","4","烦躁｜厌倦","4｜4","未填写","已作答","66.67","50.00","60.00","2.70","28.66","3"
"ZJ202608160816DE75","2026-08-16 11:46:40","36.04","5","ITEM-00120","105","图像","情绪识别","单选题","3.50","自豪｜崇拜｜轻松｜尴尬｜兴奋｜紧张｜自满｜怨恨｜平静｜厌倦","尴尬","4","紧张","3","是","已作答","0.00","0.00","0.00","0.00","54.85","8"
"ZJ202608160816DE75","2026-08-16 11:46:40","36.04","6","ITEM-00101","55","视频","情绪推理","多选题","4.50","紧张｜爱｜羡慕｜感动｜尴尬｜烦躁｜惊喜｜困惑｜敌意｜厌恶","困惑","4","尴尬｜困惑","4｜4","未填写","已作答","66.67","50.00","60.00","2.70","90.70","4"
"ZJ202608160816DE75","2026-08-16 11:46:40","36.04","7","ITEM-00049","17","音频","情绪识别","单选题","3.50","审美欣赏｜失望｜敌意｜悲伤｜轻松｜委屈｜希望｜尴尬｜不屑｜愁闷","希望","5","敌意","4","是","已作答","0.00","0.00","0.00","0.00","69.12","5"
"ZJ202608160816DE75","2026-08-16 11:46:40","36.04","8","ITEM-00124","22","音频","情绪识别","单选题","3.50","爱｜释然｜不屑｜好奇｜恐惧｜抑郁｜尴尬｜遗憾｜痛苦｜快乐","不屑","4","释然","3","未填写","已作答","0.00","0.00","0.00","0.00","83.60","3"
"ZJ202608160816DE75","2026-08-16 11:46:40","36.04","9","ITEM-00014","1","视频","情绪识别","单选题","3.50","担忧｜怀旧｜愤怒｜崇拜｜惊喜｜自豪｜轻松｜紧张｜冷静｜蔑视","崇拜","4","崇拜","5","否","已作答","100.00","75.00","90.00","3.15","53.97","7"
"ZJ202608160816DE75","2026-08-16 11:46:40","36.04","10","ITEM-00143","71","文本","情绪推理","单选题","3.50","审美欣赏｜内疚｜焦虑｜羡慕｜困惑｜兴奋｜不屑｜失望｜痛苦｜绝望","绝望","4","不屑","3","未填写","已作答","0.00","0.00","0.00","0.00","31.02","3"
"ZJ202608160816DE75","2026-08-16 11:46:40","36.04","11","ITEM-00139","37","图像","情绪推理","多选题","4.50","内疚｜愤怒｜焦虑｜嫉妒｜感动｜感激｜厌倦｜敬畏｜怀旧｜悲伤","敬畏","4","焦虑｜敬畏","3｜4","未填写","已作答","66.67","50.00","60.00","2.70","20.55","3"
"ZJ202608160816DE75","2026-08-16 11:46:40","36.04","12","ITEM-00114","38","图像","情绪识别","单选题","3.50","遗憾｜羡慕｜抑郁｜愁闷｜惊讶｜悲伤｜内疚｜平静｜轻松｜困惑","困惑","4","遗憾","4","未填写","已作答","0.00","0.00","0.00","0.00","16.91","3"
"ZJ202608160816DE75","2026-08-16 11:46:40","36.04","13","ITEM-00010","63","文本","情绪识别","多选题","4.50","轻松｜羞耻｜兴奋｜失望｜平静｜怨恨｜惊喜｜悲伤｜烦躁｜感激","平静｜兴奋","4｜4","惊喜｜兴奋","4｜4","未填写","已作答","50.00","50.00","50.00","2.25","40.36","5"
"ZJ202608160816DE75","2026-08-16 11:46:40","36.04","14","ITEM-00126","86","视频","情绪识别","多选题","4.50","释然｜惊喜｜满足｜愉悦｜厌恶｜崇拜｜内疚｜渴望｜惊讶｜愤怒","惊讶","4","惊讶｜愉悦","4｜5","未填写","已作答","66.67","50.00","60.00","2.70","32.21","3"
"ZJ202608160816DE75","2026-08-16 11:46:40","36.04","15","ITEM-00094","88","音频","情绪识别","多选题","4.50","内疚｜共情痛苦｜愉悦｜兴奋｜厌倦｜焦虑｜烦躁｜渴望｜兴趣｜震惊","愉悦","4","渴望｜兴趣","4｜5","未填写","已作答","0.00","0.00","0.00","0.00","17.16","3"
"ZJ202608160816DE75","2026-08-16 11:46:40","36.04","16","ITEM-00070","119","文本","情绪识别","多选题","4.50","轻松｜痛苦｜紧张｜兴趣｜愁闷｜怀旧｜困惑｜愉悦｜震惊｜厌恶","困惑","4","困惑｜痛苦","4｜5","未填写","已作答","66.67","50.00","60.00","2.70","26.80","3"
"ZJ202608160816DE75","2026-08-16 11:46:40","36.04","17","ITEM-00050","92","图像","情绪识别","多选题","4.50","兴奋｜怨恨｜敌意｜委屈｜担忧｜轻松｜感激｜满足｜愉悦｜尴尬","怨恨","4","敌意｜怨恨","5｜5","未填写","已作答","66.67","37.50","55.00","2.47","11.78","3"
"ZJ202608160816DE75","2026-08-16 11:46:40","36.04","18","ITEM-00084","78","音频","情绪推理","多选题","4.50","不屑｜烦躁｜愉悦｜尴尬｜恐惧｜蔑视｜羞耻｜敌意｜紧张｜震惊","蔑视","4","羞耻｜烦躁","4｜5","未填写","已作答","0.00","0.00","0.00","0.00","19.17","3"
"ZJ202608160816DE75","2026-08-16 11:46:40","36.04","19","ITEM-00110","59","文本","情绪推理","多选题","4.50","好奇｜惊讶｜满足｜审美欣赏｜蔑视｜怨恨｜遗憾｜痛苦｜抑郁｜恐惧","遗憾｜痛苦","4｜5","痛苦｜抑郁","4｜4","未填写","已作答","50.00","37.50","45.00","2.02","31.99","6"
"ZJ202608160816DE75","2026-08-16 11:46:40","36.04","20","ITEM-00149","60","视频","情绪推理","单选题","2.50","自满｜绝望｜焦虑｜担忧｜感动｜委屈｜遗憾｜痛苦｜厌倦｜快乐","担忧","4","担忧","4","未填写","已作答","100.00","100.00","100.00","2.50","31.00","3"
"ZJ202608160816DE75","2026-08-16 11:46:40","36.04","21","ITEM-00069","117","文本","情绪识别","多选题","4.50","惊喜｜愉悦｜愁闷｜担忧｜爱｜怀旧｜蔑视｜感激｜怨恨｜轻松","爱","4","感激｜爱｜愉悦","4｜4｜5","未填写","已作答","50.00","33.33","43.33","1.95","26.14","3"
"ZJ202608160816DE75","2026-08-16 11:46:40","36.04","22","ITEM-00066","113","图像","情绪识别","多选题","4.50","愉悦｜悲伤｜羡慕｜绝望｜痛苦｜羞耻｜愤怒｜抑郁｜渴望｜怀旧","渴望","4","渴望｜痛苦｜悲伤｜绝望","4｜5｜5｜5","未填写","已作答","40.00","25.00","34.00","1.53","14.45","3"
"ZJ202608160816DE75","2026-08-16 11:46:40","36.04","23","ITEM-00062","23","文本","情绪识别","单选题","3.50","蔑视｜平静｜轻松｜遗憾｜惊喜｜羞耻｜痛苦｜焦虑｜满足｜兴奋","惊喜","4","惊喜","5","未填写","已作答","100.00","75.00","90.00","3.15","17.94","3"
"ZJ202608160816DE75","2026-08-16 11:46:40","36.04","24","ITEM-00105","2","音频","情绪推理","多选题","4.50","内疚｜嫉妒｜烦躁｜愁闷｜爱｜紧张｜惊喜｜愉悦｜自豪｜焦虑","紧张","4","焦虑｜紧张｜内疚","4｜5｜4","未填写","已作答","50.00","25.00","40.00","1.80","20.97","3"
"ZJ20260816A6976749","2026-08-16 11:46:11","54.37","1","ITEM-00078","89","图像","情绪推理","多选题","4.50","自满｜不屑｜满足｜崇拜｜愉悦｜内疚｜痛苦｜悲伤｜遗憾｜怨恨","悲伤｜痛苦｜遗憾","4｜4｜5","内疚｜悲伤","4｜3","否","已作答","40.00","37.50","39.00","1.75","53.09","10"
"ZJ20260816A6976749","2026-08-16 11:46:11","54.37","2","ITEM-00135","68","文本","情绪识别","多选题","4.50","焦虑｜嫉妒｜不屑｜崇拜｜感激｜痛苦｜绝望｜失望｜共情痛苦｜惊吓","惊吓｜不屑","5｜4","不屑｜惊吓","5｜4","否","已作答","100.00","75.00","90.00","4.05","56.77","7"
"ZJ20260816A6976749","2026-08-16 11:46:11","54.37","3","ITEM-00134","67","文本","情绪识别","多选题","4.50","悲伤｜兴奋｜紧张｜惊讶｜感动｜感激｜厌倦｜敌意｜不屑｜尴尬","敌意｜不屑","5｜4","不屑｜敌意","5｜3","否","已作答","100.00","62.50","85.00","3.83","38.09","6"
"ZJ20260816A6976749","2026-08-16 11:46:11","54.37","4","ITEM-00123","8","音频","情绪识别","单选题","3.50","失望｜悲伤｜轻松｜嫉妒｜惊喜｜爱｜快乐｜绝望｜好奇｜感激","绝望","4","绝望","4","是","已作答","100.00","100.00","100.00","3.50","40.97","6"
"ZJ20260816A6976749","2026-08-16 11:46:11","54.37","5","ITEM-00083","73","视频","情绪识别","多选题","4.50","愉悦｜内疚｜冷静｜遗憾｜爱｜共情痛苦｜悲伤｜厌倦｜蔑视｜释然","爱｜遗憾","5｜4","爱｜释然","5｜5","否","已作答","50.00","50.00","50.00","2.25","101.70","6"
"ZJ20260816A6976749","2026-08-16 11:46:11","54.37","6","ITEM-00081","58","视频","情绪识别","多选题","4.50","痛苦｜紧张｜厌恶｜愉悦｜震惊｜焦虑｜希望｜怀旧｜担忧｜审美欣赏","震惊｜审美欣赏","3｜5","审美欣赏｜怀旧","5｜3","否","已作答","50.00","50.00","50.00","2.25","130.07","9"
"ZJ20260816A6976749","2026-08-16 11:46:11","54.37","7","ITEM-00095","59","文本","情绪识别","多选题","4.50","困惑｜羞耻｜烦躁｜失望｜怨恨｜内疚｜抑郁｜愤怒｜惊讶｜痛苦","内疚｜羞耻｜抑郁","5｜4｜4","内疚｜痛苦","5｜5","否","已作答","40.00","50.00","44.00","1.98","57.40","8"
"ZJ20260816A6976749","2026-08-16 11:46:11","54.37","8","ITEM-00137","69","音频","情绪识别","多选题","4.50","紧张｜愤怒｜愉悦｜轻视｜惊讶｜厌恶｜感动｜委屈｜感激｜审美欣赏","愤怒｜轻视｜厌恶","4｜5｜3","愤怒｜轻视","4｜4","是","已作答","80.00","87.50","83.00","3.73","45.31","17"
"ZJ20260816A6976749","2026-08-16 11:46:11","54.37","9","ITEM-00002","6","视频","情绪推理","单选题","3.50","羡慕｜冷静｜抑郁｜审美欣赏｜惊喜｜羞耻｜悲伤｜快乐｜感动｜渴望","感动","4","感动","3","是","已作答","100.00","75.00","90.00","3.15","39.40","3"
"ZJ20260816A6976749","2026-08-16 11:46:11","54.37","10","ITEM-00105","2","音频","情绪推理","多选题","4.50","释然｜满足｜敌意｜焦虑｜委屈｜快乐｜痛苦｜紧张｜内疚｜审美欣赏","内疚｜紧张","5｜3","焦虑｜紧张｜内疚","4｜5｜4","否","已作答","80.00","41.67","64.67","2.91","46.72","5"
"ZJ20260816A6976749","2026-08-16 11:46:11","54.37","11","ITEM-00079","61","视频","情绪推理","多选题","4.50","委屈｜平静｜厌恶｜紧张｜焦虑｜共情痛苦｜烦躁｜悲伤｜困惑｜厌倦","委屈｜平静","4｜5","委屈｜悲伤","3｜3","是","已作答","50.00","37.50","45.00","2.02","29.94","8"
"ZJ20260816A6976749","2026-08-16 11:46:11","54.37","12","ITEM-00008","30","图像","情绪识别","单选题","3.50","厌倦｜尴尬｜失望｜惊讶｜困惑｜平静｜感动｜兴趣｜共情痛苦｜敌意","共情痛苦","4","困惑","3","否","已作答","0.00","0.00","0.00","0.00","46.55","3"
"ZJ20260816A6976749","2026-08-16 11:46:11","54.37","13","ITEM-00130","104","图像","情绪识别","多选题","4.50","感动｜痛苦｜抑郁｜不屑｜好奇｜震惊｜悲伤｜紧张｜敌意｜愤怒","震惊｜悲伤","4｜5","愤怒｜震惊","5｜4","是","已作答","50.00","50.00","50.00","2.25","19.52","6"
"ZJ20260816A6976749","2026-08-16 11:46:11","54.37","14","ITEM-00124","22","音频","情绪识别","单选题","3.50","敌意｜震惊｜悲伤｜委屈｜蔑视｜希望｜嫉妒｜释然｜渴望｜平静","释然","4","释然","3","否","已作答","100.00","75.00","90.00","3.15","70.06","6"
"ZJ20260816A6976749","2026-08-16 11:46:11","54.37","15","ITEM-00104","23","文本","情绪推理","单选题","3.50","愤怒｜怨恨｜渴望｜紧张｜冷静｜爱｜感动｜恐惧｜悲伤｜兴奋","兴奋","5","兴奋","5","否","已作答","100.00","100.00","100.00","3.50","33.20","4"
"ZJ20260816A6976749","2026-08-16 11:46:11","54.37","16","ITEM-00037","50","文本","情绪识别","单选题","3.50","蔑视｜感动｜轻松｜希望｜焦虑｜爱｜敌意｜厌倦｜惊讶｜自满","蔑视","4","蔑视","3","否","已作答","100.00","75.00","90.00","3.15","26.54","3"
"ZJ20260816A6976749","2026-08-16 11:46:11","54.37","17","ITEM-00150","86","视频","情绪推理","多选题","4.50","快乐｜不屑｜失望｜好奇｜自豪｜悲伤｜渴望｜怀旧｜共情痛苦｜满足","自豪","4","满足｜快乐","4｜3","否","已作答","0.00","0.00","0.00","0.00","56.62","3"
"ZJ20260816A6976749","2026-08-16 11:46:11","54.37","18","ITEM-00140","63","文本","情绪推理","多选题","4.50","释然｜蔑视｜自豪｜痛苦｜好奇｜自满｜满足｜惊喜｜烦躁｜兴奋","好奇｜惊喜","5｜5","惊喜｜兴奋","4｜4","否","已作答","50.00","37.50","45.00","2.02","33.68","6"
"ZJ20260816A6976749","2026-08-16 11:46:11","54.37","19","ITEM-00084","78","音频","情绪推理","多选题","4.50","怨恨｜烦躁｜轻松｜兴奋｜怀旧｜羞耻｜困惑｜失望｜绝望｜自满","烦躁｜怨恨｜失望","3｜5｜3","羞耻｜烦躁","4｜5","否","已作答","40.00","25.00","34.00","1.53","38.32","8"
"ZJ20260816A6976749","2026-08-16 11:46:11","54.37","20","ITEM-00093","75","音频","情绪识别","多选题","4.50","敌意｜感激｜震惊｜失望｜共情痛苦｜悲伤｜希望｜遗憾｜委屈｜愉悦","失望｜悲伤｜委屈","3｜4｜5","委屈｜悲伤","5｜5","否","已作答","80.00","87.50","83.00","3.73","60.78","13"
"ZJ20260816A6976749","2026-08-16 11:46:11","54.37","21","ITEM-00021","14","视频","情绪识别","单选题","3.50","紧张｜怀旧｜爱｜悲伤｜痛苦｜自豪｜兴趣｜厌恶｜厌倦｜审美欣赏","兴趣","4","怀旧","4","否","已作答","0.00","0.00","0.00","0.00","59.39","6"
"ZJ20260816A6976749","2026-08-16 11:46:11","54.37","22","ITEM-00071","91","图像","情绪识别","多选题","4.50","嫉妒｜震惊｜释然｜自豪｜失望｜自满｜满足｜惊讶｜烦躁｜兴趣","释然｜失望","4｜3","失望｜震惊","5｜5","否","已作答","50.00","25.00","40.00","1.80","37.17","6"
"ZJ20260816A6976749","2026-08-16 11:46:11","54.37","23","ITEM-00132","37","图像","情绪识别","多选题","4.50","不屑｜蔑视｜崇拜｜平静｜愉悦｜恭敬｜轻松｜敌意｜恐惧｜尴尬","恭敬｜恐惧｜蔑视｜不屑","5｜3｜3｜4","平静｜恭敬","5｜5","否","已作答","33.33","50.00","40.00","1.80","49.63","10"
"ZJ20260816A6976749","2026-08-16 11:46:11","54.37","24","ITEM-00032","41","图像","情绪识别","单选题","3.50","释然｜爱｜愉悦｜愁闷｜自满｜渴望｜满足｜困惑｜兴趣｜抑郁","满足","4","愉悦","4","否","已作答","0.00","0.00","0.00","0.00","19.73","3"
"ZJ20260816493CBED0","2026-08-16 11:46:09","48.07","1","ITEM-00082","72","视频","情绪识别","多选题","4.50","紧张｜抑郁｜焦虑｜委屈｜平静｜蔑视｜绝望｜敌意｜厌倦｜感动","紧张｜焦虑","5｜4","焦虑｜紧张","4｜5","否","已作答","100.00","100.00","100.00","4.50","90.44","6"
"ZJ20260816493CBED0","2026-08-16 11:46:09","48.07","2","ITEM-00092","66","音频","情绪识别","多选题","4.50","不屑｜震惊｜痛苦｜渴望｜自豪｜烦躁｜内疚｜厌倦｜感激｜悲伤","悲伤｜痛苦｜烦躁","5｜4｜4","内疚｜痛苦｜悲伤","5｜5｜5","是","已作答","66.67","58.33","63.33","2.85","98.18","22"
"ZJ20260816493CBED0","2026-08-16 11:46:09","48.07","3","ITEM-00017","10","视频","情绪识别","单选题","3.50","自满｜愁闷｜紧张｜渴望｜厌倦｜嫉妒｜审美欣赏｜愉悦｜崇拜｜愤怒","愤怒","4","愤怒","5","否","已作答","100.00","75.00","90.00","3.15","45.01","8"
"ZJ20260816493CBED0","2026-08-16 11:46:09","48.07","4","ITEM-00067","114","图像","情绪识别","单选题","3.50","敌意｜怀旧｜绝望｜失望｜震惊｜抑郁｜满足｜焦虑｜厌倦｜悲伤","怀旧","3","震惊","4","否","已作答","0.00","0.00","0.00","0.00","23.25","5"
"ZJ20260816493CBED0","2026-08-16 11:46:09","48.07","5","ITEM-00009","7","音频","情绪识别","单选题","3.50","厌倦｜悲伤｜好奇｜感动｜怨恨｜担忧｜紧张｜怀旧｜厌恶｜烦躁","好奇","2","紧张","2","否","已作答","0.00","0.00","0.00","0.00","43.64","5"
"ZJ20260816493CBED0","2026-08-16 11:46:09","48.07","6","ITEM-00142","68","文本","情绪推理","单选题","3.50","释然｜厌恶｜敌意｜怀旧｜蔑视｜好奇｜惊喜｜困惑｜感激｜满足","敌意","4","敌意","4","否","已作答","100.00","100.00","100.00","3.50","20.59","3"
"ZJ20260816493CBED0","2026-08-16 11:46:09","48.07","7","ITEM-00084","78","音频","情绪推理","多选题","4.50","委屈｜羞耻｜痛苦｜惊喜｜崇拜｜怨恨｜烦躁｜快乐｜平静｜焦虑","委屈｜烦躁","4｜3","羞耻｜烦躁","4｜5","是","已作答","50.00","25.00","40.00","1.80","33.14","8"
"ZJ20260816493CBED0","2026-08-16 11:46:09","48.07","8","ITEM-00080","65","视频","情绪推理","多选题","4.50","冷静｜担忧｜感动｜平静｜怀旧｜愉悦｜遗憾｜渴望｜兴奋｜自豪","平静｜遗憾｜冷静","5｜4｜5","怀旧｜感动｜愉悦｜遗憾","5｜3｜3｜5","否","已作答","28.57","18.75","24.64","1.11","42.41","11"
"ZJ20260816493CBED0","2026-08-16 11:46:09","48.07","9","ITEM-00090","56","音频","情绪识别","多选题","4.50","怀旧｜失望｜渴望｜内疚｜愉悦｜怨恨｜自豪｜感激｜感动｜羡慕","失望｜怨恨","4｜5","怨恨｜失望","5｜5","是","已作答","100.00","87.50","95.00","4.28","18.55","7"
"ZJ20260816493CBED0","2026-08-16 11:46:09","48.07","10","ITEM-00010","63","文本","情绪识别","多选题","4.50","敌意｜嫉妒｜兴奋｜抑郁｜惊喜｜焦虑｜愉悦｜烦躁｜满足｜愁闷","兴奋","4","惊喜｜兴奋","4｜4","否","已作答","66.67","50.00","60.00","2.70","22.21","3"
"ZJ20260816493CBED0","2026-08-16 11:46:09","48.07","11","ITEM-00049","17","音频","情绪识别","单选题","3.50","蔑视｜轻松｜自豪｜震惊｜困惑｜敌意｜惊讶｜兴趣｜怨恨｜痛苦","蔑视","4","敌意","4","否","已作答","0.00","0.00","0.00","0.00","56.94","5"
"ZJ20260816493CBED0","2026-08-16 11:46:09","48.07","12","ITEM-00139","37","图像","情绪推理","多选题","4.50","冷静｜崇拜｜不屑｜担忧｜敬畏｜审美欣赏｜焦虑｜释然｜困惑｜自满","不屑","4","焦虑｜敬畏","3｜4","否","已作答","0.00","0.00","0.00","0.00","20.64","3"
"ZJ20260816493CBED0","2026-08-16 11:46:09","48.07","13","ITEM-00071","91","图像","情绪识别","多选题","4.50","委屈｜痛苦｜释然｜羡慕｜羞耻｜厌恶｜担忧｜震惊｜内疚｜失望","担忧｜失望","5｜1","失望｜震惊","5｜5","否","已作答","50.00","0.00","30.00","1.35","24.91","7"
"ZJ20260816493CBED0","2026-08-16 11:46:09","48.07","14","ITEM-00146","118","文本","情绪识别","多选题","4.50","爱｜失望｜感激｜烦躁｜嫉妒｜悲伤｜轻松｜不屑｜崇拜｜敌意","烦躁｜失望","4｜3","烦躁｜失望","4｜4","否","已作答","100.00","87.50","95.00","4.28","25.97","6"
"ZJ20260816493CBED0","2026-08-16 11:46:09","48.07","15","ITEM-00013","27","图像","情绪识别","单选题","3.50","自豪｜愤怒｜尴尬｜自满｜怨恨｜快乐｜渴望｜失望｜抑郁｜满足","愤怒","4","愤怒","5","否","已作答","100.00","75.00","90.00","3.15","6.19","3"
"ZJ20260816493CBED0","2026-08-16 11:46:09","48.07","16","ITEM-00141","67","文本","情绪推理","多选题","4.50","愁闷｜绝望｜审美欣赏｜惊讶｜悲伤｜快乐｜愤怒｜满足｜兴趣｜震惊","愤怒","1","愤怒｜惊讶","4｜3","否","已作答","66.67","12.50","45.00","2.02","31.92","4"
"ZJ20260816493CBED0","2026-08-16 11:46:09","48.07","17","ITEM-00061","109","图像","情绪识别","多选题","4.50","快乐｜爱｜崇拜｜蔑视｜感激｜渴望｜敌意｜满足｜震惊｜愉悦","爱｜快乐｜满足｜愉悦｜渴望","5｜4｜3｜4｜2","快乐｜愉悦","4｜4","否","已作答","57.14","100.00","74.29","3.34","16.48","10"
"ZJ20260816493CBED0","2026-08-16 11:46:09","48.07","18","ITEM-00097","82","文本","情绪识别","多选题","4.50","快乐｜兴奋｜不屑｜失望｜平静｜惊喜｜轻松｜悲伤｜共情痛苦｜怀旧","轻松","3","轻松｜快乐","4｜4","否","已作答","66.67","37.50","55.00","2.47","15.85","2"
"ZJ20260816493CBED0","2026-08-16 11:46:09","48.07","19","ITEM-00075","108","图像","情绪识别","多选题","4.50","爱｜困惑｜崇拜｜怀旧｜愤怒｜惊喜｜绝望｜委屈｜敌意｜震惊","震惊","4","震惊｜愤怒","5｜5","否","已作答","66.67","37.50","55.00","2.47","11.05","3"
"ZJ20260816493CBED0","2026-08-16 11:46:09","48.07","20","ITEM-00079","61","视频","情绪推理","多选题","4.50","审美欣赏｜绝望｜愁闷｜委屈｜怨恨｜震惊｜悲伤｜羡慕｜尴尬｜抑郁","怨恨｜委屈｜愁闷｜绝望｜悲伤","4｜3｜5｜5｜3","委屈｜悲伤","3｜3","否","已作答","57.14","100.00","74.29","3.34","42.61","17"
"ZJ20260816493CBED0","2026-08-16 11:46:09","48.07","21","ITEM-00074","121","文本","情绪识别","单选题","3.50","愁闷｜惊讶｜愤怒｜自豪｜兴奋｜渴望｜烦躁｜不屑｜厌倦｜怨恨","不屑","4","自豪","5","否","已作答","0.00","0.00","0.00","0.00","16.59","3"
"ZJ20260816493CBED0","2026-08-16 11:46:09","48.07","22","ITEM-00044","80","视频","情绪识别","多选题","4.50","感动｜紧张｜羞耻｜冷静｜平静｜愤怒｜满足｜惊喜｜惊讶｜爱","紧张｜冷静｜平静","5｜4｜3","紧张｜惊讶","4｜4","否","已作答","40.00","37.50","39.00","1.75","30.72","6"
"ZJ20260816493CBED0","2026-08-16 11:46:09","48.07","23","ITEM-00105","2","音频","情绪推理","多选题","4.50","敌意｜愤怒｜厌恶｜内疚｜焦虑｜兴奋｜担忧｜共情痛苦｜紧张｜蔑视","愤怒｜共情痛苦｜厌恶","5｜3｜4","焦虑｜紧张｜内疚","4｜5｜4","否","已作答","0.00","0.00","0.00","0.00","24.02","9"
"ZJ20260816493CBED0","2026-08-16 11:46:09","48.07","24","ITEM-00106","77","视频","情绪推理","单选题","3.50","感激｜失望｜愉悦｜共情痛苦｜快乐｜自满｜羞耻｜委屈｜兴奋｜绝望","愉悦","4","快乐","5","否","已作答","0.00","0.00","0.00","0.00","29.72","6"
"ZJ202608160520693C","2026-08-16 11:46:03","61.98","1","ITEM-00002","6","视频","情绪推理","单选题","3.50","羞耻｜怨恨｜好奇｜恐惧｜悲伤｜感动｜感激｜尴尬｜渴望｜烦躁","渴望","4","感动","3","是","已作答","0.00","0.00","0.00","0.00","49.42","3"
"ZJ202608160520693C","2026-08-16 11:46:03","61.98","2","ITEM-00012","26","图像","情绪识别","单选题","3.50","震惊｜惊讶｜冷静｜愤怒｜敌意｜困惑｜平静｜绝望｜厌倦｜满足","愤怒","3","愤怒","4","否","已作答","100.00","75.00","90.00","3.15","34.23","4"
"ZJ202608160520693C","2026-08-16 11:46:03","61.98","3","ITEM-00143","71","文本","情绪推理","单选题","3.50","愉悦｜审美欣赏｜不屑｜自满｜满足｜烦躁｜紧张｜悲伤｜痛苦｜委屈","烦躁","5","不屑","3","是","已作答","0.00","0.00","0.00","0.00","36.72","3"
"ZJ202608160520693C","2026-08-16 11:46:03","61.98","4","ITEM-00014","1","视频","情绪识别","单选题","3.50","冷静｜羡慕｜好奇｜满足｜兴奋｜崇拜｜感动｜希望｜感激｜内疚","崇拜","5","崇拜","5","否","已作答","100.00","100.00","100.00","3.50","37.47","6"
"ZJ202608160520693C","2026-08-16 11:46:03","61.98","5","ITEM-00129","103","图像","情绪识别","多选题","4.50","担忧｜希望｜嫉妒｜不屑｜抑郁｜释然｜满足｜崇拜｜烦躁｜敌意","满足｜不屑","3｜4","不屑｜敌意","5｜3","是","已作答","50.00","37.50","45.00","2.02","35.99","6"
"ZJ202608160520693C","2026-08-16 11:46:03","61.98","6","ITEM-00134","67","文本","情绪识别","多选题","4.50","崇拜｜痛苦｜渴望｜不屑｜敌意｜感激｜冷静｜平静｜紧张｜内疚","敌意｜不屑","4｜5","不屑｜敌意","5｜3","否","已作答","100.00","87.50","95.00","4.28","55.56","7"
"ZJ202608160520693C","2026-08-16 11:46:03","61.98","7","ITEM-00070","119","文本","情绪识别","多选题","4.50","怀旧｜痛苦｜愁闷｜渴望｜困惑｜羡慕｜快乐｜委屈｜厌倦｜自豪","愁闷｜痛苦｜困惑｜委屈","3｜3｜4｜5","困惑｜痛苦","4｜5","未填写","已作答","66.67","75.00","70.00","3.15","21.76","7"
"ZJ202608160520693C","2026-08-16 11:46:03","61.98","8","ITEM-00066","113","图像","情绪识别","多选题","4.50","悲伤｜满足｜渴望｜绝望｜焦虑｜怨恨｜痛苦｜平静｜愁闷｜不屑","悲伤｜绝望｜怨恨｜痛苦｜愁闷","5｜4｜3｜5｜3","渴望｜痛苦｜悲伤｜绝望","4｜5｜5｜5","未填写","已作答","66.67","68.75","67.50","3.04","18.07","11"
"ZJ202608160520693C","2026-08-16 11:46:03","61.98","9","ITEM-00080","65","视频","情绪推理","多选题","4.50","崇拜｜自满｜感动｜厌恶｜悲伤｜绝望｜遗憾｜愉悦｜怀旧｜快乐","遗憾｜悲伤｜怀旧","5｜3｜2","怀旧｜感动｜愉悦｜遗憾","5｜3｜3｜5","否","已作答","57.14","31.25","46.79","2.11","43.30","7"
"ZJ202608160520693C","2026-08-16 11:46:03","61.98","10","ITEM-00095","59","文本","情绪识别","多选题","4.50","失望｜困惑｜内疚｜爱｜好奇｜嫉妒｜感激｜蔑视｜不屑｜痛苦","内疚｜痛苦","5｜3","内疚｜痛苦","5｜5","否","已作答","100.00","75.00","90.00","4.05","32.05","6"
"ZJ202608160520693C","2026-08-16 11:46:03","61.98","11","ITEM-00092","66","音频","情绪识别","多选题","4.50","痛苦｜希望｜爱｜内疚｜悲伤｜兴趣｜焦虑｜困惑｜紧张｜兴奋","悲伤｜痛苦","4｜5","内疚｜痛苦｜悲伤","5｜5｜5","否","已作答","80.00","58.33","71.33","3.21","48.31","5"
"ZJ202608160520693C","2026-08-16 11:46:03","61.98","12","ITEM-00124","22","音频","情绪识别","单选题","3.50","悲伤｜羞耻｜感激｜愁闷｜释然｜痛苦｜崇拜｜愤怒｜怀旧｜轻松","释然","2","释然","3","否","已作答","100.00","75.00","90.00","3.15","41.80","6"
"ZJ202608160520693C","2026-08-16 11:46:03","61.98","13","ITEM-00085","76","视频","情绪识别","多选题","4.50","震惊｜兴奋｜释然｜自豪｜兴趣｜渴望｜委屈｜焦虑｜感动｜嫉妒","兴奋｜自豪｜感动","4｜5｜3","自豪｜兴奋","5｜5","否","已作答","80.00","87.50","83.00","3.73","28.63","8"
"ZJ202608160520693C","2026-08-16 11:46:03","61.98","14","ITEM-00081","58","视频","情绪识别","多选题","4.50","嫉妒｜困惑｜绝望｜兴趣｜审美欣赏｜厌倦｜怀旧｜震惊｜羞耻｜遗憾","审美欣赏｜兴趣","4｜4","审美欣赏｜怀旧","5｜3","否","已作答","50.00","37.50","45.00","2.02","41.79","9"
"ZJ202608160520693C","2026-08-16 11:46:03","61.98","15","ITEM-00137","69","音频","情绪识别","多选题","4.50","惊喜｜爱｜轻视｜遗憾｜厌倦｜愁闷｜敌意｜内疚｜自满｜愤怒","敌意｜愤怒｜轻视","3｜4｜4","愤怒｜轻视","4｜4","是","已作答","80.00","100.00","88.00","3.96","27.91","8"
"ZJ202608160520693C","2026-08-16 11:46:03","61.98","16","ITEM-00073","107","图像","情绪识别","多选题","4.50","感动｜紧张｜自满｜轻松｜爱｜快乐｜怨恨｜渴望｜绝望｜崇拜","感动｜爱｜崇拜｜渴望","5｜3｜4｜3","感动｜爱","5｜5","否","已作答","66.67","75.00","70.00","3.15","20.74","11"
"ZJ202608160520693C","2026-08-16 11:46:03","61.98","17","ITEM-00150","86","视频","情绪推理","多选题","4.50","满足｜敌意｜希望｜不屑｜共情痛苦｜快乐｜困惑｜遗憾｜释然｜委屈","困惑","3","满足｜快乐","4｜3","否","已作答","0.00","0.00","0.00","0.00","48.66","4"
"ZJ202608160520693C","2026-08-16 11:46:03","61.98","18","ITEM-00009","7","音频","情绪识别","单选题","3.50","担忧｜怨恨｜冷静｜抑郁｜焦虑｜嫉妒｜惊讶｜紧张｜尴尬｜兴奋","紧张","4","紧张","2","否","已作答","100.00","50.00","80.00","2.80","22.51","5"
"ZJ202608160520693C","2026-08-16 11:46:03","61.98","19","ITEM-00105","2","音频","情绪推理","多选题","4.50","痛苦｜兴奋｜悲伤｜兴趣｜焦虑｜内疚｜委屈｜羞耻｜感动｜紧张","紧张","4","焦虑｜紧张｜内疚","4｜5｜4","否","已作答","50.00","25.00","40.00","1.80","42.89","3"
"ZJ202608160520693C","2026-08-16 11:46:03","61.98","20","ITEM-00115","39","图像","情绪识别","单选题","3.50","希望｜释然｜自豪｜惊讶｜满足｜感激｜感动｜平静｜震惊｜快乐","震惊","4","震惊","5","是","已作答","100.00","75.00","90.00","3.15","16.89","4"
"ZJ202608160520693C","2026-08-16 11:46:03","61.98","21","ITEM-00139","37","图像","情绪推理","多选题","4.50","敬畏｜释然｜烦躁｜焦虑｜自豪｜厌恶｜愉悦｜希望｜敌意｜冷静","自豪｜愉悦","3｜3","焦虑｜敬畏","3｜4","是","已作答","0.00","0.00","0.00","0.00","40.59","10"
"ZJ202608160520693C","2026-08-16 11:46:03","61.98","22","ITEM-00109","88","音频","情绪推理","多选题","4.50","快乐｜轻松｜厌恶｜厌倦｜自满｜希望｜共情痛苦｜敌意｜困惑｜释然","厌倦｜厌恶","3｜2","厌倦｜困惑","3｜3","否","已作答","50.00","50.00","50.00","2.25","54.62","8"
"ZJ202608160520693C","2026-08-16 11:46:03","61.98","23","ITEM-00059","15","文本","情绪识别","单选题","3.50","羞耻｜绝望｜自满｜焦虑｜惊讶｜崇拜｜希望｜嫉妒｜失望｜委屈","羞耻","5","羞耻","5","否","已作答","100.00","100.00","100.00","3.50","18.51","3"
"ZJ202608160520693C","2026-08-16 11:46:03","61.98","24","ITEM-00140","63","文本","情绪推理","多选题","4.50","惊喜｜紧张｜怀旧｜厌恶｜兴奋｜怨恨｜痛苦｜羡慕｜自豪｜绝望","兴奋｜惊喜｜自豪","4｜4｜2","惊喜｜兴奋","4｜4","否","已作答","80.00","100.00","88.00","3.96","16.64","8"
"ZJ20260816459772A7","2026-08-16 11:46:00","51.38","1","ITEM-00098","1","视频","情绪推理","多选题","4.50","失望｜兴趣｜震惊｜自豪｜共情痛苦｜委屈｜满足｜烦躁｜感激｜渴望","共情痛苦","3","感激｜自豪｜满足","4｜3｜4","否","已作答","0.00","0.00","0.00","0.00","68.03","5"
"ZJ20260816459772A7","2026-08-16 11:46:00","51.38","2","ITEM-00090","56","音频","情绪识别","多选题","4.50","内疚｜抑郁｜自满｜感动｜审美欣赏｜失望｜怨恨｜恐惧｜绝望｜平静","绝望","4","怨恨｜失望","5｜5","否","已作答","0.00","0.00","0.00","0.00","43.88","3"
"ZJ20260816459772A7","2026-08-16 11:46:00","51.38","3","ITEM-00078","89","图像","情绪推理","多选题","4.50","自豪｜兴奋｜内疚｜蔑视｜悲伤｜委屈｜怨恨｜共情痛苦｜恐惧｜平静","悲伤","4","内疚｜悲伤","4｜3","否","已作答","66.67","37.50","55.00","2.47","19.24","3"
"ZJ20260816459772A7","2026-08-16 11:46:00","51.38","4","ITEM-00019","12","视频","情绪识别","单选题","3.50","快乐｜厌恶｜烦躁｜渴望｜审美欣赏｜崇拜｜惊喜｜怨恨｜共情痛苦｜焦虑","烦躁","4","烦躁","4","否","已作答","100.00","100.00","100.00","3.50","30.92","3"
"ZJ20260816459772A7","2026-08-16 11:46:00","51.38","5","ITEM-00052","94","图像","情绪识别","多选题","4.50","委屈｜不屑｜痛苦｜紧张｜惊讶｜释然｜满足｜绝望｜困惑｜崇拜","痛苦","4","绝望｜痛苦｜委屈","5｜5｜4","否","已作答","50.00","25.00","40.00","1.80","25.71","9"
"ZJ20260816459772A7","2026-08-16 11:46:00","51.38","6","ITEM-00071","91","图像","情绪识别","多选题","4.50","蔑视｜惊讶｜冷静｜悲伤｜自满｜羡慕｜震惊｜失望｜自豪｜满足","震惊｜悲伤","2｜4","失望｜震惊","5｜5","否","已作答","50.00","12.50","35.00","1.57","37.74","9"
"ZJ20260816459772A7","2026-08-16 11:46:00","51.38","7","ITEM-00123","8","音频","情绪识别","单选题","3.50","震惊｜兴趣｜感激｜兴奋｜爱｜愤怒｜嫉妒｜满足｜怨恨｜绝望","绝望","4","绝望","4","否","已作答","100.00","100.00","100.00","3.50","56.04","8"
"ZJ20260816459772A7","2026-08-16 11:46:00","51.38","8","ITEM-00049","17","音频","情绪识别","单选题","3.50","抑郁｜烦躁｜渴望｜自满｜担忧｜羞耻｜敌意｜审美欣赏｜惊讶｜蔑视","渴望","3","敌意","4","否","已作答","0.00","0.00","0.00","0.00","38.10","2"
"ZJ20260816459772A7","2026-08-16 11:46:00","51.38","9","ITEM-00108","59","音频","情绪推理","多选题","4.50","快乐｜感动｜嫉妒｜内疚｜悲伤｜恐惧｜痛苦｜惊讶｜抑郁｜兴趣","悲伤｜痛苦｜内疚","4｜4｜4","痛苦｜抑郁","4｜4","否","已作答","40.00","50.00","44.00","1.98","41.31","7"
"ZJ20260816459772A7","2026-08-16 11:46:00","51.38","10","ITEM-00116","46","图像","情绪识别","单选题","3.50","怨恨｜审美欣赏｜悲伤｜平静｜失望｜感动｜释然｜震惊｜蔑视｜厌恶","悲伤","4","悲伤","5","否","已作答","100.00","75.00","90.00","3.15","20.71","3"
"ZJ20260816459772A7","2026-08-16 11:46:00","51.38","11","ITEM-00141","67","文本","情绪推理","多选题","4.50","嫉妒｜焦虑｜惊讶｜烦躁｜愤怒｜自满｜怨恨｜失望｜渴望｜审美欣赏","愤怒｜焦虑｜自满","3｜5｜4","愤怒｜惊讶","4｜3","否","已作答","40.00","37.50","39.00","1.75","72.86","11"
"ZJ20260816459772A7","2026-08-16 11:46:00","51.38","12","ITEM-00144","118","文本","情绪推理","单选题","3.50","失望｜快乐｜内疚｜担忧｜惊喜｜共情痛苦｜平静｜惊讶｜希望｜怨恨","担忧","4","失望","4","否","已作答","0.00","0.00","0.00","0.00","48.83","6"
"ZJ20260816459772A7","2026-08-16 11:46:00","51.38","13","ITEM-00122","5","文本","情绪识别","单选题","3.50","羡慕｜惊喜｜厌倦｜烦躁｜内疚｜愤怒｜渴望｜平静｜蔑视｜嫉妒","嫉妒","4","羡慕","4","否","已作答","0.00","0.00","0.00","0.00","28.21","7"
"ZJ20260816459772A7","2026-08-16 11:46:00","51.38","14","ITEM-00077","79","音频","情绪识别","多选题","4.50","自豪｜内疚｜冷静｜厌倦｜爱｜烦躁｜审美欣赏｜惊讶｜希望｜愤怒","烦躁｜厌倦","4｜4","烦躁｜厌倦","4｜4","否","已作答","100.00","100.00","100.00","4.50","25.29","5"
"ZJ20260816459772A7","2026-08-16 11:46:00","51.38","15","ITEM-00097","82","文本","情绪识别","多选题","4.50","平静｜快乐｜感激｜恐惧｜兴趣｜自豪｜兴奋｜审美欣赏｜嫉妒｜轻松","快乐｜轻松","3｜3","轻松｜快乐","4｜4","否","已作答","100.00","75.00","90.00","4.05","69.35","5"
"ZJ20260816459772A7","2026-08-16 11:46:00","51.38","16","ITEM-00150","86","视频","情绪推理","多选题","4.50","恐惧｜快乐｜满足｜烦躁｜轻松｜尴尬｜兴趣｜感动｜不屑｜遗憾","尴尬｜不屑","3｜3","满足｜快乐","4｜3","否","已作答","0.00","0.00","0.00","0.00","65.63","3"
"ZJ20260816459772A7","2026-08-16 11:46:00","51.38","17","ITEM-00044","80","视频","情绪识别","多选题","4.50","平静｜烦躁｜紧张｜失望｜愤怒｜委屈｜惊讶｜尴尬｜愁闷｜轻松","紧张","5","紧张｜惊讶","4｜4","否","已作答","66.67","37.50","55.00","2.47","35.62","4"
"ZJ20260816459772A7","2026-08-16 11:46:00","51.38","18","ITEM-00087","77","视频","情绪识别","多选题","4.50","悲伤｜愉悦｜羡慕｜怨恨｜满足｜愁闷｜兴奋｜惊喜｜震惊｜爱","愉悦｜兴奋｜惊喜｜震惊｜爱","4｜4｜5｜4｜5","兴奋｜爱｜惊喜","5｜5｜5","否","已作答","75.00","91.67","81.67","3.67","80.97","16"
"ZJ20260816459772A7","2026-08-16 11:46:00","51.38","19","ITEM-00034","43","图像","情绪识别","单选题","3.50","不屑｜惊讶｜渴望｜痛苦｜爱｜怨恨｜希望｜感动｜困惑｜惊喜","希望","5","爱","5","否","已作答","0.00","0.00","0.00","0.00","13.65","5"
"ZJ20260816459772A7","2026-08-16 11:46:00","51.38","20","ITEM-00105","2","音频","情绪推理","多选题","4.50","惊喜｜愁闷｜愤怒｜厌恶｜焦虑｜困惑｜兴趣｜内疚｜紧张｜渴望","愁闷｜焦虑｜内疚｜紧张","3｜4｜4｜5","焦虑｜紧张｜内疚","4｜5｜4","否","已作答","85.71","100.00","91.43","4.11","51.58","11"
"ZJ20260816459772A7","2026-08-16 11:46:00","51.38","21","ITEM-00135","68","文本","情绪识别","多选题","4.50","自豪｜抑郁｜惊吓｜委屈｜不屑｜惊喜｜担忧｜怀旧｜好奇｜怨恨","惊吓｜不屑｜担忧","5｜5｜5","不屑｜惊吓","5｜4","否","已作答","80.00","87.50","83.00","3.73","36.80","11"
"ZJ20260816459772A7","2026-08-16 11:46:00","51.38","22","ITEM-00128","100","图像","情绪识别","多选题","4.50","痛苦｜担忧｜尴尬｜期望｜愤怒｜感动｜委屈｜恐惧｜遗憾｜兴奋","感动｜兴奋","4｜4","兴奋｜期望","4｜4","否","已作答","50.00","50.00","50.00","2.25","30.81","5"
"ZJ20260816459772A7","2026-08-16 11:46:00","51.38","23","ITEM-00002","6","视频","情绪推理","单选题","3.50","不屑｜惊喜｜崇拜｜感动｜羞耻｜希望｜愉悦｜痛苦｜感激｜冷静","感动","5","感动","3","否","已作答","100.00","50.00","80.00","2.80","47.05","6"
"ZJ20260816459772A7","2026-08-16 11:46:00","51.38","24","ITEM-00070","119","文本","情绪识别","多选题","4.50","自满｜愉悦｜抑郁｜困惑｜担忧｜嫉妒｜释然｜爱｜痛苦｜绝望","困惑｜痛苦","5｜4","困惑｜痛苦","4｜5","否","已作答","100.00","75.00","90.00","4.05","26.95","9"
"ZJ20260816B8EC7ADE","2026-08-16 11:45:38","61.23","1","ITEM-00138","22","音频","情绪推理","多选题","4.50","担忧｜不屑｜希望｜爱｜悲伤｜惊讶｜可惜｜审美欣赏｜好奇｜绝望","不屑｜悲伤","4｜3","不屑｜可惜","4｜3","否","已作答","50.00","50.00","50.00","2.25","73.61","4"
"ZJ20260816B8EC7ADE","2026-08-16 11:45:38","61.23","2","ITEM-00053","95","图像","情绪识别","多选题","4.50","好奇｜尴尬｜绝望｜震惊｜渴望｜悲伤｜委屈｜感动｜恐惧｜厌倦","绝望｜悲伤｜恐惧","5｜4｜3","悲伤｜委屈｜绝望","3｜3｜5","否","已作答","66.67","58.33","63.33","2.85","15.56","6"
"ZJ20260816B8EC7ADE","2026-08-16 11:45:38","61.23","3","ITEM-00026","64","视频","情绪识别","单选题","3.50","怀旧｜审美欣赏｜悲伤｜好奇｜担忧｜愤怒｜焦虑｜内疚｜释然｜共情痛苦","悲伤","4","悲伤","5","否","已作答","100.00","75.00","90.00","3.15","47.04","4"
"ZJ20260816B8EC7ADE","2026-08-16 11:45:38","61.23","4","ITEM-00149","60","视频","情绪推理","单选题","2.50","自豪｜担忧｜敌意｜羡慕｜内疚｜烦躁｜抑郁｜怨恨｜快乐｜好奇","担忧","4","担忧","4","否","已作答","100.00","100.00","100.00","2.50","62.84","3"
"ZJ20260816B8EC7ADE","2026-08-16 11:45:38","61.23","5","ITEM-00101","55","视频","情绪推理","多选题","4.50","好奇｜紧张｜厌恶｜震惊｜焦虑｜尴尬｜兴趣｜嫉妒｜困惑｜羞耻","厌恶","4","尴尬｜困惑","4｜4","否","已作答","0.00","0.00","0.00","0.00","46.20","3"
"ZJ20260816B8EC7ADE","2026-08-16 11:45:38","61.23","6","ITEM-00082","72","视频","情绪识别","多选题","4.50","焦虑｜烦躁｜释然｜恐惧｜感激｜失望｜紧张｜内疚｜轻松｜尴尬","恐惧","5","焦虑｜紧张","4｜5","否","已作答","0.00","0.00","0.00","0.00","54.46","3"
"ZJ20260816B8EC7ADE","2026-08-16 11:45:38","61.23","7","ITEM-00111","31","图像","情绪识别","单选题","3.50","爱｜厌恶｜快乐｜轻松｜失望｜渴望｜紧张｜感激｜无奈｜兴奋","无奈","3","无奈","3","否","已作答","100.00","100.00","100.00","3.50","16.14","2"
"ZJ20260816B8EC7ADE","2026-08-16 11:45:38","61.23","8","ITEM-00092","66","音频","情绪识别","多选题","4.50","惊讶｜平静｜内疚｜悲伤｜共情痛苦｜敌意｜抑郁｜困惑｜渴望｜痛苦","共情痛苦｜内疚","4｜5","内疚｜痛苦｜悲伤","5｜5｜5","否","已作答","40.00","33.33","37.33","1.68","50.14","5"
"ZJ20260816B8EC7ADE","2026-08-16 11:45:38","61.23","9","ITEM-00146","118","文本","情绪识别","多选题","4.50","愉悦｜自豪｜羞耻｜失望｜惊喜｜渴望｜平静｜抑郁｜敌意｜烦躁","烦躁｜失望","4｜4","烦躁｜失望","4｜4","否","已作答","100.00","100.00","100.00","4.50","53.71","8"
"ZJ20260816B8EC7ADE","2026-08-16 11:45:38","61.23","10","ITEM-00010","63","文本","情绪识别","多选题","4.50","焦虑｜惊喜｜兴奋｜共情痛苦｜恐惧｜嫉妒｜愤怒｜悲伤｜感激｜厌恶","兴奋｜惊喜","4｜5","惊喜｜兴奋","4｜4","否","已作答","100.00","87.50","95.00","4.28","14.51","5"
"ZJ20260816B8EC7ADE","2026-08-16 11:45:38","61.23","11","ITEM-00050","92","图像","情绪识别","多选题","4.50","怨恨｜崇拜｜爱｜羡慕｜平静｜惊喜｜痛苦｜敌意｜自豪｜释然","怨恨｜痛苦｜敌意","5｜4｜3","敌意｜怨恨","5｜5","否","已作答","80.00","75.00","78.00","3.51","10.96","6"
"ZJ20260816B8EC7ADE","2026-08-16 11:45:38","61.23","12","ITEM-00123","8","音频","情绪识别","单选题","3.50","愉悦｜希望｜绝望｜快乐｜释然｜敌意｜怨恨｜轻松｜焦虑｜羞耻","绝望","4","绝望","4","是","已作答","100.00","100.00","100.00","3.50","17.14","3"
"ZJ20260816B8EC7ADE","2026-08-16 11:45:38","61.23","13","ITEM-00071","91","图像","情绪识别","多选题","4.50","遗憾｜愁闷｜平静｜厌倦｜失望｜委屈｜怀旧｜震惊｜尴尬｜崇拜","遗憾","4","失望｜震惊","5｜5","否","已作答","0.00","0.00","0.00","0.00","7.19","3"
"ZJ20260816B8EC7ADE","2026-08-16 11:45:38","61.23","14","ITEM-00104","23","文本","情绪推理","单选题","3.50","悲伤｜兴趣｜共情痛苦｜兴奋｜恐惧｜惊喜｜厌恶｜嫉妒｜愤怒｜自满","兴奋","5","兴奋","5","否","已作答","100.00","100.00","100.00","3.50","11.04","6"
"ZJ20260816B8EC7ADE","2026-08-16 11:45:38","61.23","15","ITEM-00102","57","视频","情绪推理","多选题","4.50","担忧｜崇拜｜痛苦｜共情痛苦｜爱｜好奇｜渴望｜困惑｜烦躁｜愤怒","愤怒｜困惑","5｜3","愤怒｜烦躁","5｜5","否","已作答","50.00","50.00","50.00","2.25","70.39","5"
"ZJ20260816B8EC7ADE","2026-08-16 11:45:38","61.23","16","ITEM-00137","69","音频","情绪识别","多选题","4.50","蔑视｜悲伤｜抑郁｜愤怒｜委屈｜愁闷｜绝望｜恐惧｜焦虑｜轻视","委屈｜蔑视｜轻视","4｜3｜4","愤怒｜轻视","4｜4","是","已作答","40.00","50.00","44.00","1.98","29.16","6"
"ZJ20260816B8EC7ADE","2026-08-16 11:45:38","61.23","17","ITEM-00084","78","音频","情绪推理","多选题","4.50","爱｜满足｜希望｜释然｜怨恨｜厌倦｜羞耻｜厌恶｜烦躁｜愁闷","厌恶｜烦躁","4｜5","羞耻｜烦躁","4｜5","否","已作答","50.00","50.00","50.00","2.25","24.79","6"
"ZJ20260816B8EC7ADE","2026-08-16 11:45:38","61.23","18","ITEM-00045","2","音频","情绪识别","单选题","3.50","惊喜｜审美欣赏｜爱｜羡慕｜平静｜紧张｜自豪｜愉悦｜遗憾｜痛苦","紧张","4","紧张","3","否","已作答","100.00","75.00","90.00","3.15","48.92","4"
"ZJ20260816B8EC7ADE","2026-08-16 11:45:38","61.23","19","ITEM-00139","37","图像","情绪推理","多选题","4.50","渴望｜绝望｜焦虑｜困惑｜敬畏｜紧张｜好奇｜共情痛苦｜羡慕｜兴奋","兴奋","4","焦虑｜敬畏","3｜4","否","已作答","0.00","0.00","0.00","0.00","20.62","3"
"ZJ20260816B8EC7ADE","2026-08-16 11:45:38","61.23","20","ITEM-00114","38","图像","情绪识别","单选题","3.50","感动｜平静｜遗憾｜愉悦｜爱｜愤怒｜不屑｜满足｜怀旧｜崇拜","遗憾","4","遗憾","4","否","已作答","100.00","100.00","100.00","3.50","12.57","3"
"ZJ20260816B8EC7ADE","2026-08-16 11:45:38","61.23","21","ITEM-00089","84","视频","情绪识别","多选题","4.50","同情｜愤怒｜爱｜烦躁｜悲伤｜好奇｜快乐｜担忧｜困惑｜厌恶","同情｜悲伤","4｜5","担忧｜同情｜悲伤","5｜4｜5","否","已作答","80.00","66.67","74.67","3.36","65.92","5"
"ZJ20260816B8EC7ADE","2026-08-16 11:45:38","61.23","22","ITEM-00095","59","文本","情绪识别","多选题","4.50","震惊｜遗憾｜痛苦｜希望｜愁闷｜冷静｜爱｜绝望｜内疚｜好奇","遗憾｜痛苦｜内疚","4｜3｜5","内疚｜痛苦","5｜5","否","已作答","80.00","75.00","78.00","3.51","23.10","6"
"ZJ20260816B8EC7ADE","2026-08-16 11:45:38","61.23","23","ITEM-00074","121","文本","情绪识别","单选题","3.50","担忧｜满足｜痛苦｜自豪｜渴望｜愤怒｜希望｜不屑｜怨恨｜羞耻","自豪","4","自豪","5","否","已作答","100.00","75.00","90.00","3.15","12.66","3"
"ZJ20260816B8EC7ADE","2026-08-16 11:45:38","61.23","24","ITEM-00141","67","文本","情绪推理","多选题","4.50","委屈｜担忧｜尴尬｜渴望｜自满｜愤怒｜惊讶｜平静｜轻松｜好奇","尴尬｜愤怒","3｜4","愤怒｜惊讶","4｜3","否","已作答","50.00","50.00","50.00","2.25","50.96","10"
"ZJ202608165738A5E3","2026-08-16 11:45:26","52.66","1","ITEM-00114","38","图像","情绪识别","单选题","3.50","震惊｜希望｜羡慕｜厌恶｜遗憾｜平静｜困惑｜失望｜痛苦｜委屈","困惑","4","遗憾","4","否","已作答","0.00","0.00","0.00","0.00","41.38","4"
"ZJ202608165738A5E3","2026-08-16 11:45:26","52.66","2","ITEM-00100","10","视频","情绪推理","多选题","4.50","得意｜崇拜｜痛苦｜敌意｜不屑｜渴望｜愤怒｜好奇｜绝望｜困惑","不屑｜得意","4｜3","不屑｜得意","4｜4","否","已作答","100.00","87.50","95.00","4.28","78.22","4"
"ZJ202608165738A5E3","2026-08-16 11:45:26","52.66","3","ITEM-00004","62","视频","情绪推理","单选题","3.50","不屑｜厌倦｜悲伤｜绝望｜希望｜尴尬｜快乐｜愁闷｜冷静｜满足","冷静","5","尴尬","3","否","已作答","0.00","0.00","0.00","0.00","46.77","5"
"ZJ202608165738A5E3","2026-08-16 11:45:26","52.66","4","ITEM-00143","71","文本","情绪推理","单选题","3.50","平静｜遗憾｜羡慕｜感动｜轻松｜冷静｜委屈｜抑郁｜尴尬｜不屑","平静","5","不屑","3","否","已作答","0.00","0.00","0.00","0.00","47.66","9"
"ZJ202608165738A5E3","2026-08-16 11:45:26","52.66","5","ITEM-00076","78","音频","情绪识别","多选题","4.50","释然｜烦躁｜羞耻｜焦虑｜平静｜自满｜恐惧｜感激｜困惑｜尴尬","困惑｜烦躁","4｜3","羞耻｜烦躁","4｜5","否","已作答","50.00","25.00","40.00","1.80","38.01","4"
"ZJ202608165738A5E3","2026-08-16 11:45:26","52.66","6","ITEM-00091","59","音频","情绪识别","多选题","4.50","渴望｜羞耻｜蔑视｜审美欣赏｜厌恶｜烦躁｜紧张｜痛苦｜敌意｜内疚","痛苦｜内疚","5｜4","内疚｜痛苦","5｜5","否","已作答","100.00","87.50","95.00","4.28","34.73","7"
"ZJ202608165738A5E3","2026-08-16 11:45:26","52.66","7","ITEM-00016","9","视频","情绪识别","单选题","3.50","羡慕｜厌倦｜恐惧｜怀旧｜不屑｜羞耻｜渴望｜抑郁｜满足｜失望","不屑","5","不屑","4","否","已作答","100.00","75.00","90.00","3.15","22.72","4"
"ZJ202608165738A5E3","2026-08-16 11:45:26","52.66","8","ITEM-00075","108","图像","情绪识别","多选题","4.50","蔑视｜崇拜｜震惊｜愤怒｜绝望｜冷静｜烦躁｜尴尬｜厌倦｜遗憾","震惊","5","震惊｜愤怒","5｜5","否","已作答","66.67","50.00","60.00","2.70","11.19","3"
"ZJ202608165738A5E3","2026-08-16 11:45:26","52.66","9","ITEM-00080","65","视频","情绪推理","多选题","4.50","遗憾｜希望｜崇拜｜怀旧｜愤怒｜敌意｜悲伤｜愉悦｜羞耻｜感动","遗憾｜悲伤","5｜3","怀旧｜感动｜愉悦｜遗憾","5｜3｜3｜5","否","已作答","33.33","25.00","30.00","1.35","37.70","4"
"ZJ202608165738A5E3","2026-08-16 11:45:26","52.66","10","ITEM-00135","68","文本","情绪识别","多选题","4.50","不屑｜释然｜紧张｜惊吓｜爱｜好奇｜愤怒｜悲伤｜震惊｜轻松","惊吓｜愤怒","4｜5","不屑｜惊吓","5｜4","否","已作答","50.00","50.00","50.00","2.25","27.86","5"
"ZJ202608165738A5E3","2026-08-16 11:45:26","52.66","11","ITEM-00048","2","音频","情绪识别","单选题","3.50","愤怒｜敌意｜困惑｜厌倦｜羡慕｜崇拜｜感激｜失望｜厌恶｜嫉妒","愤怒","5","愤怒","5","否","已作答","100.00","100.00","100.00","3.50","30.97","3"
"ZJ202608165738A5E3","2026-08-16 11:45:26","52.66","12","ITEM-00064","111","图像","情绪识别","多选题","4.50","不屑｜烦躁｜释然｜审美欣赏｜好奇｜爱｜愉悦｜痛苦｜绝望｜担忧","审美欣赏｜愉悦","4｜5","释然｜愉悦","3｜5","否","已作答","50.00","50.00","50.00","2.25","12.54","5"
"ZJ202608165738A5E3","2026-08-16 11:45:26","52.66","13","ITEM-00049","17","音频","情绪识别","单选题","3.50","满足｜冷静｜自豪｜委屈｜希望｜愉悦｜敌意｜释然｜爱｜好奇","冷静","5","敌意","4","否","已作答","0.00","0.00","0.00","0.00","72.55","5"
"ZJ202608165738A5E3","2026-08-16 11:45:26","52.66","14","ITEM-00042","61","视频","情绪识别","多选题","4.50","困惑｜怨恨｜悲伤｜渴望｜愁闷｜爱｜委屈｜自豪｜焦虑｜内疚","困惑｜悲伤｜委屈","5｜5｜5","委屈｜悲伤","3｜3","是","已作答","80.00","50.00","68.00","3.06","33.23","7"
"ZJ202608165738A5E3","2026-08-16 11:45:26","52.66","15","ITEM-00062","23","文本","情绪识别","单选题","3.50","愁闷｜审美欣赏｜绝望｜怨恨｜自满｜惊喜｜释然｜痛苦｜失望｜渴望","惊喜","5","惊喜","5","否","已作答","100.00","100.00","100.00","3.50","31.31","3"
"ZJ202608165738A5E3","2026-08-16 11:45:26","52.66","16","ITEM-00138","22","音频","情绪推理","多选题","4.50","感激｜绝望｜自豪｜不屑｜惊喜｜希望｜轻松｜震惊｜兴趣｜可惜","不屑","5","不屑｜可惜","4｜3","否","已作答","66.67","37.50","55.00","2.47","49.83","3"
"ZJ202608165738A5E3","2026-08-16 11:45:26","52.66","17","ITEM-00086","79","音频","情绪推理","多选题","4.50","快乐｜审美欣赏｜轻松｜愁闷｜满足｜嫉妒｜烦躁｜失望｜厌倦｜平静","烦躁","5","烦躁｜厌倦","4｜4","否","已作答","66.67","37.50","55.00","2.47","26.08","3"
"ZJ202608165738A5E3","2026-08-16 11:45:26","52.66","18","ITEM-00140","63","文本","情绪推理","多选题","4.50","快乐｜怀旧｜尴尬｜感激｜敌意｜惊喜｜自满｜兴奋｜希望｜愤怒","惊喜","5","惊喜｜兴奋","4｜4","否","已作答","66.67","37.50","55.00","2.47","31.92","3"
"ZJ202608165738A5E3","2026-08-16 11:45:26","52.66","19","ITEM-00058","102","图像","情绪识别","多选题","4.50","自满｜感动｜怀旧｜愉悦｜渴望｜敌意｜兴趣｜满足｜委屈｜紧张","怀旧","4","感动｜愉悦","4｜4","否","已作答","0.00","0.00","0.00","0.00","13.80","3"
"ZJ202608165738A5E3","2026-08-16 11:45:26","52.66","20","ITEM-00078","89","图像","情绪推理","多选题","4.50","敌意｜内疚｜焦虑｜抑郁｜厌恶｜烦躁｜惊喜｜悲伤｜恐惧｜嫉妒","悲伤","5","内疚｜悲伤","4｜3","否","已作答","66.67","25.00","50.00","2.25","14.62","4"
"ZJ202608165738A5E3","2026-08-16 11:45:26","52.66","21","ITEM-00097","82","文本","情绪识别","多选题","4.50","愁闷｜担忧｜愤怒｜厌恶｜快乐｜愉悦｜轻松｜惊讶｜厌倦｜遗憾","轻松｜愉悦","5｜3","轻松｜快乐","4｜4","是","已作答","50.00","37.50","45.00","2.02","31.29","4"
"ZJ202608165738A5E3","2026-08-16 11:45:26","52.66","22","ITEM-00088","81","视频","情绪识别","多选题","4.50","震惊｜平静｜惊喜｜审美欣赏｜不屑｜爱｜怀旧｜快乐｜惊讶｜兴奋","惊喜｜快乐｜兴奋","5｜3｜4","快乐｜惊喜｜兴奋｜爱","5｜5｜5｜5","否","已作答","85.71","56.25","73.93","3.33","31.95","8"
"ZJ202608165738A5E3","2026-08-16 11:45:26","52.66","23","ITEM-00096","74","文本","情绪识别","多选题","4.50","敌意｜轻松｜烦躁｜爱｜释然｜审美欣赏｜好奇｜恐惧｜愉悦｜自满","愉悦｜轻松","4｜3","审美欣赏｜愉悦","5｜5","否","已作答","50.00","37.50","45.00","2.02","13.93","4"
"ZJ202608165738A5E3","2026-08-16 11:45:26","52.66","24","ITEM-00051","93","图像","情绪识别","单选题","3.50","恐惧｜感激｜冷静｜悲伤｜困惑｜失望｜羡慕｜不屑｜愁闷｜委屈","悲伤","4","悲伤","4","是","已作答","100.00","100.00","100.00","3.50","20.63","5"
"ZJ202608168CDD1814","2026-08-16 11:45:20","46.36","1","ITEM-00084","78","音频","情绪推理","多选题","4.50","愤怒｜痛苦｜审美欣赏｜平静｜兴趣｜遗憾｜惊讶｜羞耻｜厌恶｜烦躁","愤怒｜烦躁","4｜4","羞耻｜烦躁","4｜5","否","已作答","50.00","37.50","45.00","2.02","70.10","5"
"ZJ202608168CDD1814","2026-08-16 11:45:20","46.36","2","ITEM-00108","59","音频","情绪推理","多选题","4.50","烦躁｜怨恨｜惊讶｜抑郁｜担忧｜愉悦｜恐惧｜惊喜｜痛苦｜满足","怨恨｜抑郁｜痛苦","3｜4｜4","痛苦｜抑郁","4｜4","否","已作答","80.00","100.00","88.00","3.96","91.47","8"
"ZJ202608168CDD1814","2026-08-16 11:45:20","46.36","3","ITEM-00045","2","音频","情绪识别","单选题","3.50","自豪｜愁闷｜紧张｜怨恨｜崇拜｜满足｜恐惧｜困惑｜羞耻｜怀旧","怨恨","5","紧张","3","否","已作答","0.00","0.00","0.00","0.00","110.28","4"
"ZJ202608168CDD1814","2026-08-16 11:45:20","46.36","4","ITEM-00125","85","视频","情绪识别","多选题","4.50","感激｜焦虑｜平静｜烦躁｜厌恶｜不屑｜自满｜厌倦｜愉悦｜好奇","感激｜愉悦｜不屑｜厌恶","5｜3｜4｜5","感激｜愉悦｜不屑","5｜5｜3","否","已作答","85.71","75.00","81.43","3.66","124.91","9"
"ZJ202608168CDD1814","2026-08-16 11:45:20","46.36","5","ITEM-00143","71","文本","情绪推理","单选题","3.50","惊喜｜审美欣赏｜不屑｜爱｜震惊｜焦虑｜冷静｜感动｜嫉妒｜敌意","不屑","5","不屑","3","未填写","已作答","100.00","50.00","80.00","2.80","224.53","5"
"ZJ202608168CDD1814","2026-08-16 11:45:20","46.36","6","ITEM-00117","47","图像","情绪识别","单选题","3.50","委屈｜失望｜共情痛苦｜愉悦｜嫉妒｜焦虑｜快乐｜感激｜怀旧｜释然","委屈","4","焦虑","4","否","已作答","0.00","0.00","0.00","0.00","52.20","3"
"ZJ202608168CDD1814","2026-08-16 11:45:20","46.36","7","ITEM-00061","109","图像","情绪识别","多选题","4.50","感激｜愉悦｜共情痛苦｜遗憾｜焦虑｜兴趣｜羡慕｜快乐｜嫉妒｜痛苦","愉悦｜快乐","5｜5","快乐｜愉悦","4｜4","否","已作答","100.00","75.00","90.00","4.05","93.58","7"
"ZJ202608168CDD1814","2026-08-16 11:45:20","46.36","8","ITEM-00150","86","视频","情绪推理","多选题","4.50","失望｜尴尬｜自满｜平静｜感激｜敌意｜快乐｜抑郁｜崇拜｜满足","快乐｜满足","5｜4","满足｜快乐","4｜3","否","已作答","100.00","75.00","90.00","4.05","42.71","5"
"ZJ202608168CDD1814","2026-08-16 11:45:20","46.36","9","ITEM-00140","63","文本","情绪推理","多选题","4.50","好奇｜愁闷｜失望｜痛苦｜感激｜惊喜｜烦躁｜爱｜兴奋｜冷静","兴奋｜惊喜","3｜4","惊喜｜兴奋","4｜4","否","已作答","100.00","87.50","95.00","4.28","89.37","7"
"ZJ202608168CDD1814","2026-08-16 11:45:20","46.36","10","ITEM-00106","77","视频","情绪推理","单选题","3.50","绝望｜快乐｜愁闷｜失望｜蔑视｜尴尬｜爱｜自豪｜羡慕｜烦躁","爱","5","快乐","5","是","已作答","0.00","0.00","0.00","0.00","39.63","5"
"ZJ202608168CDD1814","2026-08-16 11:45:20","46.36","11","ITEM-00038","51","文本","情绪识别","单选题","3.50","不屑｜内疚｜羡慕｜惊讶｜快乐｜释然｜愤怒｜自满｜惊喜｜审美欣赏","自满","4","自满","3","否","已作答","100.00","75.00","90.00","3.15","31.28","3"
"ZJ202608168CDD1814","2026-08-16 11:45:20","46.36","12","ITEM-00146","118","文本","情绪识别","多选题","4.50","委屈｜平静｜冷静｜烦躁｜失望｜焦虑｜轻松｜感激｜审美欣赏｜羡慕","委屈｜失望｜烦躁","3｜5｜4","烦躁｜失望","4｜4","否","已作答","80.00","87.50","83.00","3.73","56.02","9"
"ZJ202608168CDD1814","2026-08-16 11:45:20","46.36","13","ITEM-00083","73","视频","情绪识别","多选题","4.50","焦虑｜释然｜不屑｜委屈｜绝望｜担忧｜羞耻｜爱｜希望｜怀旧","爱｜希望｜怀旧","4｜4｜4","爱｜释然","5｜5","否","已作答","40.00","37.50","39.00","1.75","76.35","7"
"ZJ202608168CDD1814","2026-08-16 11:45:20","46.36","14","ITEM-00119","49","图像","情绪识别","单选题","3.50","怨恨｜厌倦｜平静｜羞耻｜崇拜｜困惑｜自豪｜蔑视｜审美欣赏｜希望","蔑视","3","厌倦","3","否","已作答","0.00","0.00","0.00","0.00","16.25","2"
"ZJ202608168CDD1814","2026-08-16 11:45:20","46.36","15","ITEM-00078","89","图像","情绪推理","多选题","4.50","崇拜｜轻松｜内疚｜厌倦｜悲伤｜爱｜平静｜担忧｜紧张｜烦躁","悲伤｜担忧｜紧张","3｜3｜4","内疚｜悲伤","4｜3","否","已作答","40.00","50.00","44.00","1.98","37.05","11"
"ZJ202608168CDD1814","2026-08-16 11:45:20","46.36","16","ITEM-00134","67","文本","情绪识别","多选题","4.50","敌意｜蔑视｜不屑｜紧张｜希望｜尴尬｜渴望｜震惊｜内疚｜愉悦","敌意｜蔑视｜不屑","5｜4｜5","不屑｜敌意","5｜3","否","已作答","80.00","75.00","78.00","3.51","40.80","9"
"ZJ202608168CDD1814","2026-08-16 11:45:20","46.36","17","ITEM-00047","90","图像","情绪识别","多选题","4.50","冷静｜嫉妒｜愉悦｜惊喜｜内疚｜羡慕｜遗憾｜恐惧｜平静｜快乐","愉悦｜快乐","5｜5","惊喜｜快乐｜愉悦","5｜5｜5","否","已作答","80.00","66.67","74.67","3.36","18.08","9"
"ZJ202608168CDD1814","2026-08-16 11:45:20","46.36","18","ITEM-00145","69","音频","情绪识别","多选题","4.50","遗憾｜崇拜｜轻松｜震惊｜羞耻｜悲伤｜愤怒｜紧张｜自豪｜厌恶","轻松","3","愤怒｜震惊","4｜3","否","已作答","0.00","0.00","0.00","0.00","66.09","4"
"ZJ202608168CDD1814","2026-08-16 11:45:20","46.36","19","ITEM-00057","23","音频","情绪识别","单选题","3.50","焦虑｜不屑｜怀旧｜渴望｜嫉妒｜惊喜｜愤怒｜快乐｜恐惧｜惊讶","惊讶","4","惊喜","5","否","已作答","0.00","0.00","0.00","0.00","30.39","3"
"ZJ202608168CDD1814","2026-08-16 11:45:20","46.36","20","ITEM-00097","82","文本","情绪识别","多选题","4.50","悲伤｜愁闷｜感激｜焦虑｜快乐｜怨恨｜羞耻｜轻松｜震惊｜崇拜","轻松","4","轻松｜快乐","4｜4","否","已作答","66.67","50.00","60.00","2.70","87.49","4"
"ZJ202608168CDD1814","2026-08-16 11:45:20","46.36","21","ITEM-00094","88","音频","情绪识别","多选题","4.50","渴望｜尴尬｜兴趣｜共情痛苦｜厌恶｜蔑视｜失望｜绝望｜烦躁｜希望","尴尬","3","渴望｜兴趣","4｜5","否","已作答","0.00","0.00","0.00","0.00","63.51","2"
"ZJ202608168CDD1814","2026-08-16 11:45:20","46.36","22","ITEM-00129","103","图像","情绪识别","多选题","4.50","冷静｜不屑｜羞耻｜崇拜｜委屈｜敌意｜希望｜愉悦｜审美欣赏｜渴望","冷静","4","不屑｜敌意","5｜3","否","已作答","0.00","0.00","0.00","0.00","44.85","3"
"ZJ202608168CDD1814","2026-08-16 11:45:20","46.36","23","ITEM-00080","65","视频","情绪推理","多选题","4.50","释然｜悲伤｜感动｜愉悦｜抑郁｜嫉妒｜好奇｜遗憾｜怀旧｜希望","释然｜愉悦","4｜3","怀旧｜感动｜愉悦｜遗憾","5｜3｜3｜5","否","已作答","33.33","25.00","30.00","1.35","66.27","10"
"ZJ202608168CDD1814","2026-08-16 11:45:20","46.36","24","ITEM-00022","16","视频","情绪识别","单选题","3.50","感动｜恐惧｜愁闷｜震惊｜困惑｜焦虑｜快乐｜羡慕｜冷静｜爱","恐惧","4","震惊","5","否","已作答","0.00","0.00","0.00","0.00","66.60","5"
"ZJ2026081676E36766","2026-08-16 11:45:15","38.13","1","ITEM-00141","67","文本","情绪推理","多选题","4.50","不屑｜愤怒｜审美欣赏｜兴趣｜悲伤｜厌倦｜感动｜惊讶｜烦躁｜紧张","审美欣赏｜惊讶","3｜4","愤怒｜惊讶","4｜3","否","已作答","50.00","37.50","45.00","2.02","13.28","4"
"ZJ2026081676E36766","2026-08-16 11:45:15","38.13","2","ITEM-00065","112","图像","情绪识别","多选题","4.50","感动｜痛苦｜审美欣赏｜尴尬｜感激｜愉悦｜遗憾｜悲伤｜满足｜释然","悲伤｜遗憾","3｜4","悲伤｜遗憾｜感动｜释然","3｜4｜4｜4","否","已作答","66.67","50.00","60.00","2.70","7.26","5"
"ZJ2026081676E36766","2026-08-16 11:45:15","38.13","3","ITEM-00123","8","音频","情绪识别","单选题","3.50","渴望｜紧张｜震惊｜兴趣｜绝望｜恐惧｜痛苦｜羡慕｜遗憾｜崇拜","痛苦","3","绝望","4","未填写","已作答","0.00","0.00","0.00","0.00","5.74","3"
"ZJ2026081676E36766","2026-08-16 11:45:15","38.13","4","ITEM-00095","59","文本","情绪识别","多选题","4.50","绝望｜释然｜满足｜内疚｜厌倦｜轻松｜痛苦｜担忧｜羞耻｜平静","厌倦｜痛苦","3｜4","内疚｜痛苦","5｜5","未填写","已作答","50.00","37.50","45.00","2.02","6.75","3"
"ZJ2026081676E36766","2026-08-16 11:45:15","38.13","5","ITEM-00067","114","图像","情绪识别","单选题","3.50","羡慕｜悲伤｜绝望｜平静｜兴趣｜兴奋｜释然｜震惊｜蔑视｜惊喜","兴奋","3","震惊","4","未填写","已作答","0.00","0.00","0.00","0.00","4.71","3"
"ZJ2026081676E36766","2026-08-16 11:45:15","38.13","6","ITEM-00107","81","视频","情绪推理","多选题","4.50","失望｜感动｜爱｜愉悦｜快乐｜愤怒｜厌恶｜好奇｜感激｜满足","好奇｜厌恶","3｜4","快乐｜满足｜感动","5｜5｜5","未填写","已作答","0.00","0.00","0.00","0.00","3.85","3"
"ZJ2026081676E36766","2026-08-16 11:45:15","38.13","7","ITEM-00142","68","文本","情绪推理","单选题","3.50","恐惧｜羞耻｜审美欣赏｜敌意｜厌倦｜痛苦｜兴趣｜怀旧｜自豪｜冷静","兴趣","4","敌意","4","未填写","已作答","0.00","0.00","0.00","0.00","2.94","2"
"ZJ2026081676E36766","2026-08-16 11:45:15","38.13","8","ITEM-00081","58","视频","情绪识别","多选题","4.50","绝望｜愤怒｜审美欣赏｜失望｜蔑视｜遗憾｜内疚｜轻松｜怀旧｜怨恨","遗憾｜怀旧","3｜4","审美欣赏｜怀旧","5｜3","未填写","已作答","50.00","37.50","45.00","2.02","4.84","3"
"ZJ2026081676E36766","2026-08-16 11:45:15","38.13","9","ITEM-00006","28","图像","情绪识别","单选题","3.50","希望｜恐惧｜厌恶｜快乐｜蔑视｜烦躁｜紧张｜好奇｜委屈｜怨恨","紧张","5","紧张","3","未填写","已作答","100.00","50.00","80.00","2.80","13.68","4"
"ZJ2026081676E36766","2026-08-16 11:45:15","38.13","10","ITEM-00079","61","视频","情绪推理","多选题","4.50","委屈｜冷静｜愁闷｜厌恶｜抑郁｜悲伤｜敌意｜释然｜自满｜惊喜","委屈","4","委屈｜悲伤","3｜3","未填写","已作答","66.67","37.50","55.00","2.47","10.09","2"
"ZJ2026081676E36766","2026-08-16 11:45:15","38.13","11","ITEM-00145","69","音频","情绪识别","多选题","4.50","感激｜困惑｜崇拜｜共情痛苦｜愤怒｜震惊｜厌倦｜绝望｜敌意｜担忧","绝望｜厌倦","3｜4","愤怒｜震惊","4｜3","否","已作答","0.00","0.00","0.00","0.00","14.15","4"
"ZJ2026081676E36766","2026-08-16 11:45:15","38.13","12","ITEM-00025","60","视频","情绪识别","单选题","3.50","希望｜委屈｜自满｜羡慕｜渴望｜羞耻｜痛苦｜怀旧｜愉悦｜失望","怀旧","3","痛苦","3","否","已作答","0.00","0.00","0.00","0.00","11.54","6"
"ZJ2026081676E36766","2026-08-16 11:45:15","38.13","13","ITEM-00105","2","音频","情绪推理","多选题","4.50","愤怒｜内疚｜失望｜冷静｜遗憾｜紧张｜焦虑｜嫉妒｜厌倦｜抑郁","内疚｜冷静｜遗憾","3｜4｜4","焦虑｜紧张｜内疚","4｜5｜4","未填写","已作答","33.33","25.00","30.00","1.35","4.31","5"
"ZJ2026081676E36766","2026-08-16 11:45:15","38.13","14","ITEM-00086","79","音频","情绪推理","多选题","4.50","怀旧｜不屑｜厌倦｜困惑｜渴望｜愉悦｜共情痛苦｜烦躁｜震惊｜审美欣赏","不屑","3","烦躁｜厌倦","4｜4","否","已作答","0.00","0.00","0.00","0.00","8.71","2"
"ZJ2026081676E36766","2026-08-16 11:45:15","38.13","15","ITEM-00078","89","图像","情绪推理","多选题","4.50","紧张｜困惑｜内疚｜抑郁｜惊讶｜爱｜厌倦｜悲伤｜敌意｜自豪","内疚｜悲伤","4｜5","内疚｜悲伤","4｜3","未填写","已作答","100.00","75.00","90.00","4.05","12.33","7"
"ZJ2026081676E36766","2026-08-16 11:45:15","38.13","16","ITEM-00050","92","图像","情绪识别","多选题","4.50","痛苦｜感动｜愤怒｜厌倦｜释然｜敌意｜失望｜怨恨｜内疚｜崇拜","痛苦｜愤怒｜敌意｜怨恨","5｜4｜5｜4","敌意｜怨恨","5｜5","未填写","已作答","66.67","87.50","75.00","3.38","13.06","10"
"ZJ2026081676E36766","2026-08-16 11:45:15","38.13","17","ITEM-00089","84","视频","情绪识别","多选题","4.50","恐惧｜羞耻｜感激｜同情｜兴奋｜惊讶｜担忧｜轻松｜怀旧｜悲伤","担忧｜悲伤","3｜4","担忧｜同情｜悲伤","5｜4｜5","未填写","已作答","80.00","41.67","64.67","2.91","17.23","3"
"ZJ2026081676E36766","2026-08-16 11:45:15","38.13","18","ITEM-00097","82","文本","情绪识别","多选题","4.50","遗憾｜自满｜轻松｜共情痛苦｜冷静｜痛苦｜审美欣赏｜愁闷｜羞耻｜快乐","冷静｜审美欣赏｜遗憾｜轻松","3｜4｜5｜4","轻松｜快乐","4｜4","否","已作答","33.33","50.00","40.00","1.80","11.46","8"
"ZJ2026081676E36766","2026-08-16 11:45:15","38.13","19","ITEM-00049","17","音频","情绪识别","单选题","3.50","崇拜｜烦躁｜感激｜怨恨｜希望｜敌意｜恐惧｜快乐｜平静｜满足","敌意","4","敌意","4","未填写","已作答","100.00","100.00","100.00","3.50","11.62","5"
"ZJ2026081676E36766","2026-08-16 11:45:15","38.13","20","ITEM-00133","99","图像","情绪识别","多选题","4.50","焦虑｜震惊｜平静｜内疚｜绝望｜兴奋｜崇拜｜痛苦｜爱｜期待","平静｜兴奋｜爱｜期待","4｜5｜5｜4","平静｜期待","4｜4","未填写","已作答","66.67","100.00","80.00","3.60","11.26","8"
"ZJ2026081676E36766","2026-08-16 11:45:15","38.13","21","ITEM-00004","62","视频","情绪推理","单选题","3.50","尴尬｜羡慕｜愉悦｜内疚｜审美欣赏｜嫉妒｜感动｜厌恶｜感激｜蔑视","审美欣赏","5","尴尬","3","未填写","已作答","0.00","0.00","0.00","0.00","15.89","3"
"ZJ2026081676E36766","2026-08-16 11:45:15","38.13","22","ITEM-00062","23","文本","情绪识别","单选题","3.50","审美欣赏｜兴奋｜希望｜困惑｜蔑视｜怨恨｜羡慕｜惊喜｜怀旧｜愉悦","惊喜","5","惊喜","5","否","已作答","100.00","100.00","100.00","3.50","11.91","6"
"ZJ2026081676E36766","2026-08-16 11:45:15","38.13","23","ITEM-00010","63","文本","情绪识别","多选题","4.50","愤怒｜怀旧｜爱｜内疚｜渴望｜羞耻｜审美欣赏｜惊喜｜兴奋｜担忧","内疚｜渴望","3｜5","惊喜｜兴奋","4｜4","未填写","已作答","0.00","0.00","0.00","0.00","5.91","3"
"ZJ2026081676E36766","2026-08-16 11:45:15","38.13","24","ITEM-00076","78","音频","情绪识别","多选题","4.50","烦躁｜满足｜共情痛苦｜自豪｜震惊｜好奇｜羞耻｜绝望｜悲伤｜愁闷","震惊｜绝望｜共情痛苦｜悲伤","5｜4｜4｜3","羞耻｜烦躁","4｜5","否","已作答","0.00","0.00","0.00","0.00","30.96","13"
"ZJ20260816A4621F1C","2026-08-16 11:44:19","57.63","1","ITEM-00096","74","文本","情绪识别","多选题","4.50","尴尬｜怀旧｜平静｜审美欣赏｜希望｜担忧｜愉悦｜冷静｜羞耻｜惊喜","怀旧｜平静｜愉悦｜希望｜审美欣赏","2｜3｜4｜3｜3","审美欣赏｜愉悦","5｜5","否","已作答","57.14","62.50","59.29","2.67","70.81","16"
"ZJ20260816A4621F1C","2026-08-16 11:44:19","57.63","2","ITEM-00105","2","音频","情绪推理","多选题","4.50","内疚｜紧张｜怨恨｜羞耻｜焦虑｜厌倦｜自豪｜痛苦｜尴尬｜满足","怨恨｜焦虑｜痛苦｜紧张｜厌倦","4｜4｜4｜3｜3","焦虑｜紧张｜内疚","4｜5｜4","否","已作答","50.00","50.00","50.00","2.25","57.47","9"
"ZJ20260816A4621F1C","2026-08-16 11:44:19","57.63","3","ITEM-00150","86","视频","情绪推理","多选题","4.50","满足｜困惑｜感动｜快乐｜绝望｜嫉妒｜蔑视｜兴趣｜恐惧｜不屑","满足｜感动","5｜3","满足｜快乐","4｜3","否","已作答","50.00","37.50","45.00","2.02","58.44","7"
"ZJ20260816A4621F1C","2026-08-16 11:44:19","57.63","4","ITEM-00009","7","音频","情绪识别","单选题","3.50","快乐｜厌恶｜兴奋｜好奇｜担忧｜冷静｜震惊｜遗憾｜紧张｜希望","兴奋","4","紧张","2","否","已作答","0.00","0.00","0.00","0.00","31.06","4"
"ZJ20260816A4621F1C","2026-08-16 11:44:19","57.63","5","ITEM-00011","25","图像","情绪识别","单选题","3.50","内疚｜自满｜感激｜审美欣赏｜担忧｜渴望｜惊讶｜平静｜共情痛苦｜羡慕","担忧","4","担忧","4","否","已作答","100.00","100.00","100.00","3.50","21.05","3"
"ZJ20260816A4621F1C","2026-08-16 11:44:19","57.63","6","ITEM-00143","71","文本","情绪推理","单选题","3.50","不屑｜羞耻｜惊讶｜释然｜愁闷｜遗憾｜痛苦｜绝望｜渴望｜怨恨","痛苦","5","不屑","3","否","已作答","0.00","0.00","0.00","0.00","56.09","8"
"ZJ20260816A4621F1C","2026-08-16 11:44:19","57.63","7","ITEM-00137","69","音频","情绪识别","多选题","4.50","蔑视｜厌恶｜厌倦｜轻视｜愤怒｜审美欣赏｜释然｜好奇｜惊喜｜愉悦","厌恶｜蔑视｜轻视｜愤怒","4｜3｜5｜4","愤怒｜轻视","4｜4","否","已作答","66.67","87.50","75.00","3.38","52.33","9"
"ZJ20260816A4621F1C","2026-08-16 11:44:19","57.63","8","ITEM-00038","51","文本","情绪识别","单选题","3.50","自满｜愁闷｜渴望｜痛苦｜希望｜感激｜怨恨｜恐惧｜轻松｜嫉妒","自满","5","自满","3","否","已作答","100.00","50.00","80.00","2.80","40.77","8"
"ZJ20260816A4621F1C","2026-08-16 11:44:19","57.63","9","ITEM-00050","92","图像","情绪识别","多选题","4.50","抑郁｜释然｜怨恨｜担忧｜困惑｜爱｜厌恶｜敌意｜羞耻｜兴趣","抑郁｜怨恨｜敌意｜爱","4｜4｜4｜3","敌意｜怨恨","5｜5","否","已作答","66.67","75.00","70.00","3.15","31.89","10"
"ZJ20260816A4621F1C","2026-08-16 11:44:19","57.63","10","ITEM-00123","8","音频","情绪识别","单选题","3.50","平静｜震惊｜厌恶｜遗憾｜绝望｜轻松｜愤怒｜担忧｜崇拜｜痛苦","绝望","3","绝望","4","否","已作答","100.00","75.00","90.00","3.15","16.50","2"
"ZJ20260816A4621F1C","2026-08-16 11:44:19","57.63","11","ITEM-00101","55","视频","情绪推理","多选题","4.50","怀旧｜希望｜快乐｜惊讶｜抑郁｜震惊｜尴尬｜失望｜遗憾｜困惑","尴尬｜惊讶｜困惑","5｜2｜3","尴尬｜困惑","4｜4","是","已作答","80.00","75.00","78.00","3.51","80.96","12"
"ZJ20260816A4621F1C","2026-08-16 11:44:19","57.63","12","ITEM-00082","72","视频","情绪识别","多选题","4.50","满足｜审美欣赏｜敌意｜怀旧｜困惑｜兴奋｜自豪｜抑郁｜紧张｜焦虑","敌意｜紧张｜焦虑","5｜5｜5","焦虑｜紧张","4｜5","否","已作答","80.00","87.50","83.00","3.73","60.01","7"
"ZJ20260816A4621F1C","2026-08-16 11:44:19","57.63","13","ITEM-00129","103","图像","情绪识别","多选题","4.50","感激｜崇拜｜愤怒｜快乐｜敌意｜好奇｜满足｜轻松｜不屑｜尴尬","不屑｜敌意｜轻松","4｜4｜4","不屑｜敌意","5｜3","否","已作答","80.00","75.00","78.00","3.51","32.23","9"
"ZJ20260816A4621F1C","2026-08-16 11:44:19","57.63","14","ITEM-00095","59","文本","情绪识别","多选题","4.50","羡慕｜蔑视｜爱｜烦躁｜感动｜委屈｜内疚｜满足｜痛苦｜愉悦","内疚｜痛苦｜委屈｜爱","5｜5｜2｜4","内疚｜痛苦","5｜5","否","已作答","66.67","100.00","80.00","3.60","41.23","10"
"ZJ20260816A4621F1C","2026-08-16 11:44:19","57.63","15","ITEM-00138","22","音频","情绪推理","多选题","4.50","爱｜悲伤｜平静｜恐惧｜可惜｜自满｜遗憾｜敌意｜不屑｜尴尬","平静｜可惜｜遗憾｜悲伤","4｜2｜2｜3","不屑｜可惜","4｜3","否","已作答","33.33","37.50","35.00","1.57","73.41","13"
"ZJ20260816A4621F1C","2026-08-16 11:44:19","57.63","16","ITEM-00026","64","视频","情绪识别","单选题","3.50","蔑视｜抑郁｜悲伤｜敌意｜内疚｜自满｜感激｜感动｜失望｜紧张","抑郁","4","悲伤","5","否","已作答","0.00","0.00","0.00","0.00","27.05","5"
"ZJ20260816A4621F1C","2026-08-16 11:44:19","57.63","17","ITEM-00139","37","图像","情绪推理","多选题","4.50","渴望｜抑郁｜冷静｜嫉妒｜恐惧｜好奇｜悲伤｜焦虑｜烦躁｜敬畏","渴望｜敬畏","5｜3","焦虑｜敬畏","3｜4","否","已作答","50.00","37.50","45.00","2.02","33.70","9"
"ZJ20260816A4621F1C","2026-08-16 11:44:19","57.63","18","ITEM-00145","69","音频","情绪识别","多选题","4.50","痛苦｜嫉妒｜震惊｜愤怒｜好奇｜渴望｜焦虑｜厌倦｜怀旧｜兴奋","兴奋｜好奇｜渴望","4｜4｜3","愤怒｜震惊","4｜3","否","已作答","0.00","0.00","0.00","0.00","55.03","6"
"ZJ20260816A4621F1C","2026-08-16 11:44:19","57.63","19","ITEM-00141","67","文本","情绪推理","多选题","4.50","自满｜希望｜厌恶｜紧张｜焦虑｜厌倦｜愤怒｜困惑｜感动｜惊讶","愤怒｜厌恶｜惊讶","5｜4｜3","愤怒｜惊讶","4｜3","否","已作答","80.00","87.50","83.00","3.73","82.94","7"
"ZJ20260816A4621F1C","2026-08-16 11:44:19","57.63","20","ITEM-00007","29","图像","情绪识别","单选题","3.50","冷静｜委屈｜厌倦｜好奇｜惊讶｜不屑｜担忧｜痛苦｜共情痛苦｜惊喜","担忧","4","惊讶","3","否","已作答","0.00","0.00","0.00","0.00","42.01","11"
"ZJ20260816A4621F1C","2026-08-16 11:44:19","57.63","21","ITEM-00081","58","视频","情绪识别","多选题","4.50","怀旧｜抑郁｜内疚｜愉悦｜审美欣赏｜崇拜｜厌倦｜愁闷｜绝望｜不屑","怀旧｜抑郁｜内疚｜审美欣赏｜愁闷","4｜3｜3｜3｜3","审美欣赏｜怀旧","5｜3","否","已作答","57.14","62.50","59.29","2.67","71.81","15"
"ZJ20260816A4621F1C","2026-08-16 11:44:19","57.63","22","ITEM-00097","82","文本","情绪识别","多选题","4.50","满足｜兴趣｜蔑视｜愁闷｜自满｜爱｜平静｜轻松｜羞耻｜快乐","满足｜蔑视｜自满｜轻松｜快乐","4｜5｜5｜4｜4","轻松｜快乐","4｜4","否","已作答","57.14","100.00","74.29","3.34","40.14","11"
"ZJ20260816A4621F1C","2026-08-16 11:44:19","57.63","23","ITEM-00004","62","视频","情绪推理","单选题","3.50","快乐｜自豪｜尴尬｜蔑视｜怨恨｜遗憾｜抑郁｜感动｜审美欣赏｜羡慕","尴尬","4","尴尬","3","否","已作答","100.00","75.00","90.00","3.15","23.87","3"
"ZJ20260816A4621F1C","2026-08-16 11:44:19","57.63","24","ITEM-00055","98","图像","情绪识别","多选题","4.50","嫉妒｜愉悦｜蔑视｜兴奋｜平静｜快乐｜轻松｜崇拜｜悲伤｜兴趣","愉悦｜兴奋｜快乐｜崇拜｜轻松","5｜3｜5｜4｜4","兴奋｜轻松｜愉悦｜快乐","5｜5｜5｜5","是","已作答","88.89","81.25","85.83","3.86","33.93","16"
"ZJ20260816DB910F88","2026-08-16 11:44:11","61.34","1","ITEM-00129","103","图像","情绪识别","多选题","4.50","惊喜｜冷静｜蔑视｜焦虑｜希望｜失望｜委屈｜不屑｜兴奋｜敌意","蔑视｜不屑｜兴奋","3｜3｜3","不屑｜敌意","5｜3","否","已作答","40.00","25.00","34.00","1.53","32.43","4"
"ZJ20260816DB910F88","2026-08-16 11:44:11","61.34","2","ITEM-00079","61","视频","情绪推理","多选题","4.50","恐惧｜厌恶｜惊讶｜委屈｜感激｜蔑视｜审美欣赏｜震惊｜惊喜｜悲伤","厌恶｜委屈｜悲伤","2｜2｜2","委屈｜悲伤","3｜3","否","已作答","80.00","75.00","78.00","3.51","44.88","7"
"ZJ20260816DB910F88","2026-08-16 11:44:11","61.34","3","ITEM-00119","49","图像","情绪识别","单选题","3.50","惊讶｜不屑｜抑郁｜怀旧｜快乐｜厌倦｜满足｜兴奋｜愉悦｜羞耻","厌倦","3","厌倦","3","否","已作答","100.00","100.00","100.00","3.50","21.32","3"
"ZJ20260816DB910F88","2026-08-16 11:44:11","61.34","4","ITEM-00086","79","音频","情绪推理","多选题","4.50","恐惧｜快乐｜兴奋｜内疚｜绝望｜冷静｜厌倦｜烦躁｜愤怒｜审美欣赏","愤怒｜烦躁｜厌倦","4｜4｜4","烦躁｜厌倦","4｜4","否","已作答","80.00","100.00","88.00","3.96","32.84","7"
"ZJ20260816DB910F88","2026-08-16 11:44:11","61.34","5","ITEM-00089","84","视频","情绪识别","多选题","4.50","自满｜同情｜悲伤｜怨恨｜担忧｜尴尬｜感动｜委屈｜愤怒｜爱","同情｜悲伤","3｜3","担忧｜同情｜悲伤","5｜4｜5","否","已作答","80.00","41.67","64.67","2.91","31.10","3"
"ZJ20260816DB910F88","2026-08-16 11:44:11","61.34","6","ITEM-00102","57","视频","情绪推理","多选题","4.50","满足｜崇拜｜释然｜愤怒｜烦躁｜遗憾｜担忧｜愉悦｜焦虑｜痛苦","烦躁｜愤怒","2｜2","愤怒｜烦躁","5｜5","否","已作答","100.00","25.00","70.00","3.15","47.70","5"
"ZJ20260816DB910F88","2026-08-16 11:44:11","61.34","7","ITEM-00002","6","视频","情绪推理","单选题","3.50","惊喜｜冷静｜愁闷｜感动｜惊讶｜遗憾｜绝望｜敌意｜不屑｜自豪","愁闷","4","感动","3","否","已作答","0.00","0.00","0.00","0.00","32.42","3"
"ZJ20260816DB910F88","2026-08-16 11:44:11","61.34","8","ITEM-00045","2","音频","情绪识别","单选题","3.50","愤怒｜紧张｜烦躁｜羡慕｜崇拜｜绝望｜兴奋｜厌恶｜困惑｜遗憾","愤怒","5","紧张","3","否","已作答","0.00","0.00","0.00","0.00","119.60","3"
"ZJ20260816DB910F88","2026-08-16 11:44:11","61.34","9","ITEM-00078","89","图像","情绪推理","多选题","4.50","满足｜兴奋｜悲伤｜惊讶｜崇拜｜震惊｜痛苦｜内疚｜焦虑｜审美欣赏","悲伤","5","内疚｜悲伤","4｜3","否","已作答","66.67","25.00","50.00","2.25","35.33","3"
"ZJ20260816DB910F88","2026-08-16 11:44:11","61.34","10","ITEM-00013","27","图像","情绪识别","单选题","3.50","兴奋｜平静｜焦虑｜希望｜愤怒｜紧张｜好奇｜抑郁｜内疚｜嫉妒","愤怒","5","愤怒","5","否","已作答","100.00","100.00","100.00","3.50","6.61","3"
"ZJ20260816DB910F88","2026-08-16 11:44:11","61.34","11","ITEM-00137","69","音频","情绪识别","多选题","4.50","尴尬｜兴奋｜兴趣｜感动｜羡慕｜厌倦｜崇拜｜爱｜愤怒｜轻视","轻视｜愤怒｜厌倦","4｜4｜4","愤怒｜轻视","4｜4","否","已作答","80.00","100.00","88.00","3.96","31.88","8"
"ZJ20260816DB910F88","2026-08-16 11:44:11","61.34","12","ITEM-00110","59","文本","情绪推理","多选题","4.50","痛苦｜焦虑｜兴奋｜委屈｜爱｜抑郁｜遗憾｜震惊｜绝望｜厌恶","痛苦｜焦虑｜遗憾｜抑郁","4｜5｜4｜4","痛苦｜抑郁","4｜4","否","已作答","66.67","100.00","80.00","3.60","61.71","13"
"ZJ20260816DB910F88","2026-08-16 11:44:11","61.34","13","ITEM-00104","23","文本","情绪推理","单选题","3.50","震惊｜希望｜感激｜怨恨｜困惑｜嫉妒｜兴奋｜蔑视｜遗憾｜绝望","兴奋","5","兴奋","5","否","已作答","100.00","100.00","100.00","3.50","26.99","3"
"ZJ20260816DB910F88","2026-08-16 11:44:11","61.34","14","ITEM-00047","90","图像","情绪识别","多选题","4.50","快乐｜好奇｜羡慕｜惊喜｜敌意｜震惊｜厌恶｜审美欣赏｜愉悦｜共情痛苦","快乐","5","惊喜｜快乐｜愉悦","5｜5｜5","否","已作答","50.00","33.33","43.33","1.95","10.32","3"
"ZJ20260816DB910F88","2026-08-16 11:44:11","61.34","15","ITEM-00135","68","文本","情绪识别","多选题","4.50","快乐｜担忧｜兴奋｜羞耻｜好奇｜不屑｜厌倦｜痛苦｜悲伤｜惊吓","不屑｜厌倦","5｜5","不屑｜惊吓","5｜4","否","已作答","50.00","50.00","50.00","2.25","45.99","6"
"ZJ20260816DB910F88","2026-08-16 11:44:11","61.34","16","ITEM-00136","71","文本","情绪识别","多选题","4.50","审美欣赏｜恐惧｜羡慕｜委屈｜敌意｜震惊｜尴尬｜兴奋｜不屑｜兴趣","恐惧｜委屈｜敌意｜不屑","3｜5｜4｜5","委屈｜恐惧｜不屑","5｜4｜4","否","已作答","85.71","83.33","84.76","3.81","29.29","8"
"ZJ20260816DB910F88","2026-08-16 11:44:11","61.34","17","ITEM-00039","52","文本","情绪识别","单选题","3.50","怨恨｜厌倦｜希望｜烦躁｜困惑｜感激｜羞耻｜愁闷｜痛苦｜蔑视","痛苦","5","痛苦","4","否","已作答","100.00","75.00","90.00","3.15","17.00","3"
"ZJ20260816DB910F88","2026-08-16 11:44:11","61.34","18","ITEM-00088","81","视频","情绪识别","多选题","4.50","恐惧｜爱｜惊讶｜敌意｜兴奋｜快乐｜好奇｜惊喜｜兴趣｜厌恶","爱｜兴奋｜快乐｜惊喜","3｜3｜3｜3","快乐｜惊喜｜兴奋｜爱","5｜5｜5｜5","否","已作答","100.00","50.00","80.00","3.60","21.23","5"
"ZJ20260816DB910F88","2026-08-16 11:44:11","61.34","19","ITEM-00055","98","图像","情绪识别","多选题","4.50","共情痛苦｜兴趣｜愉悦｜快乐｜轻松｜羞耻｜崇拜｜愁闷｜兴奋｜感激","快乐｜轻松｜愉悦","4｜4｜4","兴奋｜轻松｜愉悦｜快乐","5｜5｜5｜5","否","已作答","85.71","56.25","73.93","3.33","16.25","7"
"ZJ20260816DB910F88","2026-08-16 11:44:11","61.34","20","ITEM-00148","62","视频","情绪识别","单选题","3.50","嫉妒｜敌意｜尴尬｜兴趣｜蔑视｜怨恨｜失望｜恐惧｜审美欣赏｜担忧","尴尬","4","尴尬","3","否","已作答","100.00","75.00","90.00","3.15","22.70","3"
"ZJ20260816DB910F88","2026-08-16 11:44:11","61.34","21","ITEM-00093","75","音频","情绪识别","多选题","4.50","内疚｜蔑视｜悲伤｜尴尬｜愤怒｜感动｜担忧｜委屈｜冷静｜惊讶","悲伤","5","委屈｜悲伤","5｜5","否","已作答","66.67","50.00","60.00","2.70","16.64","5"
"ZJ20260816DB910F88","2026-08-16 11:44:11","61.34","22","ITEM-00134","67","文本","情绪识别","多选题","4.50","惊讶｜好奇｜嫉妒｜蔑视｜敌意｜尴尬｜不屑｜感激｜爱｜羞耻","蔑视｜敌意","5｜4","不屑｜敌意","5｜3","否","已作答","50.00","37.50","45.00","2.02","33.97","7"
"ZJ20260816DB910F88","2026-08-16 11:44:11","61.34","23","ITEM-00009","7","音频","情绪识别","单选题","3.50","感激｜尴尬｜自豪｜审美欣赏｜烦躁｜悲伤｜爱｜紧张｜崇拜｜羡慕","烦躁","2","紧张","2","否","已作答","0.00","0.00","0.00","0.00","35.19","4"
"ZJ20260816DB910F88","2026-08-16 11:44:11","61.34","24","ITEM-00084","78","音频","情绪推理","多选题","4.50","失望｜不屑｜烦躁｜渴望｜羞耻｜怨恨｜愤怒｜感激｜悲伤｜兴奋","失望｜怨恨｜愤怒｜悲伤","4｜5｜5｜3","羞耻｜烦躁","4｜5","否","已作答","0.00","0.00","0.00","0.00","26.54","8"
"ZJ20260816485C7DF4","2026-08-16 11:43:44","58.86","1","ITEM-00016","9","视频","情绪识别","单选题","3.50","怀旧｜不屑｜崇拜｜蔑视｜自满｜烦躁｜厌恶｜惊喜｜尴尬｜困惑","不屑","4","不屑","4","否","已作答","100.00","100.00","100.00","3.50","82.32","3"
"ZJ20260816485C7DF4","2026-08-16 11:43:44","58.86","2","ITEM-00095","59","文本","情绪识别","多选题","4.50","羞耻｜希望｜痛苦｜嫉妒｜遗憾｜怀旧｜自满｜内疚｜烦躁｜震惊","内疚","5","内疚｜痛苦","5｜5","否","已作答","66.67","50.00","60.00","2.70","44.87","3"
"ZJ20260816485C7DF4","2026-08-16 11:43:44","58.86","3","ITEM-00061","109","图像","情绪识别","多选题","4.50","希望｜厌恶｜冷静｜愉悦｜共情痛苦｜抑郁｜快乐｜感激｜尴尬｜羡慕","愉悦｜快乐｜希望","4｜5｜3","快乐｜愉悦","4｜4","是","已作答","80.00","87.50","83.00","3.73","34.81","9"
"ZJ20260816485C7DF4","2026-08-16 11:43:44","58.86","4","ITEM-00135","68","文本","情绪识别","多选题","4.50","惊吓｜恐惧｜嫉妒｜爱｜轻松｜冷静｜平静｜紧张｜不屑｜焦虑","紧张｜惊吓｜不屑","3｜4｜2","不屑｜惊吓","5｜4","否","已作答","80.00","62.50","73.00","3.29","34.99","6"
"ZJ20260816485C7DF4","2026-08-16 11:43:44","58.86","5","ITEM-00104","23","文本","情绪推理","单选题","3.50","羡慕｜担忧｜渴望｜兴奋｜共情痛苦｜遗憾｜希望｜好奇｜内疚｜敌意","兴奋","5","兴奋","5","否","已作答","100.00","100.00","100.00","3.50","33.29","6"
"ZJ20260816485C7DF4","2026-08-16 11:43:44","58.86","6","ITEM-00109","88","音频","情绪推理","多选题","4.50","困惑｜感动｜满足｜愉悦｜渴望｜厌倦｜绝望｜怨恨｜紧张｜兴奋","厌倦","4","厌倦｜困惑","3｜3","否","已作答","66.67","37.50","55.00","2.47","66.28","3"
"ZJ20260816485C7DF4","2026-08-16 11:43:44","58.86","7","ITEM-00084","78","音频","情绪推理","多选题","4.50","审美欣赏｜共情痛苦｜怨恨｜绝望｜委屈｜焦虑｜羞耻｜痛苦｜轻松｜烦躁","委屈","4","羞耻｜烦躁","4｜5","否","已作答","0.00","0.00","0.00","0.00","27.52","3"
"ZJ20260816485C7DF4","2026-08-16 11:43:44","58.86","8","ITEM-00089","84","视频","情绪识别","多选题","4.50","自满｜担忧｜同情｜内疚｜痛苦｜审美欣赏｜愉悦｜焦虑｜悲伤｜轻松","同情｜悲伤｜痛苦｜担忧","5｜3｜3｜4","担忧｜同情｜悲伤","5｜4｜5","否","已作答","85.71","66.67","78.10","3.51","97.63","8"
"ZJ20260816485C7DF4","2026-08-16 11:43:44","58.86","9","ITEM-00042","61","视频","情绪识别","多选题","4.50","爱｜审美欣赏｜怀旧｜自满｜惊喜｜满足｜委屈｜感激｜悲伤｜敌意","委屈｜悲伤","5｜4","委屈｜悲伤","3｜3","否","已作答","100.00","62.50","85.00","3.83","35.33","6"
"ZJ20260816485C7DF4","2026-08-16 11:43:44","58.86","10","ITEM-00107","81","视频","情绪推理","多选题","4.50","愉悦｜快乐｜满足｜愤怒｜恐惧｜好奇｜厌倦｜冷静｜轻松｜感动","愉悦｜快乐｜满足","4｜3｜5","快乐｜满足｜感动","5｜5｜5","否","已作答","66.67","50.00","60.00","2.70","54.56","6"
"ZJ20260816485C7DF4","2026-08-16 11:43:44","58.86","11","ITEM-00141","67","文本","情绪推理","多选题","4.50","感激｜痛苦｜羞耻｜好奇｜惊讶｜愤怒｜满足｜恐惧｜厌恶｜愁闷","愤怒｜惊讶｜厌恶","4｜5｜3","愤怒｜惊讶","4｜3","否","已作答","80.00","75.00","78.00","3.51","75.84","6"
"ZJ20260816485C7DF4","2026-08-16 11:43:44","58.86","12","ITEM-00130","104","图像","情绪识别","多选题","4.50","怨恨｜惊喜｜愉悦｜自满｜共情痛苦｜痛苦｜震惊｜愤怒｜平静｜绝望","惊喜｜震惊","3｜4","愤怒｜震惊","5｜4","是","已作答","50.00","50.00","50.00","2.25","16.32","4"
"ZJ20260816485C7DF4","2026-08-16 11:43:44","58.86","13","ITEM-00066","113","图像","情绪识别","多选题","4.50","遗憾｜自豪｜悲伤｜希望｜痛苦｜担忧｜渴望｜共情痛苦｜失望｜绝望","悲伤｜痛苦｜绝望","5｜4｜3","渴望｜痛苦｜悲伤｜绝望","4｜5｜5｜5","否","已作答","85.71","56.25","73.93","3.33","17.21","9"
"ZJ20260816485C7DF4","2026-08-16 11:43:44","58.86","14","ITEM-00067","114","图像","情绪识别","单选题","3.50","共情痛苦｜紧张｜悲伤｜轻松｜冷静｜震惊｜感动｜怀旧｜绝望｜愁闷","紧张","4","震惊","4","否","已作答","0.00","0.00","0.00","0.00","33.76","6"
"ZJ20260816485C7DF4","2026-08-16 11:43:44","58.86","15","ITEM-00136","71","文本","情绪识别","多选题","4.50","释然｜厌倦｜渴望｜委屈｜恐惧｜愁闷｜不屑｜蔑视｜惊喜｜自满","委屈｜恐惧｜蔑视","4｜5｜2","委屈｜恐惧｜不屑","5｜4｜4","否","已作答","66.67","50.00","60.00","2.70","44.78","8"
"ZJ20260816485C7DF4","2026-08-16 11:43:44","58.86","16","ITEM-00009","7","音频","情绪识别","单选题","3.50","希望｜悲伤｜蔑视｜紧张｜怨恨｜释然｜内疚｜抑郁｜自豪｜兴奋","释然","4","紧张","2","否","已作答","0.00","0.00","0.00","0.00","40.67","7"
"ZJ20260816485C7DF4","2026-08-16 11:43:44","58.86","17","ITEM-00078","89","图像","情绪推理","多选题","4.50","悲伤｜担忧｜兴趣｜痛苦｜愉悦｜厌恶｜烦躁｜轻松｜内疚｜恐惧","烦躁｜痛苦","5｜4","内疚｜悲伤","4｜3","否","已作答","0.00","0.00","0.00","0.00","25.09","5"
"ZJ20260816485C7DF4","2026-08-16 11:43:44","58.86","18","ITEM-00077","79","音频","情绪识别","多选题","4.50","渴望｜自豪｜抑郁｜愉悦｜厌倦｜绝望｜困惑｜烦躁｜平静｜兴奋","烦躁｜厌倦｜困惑","5｜2｜3","烦躁｜厌倦","4｜4","否","已作答","80.00","62.50","73.00","3.29","31.76","8"
"ZJ20260816485C7DF4","2026-08-16 11:43:44","58.86","19","ITEM-00092","66","音频","情绪识别","多选题","4.50","痛苦｜冷静｜平静｜审美欣赏｜悲伤｜遗憾｜震惊｜兴奋｜内疚｜感激","痛苦｜遗憾｜悲伤｜内疚","4｜5｜4｜5","内疚｜痛苦｜悲伤","5｜5｜5","否","已作答","85.71","83.33","84.76","3.81","65.24","10"
"ZJ20260816485C7DF4","2026-08-16 11:43:44","58.86","20","ITEM-00029","34","图像","情绪识别","单选题","3.50","悲伤｜内疚｜抑郁｜厌恶｜快乐｜共情痛苦｜惊讶｜平静｜感动｜愤怒","共情痛苦","4","厌恶","5","否","已作答","0.00","0.00","0.00","0.00","16.27","3"
"ZJ20260816485C7DF4","2026-08-16 11:43:44","58.86","21","ITEM-00124","22","音频","情绪识别","单选题","3.50","痛苦｜担忧｜愁闷｜爱｜羡慕｜满足｜释然｜感动｜嫉妒｜愉悦","释然","3","释然","3","否","已作答","100.00","100.00","100.00","3.50","54.42","2"
"ZJ20260816485C7DF4","2026-08-16 11:43:44","58.86","22","ITEM-00102","57","视频","情绪推理","多选题","4.50","惊讶｜烦躁｜遗憾｜释然｜愤怒｜愁闷｜嫉妒｜担忧｜崇拜｜内疚","惊讶｜烦躁｜愤怒｜愁闷","3｜4｜4｜3","愤怒｜烦躁","5｜5","否","已作答","66.67","75.00","70.00","3.15","101.13","7"
"ZJ20260816485C7DF4","2026-08-16 11:43:44","58.86","23","ITEM-00074","121","文本","情绪识别","单选题","3.50","嫉妒｜恐惧｜平静｜满足｜自豪｜遗憾｜冷静｜委屈｜羞耻｜厌倦","自豪","5","自豪","5","否","已作答","100.00","100.00","100.00","3.50","55.03","4"
"ZJ20260816485C7DF4","2026-08-16 11:43:44","58.86","24","ITEM-00149","60","视频","情绪推理","单选题","2.50","羡慕｜冷静｜感动｜怨恨｜审美欣赏｜释然｜担忧｜敌意｜尴尬｜抑郁","怨恨","4","担忧","4","否","已作答","0.00","0.00","0.00","0.00","65.77","5"
"ZJ20260816BE812224","2026-08-16 11:43:15","39.47","1","ITEM-00004","62","视频","情绪推理","单选题","3.50","释然｜内疚｜共情痛苦｜恐惧｜愉悦｜渴望｜痛苦｜怀旧｜不屑｜尴尬","怀旧","4","尴尬","3","否","已作答","0.00","0.00","0.00","0.00","25.89","3"
"ZJ20260816BE812224","2026-08-16 11:43:15","39.47","2","ITEM-00101","55","视频","情绪推理","多选题","4.50","感激｜自豪｜满足｜兴奋｜困惑｜冷静｜尴尬｜共情痛苦｜感动｜委屈","尴尬｜困惑｜委屈","3｜3｜3","尴尬｜困惑","4｜4","是","已作答","80.00","75.00","78.00","3.51","45.28","4"
"ZJ20260816BE812224","2026-08-16 11:43:15","39.47","3","ITEM-00058","102","图像","情绪识别","多选题","4.50","怀旧｜兴趣｜愉悦｜烦躁｜困惑｜感动｜共情痛苦｜羡慕｜自豪｜恐惧","怀旧","3","感动｜愉悦","4｜4","否","已作答","0.00","0.00","0.00","0.00","9.88","2"
"ZJ20260816BE812224","2026-08-16 11:43:15","39.47","4","ITEM-00056","101","图像","情绪识别","单选题","3.50","感动｜厌倦｜内疚｜震惊｜担忧｜兴奋｜绝望｜轻松｜委屈｜感激","厌倦","4","担忧","4","否","已作答","0.00","0.00","0.00","0.00","14.10","4"
"ZJ20260816BE812224","2026-08-16 11:43:15","39.47","5","ITEM-00086","79","音频","情绪推理","多选题","4.50","内疚｜惊讶｜满足｜自豪｜爱｜平静｜感动｜失望｜厌倦｜烦躁","失望｜厌倦｜烦躁｜自豪","5｜5｜5｜5","烦躁｜厌倦","4｜4","否","已作答","66.67","75.00","70.00","3.15","23.13","11"
"ZJ20260816BE812224","2026-08-16 11:43:15","39.47","6","ITEM-00092","66","音频","情绪识别","多选题","4.50","尴尬｜愁闷｜烦躁｜审美欣赏｜渴望｜悲伤｜内疚｜痛苦｜担忧｜蔑视","愁闷｜烦躁","5｜4","内疚｜痛苦｜悲伤","5｜5｜5","否","已作答","0.00","0.00","0.00","0.00","21.01","5"
"ZJ20260816BE812224","2026-08-16 11:43:15","39.47","7","ITEM-00069","117","文本","情绪识别","多选题","4.50","审美欣赏｜感激｜绝望｜渴望｜怨恨｜内疚｜兴趣｜愉悦｜爱｜蔑视","感激｜渴望｜爱","5｜4｜5","感激｜爱｜愉悦","4｜4｜5","否","已作答","66.67","50.00","60.00","2.70","28.15","7"
"ZJ20260816BE812224","2026-08-16 11:43:15","39.47","8","ITEM-00140","63","文本","情绪推理","多选题","4.50","烦躁｜感激｜惊喜｜爱｜失望｜遗憾｜兴奋｜希望｜震惊｜冷静","惊喜｜感激｜爱｜兴奋｜希望","5｜5｜2｜5｜5","惊喜｜兴奋","4｜4","未填写","已作答","57.14","75.00","64.29","2.89","18.81","13"
"ZJ20260816BE812224","2026-08-16 11:43:15","39.47","9","ITEM-00060","18","文本","情绪识别","单选题","3.50","焦虑｜愤怒｜感激｜惊喜｜愉悦｜敌意｜冷静｜厌恶｜快乐｜羡慕","冷静","5","感激","3","未填写","已作答","0.00","0.00","0.00","0.00","22.09","2"
"ZJ20260816BE812224","2026-08-16 11:43:15","39.47","10","ITEM-00109","88","音频","情绪推理","多选题","4.50","怨恨｜恐惧｜羞耻｜厌倦｜困惑｜遗憾｜绝望｜失望｜释然｜焦虑","绝望｜失望","5｜5","厌倦｜困惑","3｜3","未填写","已作答","0.00","0.00","0.00","0.00","28.01","5"
"ZJ20260816BE812224","2026-08-16 11:43:15","39.47","11","ITEM-00126","86","视频","情绪识别","多选题","4.50","恐惧｜感激｜愉悦｜羞耻｜担忧｜轻松｜悲伤｜失望｜烦躁｜惊讶","羞耻｜担忧｜失望｜烦躁｜惊讶","5｜5｜5｜5｜5","惊讶｜愉悦","4｜5","未填写","已作答","28.57","37.50","32.14","1.45","20.58","14"
"ZJ20260816BE812224","2026-08-16 11:43:15","39.47","12","ITEM-00048","2","音频","情绪识别","单选题","3.50","渴望｜平静｜失望｜惊讶｜愤怒｜轻松｜困惑｜共情痛苦｜抑郁｜悲伤","困惑","3","愤怒","5","未填写","已作答","0.00","0.00","0.00","0.00","7.46","1"
"ZJ20260816BE812224","2026-08-16 11:43:15","39.47","13","ITEM-00043","65","视频","情绪识别","多选题","4.50","共情痛苦｜惊喜｜遗憾｜愉悦｜敌意｜绝望｜羞耻｜爱｜怀旧｜感动","遗憾","5","怀旧｜感动｜愉悦｜遗憾","5｜3｜3｜5","未填写","已作答","40.00","25.00","34.00","1.53","24.72","4"
"ZJ20260816BE812224","2026-08-16 11:43:15","39.47","14","ITEM-00098","1","视频","情绪推理","多选题","4.50","轻松｜自豪｜平静｜厌恶｜审美欣赏｜失望｜悲伤｜满足｜烦躁｜感激","自豪","5","感激｜自豪｜满足","4｜3｜4","未填写","已作答","50.00","16.67","36.67","1.65","22.82","2"
"ZJ20260816BE812224","2026-08-16 11:43:15","39.47","15","ITEM-00064","111","图像","情绪识别","多选题","4.50","绝望｜敌意｜抑郁｜渴望｜愉悦｜厌倦｜释然｜不屑｜怨恨｜爱","渴望","4","释然｜愉悦","3｜5","未填写","已作答","0.00","0.00","0.00","0.00","5.14","2"
"ZJ20260816BE812224","2026-08-16 11:43:15","39.47","16","ITEM-00078","89","图像","情绪推理","多选题","4.50","兴奋｜痛苦｜悲伤｜紧张｜委屈｜审美欣赏｜内疚｜担忧｜恐惧｜焦虑","痛苦｜悲伤","5｜5","内疚｜悲伤","4｜3","未填写","已作答","50.00","25.00","40.00","1.80","8.71","4"
"ZJ20260816BE812224","2026-08-16 11:43:15","39.47","17","ITEM-00030","42","图像","情绪识别","单选题","3.50","轻松｜绝望｜爱｜惊喜｜焦虑｜怨恨｜希望｜感激｜困惑｜烦躁","困惑","5","困惑","4","未填写","已作答","100.00","75.00","90.00","3.15","9.12","4"
"ZJ20260816BE812224","2026-08-16 11:43:15","39.47","18","ITEM-00144","118","文本","情绪推理","单选题","3.50","惊讶｜怀旧｜紧张｜失望｜绝望｜爱｜崇拜｜愉悦｜遗憾｜羡慕","失望","5","失望","4","未填写","已作答","100.00","75.00","90.00","3.15","12.48","4"
"ZJ20260816BE812224","2026-08-16 11:43:15","39.47","19","ITEM-00091","59","音频","情绪识别","多选题","4.50","好奇｜冷静｜自豪｜内疚｜惊喜｜痛苦｜渴望｜不屑｜满足｜厌倦","厌倦｜不屑｜痛苦","3｜3｜5","内疚｜痛苦","5｜5","未填写","已作答","40.00","50.00","44.00","1.98","14.84","6"
"ZJ20260816BE812224","2026-08-16 11:43:15","39.47","20","ITEM-00097","82","文本","情绪识别","多选题","4.50","怨恨｜愉悦｜释然｜共情痛苦｜恐惧｜自满｜快乐｜绝望｜轻松｜厌倦","快乐","5","轻松｜快乐","4｜4","未填写","已作答","66.67","37.50","55.00","2.47","12.93","2"
"ZJ20260816BE812224","2026-08-16 11:43:15","39.47","21","ITEM-00068","116","文本","情绪识别","多选题","4.50","厌恶｜抑郁｜兴趣｜尴尬｜自豪｜愉悦｜不屑｜焦虑｜羡慕｜敌意","自豪｜不屑｜敌意","5｜5｜5","厌恶｜不屑","4｜4","未填写","已作答","40.00","37.50","39.00","1.75","14.83","6"
"ZJ20260816BE812224","2026-08-16 11:43:15","39.47","22","ITEM-00022","16","视频","情绪识别","单选题","3.50","失望｜委屈｜震惊｜渴望｜蔑视｜担忧｜焦虑｜困惑｜自满｜平静","震惊","4","震惊","5","未填写","已作答","100.00","75.00","90.00","3.15","38.28","3"
"ZJ20260816BE812224","2026-08-16 11:43:15","39.47","23","ITEM-00132","37","图像","情绪识别","多选题","4.50","愁闷｜冷静｜失望｜嫉妒｜审美欣赏｜恭敬｜满足｜惊喜｜平静｜厌倦","嫉妒｜恭敬｜厌倦","3｜5｜4","平静｜恭敬","5｜5","未填写","已作答","40.00","50.00","44.00","1.98","16.58","5"
"ZJ20260816BE812224","2026-08-16 11:43:15","39.47","24","ITEM-00123","8","音频","情绪识别","单选题","3.50","感动｜冷静｜满足｜释然｜绝望｜好奇｜担忧｜轻松｜共情痛苦｜烦躁","绝望","5","绝望","4","未填写","已作答","100.00","75.00","90.00","3.15","14.97","5"
"ZJ202608165077788D","2026-08-16 11:43:04","59.96","1","ITEM-00143","71","文本","情绪推理","单选题","3.50","爱｜不屑｜满足｜蔑视｜渴望｜羡慕｜厌倦｜崇拜｜焦虑｜冷静","蔑视","4","不屑","3","否","已作答","0.00","0.00","0.00","0.00","36.52","3"
"ZJ202608165077788D","2026-08-16 11:43:04","59.96","2","ITEM-00011","25","图像","情绪识别","单选题","3.50","兴趣｜怀旧｜焦虑｜担忧｜烦躁｜平静｜委屈｜痛苦｜审美欣赏｜轻松","担忧","2","担忧","4","否","已作答","100.00","50.00","80.00","2.80","23.28","3"
"ZJ202608165077788D","2026-08-16 11:43:04","59.96","3","ITEM-00146","118","文本","情绪识别","多选题","4.50","烦躁｜恐惧｜惊讶｜失望｜愉悦｜自满｜崇拜｜共情痛苦｜自豪｜厌恶","烦躁｜失望","4｜2","烦躁｜失望","4｜4","否","已作答","100.00","75.00","90.00","4.05","67.06","6"
"ZJ202608165077788D","2026-08-16 11:43:04","59.96","4","ITEM-00043","65","视频","情绪识别","多选题","4.50","快乐｜兴趣｜怀旧｜崇拜｜愉悦｜感动｜遗憾｜悲伤｜担忧｜震惊","遗憾｜悲伤","3｜4","怀旧｜感动｜愉悦｜遗憾","5｜3｜3｜5","否","已作答","33.33","12.50","25.00","1.12","49.93","6"
"ZJ202608165077788D","2026-08-16 11:43:04","59.96","5","ITEM-00106","77","视频","情绪推理","单选题","3.50","震惊｜厌恶｜自满｜释然｜感激｜烦躁｜好奇｜快乐｜失望｜不屑","快乐","4","快乐","5","是","已作答","100.00","75.00","90.00","3.15","68.02","5"
"ZJ202608165077788D","2026-08-16 11:43:04","59.96","6","ITEM-00096","74","文本","情绪识别","多选题","4.50","兴趣｜愉悦｜怨恨｜希望｜审美欣赏｜绝望｜感激｜好奇｜平静｜崇拜","愉悦｜希望｜审美欣赏","4｜4｜5","审美欣赏｜愉悦","5｜5","否","已作答","80.00","87.50","83.00","3.73","53.00","11"
"ZJ202608165077788D","2026-08-16 11:43:04","59.96","7","ITEM-00140","63","文本","情绪推理","多选题","4.50","愉悦｜兴奋｜嫉妒｜焦虑｜希望｜蔑视｜痛苦｜审美欣赏｜兴趣｜惊喜","审美欣赏｜兴趣｜惊喜","3｜5｜4","惊喜｜兴奋","4｜4","否","已作答","40.00","50.00","44.00","1.98","33.72","11"
"ZJ202608165077788D","2026-08-16 11:43:04","59.96","8","ITEM-00020","13","视频","情绪识别","单选题","3.50","感动｜尴尬｜愉悦｜渴望｜痛苦｜困惑｜愁闷｜震惊｜遗憾｜焦虑","愁闷","4","尴尬","3","否","已作答","0.00","0.00","0.00","0.00","38.45","4"
"ZJ202608165077788D","2026-08-16 11:43:04","59.96","9","ITEM-00078","89","图像","情绪推理","多选题","4.50","悲伤｜委屈｜紧张｜内疚｜满足｜崇拜｜烦躁｜兴奋｜震惊｜渴望","委屈｜悲伤｜烦躁","5｜4｜2","内疚｜悲伤","4｜3","否","已作答","40.00","37.50","39.00","1.75","35.97","10"
"ZJ202608165077788D","2026-08-16 11:43:04","59.96","10","ITEM-00145","69","音频","情绪识别","多选题","4.50","遗憾｜惊讶｜渴望｜绝望｜愁闷｜怀旧｜愤怒｜震惊｜内疚｜满足","愤怒｜震惊","5｜4","愤怒｜震惊","4｜3","否","已作答","100.00","75.00","90.00","4.05","58.23","6"
"ZJ202608165077788D","2026-08-16 11:43:04","59.96","11","ITEM-00081","58","视频","情绪识别","多选题","4.50","共情痛苦｜失望｜困惑｜爱｜担忧｜惊讶｜怀旧｜审美欣赏｜焦虑｜兴奋","共情痛苦｜怀旧","5｜4","审美欣赏｜怀旧","5｜3","否","已作答","50.00","37.50","45.00","2.02","60.14","5"
"ZJ202608165077788D","2026-08-16 11:43:04","59.96","12","ITEM-00047","90","图像","情绪识别","多选题","4.50","失望｜兴奋｜敌意｜困惑｜怀旧｜惊喜｜快乐｜释然｜平静｜愉悦","惊喜｜快乐｜愉悦","4｜3｜5","惊喜｜快乐｜愉悦","5｜5｜5","否","已作答","100.00","75.00","90.00","4.05","23.83","10"
"ZJ202608165077788D","2026-08-16 11:43:04","59.96","13","ITEM-00049","17","音频","情绪识别","单选题","3.50","抑郁｜蔑视｜焦虑｜冷静｜敌意｜崇拜｜自豪｜厌倦｜快乐｜轻松","敌意","5","敌意","4","否","已作答","100.00","75.00","90.00","3.15","64.58","3"
"ZJ202608165077788D","2026-08-16 11:43:04","59.96","14","ITEM-00053","95","图像","情绪识别","多选题","4.50","委屈｜兴趣｜失望｜敌意｜悲伤｜绝望｜羞耻｜渴望｜愁闷｜嫉妒","悲伤｜绝望","4｜5","悲伤｜委屈｜绝望","3｜3｜5","否","已作答","80.00","58.33","71.33","3.21","13.90","5"
"ZJ202608165077788D","2026-08-16 11:43:04","59.96","15","ITEM-00138","22","音频","情绪推理","多选题","4.50","爱｜痛苦｜焦虑｜羡慕｜不屑｜好奇｜怨恨｜可惜｜烦躁｜冷静","冷静","4","不屑｜可惜","4｜3","未填写","已作答","0.00","0.00","0.00","0.00","73.84","2"
"ZJ202608165077788D","2026-08-16 11:43:04","59.96","16","ITEM-00108","59","音频","情绪推理","多选题","4.50","痛苦｜羡慕｜抑郁｜愉悦｜轻松｜悲伤｜不屑｜冷静｜审美欣赏｜惊喜","痛苦｜悲伤","3｜4","痛苦｜抑郁","4｜4","否","已作答","50.00","37.50","45.00","2.02","29.18","5"
"ZJ202608165077788D","2026-08-16 11:43:04","59.96","17","ITEM-00101","55","视频","情绪推理","多选题","4.50","羡慕｜嫉妒｜困惑｜尴尬｜惊喜｜感激｜羞耻｜审美欣赏｜快乐｜轻松","尴尬｜困惑","2｜3","尴尬｜困惑","4｜4","否","已作答","100.00","62.50","85.00","3.83","84.87","8"
"ZJ202608165077788D","2026-08-16 11:43:04","59.96","18","ITEM-00057","23","音频","情绪识别","单选题","3.50","失望｜怀旧｜满足｜困惑｜嫉妒｜希望｜渴望｜快乐｜感动｜惊喜","惊喜","4","惊喜","5","否","已作答","100.00","75.00","90.00","3.15","54.45","4"
"ZJ202608165077788D","2026-08-16 11:43:04","59.96","19","ITEM-00072","120","文本","情绪识别","多选题","4.50","怨恨｜愤怒｜兴趣｜满足｜轻松｜兴奋｜担忧｜希望｜愉悦｜羞耻","满足｜轻松","5｜4","满足｜轻松｜愉悦｜希望｜兴趣","5｜5｜5｜5｜5","否","已作答","57.14","35.00","48.29","2.17","32.76","5"
"ZJ202608165077788D","2026-08-16 11:43:04","59.96","20","ITEM-00012","26","图像","情绪识别","单选题","3.50","悲伤｜震惊｜绝望｜轻松｜愤怒｜满足｜审美欣赏｜释然｜蔑视｜共情痛苦","愤怒","4","愤怒","4","否","已作答","100.00","100.00","100.00","3.50","22.84","3"
"ZJ202608165077788D","2026-08-16 11:43:04","59.96","21","ITEM-00060","18","文本","情绪识别","单选题","3.50","感激｜委屈｜嫉妒｜满足｜自豪｜厌恶｜震惊｜恐惧｜遗憾｜不屑","遗憾","3","感激","3","否","已作答","0.00","0.00","0.00","0.00","52.86","2"
"ZJ202608165077788D","2026-08-16 11:43:04","59.96","22","ITEM-00090","56","音频","情绪识别","多选题","4.50","轻松｜好奇｜怨恨｜失望｜怀旧｜厌恶｜嫉妒｜痛苦｜蔑视｜尴尬","失望｜痛苦｜怨恨","3｜4｜4","怨恨｜失望","5｜5","否","已作答","80.00","62.50","73.00","3.29","67.74","8"
"ZJ202608165077788D","2026-08-16 11:43:04","59.96","23","ITEM-00150","86","视频","情绪推理","多选题","4.50","羞耻｜惊讶｜快乐｜怨恨｜渴望｜满足｜希望｜恐惧｜崇拜｜焦虑","快乐｜满足","5｜3","满足｜快乐","4｜3","否","已作答","100.00","62.50","85.00","3.83","24.08","5"
"ZJ202608165077788D","2026-08-16 11:43:04","59.96","24","ITEM-00066","113","图像","情绪识别","多选题","4.50","渴望｜愤怒｜冷静｜不屑｜崇拜｜烦躁｜恐惧｜绝望｜痛苦｜悲伤","绝望｜痛苦｜悲伤","3｜3｜4","渴望｜痛苦｜悲伤｜绝望","4｜5｜5｜5","否","已作答","85.71","43.75","68.93","3.10","16.63","8"
"ZJ20260816EA0EBEC6","2026-08-16 11:43:03","53.96","1","ITEM-00002","6","视频","情绪推理","单选题","3.50","感动｜委屈｜失望｜希望｜痛苦｜冷静｜嫉妒｜担忧｜尴尬｜困惑","感动","4","感动","3","否","已作答","100.00","75.00","90.00","3.15","65.36","5"
"ZJ20260816EA0EBEC6","2026-08-16 11:43:03","53.96","2","ITEM-00111","31","图像","情绪识别","单选题","3.50","审美欣赏｜自豪｜感激｜失望｜无奈｜焦虑｜抑郁｜平静｜惊讶｜满足","无奈","5","无奈","3","否","已作答","100.00","50.00","80.00","2.80","17.19","6"
"ZJ20260816EA0EBEC6","2026-08-16 11:43:03","53.96","3","ITEM-00148","62","视频","情绪识别","单选题","3.50","惊喜｜担忧｜厌倦｜愤怒｜嫉妒｜厌恶｜抑郁｜悲伤｜困惑｜尴尬","尴尬","5","尴尬","3","否","已作答","100.00","50.00","80.00","2.80","24.23","4"
"ZJ20260816EA0EBEC6","2026-08-16 11:43:03","53.96","4","ITEM-00150","86","视频","情绪推理","多选题","4.50","满足｜共情痛苦｜希望｜羞耻｜快乐｜恐惧｜尴尬｜厌倦｜内疚｜好奇","尴尬","5","满足｜快乐","4｜3","否","已作答","0.00","0.00","0.00","0.00","42.47","4"
"ZJ20260816EA0EBEC6","2026-08-16 11:43:03","53.96","5","ITEM-00077","79","音频","情绪识别","多选题","4.50","痛苦｜失望｜希望｜厌倦｜平静｜烦躁｜怨恨｜嫉妒｜崇拜｜绝望","烦躁｜厌倦","4｜2","烦躁｜厌倦","4｜4","否","已作答","100.00","75.00","90.00","4.05","26.80","5"
"ZJ20260816EA0EBEC6","2026-08-16 11:43:03","53.96","6","ITEM-00075","108","图像","情绪识别","多选题","4.50","愤怒｜爱｜尴尬｜厌恶｜震惊｜感激｜惊喜｜快乐｜内疚｜平静","震惊｜愤怒｜厌恶","5｜4｜3","震惊｜愤怒","5｜5","否","已作答","80.00","87.50","83.00","3.73","31.53","7"
"ZJ20260816EA0EBEC6","2026-08-16 11:43:03","53.96","7","ITEM-00142","68","文本","情绪推理","单选题","3.50","敌意｜快乐｜担忧｜惊喜｜困惑｜恐惧｜释然｜羞耻｜崇拜｜平静","敌意","2","敌意","4","否","已作答","100.00","50.00","80.00","2.80","38.03","3"
"ZJ20260816EA0EBEC6","2026-08-16 11:43:03","53.96","8","ITEM-00122","5","文本","情绪识别","单选题","3.50","自豪｜恐惧｜痛苦｜委屈｜羡慕｜不屑｜嫉妒｜抑郁｜悲伤｜担忧","悲伤","4","羡慕","4","否","已作答","0.00","0.00","0.00","0.00","17.59","4"
"ZJ20260816EA0EBEC6","2026-08-16 11:43:03","53.96","9","ITEM-00140","63","文本","情绪推理","多选题","4.50","抑郁｜痛苦｜恐惧｜审美欣赏｜担忧｜惊喜｜愉悦｜崇拜｜兴奋｜释然","惊喜","2","惊喜｜兴奋","4｜4","否","已作答","66.67","25.00","50.00","2.25","32.24","4"
"ZJ20260816EA0EBEC6","2026-08-16 11:43:03","53.96","10","ITEM-00068","116","文本","情绪识别","多选题","4.50","兴奋｜惊喜｜紧张｜不屑｜羡慕｜困惑｜羞耻｜厌恶｜遗憾｜厌倦","不屑","4","厌恶｜不屑","4｜4","否","已作答","66.67","50.00","60.00","2.70","11.58","3"
"ZJ20260816EA0EBEC6","2026-08-16 11:43:03","53.96","11","ITEM-00084","78","音频","情绪推理","多选题","4.50","困惑｜满足｜尴尬｜震惊｜绝望｜平静｜羞耻｜痛苦｜感动｜烦躁","困惑","5","羞耻｜烦躁","4｜5","否","已作答","0.00","0.00","0.00","0.00","31.60","3"
"ZJ20260816EA0EBEC6","2026-08-16 11:43:03","53.96","12","ITEM-00009","7","音频","情绪识别","单选题","3.50","冷静｜恐惧｜紧张｜震惊｜崇拜｜自满｜怨恨｜担忧｜厌恶｜悲伤","担忧","4","紧张","2","否","已作答","0.00","0.00","0.00","0.00","36.97","3"
"ZJ20260816EA0EBEC6","2026-08-16 11:43:03","53.96","13","ITEM-00096","74","文本","情绪识别","多选题","4.50","悲伤｜失望｜愤怒｜厌倦｜怀旧｜自豪｜愉悦｜恐惧｜敌意｜审美欣赏","愉悦","4","审美欣赏｜愉悦","5｜5","是","已作答","66.67","37.50","55.00","2.47","12.00","5"
"ZJ20260816EA0EBEC6","2026-08-16 11:43:03","53.96","14","ITEM-00053","95","图像","情绪识别","多选题","4.50","委屈｜绝望｜愤怒｜痛苦｜渴望｜紧张｜羞耻｜希望｜悲伤｜恐惧","委屈｜悲伤｜希望｜渴望","4｜4｜3｜4","悲伤｜委屈｜绝望","3｜3｜5","否","已作答","57.14","50.00","54.29","2.44","31.24","12"
"ZJ20260816EA0EBEC6","2026-08-16 11:43:03","53.96","15","ITEM-00102","57","视频","情绪推理","多选题","4.50","怀旧｜紧张｜冷静｜烦躁｜悲伤｜愤怒｜释然｜遗憾｜满足｜轻松","烦躁｜愤怒","4｜5","愤怒｜烦躁","5｜5","否","已作答","100.00","87.50","95.00","4.28","47.86","5"
"ZJ20260816EA0EBEC6","2026-08-16 11:43:03","53.96","16","ITEM-00118","48","图像","情绪识别","单选题","3.50","蔑视｜痛苦｜兴奋｜怨恨｜委屈｜烦躁｜尴尬｜困惑｜满足｜震惊","烦躁","4","困惑","4","否","已作答","0.00","0.00","0.00","0.00","22.91","3"
"ZJ20260816EA0EBEC6","2026-08-16 11:43:03","53.96","17","ITEM-00088","81","视频","情绪识别","多选题","4.50","惊喜｜厌恶｜快乐｜兴奋｜失望｜委屈｜爱｜愁闷｜担忧｜烦躁","兴奋｜快乐｜爱","5｜4｜4","快乐｜惊喜｜兴奋｜爱","5｜5｜5｜5","是","已作答","85.71","62.50","76.43","3.44","34.10","11"
"ZJ20260816EA0EBEC6","2026-08-16 11:43:03","53.96","18","ITEM-00058","102","图像","情绪识别","多选题","4.50","愉悦｜轻松｜厌倦｜平静｜紧张｜感动｜惊讶｜兴趣｜厌恶｜绝望","愉悦｜轻松｜兴趣","4｜5｜3","感动｜愉悦","4｜4","否","已作答","40.00","50.00","44.00","1.98","11.74","6"
"ZJ20260816EA0EBEC6","2026-08-16 11:43:03","53.96","19","ITEM-00042","61","视频","情绪识别","多选题","4.50","悲伤｜平静｜委屈｜共情痛苦｜恐惧｜羡慕｜蔑视｜不屑｜崇拜｜惊喜","悲伤｜平静｜共情痛苦","5｜3｜4","委屈｜悲伤","3｜3","是","已作答","40.00","25.00","34.00","1.53","27.85","10"
"ZJ20260816EA0EBEC6","2026-08-16 11:43:03","53.96","20","ITEM-00139","37","图像","情绪推理","多选题","4.50","审美欣赏｜希望｜感激｜抑郁｜自满｜敬畏｜焦虑｜委屈｜渴望｜绝望","希望｜自满","5｜3","焦虑｜敬畏","3｜4","否","已作答","0.00","0.00","0.00","0.00","28.40","6"
"ZJ20260816EA0EBEC6","2026-08-16 11:43:03","53.96","21","ITEM-00095","59","文本","情绪识别","多选题","4.50","失望｜烦躁｜希望｜冷静｜怨恨｜痛苦｜内疚｜厌恶｜羞耻｜渴望","痛苦｜内疚｜希望","5｜4｜5","内疚｜痛苦","5｜5","否","已作答","80.00","87.50","83.00","3.73","26.37","13"
"ZJ20260816EA0EBEC6","2026-08-16 11:43:03","53.96","22","ITEM-00092","66","音频","情绪识别","多选题","4.50","内疚｜羞耻｜平静｜轻松｜困惑｜快乐｜悲伤｜愉悦｜痛苦｜绝望","悲伤｜内疚｜痛苦","4｜5｜3","内疚｜痛苦｜悲伤","5｜5｜5","否","已作答","100.00","75.00","90.00","4.05","28.41","8"
"ZJ20260816EA0EBEC6","2026-08-16 11:43:03","53.96","23","ITEM-00105","2","音频","情绪推理","多选题","4.50","渴望｜内疚｜悲伤｜满足｜兴趣｜自豪｜失望｜焦虑｜紧张｜抑郁","失望｜紧张｜内疚｜渴望","2｜4｜4｜3","焦虑｜紧张｜内疚","4｜5｜4","否","已作答","57.14","58.33","57.62","2.59","42.04","13"
"ZJ20260816EA0EBEC6","2026-08-16 11:43:03","53.96","24","ITEM-00124","22","音频","情绪识别","单选题","3.50","焦虑｜失望｜内疚｜释然｜怨恨｜烦躁｜愁闷｜蔑视｜不屑｜冷静","释然","4","释然","3","否","已作答","100.00","75.00","90.00","3.15","30.34","6"
"ZJ2026081663CBDEC8","2026-08-16 11:43:01","38.64","1","ITEM-00139","37","图像","情绪推理","多选题","4.50","感动｜焦虑｜烦躁｜困惑｜敬畏｜兴趣｜羡慕｜兴奋｜绝望｜震惊","兴趣","3","焦虑｜敬畏","3｜4","是","已作答","0.00","0.00","0.00","0.00","26.59","4"
"ZJ2026081663CBDEC8","2026-08-16 11:43:01","38.64","2","ITEM-00077","79","音频","情绪识别","多选题","4.50","厌倦｜羞耻｜兴奋｜嫉妒｜悲伤｜不屑｜痛苦｜崇拜｜快乐｜烦躁","不屑｜烦躁","3｜4","烦躁｜厌倦","4｜4","否","已作答","50.00","50.00","50.00","2.25","34.31","4"
"ZJ2026081663CBDEC8","2026-08-16 11:43:01","38.64","3","ITEM-00074","121","文本","情绪识别","单选题","3.50","自豪｜尴尬｜惊喜｜感动｜怀旧｜嫉妒｜委屈｜兴奋｜自满｜释然","兴奋","4","自豪","5","否","已作答","0.00","0.00","0.00","0.00","30.90","7"
"ZJ2026081663CBDEC8","2026-08-16 11:43:01","38.64","4","ITEM-00084","78","音频","情绪推理","多选题","4.50","紧张｜烦躁｜兴奋｜平静｜嫉妒｜满足｜释然｜困惑｜羞耻｜尴尬","嫉妒","4","羞耻｜烦躁","4｜5","否","已作答","0.00","0.00","0.00","0.00","23.54","3"
"ZJ2026081663CBDEC8","2026-08-16 11:43:01","38.64","5","ITEM-00070","119","文本","情绪识别","多选题","4.50","绝望｜羡慕｜怀旧｜尴尬｜羞耻｜烦躁｜痛苦｜冷静｜快乐｜困惑","烦躁","4","困惑｜痛苦","4｜5","未填写","已作答","0.00","0.00","0.00","0.00","15.77","2"
"ZJ2026081663CBDEC8","2026-08-16 11:43:01","38.64","6","ITEM-00133","99","图像","情绪识别","多选题","4.50","共情痛苦｜审美欣赏｜愤怒｜冷静｜平静｜轻松｜兴趣｜惊讶｜自满｜期待","冷静｜平静","4｜3","平静｜期待","4｜4","否","已作答","50.00","37.50","45.00","2.02","36.40","4"
"ZJ2026081663CBDEC8","2026-08-16 11:43:01","38.64","7","ITEM-00118","48","图像","情绪识别","单选题","3.50","震惊｜尴尬｜困惑｜轻松｜感激｜兴奋｜平静｜渴望｜痛苦｜好奇","困惑","4","困惑","4","否","已作答","100.00","100.00","100.00","3.50","20.11","6"
"ZJ2026081663CBDEC8","2026-08-16 11:43:01","38.64","8","ITEM-00142","68","文本","情绪推理","单选题","3.50","厌倦｜快乐｜困惑｜失望｜自豪｜自满｜焦虑｜轻松｜兴奋｜敌意","焦虑","3","敌意","4","否","已作答","0.00","0.00","0.00","0.00","42.28","4"
"ZJ2026081663CBDEC8","2026-08-16 11:43:01","38.64","9","ITEM-00079","61","视频","情绪推理","多选题","4.50","紧张｜怀旧｜烦躁｜遗憾｜恐惧｜嫉妒｜感激｜悲伤｜担忧｜委屈","烦躁｜恐惧｜担忧","4｜2｜3","委屈｜悲伤","3｜3","是","已作答","0.00","0.00","0.00","0.00","75.50","6"
"ZJ2026081663CBDEC8","2026-08-16 11:43:01","38.64","10","ITEM-00093","75","音频","情绪识别","多选题","4.50","愁闷｜尴尬｜遗憾｜嫉妒｜委屈｜共情痛苦｜冷静｜怨恨｜悲伤｜绝望","委屈｜悲伤","4｜3","委屈｜悲伤","5｜5","否","已作答","100.00","62.50","85.00","3.83","41.74","6"
"ZJ2026081663CBDEC8","2026-08-16 11:43:01","38.64","11","ITEM-00149","60","视频","情绪推理","单选题","2.50","冷静｜轻松｜震惊｜不屑｜担忧｜惊讶｜怨恨｜共情痛苦｜羡慕｜焦虑","担忧","4","担忧","4","是","已作答","100.00","100.00","100.00","2.50","40.66","3"
"ZJ2026081663CBDEC8","2026-08-16 11:43:01","38.64","12","ITEM-00087","77","视频","情绪识别","多选题","4.50","兴趣｜惊喜｜焦虑｜崇拜｜感动｜兴奋｜审美欣赏｜不屑｜爱｜厌恶","兴趣｜惊喜｜感动｜爱","4｜5｜3｜5","兴奋｜爱｜惊喜","5｜5｜5","是","已作答","57.14","66.67","60.95","2.74","75.41","10"
"ZJ2026081663CBDEC8","2026-08-16 11:43:01","38.64","13","ITEM-00016","9","视频","情绪识别","单选题","3.50","不屑｜羞耻｜尴尬｜感动｜满足｜兴趣｜烦躁｜快乐｜困惑｜好奇","不屑","3","不屑","4","否","已作答","100.00","75.00","90.00","3.15","28.99","4"
"ZJ2026081663CBDEC8","2026-08-16 11:43:01","38.64","14","ITEM-00048","2","音频","情绪识别","单选题","3.50","愁闷｜轻松｜审美欣赏｜愤怒｜蔑视｜羞耻｜遗憾｜担忧｜兴奋｜感动","蔑视","2","愤怒","5","否","已作答","0.00","0.00","0.00","0.00","41.38","5"
"ZJ2026081663CBDEC8","2026-08-16 11:43:01","38.64","15","ITEM-00049","17","音频","情绪识别","单选题","3.50","共情痛苦｜满足｜崇拜｜失望｜审美欣赏｜内疚｜厌倦｜尴尬｜敌意｜痛苦","厌倦","2","敌意","4","否","已作答","0.00","0.00","0.00","0.00","114.97","8"
"ZJ2026081663CBDEC8","2026-08-16 11:43:01","38.64","16","ITEM-00150","86","视频","情绪推理","多选题","4.50","抑郁｜愁闷｜兴奋｜惊讶｜不屑｜审美欣赏｜担忧｜满足｜快乐｜渴望","担忧｜不屑｜愁闷","3｜3｜4","满足｜快乐","4｜3","未填写","已作答","0.00","0.00","0.00","0.00","24.35","4"
"ZJ2026081663CBDEC8","2026-08-16 11:43:01","38.64","17","ITEM-00010","63","文本","情绪识别","多选题","4.50","愤怒｜不屑｜敌意｜兴奋｜失望｜厌倦｜惊喜｜怨恨｜愉悦｜愁闷","惊喜｜愉悦｜兴奋","5｜3｜4","惊喜｜兴奋","4｜4","未填写","已作答","80.00","87.50","83.00","3.73","22.77","7"
"ZJ2026081663CBDEC8","2026-08-16 11:43:01","38.64","18","ITEM-00108","59","音频","情绪推理","多选题","4.50","兴奋｜羡慕｜紧张｜痛苦｜焦虑｜满足｜抑郁｜内疚｜崇拜｜快乐","紧张｜内疚","3｜4","痛苦｜抑郁","4｜4","未填写","已作答","0.00","0.00","0.00","0.00","55.49","3"
"ZJ2026081663CBDEC8","2026-08-16 11:43:01","38.64","19","ITEM-00136","71","文本","情绪识别","多选题","4.50","震惊｜嫉妒｜不屑｜紧张｜恐惧｜惊讶｜羞耻｜委屈｜焦虑｜兴奋","恐惧｜焦虑｜不屑","4｜4｜3","委屈｜恐惧｜不屑","5｜4｜4","未填写","已作答","66.67","58.33","63.33","2.85","24.06","5"
"ZJ2026081663CBDEC8","2026-08-16 11:43:01","38.64","20","ITEM-00141","67","文本","情绪推理","多选题","4.50","嫉妒｜自豪｜怨恨｜冷静｜愤怒｜崇拜｜快乐｜悲伤｜惊讶｜尴尬","怨恨｜尴尬","4｜3","愤怒｜惊讶","4｜3","未填写","已作答","0.00","0.00","0.00","0.00","60.66","5"
"ZJ2026081663CBDEC8","2026-08-16 11:43:01","38.64","21","ITEM-00088","81","视频","情绪识别","多选题","4.50","痛苦｜羞耻｜抑郁｜兴奋｜愁闷｜惊喜｜困惑｜遗憾｜快乐｜爱","兴奋｜惊喜｜快乐","4｜4｜5","快乐｜惊喜｜兴奋｜爱","5｜5｜5｜5","未填写","已作答","85.71","62.50","76.43","3.44","31.52","7"
"ZJ2026081663CBDEC8","2026-08-16 11:43:01","38.64","22","ITEM-00073","107","图像","情绪识别","多选题","4.50","担忧｜爱｜希望｜怨恨｜自满｜兴奋｜自豪｜感动｜绝望｜焦虑","希望｜自豪｜感动","4｜4｜3","感动｜爱","5｜5","未填写","已作答","40.00","25.00","34.00","1.53","17.09","7"
"ZJ2026081663CBDEC8","2026-08-16 11:43:01","38.64","23","ITEM-00051","93","图像","情绪识别","单选题","3.50","兴奋｜嫉妒｜悲伤｜快乐｜冷静｜担忧｜遗憾｜兴趣｜释然｜尴尬","悲伤","4","悲伤","4","未填写","已作答","100.00","100.00","100.00","3.50","14.14","4"
"ZJ2026081663CBDEC8","2026-08-16 11:43:01","38.64","24","ITEM-00054","97","图像","情绪识别","多选题","4.50","愉悦｜希望｜自满｜不屑｜轻松｜惊讶｜尴尬｜绝望｜烦躁｜羞耻","愉悦｜轻松","5｜4","希望｜轻松｜愉悦","5｜5｜5","未填写","已作答","80.00","58.33","71.33","3.21","12.05","4"
"ZJ2026081672952FE1","2026-08-16 11:42:47","41.34","1","ITEM-00054","97","图像","情绪识别","多选题","4.50","轻松｜愉悦｜崇拜｜审美欣赏｜希望｜蔑视｜嫉妒｜满足｜惊喜｜不屑","崇拜","1","希望｜轻松｜愉悦","5｜5｜5","否","已作答","0.00","0.00","0.00","0.00","15.65","4"
"ZJ2026081672952FE1","2026-08-16 11:42:47","41.34","2","ITEM-00041","54","文本","情绪识别","单选题","3.50","抑郁｜自满｜共情痛苦｜愁闷｜敌意｜兴趣｜痛苦｜遗憾｜释然｜愉悦","遗憾","5","自满","4","否","已作答","0.00","0.00","0.00","0.00","14.76","4"
"ZJ2026081672952FE1","2026-08-16 11:42:47","41.34","3","ITEM-00137","69","音频","情绪识别","多选题","4.50","自满｜蔑视｜轻松｜焦虑｜愤怒｜轻视｜担忧｜释然｜兴趣｜爱","愤怒","4","愤怒｜轻视","4｜4","否","已作答","66.67","50.00","60.00","2.70","18.26","4"
"ZJ2026081672952FE1","2026-08-16 11:42:47","41.34","4","ITEM-00053","95","图像","情绪识别","多选题","4.50","绝望｜失望｜震惊｜委屈｜恐惧｜烦躁｜焦虑｜蔑视｜尴尬｜悲伤","震惊","4","悲伤｜委屈｜绝望","3｜3｜5","否","已作答","0.00","0.00","0.00","0.00","18.24","3"
"ZJ2026081672952FE1","2026-08-16 11:42:47","41.34","5","ITEM-00096","74","文本","情绪识别","多选题","4.50","焦虑｜委屈｜兴奋｜抑郁｜愁闷｜感激｜愉悦｜爱｜平静｜审美欣赏","愉悦","5","审美欣赏｜愉悦","5｜5","否","已作答","66.67","50.00","60.00","2.70","17.31","3"
"ZJ2026081672952FE1","2026-08-16 11:42:47","41.34","6","ITEM-00097","82","文本","情绪识别","多选题","4.50","绝望｜感动｜自满｜平静｜快乐｜紧张｜冷静｜轻松｜愁闷｜委屈","绝望","4","轻松｜快乐","4｜4","是","已作答","0.00","0.00","0.00","0.00","34.76","3"
"ZJ2026081672952FE1","2026-08-16 11:42:47","41.34","7","ITEM-00111","31","图像","情绪识别","单选题","3.50","绝望｜崇拜｜怀旧｜兴奋｜自豪｜烦躁｜困惑｜冷静｜愁闷｜无奈","无奈","2","无奈","3","否","已作答","100.00","75.00","90.00","3.15","12.49","3"
"ZJ2026081672952FE1","2026-08-16 11:42:47","41.34","8","ITEM-00081","58","视频","情绪识别","多选题","4.50","羞耻｜困惑｜怀旧｜兴趣｜抑郁｜厌恶｜紧张｜快乐｜共情痛苦｜审美欣赏","审美欣赏","5","审美欣赏｜怀旧","5｜3","否","已作答","66.67","50.00","60.00","2.70","23.73","4"
"ZJ2026081672952FE1","2026-08-16 11:42:47","41.34","9","ITEM-00141","67","文本","情绪推理","多选题","4.50","惊讶｜惊喜｜绝望｜不屑｜满足｜蔑视｜内疚｜怀旧｜痛苦｜愤怒","愤怒","3","愤怒｜惊讶","4｜3","否","已作答","66.67","37.50","55.00","2.47","48.62","6"
"ZJ2026081672952FE1","2026-08-16 11:42:47","41.34","10","ITEM-00109","88","音频","情绪推理","多选题","4.50","困惑｜感激｜敌意｜抑郁｜厌倦｜兴趣｜委屈｜审美欣赏｜担忧｜冷静","厌倦","5","厌倦｜困惑","3｜3","否","已作答","66.67","25.00","50.00","2.25","47.46","4"
"ZJ2026081672952FE1","2026-08-16 11:42:47","41.34","11","ITEM-00076","78","音频","情绪识别","多选题","4.50","厌恶｜平静｜惊喜｜感激｜兴趣｜内疚｜羞耻｜烦躁｜怨恨｜悲伤","怨恨","5","羞耻｜烦躁","4｜5","否","已作答","0.00","0.00","0.00","0.00","31.07","4"
"ZJ2026081672952FE1","2026-08-16 11:42:47","41.34","12","ITEM-00051","93","图像","情绪识别","单选题","3.50","痛苦｜兴奋｜爱｜悲伤｜兴趣｜嫉妒｜快乐｜厌倦｜共情痛苦｜厌恶","厌恶","4","悲伤","4","否","已作答","0.00","0.00","0.00","0.00","15.05","5"
"ZJ2026081672952FE1","2026-08-16 11:42:47","41.34","13","ITEM-00073","107","图像","情绪识别","多选题","4.50","委屈｜担忧｜希望｜兴奋｜愁闷｜满足｜感动｜爱｜冷静｜敌意","感动","4","感动｜爱","5｜5","否","已作答","66.67","37.50","55.00","2.47","11.22","3"
"ZJ2026081672952FE1","2026-08-16 11:42:47","41.34","14","ITEM-00010","63","文本","情绪识别","多选题","4.50","释然｜共情痛苦｜紧张｜兴奋｜恐惧｜惊喜｜怀旧｜愤怒｜蔑视｜惊讶","惊喜","5","惊喜｜兴奋","4｜4","否","已作答","66.67","37.50","55.00","2.47","15.57","5"
"ZJ2026081672952FE1","2026-08-16 11:42:47","41.34","15","ITEM-00098","1","视频","情绪推理","多选题","4.50","快乐｜嫉妒｜兴奋｜抑郁｜好奇｜冷静｜感激｜自豪｜爱｜满足","自豪","2","感激｜自豪｜满足","4｜3｜4","否","已作答","50.00","25.00","40.00","1.80","46.32","5"
"ZJ2026081672952FE1","2026-08-16 11:42:47","41.34","16","ITEM-00045","2","音频","情绪识别","单选题","3.50","感动｜怨恨｜紧张｜兴奋｜痛苦｜自满｜渴望｜担忧｜厌倦｜轻松","担忧","4","紧张","3","否","已作答","0.00","0.00","0.00","0.00","38.11","4"
"ZJ2026081672952FE1","2026-08-16 11:42:47","41.34","17","ITEM-00017","10","视频","情绪识别","单选题","3.50","愤怒｜尴尬｜内疚｜愁闷｜自豪｜好奇｜悲伤｜渴望｜满足｜恐惧","愤怒","4","愤怒","5","否","已作答","100.00","75.00","90.00","3.15","57.45","3"
"ZJ2026081672952FE1","2026-08-16 11:42:47","41.34","18","ITEM-00080","65","视频","情绪推理","多选题","4.50","烦躁｜爱｜愉悦｜厌恶｜怀旧｜怨恨｜遗憾｜悲伤｜恐惧｜感动","悲伤","4","怀旧｜感动｜愉悦｜遗憾","5｜3｜3｜5","否","已作答","0.00","0.00","0.00","0.00","28.77","5"
"ZJ2026081672952FE1","2026-08-16 11:42:47","41.34","19","ITEM-00143","71","文本","情绪推理","单选题","3.50","不屑｜希望｜抑郁｜敌意｜感动｜轻松｜失望｜嫉妒｜蔑视｜震惊","蔑视","1","不屑","3","否","已作答","0.00","0.00","0.00","0.00","31.24","4"
"ZJ2026081672952FE1","2026-08-16 11:42:47","41.34","20","ITEM-00078","89","图像","情绪推理","多选题","4.50","厌恶｜轻松｜共情痛苦｜感激｜恐惧｜焦虑｜审美欣赏｜兴趣｜悲伤｜内疚","内疚｜焦虑｜恐惧","4｜5｜2","内疚｜悲伤","4｜3","否","已作答","40.00","50.00","44.00","1.98","37.26","9"
"ZJ2026081672952FE1","2026-08-16 11:42:47","41.34","21","ITEM-00086","79","音频","情绪推理","多选题","4.50","爱｜平静｜恐惧｜尴尬｜怀旧｜冷静｜厌倦｜感动｜烦躁｜愉悦","厌倦｜烦躁","2｜5","烦躁｜厌倦","4｜4","否","已作答","100.00","62.50","85.00","3.83","20.84","6"
"ZJ2026081672952FE1","2026-08-16 11:42:47","41.34","22","ITEM-00123","8","音频","情绪识别","单选题","3.50","遗憾｜冷静｜绝望｜担忧｜释然｜不屑｜兴奋｜厌恶｜快乐｜自满","绝望","5","绝望","4","是","已作答","100.00","75.00","90.00","3.15","27.91","6"
"ZJ2026081672952FE1","2026-08-16 11:42:47","41.34","23","ITEM-00088","81","视频","情绪识别","多选题","4.50","感激｜爱｜兴奋｜渴望｜困惑｜恐惧｜内疚｜尴尬｜快乐｜惊喜","爱｜兴奋｜快乐｜惊喜","4｜5｜3｜1","快乐｜惊喜｜兴奋｜爱","5｜5｜5｜5","是","已作答","100.00","56.25","82.50","3.71","39.28","12"
"ZJ2026081672952FE1","2026-08-16 11:42:47","41.34","24","ITEM-00004","62","视频","情绪推理","单选题","3.50","悲伤｜羞耻｜怀旧｜希望｜抑郁｜尴尬｜厌倦｜愉悦｜羡慕｜惊喜","尴尬","5","尴尬","3","否","已作答","100.00","50.00","80.00","2.80","24.68","4"
"ZJ20260816D1098BA7","2026-08-16 11:42:46","63.06","1","ITEM-00044","80","视频","情绪识别","多选题","4.50","冷静｜释然｜紧张｜羡慕｜绝望｜惊讶｜审美欣赏｜蔑视｜困惑｜自豪","紧张","5","紧张｜惊讶","4｜4","否","已作答","66.67","37.50","55.00","2.47","22.77","3"
"ZJ20260816D1098BA7","2026-08-16 11:42:46","63.06","2","ITEM-00074","121","文本","情绪识别","单选题","3.50","轻松｜怀旧｜蔑视｜崇拜｜自豪｜尴尬｜惊喜｜感激｜厌倦｜恐惧","自豪","4","自豪","5","否","已作答","100.00","75.00","90.00","3.15","19.14","4"
"ZJ20260816D1098BA7","2026-08-16 11:42:46","63.06","3","ITEM-00013","27","图像","情绪识别","单选题","3.50","不屑｜悲伤｜羞耻｜感激｜恐惧｜愤怒｜共情痛苦｜绝望｜敌意｜蔑视","愤怒","5","愤怒","5","否","已作答","100.00","100.00","100.00","3.50","13.98","4"
"ZJ20260816D1098BA7","2026-08-16 11:42:46","63.06","4","ITEM-00129","103","图像","情绪识别","多选题","4.50","自满｜敌意｜兴奋｜烦躁｜遗憾｜恐惧｜不屑｜渴望｜释然｜内疚","兴奋","4","不屑｜敌意","5｜3","否","已作答","0.00","0.00","0.00","0.00","10.40","3"
"ZJ20260816D1098BA7","2026-08-16 11:42:46","63.06","5","ITEM-00070","119","文本","情绪识别","多选题","4.50","平静｜兴趣｜遗憾｜困惑｜烦躁｜爱｜担忧｜悲伤｜快乐｜痛苦","困惑","4","困惑｜痛苦","4｜5","否","已作答","66.67","50.00","60.00","2.70","19.93","3"
"ZJ20260816D1098BA7","2026-08-16 11:42:46","63.06","6","ITEM-00146","118","文本","情绪识别","多选题","4.50","平静｜遗憾｜烦躁｜嫉妒｜希望｜满足｜失望｜好奇｜自豪｜羞耻","烦躁｜失望","5｜4","烦躁｜失望","4｜4","否","已作答","100.00","87.50","95.00","4.28","34.24","6"
"ZJ20260816D1098BA7","2026-08-16 11:42:46","63.06","7","ITEM-00092","66","音频","情绪识别","多选题","4.50","自豪｜渴望｜痛苦｜内疚｜蔑视｜悲伤｜嫉妒｜厌恶｜羡慕｜怨恨","痛苦｜内疚｜悲伤","5｜4｜5","内疚｜痛苦｜悲伤","5｜5｜5","否","已作答","100.00","91.67","96.67","4.35","42.57","7"
"ZJ20260816D1098BA7","2026-08-16 11:42:46","63.06","8","ITEM-00009","7","音频","情绪识别","单选题","3.50","惊喜｜感激｜痛苦｜紧张｜烦躁｜震惊｜内疚｜不屑｜敌意｜怀旧","惊喜","4","紧张","2","否","已作答","0.00","0.00","0.00","0.00","19.66","3"
"ZJ20260816D1098BA7","2026-08-16 11:42:46","63.06","9","ITEM-00102","57","视频","情绪推理","多选题","4.50","紧张｜释然｜愉悦｜震惊｜担忧｜绝望｜烦躁｜愤怒｜满足｜嫉妒","烦躁｜担忧｜愤怒","5｜4｜4","愤怒｜烦躁","5｜5","否","已作答","80.00","87.50","83.00","3.73","30.13","9"
"ZJ20260816D1098BA7","2026-08-16 11:42:46","63.06","10","ITEM-00108","59","音频","情绪推理","多选题","4.50","震惊｜蔑视｜抑郁｜释然｜内疚｜不屑｜兴奋｜痛苦｜愉悦｜冷静","抑郁｜痛苦","4｜5","痛苦｜抑郁","4｜4","否","已作答","100.00","87.50","95.00","4.28","22.95","5"
"ZJ20260816D1098BA7","2026-08-16 11:42:46","63.06","11","ITEM-00139","37","图像","情绪推理","多选题","4.50","羡慕｜敬畏｜绝望｜内疚｜愤怒｜好奇｜焦虑｜紧张｜怀旧｜遗憾","敬畏｜紧张","5｜4","焦虑｜敬畏","3｜4","否","已作答","50.00","37.50","45.00","2.02","14.94","5"
"ZJ20260816D1098BA7","2026-08-16 11:42:46","63.06","12","ITEM-00149","60","视频","情绪推理","单选题","2.50","愤怒｜释然｜担忧｜不屑｜厌恶｜惊喜｜感动｜满足｜共情痛苦｜羞耻","担忧","4","担忧","4","否","已作答","100.00","100.00","100.00","2.50","29.03","3"
"ZJ20260816D1098BA7","2026-08-16 11:42:46","63.06","13","ITEM-00012","26","图像","情绪识别","单选题","3.50","兴奋｜满足｜羞耻｜不屑｜羡慕｜绝望｜烦躁｜愤怒｜愉悦｜尴尬","愤怒","4","愤怒","4","否","已作答","100.00","100.00","100.00","3.50","18.68","6"
"ZJ20260816D1098BA7","2026-08-16 11:42:46","63.06","14","ITEM-00055","98","图像","情绪识别","多选题","4.50","怨恨｜不屑｜快乐｜惊讶｜崇拜｜失望｜愉悦｜兴奋｜自满｜轻松","快乐","5","兴奋｜轻松｜愉悦｜快乐","5｜5｜5｜5","否","已作答","40.00","25.00","34.00","1.53","9.31","3"
"ZJ20260816D1098BA7","2026-08-16 11:42:46","63.06","15","ITEM-00020","13","视频","情绪识别","单选题","3.50","悲伤｜尴尬｜审美欣赏｜惊讶｜释然｜绝望｜感激｜快乐｜烦躁｜焦虑","尴尬","5","尴尬","3","否","已作答","100.00","50.00","80.00","2.80","28.76","3"
"ZJ20260816D1098BA7","2026-08-16 11:42:46","63.06","16","ITEM-00098","1","视频","情绪推理","多选题","4.50","自豪｜希望｜满足｜平静｜烦躁｜感动｜自满｜感激｜失望｜痛苦","自豪","4","感激｜自豪｜满足","4｜3｜4","否","已作答","50.00","25.00","40.00","1.80","18.31","3"
"ZJ20260816D1098BA7","2026-08-16 11:42:46","63.06","17","ITEM-00109","88","音频","情绪推理","多选题","4.50","愉悦｜失望｜兴奋｜愁闷｜厌恶｜羡慕｜厌倦｜担忧｜困惑｜怨恨","厌恶｜愁闷","4｜5","厌倦｜困惑","3｜3","否","已作答","0.00","0.00","0.00","0.00","77.65","5"
"ZJ20260816D1098BA7","2026-08-16 11:42:46","63.06","18","ITEM-00048","2","音频","情绪识别","单选题","3.50","厌倦｜蔑视｜悲伤｜怨恨｜内疚｜惊讶｜焦虑｜满足｜愤怒｜敌意","愤怒","5","愤怒","5","否","已作答","100.00","100.00","100.00","3.50","24.30","3"
"ZJ20260816D1098BA7","2026-08-16 11:42:46","63.06","19","ITEM-00135","68","文本","情绪识别","多选题","4.50","审美欣赏｜失望｜震惊｜不屑｜委屈｜内疚｜抑郁｜惊吓｜困惑｜蔑视","失望｜委屈｜蔑视","4｜4｜5","不屑｜惊吓","5｜4","否","已作答","0.00","0.00","0.00","0.00","20.57","7"
"ZJ20260816D1098BA7","2026-08-16 11:42:46","63.06","20","ITEM-00073","107","图像","情绪识别","多选题","4.50","轻松｜厌倦｜冷静｜爱｜感动｜共情痛苦｜不屑｜紧张｜焦虑｜感激","感动｜感激","5｜4","感动｜爱","5｜5","否","已作答","50.00","50.00","50.00","2.25","16.05","7"
"ZJ20260816D1098BA7","2026-08-16 11:42:46","63.06","21","ITEM-00140","63","文本","情绪推理","多选题","4.50","厌倦｜轻松｜渴望｜抑郁｜兴奋｜惊喜｜震惊｜羞耻｜绝望｜兴趣","兴奋｜惊喜｜兴趣","4｜5｜5","惊喜｜兴奋","4｜4","否","已作答","80.00","87.50","83.00","3.73","20.62","8"
"ZJ20260816D1098BA7","2026-08-16 11:42:46","63.06","22","ITEM-00104","23","文本","情绪推理","单选题","3.50","轻松｜冷静｜惊喜｜紧张｜厌恶｜渴望｜遗憾｜感激｜兴奋｜悲伤","兴奋","5","兴奋","5","否","已作答","100.00","100.00","100.00","3.50","25.52","5"
"ZJ20260816D1098BA7","2026-08-16 11:42:46","63.06","23","ITEM-00090","56","音频","情绪识别","多选题","4.50","希望｜惊讶｜满足｜惊喜｜失望｜怨恨｜嫉妒｜感动｜困惑｜羡慕","失望｜怨恨","5｜4","怨恨｜失望","5｜5","否","已作答","100.00","87.50","95.00","4.28","18.14","5"
"ZJ20260816D1098BA7","2026-08-16 11:42:46","63.06","24","ITEM-00087","77","视频","情绪识别","多选题","4.50","尴尬｜平静｜爱｜惊喜｜羡慕｜恐惧｜不屑｜快乐｜嫉妒｜兴奋","爱｜惊喜｜快乐","4｜3｜5","兴奋｜爱｜惊喜","5｜5｜5","是","已作答","66.67","41.67","56.67","2.55","47.14","8"
"ZJ202608169C400826","2026-08-16 11:42:44","46.94","1","ITEM-00042","61","视频","情绪识别","多选题","4.50","羡慕｜委屈｜感激｜羞耻｜绝望｜兴趣｜悲伤｜爱｜痛苦｜恐惧","悲伤","4","委屈｜悲伤","3｜3","否","已作答","66.67","37.50","55.00","2.47","93.32","11"
"ZJ202608169C400826","2026-08-16 11:42:44","46.94","2","ITEM-00058","102","图像","情绪识别","多选题","4.50","惊喜｜紧张｜自豪｜痛苦｜担忧｜感动｜失望｜愉悦｜遗憾｜羞耻","遗憾｜惊喜","3｜4","感动｜愉悦","4｜4","否","已作答","0.00","0.00","0.00","0.00","51.94","4"
"ZJ202608169C400826","2026-08-16 11:42:44","46.94","3","ITEM-00094","88","音频","情绪识别","多选题","4.50","感动｜厌倦｜厌恶｜渴望｜共情痛苦｜遗憾｜兴趣｜爱｜困惑｜焦虑","兴趣","4","渴望｜兴趣","4｜5","否","已作答","66.67","37.50","55.00","2.47","95.82","4"
"ZJ202608169C400826","2026-08-16 11:42:44","46.94","4","ITEM-00132","37","图像","情绪识别","多选题","4.50","兴趣｜愤怒｜轻松｜恭敬｜烦躁｜平静｜爱｜满足｜自满｜愉悦","恭敬｜烦躁","5｜4","平静｜恭敬","5｜5","否","已作答","50.00","50.00","50.00","2.25","17.07","5"
"ZJ202608169C400826","2026-08-16 11:42:44","46.94","5","ITEM-00117","47","图像","情绪识别","单选题","3.50","痛苦｜抑郁｜紧张｜希望｜自满｜怨恨｜愉悦｜焦虑｜崇拜｜惊讶","怨恨","5","焦虑","4","否","已作答","0.00","0.00","0.00","0.00","35.94","7"
"ZJ202608169C400826","2026-08-16 11:42:44","46.94","6","ITEM-00146","118","文本","情绪识别","多选题","4.50","震惊｜失望｜惊讶｜烦躁｜冷静｜满足｜快乐｜蔑视｜希望｜担忧","烦躁｜失望","5｜3","烦躁｜失望","4｜4","否","已作答","100.00","75.00","90.00","4.05","27.44","6"
"ZJ202608169C400826","2026-08-16 11:42:44","46.94","7","ITEM-00023","55","视频","情绪识别","单选题","3.50","敌意｜惊讶｜爱｜不屑｜蔑视｜恐惧｜遗憾｜厌倦｜好奇｜厌恶","敌意","4","敌意","4","是","已作答","100.00","100.00","100.00","3.50","63.89","4"
"ZJ202608169C400826","2026-08-16 11:42:44","46.94","8","ITEM-00069","117","文本","情绪识别","多选题","4.50","释然｜好奇｜怀旧｜震惊｜爱｜敌意｜感激｜审美欣赏｜遗憾｜愉悦","怀旧｜愉悦","4｜3","感激｜爱｜愉悦","4｜4｜5","否","已作答","40.00","16.67","30.67","1.38","21.91","4"
"ZJ202608169C400826","2026-08-16 11:42:44","46.94","9","ITEM-00006","28","图像","情绪识别","单选题","3.50","冷静｜兴趣｜失望｜嫉妒｜紧张｜绝望｜快乐｜渴望｜恐惧｜羡慕","紧张","4","紧张","3","否","已作答","100.00","75.00","90.00","3.15","33.74","6"
"ZJ202608169C400826","2026-08-16 11:42:44","46.94","10","ITEM-00110","59","文本","情绪推理","多选题","4.50","不屑｜绝望｜兴奋｜羞耻｜自满｜共情痛苦｜痛苦｜惊喜｜抑郁｜冷静","冷静","5","痛苦｜抑郁","4｜4","否","已作答","0.00","0.00","0.00","0.00","21.27","3"
"ZJ202608169C400826","2026-08-16 11:42:44","46.94","11","ITEM-00086","79","音频","情绪推理","多选题","4.50","尴尬｜厌倦｜烦躁｜惊讶｜愉悦｜不屑｜爱｜紧张｜平静｜悲伤","烦躁","5","烦躁｜厌倦","4｜4","否","已作答","66.67","37.50","55.00","2.47","35.51","5"
"ZJ202608169C400826","2026-08-16 11:42:44","46.94","12","ITEM-00129","103","图像","情绪识别","多选题","4.50","愉悦｜担忧｜痛苦｜好奇｜兴趣｜困惑｜兴奋｜敌意｜不屑｜自豪","不屑｜兴趣","5｜4","不屑｜敌意","5｜3","否","已作答","50.00","50.00","50.00","2.25","18.39","8"
"ZJ202608169C400826","2026-08-16 11:42:44","46.94","13","ITEM-00104","23","文本","情绪推理","单选题","3.50","兴奋｜感激｜怀旧｜遗憾｜痛苦｜惊讶｜蔑视｜感动｜尴尬｜失望","兴奋","5","兴奋","5","否","已作答","100.00","100.00","100.00","3.50","29.23","3"
"ZJ202608169C400826","2026-08-16 11:42:44","46.94","14","ITEM-00045","2","音频","情绪识别","单选题","3.50","不屑｜紧张｜惊讶｜自豪｜愁闷｜震惊｜厌倦｜抑郁｜感激｜兴趣","不屑","5","紧张","3","否","已作答","0.00","0.00","0.00","0.00","49.44","6"
"ZJ202608169C400826","2026-08-16 11:42:44","46.94","15","ITEM-00070","119","文本","情绪识别","多选题","4.50","悲伤｜痛苦｜释然｜烦躁｜困惑｜内疚｜爱｜轻松｜嫉妒｜平静","悲伤｜痛苦｜困惑","5｜4｜3","困惑｜痛苦","4｜5","否","已作答","80.00","75.00","78.00","3.51","19.03","6"
"ZJ202608169C400826","2026-08-16 11:42:44","46.94","16","ITEM-00076","78","音频","情绪识别","多选题","4.50","崇拜｜愉悦｜爱｜希望｜烦躁｜震惊｜轻松｜尴尬｜绝望｜羞耻","烦躁","4","羞耻｜烦躁","4｜5","否","已作答","66.67","37.50","55.00","2.47","30.30","3"
"ZJ202608169C400826","2026-08-16 11:42:44","46.94","17","ITEM-00107","81","视频","情绪推理","多选题","4.50","痛苦｜震惊｜满足｜崇拜｜焦虑｜感动｜快乐｜兴奋｜爱｜敌意","快乐｜兴奋","5｜5","快乐｜满足｜感动","5｜5｜5","否","已作答","40.00","33.33","37.33","1.68","29.29","9"
"ZJ202608169C400826","2026-08-16 11:42:44","46.94","18","ITEM-00041","54","文本","情绪识别","单选题","3.50","抑郁｜惊讶｜内疚｜自满｜希望｜绝望｜烦躁｜遗憾｜崇拜｜冷静","遗憾","4","自满","4","否","已作答","0.00","0.00","0.00","0.00","12.23","3"
"ZJ202608169C400826","2026-08-16 11:42:44","46.94","19","ITEM-00002","6","视频","情绪推理","单选题","3.50","羡慕｜兴奋｜愤怒｜不屑｜平静｜冷静｜担忧｜惊喜｜感激｜感动","平静","5","感动","3","否","已作答","0.00","0.00","0.00","0.00","42.33","4"
"ZJ202608169C400826","2026-08-16 11:42:44","46.94","20","ITEM-00049","17","音频","情绪识别","单选题","3.50","感激｜敌意｜感动｜爱｜委屈｜自满｜担忧｜震惊｜厌恶｜内疚","敌意","4","敌意","4","是","已作答","100.00","100.00","100.00","3.50","67.65","6"
"ZJ202608169C400826","2026-08-16 11:42:44","46.94","21","ITEM-00078","89","图像","情绪推理","多选题","4.50","烦躁｜震惊｜自满｜希望｜绝望｜悲伤｜内疚｜兴奋｜惊喜｜审美欣赏","悲伤","3","内疚｜悲伤","4｜3","否","已作答","66.67","50.00","60.00","2.70","17.45","2"
"ZJ202608169C400826","2026-08-16 11:42:44","46.94","22","ITEM-00138","22","音频","情绪推理","多选题","4.50","好奇｜可惜｜绝望｜快乐｜悲伤｜惊喜｜自豪｜不屑｜平静｜恐惧","悲伤","4","不屑｜可惜","4｜3","否","已作答","0.00","0.00","0.00","0.00","74.94","3"
"ZJ202608169C400826","2026-08-16 11:42:44","46.94","23","ITEM-00080","65","视频","情绪推理","多选题","4.50","失望｜恐惧｜怀旧｜委屈｜惊讶｜感动｜渴望｜愉悦｜遗憾｜平静","怀旧｜遗憾","5｜2","怀旧｜感动｜愉悦｜遗憾","5｜3｜3｜5","未填写","已作答","66.67","31.25","52.50","2.36","47.72","6"
"ZJ202608169C400826","2026-08-16 11:42:44","46.94","24","ITEM-00089","84","视频","情绪识别","多选题","4.50","兴奋｜同情｜不屑｜绝望｜惊讶｜担忧｜自豪｜羡慕｜快乐｜悲伤","担忧｜悲伤","4｜5","担忧｜同情｜悲伤","5｜4｜5","否","已作答","80.00","58.33","71.33","3.21","52.80","5"
"ZJ20260816D3140A3C","2026-08-16 11:42:28","63.35","1","ITEM-00135","68","文本","情绪识别","多选题","4.50","绝望｜厌倦｜羞耻｜失望｜抑郁｜厌恶｜崇拜｜不屑｜委屈｜惊吓","羞耻｜失望｜厌恶｜不屑","4｜5｜4｜5","不屑｜惊吓","5｜4","否","已作答","33.33","50.00","40.00","1.80","22.43","10"
"ZJ20260816D3140A3C","2026-08-16 11:42:28","63.35","2","ITEM-00057","23","音频","情绪识别","单选题","3.50","痛苦｜爱｜自豪｜不屑｜渴望｜惊喜｜敌意｜遗憾｜尴尬｜悲伤","惊喜","5","惊喜","5","否","已作答","100.00","100.00","100.00","3.50","13.22","4"
"ZJ20260816D3140A3C","2026-08-16 11:42:28","63.35","3","ITEM-00042","61","视频","情绪识别","多选题","4.50","羡慕｜震惊｜怨恨｜愤怒｜担忧｜希望｜兴趣｜悲伤｜委屈｜羞耻","震惊｜担忧｜悲伤｜委屈","4｜5｜4｜4","委屈｜悲伤","3｜3","否","已作答","66.67","75.00","70.00","3.15","18.15","9"
"ZJ20260816D3140A3C","2026-08-16 11:42:28","63.35","4","ITEM-00096","74","文本","情绪识别","多选题","4.50","兴趣｜紧张｜蔑视｜敌意｜审美欣赏｜爱｜平静｜遗憾｜愉悦｜快乐","兴趣｜平静｜愉悦｜爱｜快乐","5｜5｜4｜5｜4","审美欣赏｜愉悦","5｜5","否","已作答","28.57","37.50","32.14","1.45","16.88","11"
"ZJ20260816D3140A3C","2026-08-16 11:42:28","63.35","5","ITEM-00117","47","图像","情绪识别","单选题","3.50","自豪｜嫉妒｜不屑｜焦虑｜好奇｜烦躁｜羡慕｜厌恶｜怨恨｜紧张","怨恨","5","焦虑","4","否","已作答","0.00","0.00","0.00","0.00","10.03","3"
"ZJ20260816D3140A3C","2026-08-16 11:42:28","63.35","6","ITEM-00143","71","文本","情绪推理","单选题","3.50","担忧｜共情痛苦｜紧张｜不屑｜感动｜审美欣赏｜内疚｜感激｜自满｜爱","不屑","5","不屑","3","否","已作答","100.00","50.00","80.00","2.80","21.08","4"
"ZJ20260816D3140A3C","2026-08-16 11:42:28","63.35","7","ITEM-00093","75","音频","情绪识别","多选题","4.50","羡慕｜委屈｜渴望｜兴奋｜悲伤｜审美欣赏｜怨恨｜共情痛苦｜烦躁｜尴尬","委屈｜悲伤｜怨恨","4｜5｜4","委屈｜悲伤","5｜5","否","已作答","80.00","87.50","83.00","3.73","16.68","9"
"ZJ20260816D3140A3C","2026-08-16 11:42:28","63.35","8","ITEM-00131","115","图像","情绪识别","多选题","4.50","共情痛苦｜失望｜兴奋｜厌倦｜紧张｜不屑｜烦躁｜愉悦｜自满｜渴望","兴奋｜愉悦｜渴望｜自满","4｜5｜4｜4","兴奋｜愉悦","3｜4","否","已作答","66.67","75.00","70.00","3.15","11.13","9"
"ZJ20260816D3140A3C","2026-08-16 11:42:28","63.35","9","ITEM-00009","7","音频","情绪识别","单选题","3.50","好奇｜愉悦｜感激｜厌恶｜厌倦｜兴趣｜紧张｜内疚｜爱｜嫉妒","紧张","4","紧张","2","否","已作答","100.00","50.00","80.00","2.80","14.87","7"
"ZJ20260816D3140A3C","2026-08-16 11:42:28","63.35","10","ITEM-00050","92","图像","情绪识别","多选题","4.50","怨恨｜羞耻｜满足｜尴尬｜敌意｜愁闷｜烦躁｜困惑｜惊喜｜快乐","愁闷｜怨恨｜羞耻｜敌意","4｜5｜4｜5","敌意｜怨恨","5｜5","否","已作答","66.67","100.00","80.00","3.60","17.54","10"
"ZJ20260816D3140A3C","2026-08-16 11:42:28","63.35","11","ITEM-00084","78","音频","情绪推理","多选题","4.50","羞耻｜悲伤｜愤怒｜羡慕｜满足｜担忧｜渴望｜烦躁｜焦虑｜失望","烦躁｜焦虑｜失望｜羞耻｜愤怒","5｜4｜5｜4｜5","羞耻｜烦躁","4｜5","否","已作答","57.14","100.00","74.29","3.34","30.02","14"
"ZJ20260816D3140A3C","2026-08-16 11:42:28","63.35","12","ITEM-00098","1","视频","情绪推理","多选题","4.50","爱｜愤怒｜焦虑｜快乐｜自豪｜感激｜怨恨｜兴趣｜满足｜羡慕","爱｜快乐｜自豪｜兴趣｜满足","4｜5｜4｜5｜4","感激｜自豪｜满足","4｜3｜4","是","已作答","50.00","58.33","53.33","2.40","35.36","13"
"ZJ20260816D3140A3C","2026-08-16 11:42:28","63.35","13","ITEM-00108","59","音频","情绪推理","多选题","4.50","愁闷｜痛苦｜渴望｜抑郁｜愤怒｜感动｜失望｜惊讶｜爱｜恐惧","爱｜愁闷｜恐惧｜感动｜惊讶","5｜4｜4｜4｜1","痛苦｜抑郁","4｜4","否","已作答","0.00","0.00","0.00","0.00","31.24","12"
"ZJ20260816D3140A3C","2026-08-16 11:42:28","63.35","14","ITEM-00141","67","文本","情绪推理","多选题","4.50","愤怒｜自豪｜满足｜敌意｜蔑视｜焦虑｜惊讶｜羞耻｜惊喜｜嫉妒","敌意｜惊讶｜羞耻","5｜4｜4","愤怒｜惊讶","4｜3","否","已作答","40.00","37.50","39.00","1.75","24.46","13"
"ZJ20260816D3140A3C","2026-08-16 11:42:28","63.35","15","ITEM-00087","77","视频","情绪识别","多选题","4.50","崇拜｜共情痛苦｜平静｜惊喜｜恐惧｜爱｜快乐｜希望｜兴奋｜羡慕","崇拜｜惊喜｜爱｜快乐｜兴奋","4｜4｜5｜4｜5","兴奋｜爱｜惊喜","5｜5｜5","否","已作答","75.00","91.67","81.67","3.67","27.60","11"
"ZJ20260816D3140A3C","2026-08-16 11:42:28","63.35","16","ITEM-00145","69","音频","情绪识别","多选题","4.50","蔑视｜自满｜委屈｜震惊｜惊讶｜愤怒｜愉悦｜愁闷｜失望｜共情痛苦","震惊｜惊讶｜愤怒｜失望","4｜5｜4｜4","愤怒｜震惊","4｜3","否","已作答","66.67","87.50","75.00","3.38","24.43","11"
"ZJ20260816D3140A3C","2026-08-16 11:42:28","63.35","17","ITEM-00052","94","图像","情绪识别","多选题","4.50","轻松｜困惑｜冷静｜委屈｜痛苦｜绝望｜震惊｜紧张｜平静｜愤怒","委屈｜痛苦｜震惊｜绝望｜愤怒","5｜4｜5｜5｜5","绝望｜痛苦｜委屈","5｜5｜4","否","已作答","75.00","83.33","78.33","3.53","14.23","13"
"ZJ20260816D3140A3C","2026-08-16 11:42:28","63.35","18","ITEM-00020","13","视频","情绪识别","单选题","3.50","轻松｜绝望｜内疚｜好奇｜敌意｜崇拜｜遗憾｜尴尬｜爱｜快乐","尴尬","5","尴尬","3","是","已作答","100.00","50.00","80.00","2.80","23.39","8"
"ZJ20260816D3140A3C","2026-08-16 11:42:28","63.35","19","ITEM-00080","65","视频","情绪推理","多选题","4.50","厌恶｜怀旧｜愉悦｜遗憾｜担忧｜感动｜震惊｜兴趣｜轻松｜嫉妒","怀旧｜遗憾","4｜5","怀旧｜感动｜愉悦｜遗憾","5｜3｜3｜5","否","已作答","66.67","43.75","57.50","2.59","17.45","5"
"ZJ20260816D3140A3C","2026-08-16 11:42:28","63.35","20","ITEM-00149","60","视频","情绪推理","单选题","2.50","烦躁｜抑郁｜嫉妒｜爱｜共情痛苦｜不屑｜担忧｜恐惧｜愉悦｜怀旧","担忧","5","担忧","4","否","已作答","100.00","75.00","90.00","2.25","21.46","3"
"ZJ20260816D3140A3C","2026-08-16 11:42:28","63.35","21","ITEM-00074","121","文本","情绪识别","单选题","3.50","好奇｜担忧｜嫉妒｜愤怒｜紧张｜共情痛苦｜自豪｜兴趣｜希望｜尴尬","自豪","5","自豪","5","否","已作答","100.00","100.00","100.00","3.50","12.74","3"
"ZJ20260816D3140A3C","2026-08-16 11:42:28","63.35","22","ITEM-00146","118","文本","情绪识别","多选题","4.50","嫉妒｜愤怒｜释然｜困惑｜敌意｜烦躁｜失望｜抑郁｜满足｜担忧","愤怒｜敌意｜失望｜烦躁","5｜4｜5｜4","烦躁｜失望","4｜4","否","已作答","66.67","87.50","75.00","3.38","20.37","11"
"ZJ20260816D3140A3C","2026-08-16 11:42:28","63.35","23","ITEM-00006","28","图像","情绪识别","单选题","3.50","惊喜｜满足｜痛苦｜惊讶｜焦虑｜震惊｜崇拜｜愤怒｜不屑｜紧张","紧张","5","紧张","3","否","已作答","100.00","50.00","80.00","2.80","11.95","3"
"ZJ20260816D3140A3C","2026-08-16 11:42:28","63.35","24","ITEM-00078","89","图像","情绪推理","多选题","4.50","委屈｜厌恶｜感动｜内疚｜震惊｜紧张｜抑郁｜兴奋｜悲伤｜惊喜","委屈｜厌恶｜紧张｜悲伤","5｜4｜5｜5","内疚｜悲伤","4｜3","否","已作答","33.33","25.00","30.00","1.35","13.98","11"
"ZJ202608169355F2BD","2026-08-16 11:41:43","45.04","1","ITEM-00068","116","文本","情绪识别","多选题","4.50","不屑｜崇拜｜痛苦｜怀旧｜委屈｜轻松｜爱｜怨恨｜嫉妒｜厌恶","怨恨","4","厌恶｜不屑","4｜4","否","已作答","0.00","0.00","0.00","0.00","24.16","3"
"ZJ202608169355F2BD","2026-08-16 11:41:43","45.04","2","ITEM-00086","79","音频","情绪推理","多选题","4.50","崇拜｜焦虑｜感激｜绝望｜渴望｜蔑视｜烦躁｜审美欣赏｜怨恨｜厌倦","烦躁","4","烦躁｜厌倦","4｜4","是","已作答","66.67","50.00","60.00","2.70","22.11","3"
"ZJ202608169355F2BD","2026-08-16 11:41:43","45.04","3","ITEM-00108","59","音频","情绪推理","多选题","4.50","渴望｜痛苦｜审美欣赏｜委屈｜兴趣｜愉悦｜不屑｜抑郁｜厌倦｜共情痛苦","痛苦","4","痛苦｜抑郁","4｜4","否","已作答","66.67","50.00","60.00","2.70","15.89","3"
"ZJ202608169355F2BD","2026-08-16 11:41:43","45.04","4","ITEM-00141","67","文本","情绪推理","多选题","4.50","审美欣赏｜满足｜敌意｜惊讶｜羡慕｜兴趣｜紧张｜感动｜委屈｜愤怒","敌意","4","愤怒｜惊讶","4｜3","否","已作答","0.00","0.00","0.00","0.00","35.22","3"
"ZJ202608169355F2BD","2026-08-16 11:41:43","45.04","5","ITEM-00005","70","视频","情绪识别","单选题","3.50","崇拜｜感动｜愁闷｜焦虑｜恐惧｜嫉妒｜好奇｜渴望｜愉悦｜审美欣赏","渴望","4","审美欣赏","5","是","已作答","0.00","0.00","0.00","0.00","31.20","6"
"ZJ202608169355F2BD","2026-08-16 11:41:43","45.04","6","ITEM-00078","89","图像","情绪推理","多选题","4.50","悲伤｜敌意｜烦躁｜绝望｜抑郁｜轻松｜内疚｜不屑｜满足｜愁闷","悲伤","4","内疚｜悲伤","4｜3","否","已作答","66.67","37.50","55.00","2.47","14.04","3"
"ZJ202608169355F2BD","2026-08-16 11:41:43","45.04","7","ITEM-00007","29","图像","情绪识别","单选题","3.50","敌意｜惊讶｜厌恶｜遗憾｜共情痛苦｜怀旧｜抑郁｜紧张｜惊喜｜轻松","共情痛苦","4","惊讶","3","是","已作答","0.00","0.00","0.00","0.00","14.59","3"
"ZJ202608169355F2BD","2026-08-16 11:41:43","45.04","8","ITEM-00064","111","图像","情绪识别","多选题","4.50","审美欣赏｜尴尬｜释然｜愉悦｜怨恨｜困惑｜快乐｜焦虑｜悲伤｜希望","愉悦","3","释然｜愉悦","3｜5","否","已作答","66.67","25.00","50.00","2.25","11.58","2"
"ZJ202608169355F2BD","2026-08-16 11:41:43","45.04","9","ITEM-00130","104","图像","情绪识别","多选题","4.50","释然｜紧张｜震惊｜恐惧｜愤怒｜快乐｜羞耻｜担忧｜轻松｜冷静","震惊","4","愤怒｜震惊","5｜4","是","已作答","66.67","50.00","60.00","2.70","11.23","3"
"ZJ202608169355F2BD","2026-08-16 11:41:43","45.04","10","ITEM-00101","55","视频","情绪推理","多选题","4.50","平静｜感动｜惊讶｜不屑｜烦躁｜尴尬｜羡慕｜释然｜困惑｜羞耻","不屑","3","尴尬｜困惑","4｜4","否","已作答","0.00","0.00","0.00","0.00","44.75","4"
"ZJ202608169355F2BD","2026-08-16 11:41:43","45.04","11","ITEM-00048","2","音频","情绪识别","单选题","3.50","内疚｜烦躁｜失望｜悲伤｜崇拜｜愤怒｜爱｜厌恶｜释然｜冷静","愤怒","4","愤怒","5","否","已作答","100.00","75.00","90.00","3.15","27.76","3"
"ZJ202608169355F2BD","2026-08-16 11:41:43","45.04","12","ITEM-00069","117","文本","情绪识别","多选题","4.50","内疚｜紧张｜焦虑｜感激｜希望｜感动｜愉悦｜自满｜羞耻｜爱","愉悦｜爱","4｜5","感激｜爱｜愉悦","4｜4｜5","否","已作答","80.00","50.00","68.00","3.06","18.72","6"
"ZJ202608169355F2BD","2026-08-16 11:41:43","45.04","13","ITEM-00076","78","音频","情绪识别","多选题","4.50","惊讶｜烦躁｜羞耻｜嫉妒｜震惊｜委屈｜怀旧｜遗憾｜审美欣赏｜释然","震惊","4","羞耻｜烦躁","4｜5","否","已作答","0.00","0.00","0.00","0.00","24.25","3"
"ZJ202608169355F2BD","2026-08-16 11:41:43","45.04","14","ITEM-00042","61","视频","情绪识别","多选题","4.50","委屈｜蔑视｜悲伤｜惊喜｜失望｜满足｜遗憾｜震惊｜审美欣赏｜厌倦","失望","4","委屈｜悲伤","3｜3","否","已作答","0.00","0.00","0.00","0.00","23.34","6"
"ZJ202608169355F2BD","2026-08-16 11:41:43","45.04","15","ITEM-00012","26","图像","情绪识别","单选题","3.50","自满｜绝望｜遗憾｜兴趣｜自豪｜冷静｜愁闷｜不屑｜尴尬｜愤怒","愤怒","2","愤怒","4","否","已作答","100.00","50.00","80.00","2.80","10.39","3"
"ZJ202608169355F2BD","2026-08-16 11:41:43","45.04","16","ITEM-00149","60","视频","情绪推理","单选题","2.50","抑郁｜轻松｜烦躁｜平静｜愁闷｜不屑｜担忧｜怨恨｜厌倦｜紧张","愁闷","3","担忧","4","否","已作答","0.00","0.00","0.00","0.00","32.35","2"
"ZJ202608169355F2BD","2026-08-16 11:41:43","45.04","17","ITEM-00082","72","视频","情绪识别","多选题","4.50","愁闷｜快乐｜烦躁｜绝望｜厌倦｜厌恶｜焦虑｜释然｜怨恨｜紧张","紧张","3","焦虑｜紧张","4｜5","否","已作答","66.67","25.00","50.00","2.25","50.33","2"
"ZJ202608169355F2BD","2026-08-16 11:41:43","45.04","18","ITEM-00075","108","图像","情绪识别","多选题","4.50","惊喜｜自满｜失望｜不屑｜抑郁｜愁闷｜内疚｜愤怒｜爱｜震惊","愤怒","3","震惊｜愤怒","5｜5","否","已作答","66.67","25.00","50.00","2.25","9.60","2"
"ZJ202608169355F2BD","2026-08-16 11:41:43","45.04","19","ITEM-00144","118","文本","情绪推理","单选题","3.50","满足｜愁闷｜崇拜｜怀旧｜敌意｜蔑视｜失望｜焦虑｜愉悦｜恐惧","失望","3","失望","4","否","已作答","100.00","75.00","90.00","3.15","21.20","2"
"ZJ202608169355F2BD","2026-08-16 11:41:43","45.04","20","ITEM-00094","88","音频","情绪识别","多选题","4.50","失望｜自豪｜紧张｜兴趣｜轻松｜感动｜内疚｜渴望｜羞耻｜悲伤","轻松","3","渴望｜兴趣","4｜5","否","已作答","0.00","0.00","0.00","0.00","19.26","2"
"ZJ202608169355F2BD","2026-08-16 11:41:43","45.04","21","ITEM-00124","22","音频","情绪识别","单选题","3.50","满足｜尴尬｜委屈｜羞耻｜烦躁｜释然｜焦虑｜愤怒｜兴奋｜不屑","释然","3","释然","3","否","已作答","100.00","100.00","100.00","3.50","16.58","2"
"ZJ202608169355F2BD","2026-08-16 11:41:43","45.04","22","ITEM-00060","18","文本","情绪识别","单选题","3.50","爱｜惊讶｜震惊｜悲伤｜不屑｜感激｜审美欣赏｜满足｜困惑｜共情痛苦","感激","3","感激","3","否","已作答","100.00","100.00","100.00","3.50","21.23","2"
"ZJ202608169355F2BD","2026-08-16 11:41:43","45.04","23","ITEM-00010","63","文本","情绪识别","多选题","4.50","兴奋｜轻松｜惊讶｜遗憾｜厌恶｜紧张｜嫉妒｜抑郁｜愤怒｜惊喜","兴奋｜惊喜","3｜5","惊喜｜兴奋","4｜4","否","已作答","100.00","75.00","90.00","4.05","15.28","5"
"ZJ202608169355F2BD","2026-08-16 11:41:43","45.04","24","ITEM-00150","86","视频","情绪推理","多选题","4.50","紧张｜内疚｜绝望｜自满｜惊喜｜感激｜满足｜遗憾｜敌意｜快乐","满足｜快乐","4｜5","满足｜快乐","4｜3","否","已作答","100.00","75.00","90.00","4.05","24.80","5"
"ZJ202608160A6834BD","2026-08-16 11:41:21","25.08","1","ITEM-00085","76","视频","情绪识别","多选题","4.50","困惑｜敌意｜平静｜厌恶｜羡慕｜自豪｜痛苦｜悲伤｜好奇｜兴奋","平静","4","自豪｜兴奋","5｜5","否","已作答","0.00","0.00","0.00","0.00","7.42","3"
"ZJ202608160A6834BD","2026-08-16 11:41:21","25.08","2","ITEM-00108","59","音频","情绪推理","多选题","4.50","尴尬｜烦躁｜不屑｜痛苦｜抑郁｜遗憾｜内疚｜怀旧｜羞耻｜羡慕","烦躁｜遗憾","4｜3","痛苦｜抑郁","4｜4","否","已作答","0.00","0.00","0.00","0.00","19.74","4"
"ZJ202608160A6834BD","2026-08-16 11:41:21","25.08","3","ITEM-00016","9","视频","情绪识别","单选题","3.50","平静｜痛苦｜惊讶｜不屑｜怀旧｜蔑视｜崇拜｜好奇｜兴奋｜满足","惊讶","4","不屑","4","否","已作答","0.00","0.00","0.00","0.00","6.95","4"
"ZJ202608160A6834BD","2026-08-16 11:41:21","25.08","4","ITEM-00100","10","视频","情绪推理","多选题","4.50","焦虑｜共情痛苦｜怀旧｜不屑｜兴奋｜恐惧｜羡慕｜担忧｜得意｜内疚","羡慕","3","不屑｜得意","4｜4","否","已作答","0.00","0.00","0.00","0.00","3.03","2"
"ZJ202608160A6834BD","2026-08-16 11:41:21","25.08","5","ITEM-00146","118","文本","情绪识别","多选题","4.50","冷静｜审美欣赏｜失望｜感激｜烦躁｜遗憾｜愤怒｜自满｜崇拜｜抑郁","崇拜｜失望","3｜4","烦躁｜失望","4｜4","否","已作答","50.00","50.00","50.00","2.25","6.43","4"
"ZJ202608160A6834BD","2026-08-16 11:41:21","25.08","6","ITEM-00064","111","图像","情绪识别","多选题","4.50","释然｜惊讶｜好奇｜震惊｜愉悦｜困惑｜担忧｜失望｜满足｜共情痛苦","释然｜惊讶","4｜3","释然｜愉悦","3｜5","否","已作答","50.00","37.50","45.00","2.02","9.92","6"
"ZJ202608160A6834BD","2026-08-16 11:41:21","25.08","7","ITEM-00136","71","文本","情绪识别","多选题","4.50","失望｜不屑｜惊讶｜释然｜恐惧｜紧张｜冷静｜委屈｜希望｜共情痛苦","不屑｜冷静","4｜3","委屈｜恐惧｜不屑","5｜4｜4","否","已作答","40.00","33.33","37.33","1.68","7.07","4"
"ZJ202608160A6834BD","2026-08-16 11:41:21","25.08","8","ITEM-00074","121","文本","情绪识别","单选题","3.50","嫉妒｜快乐｜厌恶｜困惑｜愁闷｜蔑视｜烦躁｜感动｜自豪｜崇拜","自豪","3","自豪","5","否","已作答","100.00","50.00","80.00","2.80","4.88","2"
"ZJ202608160A6834BD","2026-08-16 11:41:21","25.08","9","ITEM-00057","23","音频","情绪识别","单选题","3.50","失望｜厌倦｜蔑视｜厌恶｜羡慕｜怀旧｜羞耻｜惊喜｜困惑｜自豪","羞耻","3","惊喜","5","否","已作答","0.00","0.00","0.00","0.00","3.28","3"
"ZJ202608160A6834BD","2026-08-16 11:41:21","25.08","10","ITEM-00006","28","图像","情绪识别","单选题","3.50","担忧｜痛苦｜抑郁｜困惑｜内疚｜感动｜失望｜满足｜紧张｜崇拜","担忧","3","紧张","3","未填写","已作答","0.00","0.00","0.00","0.00","6.60","2"
"ZJ202608160A6834BD","2026-08-16 11:41:21","25.08","11","ITEM-00084","78","音频","情绪推理","多选题","4.50","平静｜冷静｜羞耻｜崇拜｜悲伤｜审美欣赏｜烦躁｜痛苦｜兴趣｜希望","羞耻","3","羞耻｜烦躁","4｜5","否","已作答","66.67","37.50","55.00","2.47","5.72","2"
"ZJ202608160A6834BD","2026-08-16 11:41:21","25.08","12","ITEM-00051","93","图像","情绪识别","单选题","3.50","兴趣｜怀旧｜痛苦｜悲伤｜平静｜希望｜自满｜审美欣赏｜羡慕｜失望","希望","3","悲伤","4","否","已作答","0.00","0.00","0.00","0.00","2.63","2"
"ZJ202608160A6834BD","2026-08-16 11:41:21","25.08","13","ITEM-00077","79","音频","情绪识别","多选题","4.50","厌倦｜快乐｜不屑｜嫉妒｜爱｜羡慕｜烦躁｜焦虑｜好奇｜兴趣","烦躁","4","烦躁｜厌倦","4｜4","未填写","已作答","66.67","50.00","60.00","2.70","2.06","2"
"ZJ202608160A6834BD","2026-08-16 11:41:21","25.08","14","ITEM-00142","68","文本","情绪推理","单选题","3.50","兴趣｜绝望｜自豪｜烦躁｜敌意｜释然｜厌恶｜悲伤｜恐惧｜失望","敌意","4","敌意","4","否","已作答","100.00","100.00","100.00","3.50","9.33","4"
"ZJ202608160A6834BD","2026-08-16 11:41:21","25.08","15","ITEM-00139","37","图像","情绪推理","多选题","4.50","自豪｜平静｜困惑｜敬畏｜厌恶｜敌意｜嫉妒｜希望｜失望｜焦虑","平静｜敬畏","4｜5","焦虑｜敬畏","3｜4","否","已作答","50.00","37.50","45.00","2.02","10.41","7"
"ZJ202608160A6834BD","2026-08-16 11:41:21","25.08","16","ITEM-00070","119","文本","情绪识别","多选题","4.50","愁闷｜审美欣赏｜羞耻｜兴趣｜困惑｜愤怒｜嫉妒｜痛苦｜共情痛苦｜快乐","嫉妒","3","困惑｜痛苦","4｜5","否","已作答","0.00","0.00","0.00","0.00","2.61","2"
"ZJ202608160A6834BD","2026-08-16 11:41:21","25.08","17","ITEM-00083","73","视频","情绪识别","多选题","4.50","尴尬｜审美欣赏｜敌意｜爱｜释然｜怨恨｜委屈｜震惊｜紧张｜惊讶","怨恨｜爱","3｜3","爱｜释然","5｜5","未填写","已作答","50.00","25.00","40.00","1.80","5.60","2"
"ZJ202608160A6834BD","2026-08-16 11:41:21","25.08","18","ITEM-00002","6","视频","情绪推理","单选题","3.50","蔑视｜感激｜绝望｜嫉妒｜自满｜敌意｜怨恨｜满足｜感动｜自豪","绝望","4","感动","3","否","已作答","0.00","0.00","0.00","0.00","6.57","4"
"ZJ202608160A6834BD","2026-08-16 11:41:21","25.08","19","ITEM-00046","89","图像","情绪识别","多选题","4.50","遗憾｜好奇｜感激｜抑郁｜内疚｜悲伤｜痛苦｜愤怒｜烦躁｜怨恨","抑郁","4","内疚｜悲伤","4｜3","否","已作答","0.00","0.00","0.00","0.00","4.88","3"
"ZJ202608160A6834BD","2026-08-16 11:41:21","25.08","20","ITEM-00092","66","音频","情绪识别","多选题","4.50","兴奋｜崇拜｜痛苦｜蔑视｜紧张｜内疚｜悲伤｜抑郁｜愉悦｜感动","悲伤","4","内疚｜痛苦｜悲伤","5｜5｜5","否","已作答","50.00","25.00","40.00","1.80","17.14","3"
"ZJ202608160A6834BD","2026-08-16 11:41:21","25.08","21","ITEM-00061","109","图像","情绪识别","多选题","4.50","厌倦｜抑郁｜怀旧｜焦虑｜担忧｜希望｜快乐｜愉悦｜遗憾｜兴趣","快乐｜担忧","3｜4","快乐｜愉悦","4｜4","否","已作答","50.00","37.50","45.00","2.02","4.31","4"
"ZJ202608160A6834BD","2026-08-16 11:41:21","25.08","22","ITEM-00141","67","文本","情绪推理","多选题","4.50","惊讶｜兴奋｜共情痛苦｜蔑视｜绝望｜愤怒｜平静｜自满｜释然｜紧张","平静","3","愤怒｜惊讶","4｜3","未填写","已作答","0.00","0.00","0.00","0.00","2.98","1"
"ZJ202608160A6834BD","2026-08-16 11:41:21","25.08","23","ITEM-00045","2","音频","情绪识别","单选题","3.50","惊讶｜震惊｜嫉妒｜轻松｜紧张｜敌意｜共情痛苦｜愤怒｜遗憾｜释然","愤怒","3","紧张","3","未填写","已作答","0.00","0.00","0.00","0.00","1.47","1"
"ZJ202608160A6834BD","2026-08-16 11:41:21","25.08","24","ITEM-00107","81","视频","情绪推理","多选题","4.50","审美欣赏｜敌意｜共情痛苦｜兴趣｜快乐｜怨恨｜渴望｜满足｜失望｜感动","渴望｜兴趣","4｜3","快乐｜满足｜感动","5｜5｜5","未填写","已作答","0.00","0.00","0.00","0.00","12.09","3"
"ZJ2026081699731176","2026-08-16 11:41:01","72.05","1","ITEM-00016","9","视频","情绪识别","单选题","3.50","愉悦｜震惊｜兴奋｜感激｜冷静｜烦躁｜不屑｜惊喜｜嫉妒｜焦虑","兴奋","3","不屑","4","否","已作答","0.00","0.00","0.00","0.00","70.02","2"
"ZJ2026081699731176","2026-08-16 11:41:01","72.05","2","ITEM-00088","81","视频","情绪识别","多选题","4.50","委屈｜爱｜困惑｜惊喜｜快乐｜羡慕｜抑郁｜绝望｜兴奋｜蔑视","爱｜惊喜｜快乐｜兴奋","5｜5｜5｜5","快乐｜惊喜｜兴奋｜爱","5｜5｜5｜5","是","已作答","100.00","100.00","100.00","4.50","44.18","12"
"ZJ2026081699731176","2026-08-16 11:41:01","72.05","3","ITEM-00011","25","图像","情绪识别","单选题","3.50","冷静｜怀旧｜焦虑｜快乐｜担忧｜愤怒｜崇拜｜满足｜怨恨｜爱","担忧","4","担忧","4","是","已作答","100.00","100.00","100.00","3.50","29.85","4"
"ZJ2026081699731176","2026-08-16 11:41:01","72.05","4","ITEM-00150","86","视频","情绪推理","多选题","4.50","羞耻｜满足｜快乐｜崇拜｜平静｜遗憾｜怀旧｜震惊｜绝望｜愁闷","满足｜快乐","5｜5","满足｜快乐","4｜3","是","已作答","100.00","62.50","85.00","3.83","40.39","6"
"ZJ2026081699731176","2026-08-16 11:41:01","72.05","5","ITEM-00140","63","文本","情绪推理","多选题","4.50","紧张｜遗憾｜委屈｜崇拜｜惊喜｜平静｜好奇｜烦躁｜兴奋｜内疚","好奇｜惊喜｜平静","4｜3｜2","惊喜｜兴奋","4｜4","否","已作答","40.00","37.50","39.00","1.75","46.81","8"
"ZJ2026081699731176","2026-08-16 11:41:01","72.05","6","ITEM-00149","60","视频","情绪推理","单选题","2.50","担忧｜紧张｜委屈｜释然｜烦躁｜审美欣赏｜焦虑｜敌意｜怀旧｜冷静","担忧","4","担忧","4","是","已作答","100.00","100.00","100.00","2.50","149.99","3"
"ZJ2026081699731176","2026-08-16 11:41:01","72.05","7","ITEM-00134","67","文本","情绪识别","多选题","4.50","嫉妒｜失望｜敌意｜尴尬｜崇拜｜不屑｜焦虑｜释然｜希望｜蔑视","敌意｜不屑｜蔑视","5｜3｜4","不屑｜敌意","5｜3","是","已作答","80.00","50.00","68.00","3.06","29.82","6"
"ZJ2026081699731176","2026-08-16 11:41:01","72.05","8","ITEM-00123","8","音频","情绪识别","单选题","3.50","蔑视｜绝望｜惊讶｜嫉妒｜悲伤｜恐惧｜审美欣赏｜尴尬｜自豪｜爱","绝望","5","绝望","4","是","已作答","100.00","75.00","90.00","3.15","22.64","3"
"ZJ2026081699731176","2026-08-16 11:41:01","72.05","9","ITEM-00040","53","文本","情绪识别","单选题","3.50","希望｜愁闷｜感激｜愤怒｜困惑｜怨恨｜爱｜震惊｜痛苦｜紧张","愤怒","5","怨恨","5","否","已作答","0.00","0.00","0.00","0.00","27.96","3"
"ZJ2026081699731176","2026-08-16 11:41:01","72.05","10","ITEM-00072","120","文本","情绪识别","多选题","4.50","担忧｜好奇｜兴趣｜满足｜兴奋｜爱｜愉悦｜自满｜轻松｜希望","满足｜好奇｜愉悦｜轻松｜希望","5｜4｜5｜4｜4","满足｜轻松｜愉悦｜希望｜兴趣","5｜5｜5｜5｜5","是","已作答","80.00","70.00","76.00","3.42","26.79","11"
"ZJ2026081699731176","2026-08-16 11:41:01","72.05","11","ITEM-00085","76","视频","情绪识别","多选题","4.50","崇拜｜兴奋｜委屈｜满足｜抑郁｜烦躁｜快乐｜自满｜爱｜自豪","兴奋｜满足｜快乐｜爱｜自豪","5｜4｜5｜5｜5","自豪｜兴奋","5｜5","是","已作答","57.14","100.00","74.29","3.34","43.32","11"
"ZJ2026081699731176","2026-08-16 11:41:01","72.05","12","ITEM-00143","71","文本","情绪推理","单选题","3.50","冷静｜蔑视｜内疚｜平静｜困惑｜焦虑｜怨恨｜审美欣赏｜不屑｜厌恶","蔑视","4","不屑","3","是","已作答","0.00","0.00","0.00","0.00","91.11","4"
"ZJ2026081699731176","2026-08-16 11:41:01","72.05","13","ITEM-00094","88","音频","情绪识别","多选题","4.50","兴趣｜平静｜失望｜渴望｜抑郁｜恐惧｜焦虑｜尴尬｜痛苦｜崇拜","兴趣｜渴望","5｜5","渴望｜兴趣","4｜5","是","已作答","100.00","87.50","95.00","4.28","71.41","5"
"ZJ2026081699731176","2026-08-16 11:41:01","72.05","14","ITEM-00108","59","音频","情绪推理","多选题","4.50","痛苦｜自豪｜敌意｜愤怒｜厌恶｜崇拜｜羡慕｜抑郁｜愉悦｜厌倦","痛苦｜抑郁","4｜3","痛苦｜抑郁","4｜4","否","已作答","100.00","87.50","95.00","4.28","48.94","4"
"ZJ2026081699731176","2026-08-16 11:41:01","72.05","15","ITEM-00139","37","图像","情绪推理","多选题","4.50","敬畏｜感动｜满足｜爱｜愤怒｜焦虑｜渴望｜恐惧｜悲伤｜兴趣","兴趣｜焦虑","4｜4","焦虑｜敬畏","3｜4","是","已作答","50.00","37.50","45.00","2.02","55.40","11"
"ZJ2026081699731176","2026-08-16 11:41:01","72.05","16","ITEM-00116","46","图像","情绪识别","单选题","3.50","绝望｜悲伤｜崇拜｜抑郁｜遗憾｜尴尬｜委屈｜愉悦｜嫉妒｜兴奋","悲伤","5","悲伤","5","是","已作答","100.00","100.00","100.00","3.50","40.78","3"
"ZJ2026081699731176","2026-08-16 11:41:01","72.05","17","ITEM-00070","119","文本","情绪识别","多选题","4.50","焦虑｜敌意｜羞耻｜痛苦｜兴奋｜共情痛苦｜希望｜感激｜困惑｜厌倦","困惑｜痛苦","5｜4","困惑｜痛苦","4｜5","是","已作答","100.00","75.00","90.00","4.05","19.64","5"
"ZJ2026081699731176","2026-08-16 11:41:01","72.05","18","ITEM-00066","113","图像","情绪识别","多选题","4.50","轻松｜满足｜痛苦｜绝望｜烦躁｜惊喜｜渴望｜嫉妒｜悲伤｜感动","痛苦｜绝望｜悲伤","4｜4｜5","渴望｜痛苦｜悲伤｜绝望","4｜5｜5｜5","是","已作答","85.71","62.50","76.43","3.44","39.43","11"
"ZJ2026081699731176","2026-08-16 11:41:01","72.05","19","ITEM-00101","55","视频","情绪推理","多选题","4.50","恐惧｜尴尬｜困惑｜感激｜渴望｜羡慕｜蔑视｜轻松｜冷静｜爱","尴尬｜困惑","4｜4","尴尬｜困惑","4｜4","是","已作答","100.00","100.00","100.00","4.50","64.12","5"
"ZJ2026081699731176","2026-08-16 11:41:01","72.05","20","ITEM-00131","115","图像","情绪识别","多选题","4.50","兴趣｜失望｜嫉妒｜内疚｜轻松｜愁闷｜兴奋｜愉悦｜绝望｜自豪","兴趣｜轻松｜兴奋｜愉悦","3｜4｜4｜5","兴奋｜愉悦","3｜4","否","已作答","66.67","75.00","70.00","3.15","20.22","10"
"ZJ2026081699731176","2026-08-16 11:41:01","72.05","21","ITEM-00076","78","音频","情绪识别","多选题","4.50","羞耻｜羡慕｜好奇｜烦躁｜痛苦｜崇拜｜感动｜嫉妒｜渴望｜希望","烦躁｜痛苦","5｜4","羞耻｜烦躁","4｜5","是","已作答","50.00","50.00","50.00","2.25","42.24","6"
"ZJ2026081699731176","2026-08-16 11:41:01","72.05","22","ITEM-00061","109","图像","情绪识别","多选题","4.50","快乐｜愉悦｜焦虑｜不屑｜恐惧｜绝望｜怨恨｜平静｜怀旧｜失望","快乐｜愉悦","5｜5","快乐｜愉悦","4｜4","是","已作答","100.00","75.00","90.00","4.05","11.65","5"
"ZJ2026081699731176","2026-08-16 11:41:01","72.05","23","ITEM-00105","2","音频","情绪推理","多选题","4.50","兴趣｜震惊｜怀旧｜内疚｜自满｜焦虑｜审美欣赏｜爱｜厌倦｜紧张","震惊｜焦虑｜紧张｜内疚","5｜4｜5｜3","焦虑｜紧张｜内疚","4｜5｜4","否","已作答","85.71","91.67","88.10","3.96","46.56","8"
"ZJ2026081699731176","2026-08-16 11:41:01","72.05","24","ITEM-00124","22","音频","情绪识别","单选题","3.50","希望｜怀旧｜释然｜失望｜尴尬｜遗憾｜内疚｜厌恶｜愤怒｜怨恨","释然","5","释然","3","是","已作答","100.00","50.00","80.00","2.80","56.69","3"
"ZJ202608162AB00269","2026-08-16 11:41:00","46.99","1","ITEM-00057","23","音频","情绪识别","单选题","3.50","感激｜怀旧｜羡慕｜绝望｜恐惧｜怨恨｜困惑｜惊喜｜希望｜愉悦","惊喜","5","惊喜","5","否","已作答","100.00","100.00","100.00","3.50","49.02","4"
"ZJ202608162AB00269","2026-08-16 11:41:00","46.99","2","ITEM-00075","108","图像","情绪识别","多选题","4.50","轻松｜蔑视｜厌倦｜震惊｜兴奋｜尴尬｜愤怒｜愉悦｜怨恨｜自满","愤怒｜震惊","5｜4","震惊｜愤怒","5｜5","否","已作答","100.00","87.50","95.00","4.28","19.69","6"
"ZJ202608162AB00269","2026-08-16 11:41:00","46.99","3","ITEM-00078","89","图像","情绪推理","多选题","4.50","审美欣赏｜自豪｜悲伤｜内疚｜感激｜平静｜蔑视｜厌恶｜感动｜崇拜","悲伤","5","内疚｜悲伤","4｜3","否","已作答","66.67","25.00","50.00","2.25","22.46","6"
"ZJ202608162AB00269","2026-08-16 11:41:00","46.99","4","ITEM-00109","88","音频","情绪推理","多选题","4.50","自豪｜敌意｜烦躁｜厌倦｜抑郁｜恐惧｜紧张｜困惑｜遗憾｜愉悦","困惑","4","厌倦｜困惑","3｜3","否","已作答","66.67","37.50","55.00","2.47","68.77","6"
"ZJ202608162AB00269","2026-08-16 11:41:00","46.99","5","ITEM-00140","63","文本","情绪推理","多选题","4.50","嫉妒｜紧张｜好奇｜厌恶｜委屈｜兴奋｜内疚｜羡慕｜惊喜｜兴趣","好奇｜惊喜","5｜4","惊喜｜兴奋","4｜4","否","已作答","50.00","50.00","50.00","2.25","17.79","5"
"ZJ202608162AB00269","2026-08-16 11:41:00","46.99","6","ITEM-00019","12","视频","情绪识别","单选题","3.50","厌恶｜痛苦｜渴望｜担忧｜烦躁｜怀旧｜不屑｜困惑｜敌意｜委屈","烦躁","5","烦躁","4","否","已作答","100.00","75.00","90.00","3.15","30.06","3"
"ZJ202608162AB00269","2026-08-16 11:41:00","46.99","7","ITEM-00145","69","音频","情绪识别","多选题","4.50","自豪｜震惊｜怨恨｜释然｜厌恶｜共情痛苦｜愤怒｜蔑视｜嫉妒｜感动","厌恶｜愤怒","4｜3","愤怒｜震惊","4｜3","否","已作答","50.00","37.50","45.00","2.02","37.23","6"
"ZJ202608162AB00269","2026-08-16 11:41:00","46.99","8","ITEM-00065","112","图像","情绪识别","多选题","4.50","感动｜羡慕｜兴奋｜释然｜遗憾｜平静｜委屈｜自豪｜痛苦｜悲伤","悲伤","5","悲伤｜遗憾｜感动｜释然","3｜4｜4｜4","否","已作答","40.00","12.50","29.00","1.30","8.29","3"
"ZJ202608162AB00269","2026-08-16 11:41:00","46.99","9","ITEM-00098","1","视频","情绪推理","多选题","4.50","怨恨｜满足｜崇拜｜希望｜惊喜｜自豪｜恐惧｜委屈｜抑郁｜感激","自豪","5","感激｜自豪｜满足","4｜3｜4","否","已作答","50.00","16.67","36.67","1.65","23.45","3"
"ZJ202608162AB00269","2026-08-16 11:41:00","46.99","10","ITEM-00134","67","文本","情绪识别","多选题","4.50","平静｜绝望｜悲伤｜敌意｜不屑｜兴趣｜愉悦｜惊喜｜渴望｜抑郁","敌意｜不屑","5｜4","不屑｜敌意","5｜3","否","已作答","100.00","62.50","85.00","3.83","17.30","6"
"ZJ202608162AB00269","2026-08-16 11:41:00","46.99","11","ITEM-00076","78","音频","情绪识别","多选题","4.50","希望｜自豪｜遗憾｜冷静｜羞耻｜羡慕｜紧张｜烦躁｜敌意｜委屈","烦躁","5","羞耻｜烦躁","4｜5","否","已作答","66.67","50.00","60.00","2.70","22.02","3"
"ZJ202608162AB00269","2026-08-16 11:41:00","46.99","12","ITEM-00149","60","视频","情绪推理","单选题","2.50","不屑｜兴趣｜痛苦｜共情痛苦｜愁闷｜困惑｜厌倦｜失望｜内疚｜担忧","内疚","5","担忧","4","否","已作答","0.00","0.00","0.00","0.00","28.05","3"
"ZJ202608162AB00269","2026-08-16 11:41:00","46.99","13","ITEM-00096","74","文本","情绪识别","多选题","4.50","审美欣赏｜感动｜内疚｜愉悦｜悲伤｜冷静｜恐惧｜希望｜尴尬｜愤怒","审美欣赏｜愉悦","5｜5","审美欣赏｜愉悦","5｜5","是","已作答","100.00","100.00","100.00","4.50","17.11","5"
"ZJ202608162AB00269","2026-08-16 11:41:00","46.99","14","ITEM-00144","118","文本","情绪推理","单选题","3.50","痛苦｜厌倦｜失望｜惊讶｜冷静｜自豪｜尴尬｜审美欣赏｜共情痛苦｜委屈","尴尬","4","失望","4","否","已作答","0.00","0.00","0.00","0.00","31.20","4"
"ZJ202608162AB00269","2026-08-16 11:41:00","46.99","15","ITEM-00042","61","视频","情绪识别","多选题","4.50","快乐｜担忧｜平静｜遗憾｜尴尬｜悲伤｜委屈｜崇拜｜愤怒｜不屑","委屈","4","委屈｜悲伤","3｜3","否","已作答","66.67","37.50","55.00","2.47","20.36","3"
"ZJ202608162AB00269","2026-08-16 11:41:00","46.99","16","ITEM-00036","45","图像","情绪识别","单选题","3.50","释然｜失望｜悲伤｜兴奋｜担忧｜希望｜平静｜兴趣｜嫉妒｜烦躁","担忧","4","兴趣","4","否","已作答","0.00","0.00","0.00","0.00","9.38","3"
"ZJ202608162AB00269","2026-08-16 11:41:00","46.99","17","ITEM-00088","81","视频","情绪识别","多选题","4.50","感激｜遗憾｜担忧｜审美欣赏｜惊喜｜不屑｜爱｜兴奋｜厌恶｜快乐","兴奋｜快乐","4｜5","快乐｜惊喜｜兴奋｜爱","5｜5｜5｜5","是","已作答","66.67","43.75","57.50","2.59","24.25","5"
"ZJ202608162AB00269","2026-08-16 11:41:00","46.99","18","ITEM-00009","7","音频","情绪识别","单选题","3.50","紧张｜兴趣｜冷静｜焦虑｜震惊｜委屈｜好奇｜担忧｜自豪｜共情痛苦","冷静","4","紧张","2","否","已作答","0.00","0.00","0.00","0.00","60.27","3"
"ZJ202608162AB00269","2026-08-16 11:41:00","46.99","19","ITEM-00070","119","文本","情绪识别","多选题","4.50","愉悦｜自豪｜愁闷｜困惑｜痛苦｜愤怒｜蔑视｜希望｜遗憾｜惊讶","愁闷｜困惑","4｜5","困惑｜痛苦","4｜5","否","已作答","50.00","37.50","45.00","2.02","14.05","5"
"ZJ202608162AB00269","2026-08-16 11:41:00","46.99","20","ITEM-00074","121","文本","情绪识别","单选题","3.50","内疚｜困惑｜不屑｜惊喜｜绝望｜敌意｜担忧｜自豪｜厌恶｜烦躁","自豪","5","自豪","5","否","已作答","100.00","100.00","100.00","3.50","19.14","3"
"ZJ202608162AB00269","2026-08-16 11:41:00","46.99","21","ITEM-00108","59","音频","情绪推理","多选题","4.50","厌倦｜爱｜抑郁｜愉悦｜羞耻｜释然｜感动｜烦躁｜痛苦｜蔑视","感动｜释然","5｜3","痛苦｜抑郁","4｜4","否","已作答","0.00","0.00","0.00","0.00","25.59","4"
"ZJ202608162AB00269","2026-08-16 11:41:00","46.99","22","ITEM-00120","105","图像","情绪识别","单选题","3.50","羞耻｜敌意｜惊喜｜不屑｜内疚｜厌倦｜紧张｜自满｜爱｜快乐","不屑","4","紧张","3","否","已作答","0.00","0.00","0.00","0.00","8.55","3"
"ZJ202608162AB00269","2026-08-16 11:41:00","46.99","23","ITEM-00128","100","图像","情绪识别","多选题","4.50","失望｜困惑｜自豪｜烦躁｜蔑视｜愉悦｜爱｜期望｜兴奋｜羡慕","困惑｜失望","4｜5","兴奋｜期望","4｜4","否","已作答","0.00","0.00","0.00","0.00","16.27","6"
"ZJ202608162AB00269","2026-08-16 11:41:00","46.99","24","ITEM-00101","55","视频","情绪推理","多选题","4.50","恐惧｜困惑｜感动｜怨恨｜释然｜审美欣赏｜痛苦｜尴尬｜紧张｜厌恶","尴尬｜厌恶","5｜4","尴尬｜困惑","4｜4","否","已作答","50.00","37.50","45.00","2.02","43.30","5"
"ZJ202608161151704F","2026-08-16 11:40:18","56.10","1","ITEM-00086","79","音频","情绪推理","多选题","4.50","怀旧｜释然｜愤怒｜怨恨｜厌倦｜共情痛苦｜羞耻｜震惊｜烦躁｜轻松","愤怒｜烦躁","4｜5","烦躁｜厌倦","4｜4","否","已作答","50.00","37.50","45.00","2.02","22.78","5"
"ZJ202608161151704F","2026-08-16 11:40:18","56.10","2","ITEM-00111","31","图像","情绪识别","单选题","3.50","尴尬｜审美欣赏｜自满｜委屈｜嫉妒｜怀旧｜焦虑｜无奈｜震惊｜惊喜","无奈","4","无奈","3","否","已作答","100.00","75.00","90.00","3.15","10.45","4"
"ZJ202608161151704F","2026-08-16 11:40:18","56.10","3","ITEM-00142","68","文本","情绪推理","单选题","3.50","蔑视｜崇拜｜厌倦｜敌意｜内疚｜遗憾｜惊喜｜愉悦｜爱｜不屑","蔑视","4","敌意","4","否","已作答","0.00","0.00","0.00","0.00","60.38","6"
"ZJ202608161151704F","2026-08-16 11:40:18","56.10","4","ITEM-00123","8","音频","情绪识别","单选题","3.50","内疚｜绝望｜悲伤｜烦躁｜敌意｜希望｜委屈｜愤怒｜恐惧｜厌恶","绝望","4","绝望","4","是","已作答","100.00","100.00","100.00","3.50","32.65","5"
"ZJ202608161151704F","2026-08-16 11:40:18","56.10","5","ITEM-00102","57","视频","情绪推理","多选题","4.50","恐惧｜烦躁｜惊喜｜渴望｜愤怒｜冷静｜愉悦｜希望｜羡慕｜怀旧","愤怒｜烦躁","5｜4","愤怒｜烦躁","5｜5","是","已作答","100.00","87.50","95.00","4.28","125.16","9"
"ZJ202608161151704F","2026-08-16 11:40:18","56.10","6","ITEM-00141","67","文本","情绪推理","多选题","4.50","愤怒｜兴奋｜痛苦｜紧张｜惊讶｜爱｜厌倦｜困惑｜轻松｜绝望","惊讶｜愤怒","4｜4","愤怒｜惊讶","4｜3","否","已作答","100.00","87.50","95.00","4.28","43.89","5"
"ZJ202608161151704F","2026-08-16 11:40:18","56.10","7","ITEM-00109","88","音频","情绪推理","多选题","4.50","爱｜希望｜敌意｜困惑｜兴奋｜厌倦｜惊喜｜悲伤｜绝望｜兴趣","厌倦｜悲伤","4｜2","厌倦｜困惑","3｜3","否","已作答","50.00","37.50","45.00","2.02","78.03","5"
"ZJ202608161151704F","2026-08-16 11:40:18","56.10","8","ITEM-00089","84","视频","情绪识别","多选题","4.50","感激｜不屑｜愤怒｜厌恶｜担忧｜困惑｜惊喜｜同情｜悲伤｜蔑视","悲伤｜同情","5｜4","担忧｜同情｜悲伤","5｜4｜5","否","已作答","80.00","66.67","74.67","3.36","48.21","7"
"ZJ202608161151704F","2026-08-16 11:40:18","56.10","9","ITEM-00040","53","文本","情绪识别","单选题","3.50","怨恨｜震惊｜爱｜遗憾｜厌恶｜愤怒｜焦虑｜羡慕｜绝望｜担忧","愤怒","4","怨恨","5","否","已作答","0.00","0.00","0.00","0.00","13.18","5"
"ZJ202608161151704F","2026-08-16 11:40:18","56.10","10","ITEM-00093","75","音频","情绪识别","多选题","4.50","冷静｜兴奋｜爱｜抑郁｜委屈｜释然｜内疚｜羞耻｜不屑｜悲伤","委屈｜内疚｜悲伤","4｜4｜5","委屈｜悲伤","5｜5","否","已作答","80.00","87.50","83.00","3.73","52.53","7"
"ZJ202608161151704F","2026-08-16 11:40:18","56.10","11","ITEM-00126","86","视频","情绪识别","多选题","4.50","自豪｜委屈｜悲伤｜愁闷｜爱｜希望｜冷静｜愉悦｜惊喜｜惊讶","惊讶｜惊喜","4｜4","惊讶｜愉悦","4｜5","否","已作答","50.00","50.00","50.00","2.25","27.87","5"
"ZJ202608161151704F","2026-08-16 11:40:18","56.10","12","ITEM-00016","9","视频","情绪识别","单选题","3.50","担忧｜蔑视｜焦虑｜兴趣｜困惑｜惊喜｜愉悦｜不屑｜悲伤｜共情痛苦","不屑","4","不屑","4","否","已作答","100.00","100.00","100.00","3.50","56.15","4"
"ZJ202608161151704F","2026-08-16 11:40:18","56.10","13","ITEM-00078","89","图像","情绪推理","多选题","4.50","委屈｜悲伤｜紧张｜内疚｜遗憾｜希望｜感激｜痛苦｜羡慕｜渴望","悲伤｜委屈","4｜4","内疚｜悲伤","4｜3","否","已作答","50.00","37.50","45.00","2.02","12.57","5"
"ZJ202608161151704F","2026-08-16 11:40:18","56.10","14","ITEM-00054","97","图像","情绪识别","多选题","4.50","遗憾｜紧张｜焦虑｜轻松｜愁闷｜共情痛苦｜希望｜嫉妒｜愉悦｜惊讶","轻松｜愉悦","4｜4","希望｜轻松｜愉悦","5｜5｜5","否","已作答","80.00","50.00","68.00","3.06","12.58","5"
"ZJ202608161151704F","2026-08-16 11:40:18","56.10","15","ITEM-00045","2","音频","情绪识别","单选题","3.50","嫉妒｜不屑｜好奇｜抑郁｜悲伤｜怨恨｜愁闷｜厌倦｜紧张｜满足","愁闷","4","紧张","3","否","已作答","0.00","0.00","0.00","0.00","78.21","4"
"ZJ202608161151704F","2026-08-16 11:40:18","56.10","16","ITEM-00047","90","图像","情绪识别","多选题","4.50","惊喜｜厌倦｜愉悦｜希望｜烦躁｜共情痛苦｜不屑｜感动｜平静｜快乐","惊喜｜愉悦｜快乐","4｜4｜4","惊喜｜快乐｜愉悦","5｜5｜5","否","已作答","100.00","75.00","90.00","4.05","9.54","9"
"ZJ202608161151704F","2026-08-16 11:40:18","56.10","17","ITEM-00072","120","文本","情绪识别","多选题","4.50","抑郁｜满足｜羡慕｜希望｜敌意｜快乐｜失望｜轻松｜兴趣｜愉悦","满足｜希望｜轻松","4｜5｜5","满足｜轻松｜愉悦｜希望｜兴趣","5｜5｜5｜5｜5","否","已作答","75.00","55.00","67.00","3.02","12.89","7"
"ZJ202608161151704F","2026-08-16 11:40:18","56.10","18","ITEM-00149","60","视频","情绪推理","单选题","2.50","愉悦｜担忧｜厌恶｜敌意｜爱｜冷静｜释然｜痛苦｜尴尬｜蔑视","痛苦","4","担忧","4","是","已作答","0.00","0.00","0.00","0.00","87.78","15"
"ZJ202608161151704F","2026-08-16 11:40:18","56.10","19","ITEM-00068","116","文本","情绪识别","多选题","4.50","爱｜厌恶｜愉悦｜释然｜厌倦｜愤怒｜自豪｜轻松｜不屑｜敌意","厌恶｜愤怒｜不屑","3｜2｜4","厌恶｜不屑","4｜4","否","已作答","80.00","87.50","83.00","3.73","25.09","12"
"ZJ202608161151704F","2026-08-16 11:40:18","56.10","20","ITEM-00091","59","音频","情绪识别","多选题","4.50","渴望｜焦虑｜厌恶｜痛苦｜兴趣｜敌意｜自满｜内疚｜恐惧｜抑郁","痛苦｜内疚","3｜5","内疚｜痛苦","5｜5","是","已作答","100.00","75.00","90.00","4.05","38.06","5"
"ZJ202608161151704F","2026-08-16 11:40:18","56.10","21","ITEM-00118","48","图像","情绪识别","单选题","3.50","崇拜｜困惑｜担忧｜恐惧｜轻松｜共情痛苦｜渴望｜惊喜｜厌恶｜希望","厌恶","4","困惑","4","否","已作答","0.00","0.00","0.00","0.00","10.74","5"
"ZJ202608161151704F","2026-08-16 11:40:18","56.10","22","ITEM-00052","94","图像","情绪识别","多选题","4.50","惊喜｜悲伤｜痛苦｜困惑｜审美欣赏｜委屈｜快乐｜绝望｜敌意｜自满","痛苦｜悲伤","4｜4","绝望｜痛苦｜委屈","5｜5｜4","否","已作答","40.00","25.00","34.00","1.53","45.38","5"
"ZJ202608161151704F","2026-08-16 11:40:18","56.10","23","ITEM-00079","61","视频","情绪推理","多选题","4.50","冷静｜平静｜困惑｜怨恨｜焦虑｜悲伤｜委屈｜兴奋｜羞耻｜崇拜","冷静｜平静","4｜4","委屈｜悲伤","3｜3","是","已作答","0.00","0.00","0.00","0.00","38.90","9"
"ZJ202608161151704F","2026-08-16 11:40:18","56.10","24","ITEM-00010","63","文本","情绪识别","多选题","4.50","自豪｜感动｜兴奋｜怨恨｜怀旧｜惊喜｜羞耻｜绝望｜失望｜烦躁","惊喜｜感动｜自豪","4｜4｜3","惊喜｜兴奋","4｜4","否","已作答","40.00","50.00","44.00","1.98","20.81","6"
"ZJ20260816DE707527","2026-08-16 11:40:05","55.61","1","ITEM-00054","97","图像","情绪识别","多选题","4.50","惊喜｜羡慕｜平静｜厌倦｜希望｜愉悦｜轻松｜内疚｜遗憾｜自满","愉悦｜轻松","4｜3","希望｜轻松｜愉悦","5｜5｜5","否","已作答","80.00","41.67","64.67","2.91","24.29","4"
"ZJ20260816DE707527","2026-08-16 11:40:05","55.61","2","ITEM-00012","26","图像","情绪识别","单选题","3.50","厌恶｜感动｜抑郁｜悲伤｜愤怒｜震惊｜紧张｜满足｜兴趣｜困惑","愤怒","4","愤怒","4","否","已作答","100.00","100.00","100.00","3.50","12.09","5"
"ZJ20260816DE707527","2026-08-16 11:40:05","55.61","3","ITEM-00144","118","文本","情绪推理","单选题","3.50","恐惧｜快乐｜感动｜震惊｜失望｜悲伤｜蔑视｜内疚｜委屈｜自豪","失望","3","失望","4","否","已作答","100.00","75.00","90.00","3.15","50.70","2"
"ZJ20260816DE707527","2026-08-16 11:40:05","55.61","4","ITEM-00078","89","图像","情绪推理","多选题","4.50","自满｜愉悦｜烦躁｜好奇｜羡慕｜悲伤｜自豪｜嫉妒｜不屑｜内疚","烦躁｜悲伤","3｜4","内疚｜悲伤","4｜3","否","已作答","50.00","37.50","45.00","2.02","25.45","8"
"ZJ20260816DE707527","2026-08-16 11:40:05","55.61","5","ITEM-00081","58","视频","情绪识别","多选题","4.50","厌倦｜蔑视｜审美欣赏｜委屈｜怀旧｜羡慕｜兴趣｜快乐｜怨恨｜羞耻","厌倦｜蔑视","4｜3","审美欣赏｜怀旧","5｜3","否","已作答","0.00","0.00","0.00","0.00","18.31","4"
"ZJ20260816DE707527","2026-08-16 11:40:05","55.61","6","ITEM-00122","5","文本","情绪识别","单选题","3.50","平静｜失望｜兴趣｜烦躁｜敌意｜自满｜厌倦｜羡慕｜共情痛苦｜冷静","羡慕","4","羡慕","4","否","已作答","100.00","100.00","100.00","3.50","26.57","7"
"ZJ20260816DE707527","2026-08-16 11:40:05","55.61","7","ITEM-00043","65","视频","情绪识别","多选题","4.50","烦躁｜遗憾｜厌倦｜自满｜蔑视｜惊讶｜怀旧｜焦虑｜感动｜愉悦","怀旧｜遗憾","4｜3","怀旧｜感动｜愉悦｜遗憾","5｜3｜3｜5","否","已作答","66.67","31.25","52.50","2.36","30.72","4"
"ZJ20260816DE707527","2026-08-16 11:40:05","55.61","8","ITEM-00141","67","文本","情绪推理","多选题","4.50","焦虑｜怀旧｜轻松｜厌恶｜共情痛苦｜爱｜愤怒｜感激｜委屈｜惊讶","愤怒","4","愤怒｜惊讶","4｜3","否","已作答","66.67","50.00","60.00","2.70","28.76","4"
"ZJ20260816DE707527","2026-08-16 11:40:05","55.61","9","ITEM-00013","27","图像","情绪识别","单选题","3.50","怨恨｜惊讶｜快乐｜愤怒｜恐惧｜兴奋｜不屑｜愁闷｜痛苦｜失望","愤怒","4","愤怒","5","否","已作答","100.00","75.00","90.00","3.15","7.36","4"
"ZJ20260816DE707527","2026-08-16 11:40:05","55.61","10","ITEM-00086","79","音频","情绪推理","多选题","4.50","希望｜恐惧｜厌倦｜尴尬｜审美欣赏｜兴奋｜愁闷｜嫉妒｜困惑｜烦躁","嫉妒｜厌倦","3｜4","烦躁｜厌倦","4｜4","否","已作答","50.00","50.00","50.00","2.25","37.84","8"
"ZJ20260816DE707527","2026-08-16 11:40:05","55.61","11","ITEM-00045","2","音频","情绪识别","单选题","3.50","惊喜｜悲伤｜紧张｜蔑视｜好奇｜失望｜自豪｜委屈｜平静｜快乐","紧张","4","紧张","3","未填写","已作答","100.00","75.00","90.00","3.15","36.50","2"
"ZJ20260816DE707527","2026-08-16 11:40:05","55.61","12","ITEM-00019","12","视频","情绪识别","单选题","3.50","烦躁｜愁闷｜审美欣赏｜感动｜困惑｜厌倦｜惊讶｜厌恶｜渴望｜蔑视","愁闷","4","烦躁","4","否","已作答","0.00","0.00","0.00","0.00","35.88","8"
"ZJ20260816DE707527","2026-08-16 11:40:05","55.61","13","ITEM-00093","75","音频","情绪识别","多选题","4.50","平静｜委屈｜绝望｜悲伤｜羡慕｜好奇｜审美欣赏｜希望｜遗憾｜担忧","委屈｜悲伤","4｜5","委屈｜悲伤","5｜5","否","已作答","100.00","87.50","95.00","4.28","25.38","7"
"ZJ20260816DE707527","2026-08-16 11:40:05","55.61","14","ITEM-00101","55","视频","情绪推理","多选题","4.50","共情痛苦｜平静｜释然｜不屑｜紧张｜尴尬｜内疚｜困惑｜惊讶｜快乐","不屑｜惊讶","3｜4","尴尬｜困惑","4｜4","否","已作答","0.00","0.00","0.00","0.00","53.48","4"
"ZJ20260816DE707527","2026-08-16 11:40:05","55.61","15","ITEM-00070","119","文本","情绪识别","多选题","4.50","悲伤｜羞耻｜蔑视｜轻松｜平静｜绝望｜困惑｜愁闷｜厌倦｜痛苦","困惑｜痛苦｜厌倦","3｜4｜3","困惑｜痛苦","4｜5","否","已作答","80.00","75.00","78.00","3.51","15.58","7"
"ZJ20260816DE707527","2026-08-16 11:40:05","55.61","16","ITEM-00107","81","视频","情绪推理","多选题","4.50","自满｜感动｜烦躁｜抑郁｜失望｜满足｜兴奋｜希望｜羞耻｜快乐","感动｜满足｜兴奋｜快乐","3｜4｜5｜5","快乐｜满足｜感动","5｜5｜5","否","已作答","85.71","75.00","81.43","3.66","41.24","10"
"ZJ20260816DE707527","2026-08-16 11:40:05","55.61","17","ITEM-00145","69","音频","情绪识别","多选题","4.50","愁闷｜感激｜爱｜愤怒｜渴望｜感动｜共情痛苦｜担忧｜抑郁｜震惊","愤怒","4","愤怒｜震惊","4｜3","否","已作答","66.67","50.00","60.00","2.70","65.67","3"
"ZJ20260816DE707527","2026-08-16 11:40:05","55.61","18","ITEM-00106","77","视频","情绪推理","单选题","3.50","感激｜蔑视｜愉悦｜担忧｜嫉妒｜释然｜快乐｜惊讶｜审美欣赏｜敌意","审美欣赏","4","快乐","5","是","已作答","0.00","0.00","0.00","0.00","17.38","5"
"ZJ20260816DE707527","2026-08-16 11:40:05","55.61","19","ITEM-00069","117","文本","情绪识别","多选题","4.50","爱｜希望｜委屈｜感激｜满足｜敌意｜愉悦｜绝望｜愤怒｜平静","爱｜希望｜满足｜愉悦","4｜5｜4｜5","感激｜爱｜愉悦","4｜4｜5","否","已作答","57.14","66.67","60.95","2.74","14.90","11"
"ZJ20260816DE707527","2026-08-16 11:40:05","55.61","20","ITEM-00049","17","音频","情绪识别","单选题","3.50","共情痛苦｜焦虑｜敌意｜嫉妒｜遗憾｜怨恨｜兴趣｜轻松｜释然｜痛苦","敌意","4","敌意","4","否","已作答","100.00","100.00","100.00","3.50","44.76","4"
"ZJ20260816DE707527","2026-08-16 11:40:05","55.61","21","ITEM-00135","68","文本","情绪识别","多选题","4.50","共情痛苦｜尴尬｜失望｜不屑｜恐惧｜担忧｜惊讶｜惊吓｜内疚｜好奇","恐惧｜不屑","4｜5","不屑｜惊吓","5｜4","否","已作答","50.00","50.00","50.00","2.25","26.88","10"
"ZJ20260816DE707527","2026-08-16 11:40:05","55.61","22","ITEM-00108","59","音频","情绪推理","多选题","4.50","厌倦｜平静｜抑郁｜感激｜痛苦｜悲伤｜遗憾｜快乐｜爱｜恐惧","痛苦｜悲伤","4｜5","痛苦｜抑郁","4｜4","否","已作答","50.00","50.00","50.00","2.25","51.21","9"
"ZJ20260816DE707527","2026-08-16 11:40:05","55.61","23","ITEM-00064","111","图像","情绪识别","多选题","4.50","冷静｜羡慕｜希望｜愉悦｜释然｜惊喜｜兴趣｜审美欣赏｜担忧｜爱","愉悦｜惊喜","4｜5","释然｜愉悦","3｜5","否","已作答","50.00","37.50","45.00","2.02","17.34","11"
"ZJ20260816DE707527","2026-08-16 11:40:05","55.61","24","ITEM-00047","90","图像","情绪识别","多选题","4.50","惊讶｜快乐｜困惑｜共情痛苦｜抑郁｜愁闷｜敌意｜惊喜｜兴奋｜愉悦","困惑｜共情痛苦","4｜5","惊喜｜快乐｜愉悦","5｜5｜5","否","已作答","0.00","0.00","0.00","0.00","15.83","5"
"ZJ20260816D53CC28B","2026-08-16 11:40:02","42.93","1","ITEM-00006","28","图像","情绪识别","单选题","3.50","快乐｜失望｜兴奋｜羡慕｜蔑视｜紧张｜羞耻｜愉悦｜自满｜不屑","失望","4","紧张","3","否","已作答","0.00","0.00","0.00","0.00","17.08","3"
"ZJ20260816D53CC28B","2026-08-16 11:40:02","42.93","2","ITEM-00078","89","图像","情绪推理","多选题","4.50","厌恶｜震惊｜担忧｜感动｜内疚｜紧张｜愉悦｜羞耻｜悲伤｜委屈","委屈｜担忧","5｜3","内疚｜悲伤","4｜3","否","已作答","0.00","0.00","0.00","0.00","23.88","5"
"ZJ20260816D53CC28B","2026-08-16 11:40:02","42.93","3","ITEM-00106","77","视频","情绪推理","单选题","3.50","感动｜恐惧｜惊喜｜厌恶｜不屑｜审美欣赏｜崇拜｜快乐｜渴望｜平静","审美欣赏","5","快乐","5","是","已作答","0.00","0.00","0.00","0.00","90.41","4"
"ZJ20260816D53CC28B","2026-08-16 11:40:02","42.93","4","ITEM-00094","88","音频","情绪识别","多选题","4.50","内疚｜失望｜快乐｜绝望｜敌意｜兴趣｜紧张｜厌倦｜痛苦｜渴望","快乐｜兴趣","4｜5","渴望｜兴趣","4｜5","否","已作答","50.00","50.00","50.00","2.25","53.13","6"
"ZJ20260816D53CC28B","2026-08-16 11:40:02","42.93","5","ITEM-00072","120","文本","情绪识别","多选题","4.50","冷静｜蔑视｜兴趣｜愉悦｜轻松｜恐惧｜希望｜怀旧｜崇拜｜满足","轻松｜冷静","4｜3","满足｜轻松｜愉悦｜希望｜兴趣","5｜5｜5｜5｜5","否","已作答","28.57","15.00","23.14","1.04","72.31","10"
"ZJ20260816D53CC28B","2026-08-16 11:40:02","42.93","6","ITEM-00018","11","视频","情绪识别","单选题","3.50","兴趣｜共情痛苦｜快乐｜内疚｜烦躁｜羞耻｜怨恨｜感动｜释然｜冷静","共情痛苦","4","共情痛苦","5","否","已作答","100.00","75.00","90.00","3.15","40.56","4"
"ZJ20260816D53CC28B","2026-08-16 11:40:02","42.93","7","ITEM-00107","81","视频","情绪推理","多选题","4.50","厌恶｜满足｜惊讶｜感动｜羞耻｜快乐｜愤怒｜愁闷｜内疚｜绝望","快乐｜感动","4｜5","快乐｜满足｜感动","5｜5｜5","否","已作答","80.00","58.33","71.33","3.21","54.59","6"
"ZJ20260816D53CC28B","2026-08-16 11:40:02","42.93","8","ITEM-00055","98","图像","情绪识别","多选题","4.50","轻松｜烦躁｜失望｜快乐｜尴尬｜释然｜紧张｜兴奋｜愉悦｜恐惧","兴奋｜快乐","3｜5","兴奋｜轻松｜愉悦｜快乐","5｜5｜5｜5","否","已作答","66.67","37.50","55.00","2.47","19.98","8"
"ZJ20260816D53CC28B","2026-08-16 11:40:02","42.93","9","ITEM-00083","73","视频","情绪识别","多选题","4.50","不屑｜好奇｜爱｜委屈｜蔑视｜愁闷｜自豪｜释然｜共情痛苦｜愉悦","释然｜愉悦","4｜3","爱｜释然","5｜5","否","已作答","50.00","37.50","45.00","2.02","65.58","4"
"ZJ20260816D53CC28B","2026-08-16 11:40:02","42.93","10","ITEM-00110","59","文本","情绪推理","多选题","4.50","快乐｜不屑｜抑郁｜爱｜满足｜绝望｜羡慕｜痛苦｜嫉妒｜崇拜","痛苦｜绝望","4｜3","痛苦｜抑郁","4｜4","否","已作答","50.00","50.00","50.00","2.25","30.55","5"
"ZJ20260816D53CC28B","2026-08-16 11:40:02","42.93","11","ITEM-00040","53","文本","情绪识别","单选题","3.50","平静｜好奇｜困惑｜怨恨｜愤怒｜痛苦｜羡慕｜委屈｜尴尬｜恐惧","愤怒","5","怨恨","5","否","已作答","0.00","0.00","0.00","0.00","11.04","4"
"ZJ20260816D53CC28B","2026-08-16 11:40:02","42.93","12","ITEM-00128","100","图像","情绪识别","多选题","4.50","自豪｜轻松｜渴望｜怀旧｜愁闷｜满足｜兴奋｜恐惧｜紧张｜期望","兴奋｜轻松","5｜3","兴奋｜期望","4｜4","否","已作答","50.00","37.50","45.00","2.02","13.86","4"
"ZJ20260816D53CC28B","2026-08-16 11:40:02","42.93","13","ITEM-00144","118","文本","情绪推理","单选题","3.50","厌恶｜释然｜蔑视｜委屈｜感动｜怀旧｜怨恨｜失望｜愁闷｜愤怒","愁闷","4","失望","4","否","已作答","0.00","0.00","0.00","0.00","24.29","4"
"ZJ20260816D53CC28B","2026-08-16 11:40:02","42.93","14","ITEM-00048","2","音频","情绪识别","单选题","3.50","怀旧｜希望｜遗憾｜愤怒｜羡慕｜焦虑｜轻松｜感激｜惊喜｜爱","焦虑","4","愤怒","5","否","已作答","0.00","0.00","0.00","0.00","25.18","3"
"ZJ20260816D53CC28B","2026-08-16 11:40:02","42.93","15","ITEM-00077","79","音频","情绪识别","多选题","4.50","悲伤｜不屑｜紧张｜快乐｜感动｜烦躁｜希望｜厌倦｜内疚｜遗憾","烦躁｜不屑","5｜3","烦躁｜厌倦","4｜4","否","已作答","50.00","37.50","45.00","2.02","38.81","4"
"ZJ20260816D53CC28B","2026-08-16 11:40:02","42.93","16","ITEM-00061","109","图像","情绪识别","多选题","4.50","恐惧｜担忧｜愤怒｜悲伤｜愉悦｜审美欣赏｜轻松｜蔑视｜厌倦｜快乐","愉悦｜快乐","5｜4","快乐｜愉悦","4｜4","否","已作答","100.00","87.50","95.00","4.28","12.78","6"
"ZJ20260816D53CC28B","2026-08-16 11:40:02","42.93","17","ITEM-00097","82","文本","情绪识别","多选题","4.50","怀旧｜轻松｜自豪｜羡慕｜审美欣赏｜烦躁｜感激｜遗憾｜悲伤｜快乐","轻松｜自豪","5｜3","轻松｜快乐","4｜4","否","已作答","50.00","37.50","45.00","2.02","35.50","6"
"ZJ20260816D53CC28B","2026-08-16 11:40:02","42.93","18","ITEM-00084","78","音频","情绪推理","多选题","4.50","惊喜｜烦躁｜蔑视｜轻松｜嫉妒｜满足｜羞耻｜冷静｜审美欣赏｜焦虑","烦躁｜嫉妒｜焦虑｜蔑视｜冷静","5｜4｜5｜4｜3","羞耻｜烦躁","4｜5","否","已作答","28.57","50.00","37.14","1.67","62.42","12"
"ZJ20260816D53CC28B","2026-08-16 11:40:02","42.93","19","ITEM-00125","85","视频","情绪识别","多选题","4.50","冷静｜厌倦｜恐惧｜惊讶｜不屑｜崇拜｜焦虑｜愉悦｜感激｜怨恨","崇拜｜感激","3｜5","感激｜愉悦｜不屑","5｜5｜3","否","已作答","40.00","33.33","37.33","1.68","40.47","9"
"ZJ20260816D53CC28B","2026-08-16 11:40:02","42.93","20","ITEM-00135","68","文本","情绪识别","多选题","4.50","委屈｜自满｜紧张｜兴奋｜愉悦｜恐惧｜惊吓｜不屑｜厌恶｜羞耻","不屑｜委屈","3｜4","不屑｜惊吓","5｜4","否","已作答","50.00","25.00","40.00","1.80","32.23","6"
"ZJ20260816D53CC28B","2026-08-16 11:40:02","42.93","21","ITEM-00036","45","图像","情绪识别","单选题","3.50","自豪｜轻松｜烦躁｜兴趣｜释然｜满足｜委屈｜内疚｜尴尬｜共情痛苦","兴趣","3","兴趣","4","否","已作答","100.00","75.00","90.00","3.15","22.40","4"
"ZJ20260816D53CC28B","2026-08-16 11:40:02","42.93","22","ITEM-00080","65","视频","情绪推理","多选题","4.50","感动｜愉悦｜蔑视｜遗憾｜嫉妒｜绝望｜怀旧｜抑郁｜自豪｜满足","遗憾｜怀旧","5｜5","怀旧｜感动｜愉悦｜遗憾","5｜3｜3｜5","否","已作答","66.67","50.00","60.00","2.70","38.06","7"
"ZJ20260816D53CC28B","2026-08-16 11:40:02","42.93","23","ITEM-00138","22","音频","情绪推理","多选题","4.50","绝望｜惊喜｜可惜｜兴奋｜悲伤｜好奇｜不屑｜厌恶｜愁闷｜痛苦","可惜｜悲伤","4｜3","不屑｜可惜","4｜3","否","已作答","50.00","37.50","45.00","2.02","70.82","4"
"ZJ20260816D53CC28B","2026-08-16 11:40:02","42.93","24","ITEM-00049","17","音频","情绪识别","单选题","3.50","轻松｜兴趣｜审美欣赏｜敌意｜困惑｜尴尬｜满足｜好奇｜爱｜震惊","敌意","5","敌意","4","未填写","已作答","100.00","75.00","90.00","3.15","83.26","2"
"ZJ20260816215081F0","2026-08-16 11:39:56","52.36","1","ITEM-00092","66","音频","情绪识别","多选题","4.50","敌意｜痛苦｜自满｜内疚｜轻松｜厌倦｜感动｜冷静｜不屑｜悲伤","痛苦｜内疚｜悲伤","4｜5｜5","内疚｜痛苦｜悲伤","5｜5｜5","否","已作答","100.00","91.67","96.67","4.35","80.67","7"
"ZJ20260816215081F0","2026-08-16 11:39:56","52.36","2","ITEM-00070","119","文本","情绪识别","多选题","4.50","绝望｜困惑｜怀旧｜失望｜轻松｜感激｜释然｜羡慕｜痛苦｜快乐","绝望｜痛苦","5｜5","困惑｜痛苦","4｜5","否","已作答","50.00","50.00","50.00","2.25","21.96","8"
"ZJ20260816215081F0","2026-08-16 11:39:56","52.36","3","ITEM-00093","75","音频","情绪识别","多选题","4.50","不屑｜悲伤｜内疚｜快乐｜委屈｜困惑｜愤怒｜厌恶｜兴奋｜失望","困惑｜委屈","4｜2","委屈｜悲伤","5｜5","否","已作答","50.00","12.50","35.00","1.57","184.12","8"
"ZJ20260816215081F0","2026-08-16 11:39:56","52.36","4","ITEM-00122","5","文本","情绪识别","单选题","3.50","羡慕｜惊讶｜轻松｜烦躁｜震惊｜抑郁｜愉悦｜紧张｜痛苦｜崇拜","痛苦","5","羡慕","4","否","已作答","0.00","0.00","0.00","0.00","49.12","5"
"ZJ20260816215081F0","2026-08-16 11:39:56","52.36","5","ITEM-00149","60","视频","情绪推理","单选题","2.50","惊喜｜困惑｜共情痛苦｜满足｜冷静｜愤怒｜担忧｜尴尬｜蔑视｜惊讶","共情痛苦","5","担忧","4","否","已作答","0.00","0.00","0.00","0.00","71.99","4"
"ZJ20260816215081F0","2026-08-16 11:39:56","52.36","6","ITEM-00084","78","音频","情绪推理","多选题","4.50","愤怒｜担忧｜绝望｜羞耻｜审美欣赏｜释然｜紧张｜感动｜满足｜烦躁","愤怒｜烦躁","5｜3","羞耻｜烦躁","4｜5","是","已作答","50.00","25.00","40.00","1.80","130.76","4"
"ZJ20260816215081F0","2026-08-16 11:39:56","52.36","7","ITEM-00117","47","图像","情绪识别","单选题","3.50","审美欣赏｜敌意｜委屈｜羞耻｜羡慕｜希望｜满足｜愁闷｜焦虑｜共情痛苦","委屈","4","焦虑","4","否","已作答","0.00","0.00","0.00","0.00","30.04","10"
"ZJ20260816215081F0","2026-08-16 11:39:56","52.36","8","ITEM-00063","110","图像","情绪识别","多选题","4.50","爱｜惊喜｜蔑视｜紧张｜兴趣｜愉悦｜快乐｜轻松｜冷静｜羞耻","爱｜愉悦｜快乐｜惊喜","5｜4｜5｜4","轻松｜愉悦","5｜4","否","已作答","33.33","50.00","40.00","1.80","16.75","11"
"ZJ20260816215081F0","2026-08-16 11:39:56","52.36","9","ITEM-00034","43","图像","情绪识别","单选题","3.50","绝望｜怨恨｜愉悦｜兴奋｜怀旧｜崇拜｜悲伤｜厌恶｜爱｜委屈","爱","5","爱","5","否","已作答","100.00","100.00","100.00","3.50","21.30","5"
"ZJ20260816215081F0","2026-08-16 11:39:56","52.36","10","ITEM-00047","90","图像","情绪识别","多选题","4.50","愉悦｜紧张｜焦虑｜不屑｜平静｜怨恨｜审美欣赏｜感动｜快乐｜惊喜","愉悦｜快乐","4｜5","惊喜｜快乐｜愉悦","5｜5｜5","否","已作答","80.00","58.33","71.33","3.21","100.77","7"
"ZJ20260816215081F0","2026-08-16 11:39:56","52.36","11","ITEM-00081","58","视频","情绪识别","多选题","4.50","愤怒｜怀旧｜共情痛苦｜渴望｜羞耻｜怨恨｜好奇｜遗憾｜审美欣赏｜崇拜","共情痛苦｜审美欣赏","3｜5","审美欣赏｜怀旧","5｜3","否","已作答","50.00","50.00","50.00","2.25","119.88","4"
"ZJ20260816215081F0","2026-08-16 11:39:56","52.36","12","ITEM-00127","87","视频","情绪识别","多选题","4.50","遗憾｜愤怒｜震惊｜痛苦｜不屑｜困惑｜蔑视｜焦虑｜冷静｜同情","冷静","4","震惊｜蔑视｜同情","4｜4｜3","否","已作答","0.00","0.00","0.00","0.00","83.39","3"
"ZJ20260816215081F0","2026-08-16 11:39:56","52.36","13","ITEM-00086","79","音频","情绪推理","多选题","4.50","抑郁｜愁闷｜希望｜厌倦｜渴望｜释然｜平静｜感激｜冷静｜烦躁","厌倦｜烦躁","5｜5","烦躁｜厌倦","4｜4","否","已作答","100.00","75.00","90.00","4.05","58.78","5"
"ZJ20260816215081F0","2026-08-16 11:39:56","52.36","14","ITEM-00096","74","文本","情绪识别","多选题","4.50","审美欣赏｜愉悦｜惊讶｜怨恨｜厌恶｜厌倦｜兴趣｜绝望｜渴望｜尴尬","愉悦｜审美欣赏","5｜4","审美欣赏｜愉悦","5｜5","否","已作答","100.00","87.50","95.00","4.28","7.33","5"
"ZJ20260816215081F0","2026-08-16 11:39:56","52.36","15","ITEM-00050","92","图像","情绪识别","多选题","4.50","怀旧｜焦虑｜绝望｜自豪｜委屈｜满足｜惊喜｜怨恨｜敌意｜冷静","绝望｜怨恨","5｜5","敌意｜怨恨","5｜5","否","已作答","50.00","50.00","50.00","2.25","8.75","6"
"ZJ20260816215081F0","2026-08-16 11:39:56","52.36","16","ITEM-00018","11","视频","情绪识别","单选题","3.50","愁闷｜痛苦｜兴奋｜愉悦｜悲伤｜惊讶｜愤怒｜嫉妒｜震惊｜共情痛苦","悲伤","5","共情痛苦","5","否","已作答","0.00","0.00","0.00","0.00","36.96","9"
"ZJ20260816215081F0","2026-08-16 11:39:56","52.36","17","ITEM-00135","68","文本","情绪识别","多选题","4.50","冷静｜悲伤｜感动｜恐惧｜痛苦｜惊吓｜崇拜｜不屑｜满足｜厌恶","痛苦｜惊吓","4｜4","不屑｜惊吓","5｜4","否","已作答","50.00","50.00","50.00","2.25","19.06","6"
"ZJ20260816215081F0","2026-08-16 11:39:56","52.36","18","ITEM-00110","59","文本","情绪推理","多选题","4.50","厌恶｜惊喜｜抑郁｜兴趣｜痛苦｜渴望｜羡慕｜委屈｜敌意｜自满","痛苦｜委屈","5｜4","痛苦｜抑郁","4｜4","否","已作答","50.00","37.50","45.00","2.02","27.34","9"
"ZJ20260816215081F0","2026-08-16 11:39:56","52.36","19","ITEM-00102","57","视频","情绪推理","多选题","4.50","感激｜崇拜｜厌恶｜爱｜烦躁｜自豪｜愤怒｜抑郁｜惊讶｜感动","烦躁｜愤怒","5｜5","愤怒｜烦躁","5｜5","否","已作答","100.00","100.00","100.00","4.50","74.20","5"
"ZJ20260816215081F0","2026-08-16 11:39:56","52.36","20","ITEM-00104","23","文本","情绪推理","单选题","3.50","渴望｜平静｜内疚｜感动｜厌恶｜烦躁｜兴奋｜自满｜自豪｜羡慕","自豪","5","兴奋","5","是","已作答","0.00","0.00","0.00","0.00","22.36","6"
"ZJ20260816215081F0","2026-08-16 11:39:56","52.36","21","ITEM-00123","8","音频","情绪识别","单选题","3.50","审美欣赏｜惊讶｜满足｜羞耻｜抑郁｜绝望｜愁闷｜厌倦｜自满｜平静","绝望","4","绝望","4","否","已作答","100.00","100.00","100.00","3.50","24.03","5"
"ZJ20260816215081F0","2026-08-16 11:39:56","52.36","22","ITEM-00078","89","图像","情绪推理","多选题","4.50","内疚｜失望｜绝望｜惊喜｜审美欣赏｜自满｜希望｜悲伤｜好奇｜委屈","失望｜悲伤｜委屈","3｜4｜5","内疚｜悲伤","4｜3","否","已作答","40.00","37.50","39.00","1.75","21.63","10"
"ZJ20260816215081F0","2026-08-16 11:39:56","52.36","23","ITEM-00098","1","视频","情绪推理","多选题","4.50","平静｜嫉妒｜自豪｜感激｜厌倦｜悲伤｜尴尬｜羞耻｜自满｜满足","平静｜自豪｜满足","5｜3｜4","感激｜自豪｜满足","4｜3｜4","否","已作答","66.67","66.67","66.67","3.00","55.36","9"
"ZJ20260816215081F0","2026-08-16 11:39:56","52.36","24","ITEM-00048","2","音频","情绪识别","单选题","3.50","怨恨｜兴趣｜愤怒｜恐惧｜怀旧｜好奇｜惊喜｜紧张｜渴望｜厌倦","愤怒","5","愤怒","5","否","已作答","100.00","100.00","100.00","3.50","46.33","7"
"ZJ202608162DF0DA84","2026-08-16 11:39:52","60.69","1","ITEM-00003","21","视频","情绪识别","单选题","3.50","困惑｜惊讶｜尴尬｜感动｜爱｜愁闷｜兴奋｜共情痛苦｜遗憾｜抑郁","遗憾","4","遗憾","3","否","已作答","100.00","75.00","90.00","3.15","65.39","5"
"ZJ202608162DF0DA84","2026-08-16 11:39:52","60.69","2","ITEM-00113","36","图像","情绪识别","单选题","3.50","爱｜焦虑｜希望｜快乐｜兴奋｜共情痛苦｜渴望｜蔑视｜审美欣赏｜自满","蔑视","4","共情痛苦","4","是","已作答","0.00","0.00","0.00","0.00","22.19","6"
"ZJ202608162DF0DA84","2026-08-16 11:39:52","60.69","3","ITEM-00124","22","音频","情绪识别","单选题","3.50","愁闷｜羞耻｜释然｜敌意｜希望｜遗憾｜渴望｜厌倦｜愤怒｜冷静","释然","5","释然","3","否","已作答","100.00","50.00","80.00","2.80","48.30","4"
"ZJ202608162DF0DA84","2026-08-16 11:39:52","60.69","4","ITEM-00078","89","图像","情绪推理","多选题","4.50","好奇｜共情痛苦｜自满｜愉悦｜羡慕｜内疚｜遗憾｜释然｜悲伤｜惊喜","悲伤｜遗憾｜内疚｜共情痛苦","5｜3｜3｜4","内疚｜悲伤","4｜3","否","已作答","66.67","62.50","65.00","2.92","56.40","18"
"ZJ202608162DF0DA84","2026-08-16 11:39:52","60.69","5","ITEM-00071","91","图像","情绪识别","多选题","4.50","崇拜｜冷静｜震惊｜自豪｜惊讶｜失望｜不屑｜委屈｜满足｜厌恶","委屈｜震惊｜失望","4｜3｜4","失望｜震惊","5｜5","否","已作答","80.00","62.50","73.00","3.29","44.85","10"
"ZJ202608162DF0DA84","2026-08-16 11:39:52","60.69","6","ITEM-00090","56","音频","情绪识别","多选题","4.50","感动｜尴尬｜怨恨｜失望｜惊喜｜平静｜厌倦｜内疚｜悲伤｜担忧","怨恨｜失望｜内疚｜悲伤","4｜4｜4｜4","怨恨｜失望","5｜5","是","已作答","66.67","75.00","70.00","3.15","55.74","9"
"ZJ202608162DF0DA84","2026-08-16 11:39:52","60.69","7","ITEM-00109","88","音频","情绪推理","多选题","4.50","嫉妒｜厌倦｜困惑｜平静｜羡慕｜怨恨｜悲伤｜震惊｜感动｜共情痛苦","厌倦｜平静","5｜5","厌倦｜困惑","3｜3","是","已作答","50.00","25.00","40.00","1.80","65.16","6"
"ZJ202608162DF0DA84","2026-08-16 11:39:52","60.69","8","ITEM-00117","47","图像","情绪识别","单选题","3.50","厌倦｜怨恨｜释然｜渴望｜遗憾｜焦虑｜内疚｜自满｜兴奋｜悲伤","遗憾","4","焦虑","4","否","已作答","0.00","0.00","0.00","0.00","37.09","11"
"ZJ202608162DF0DA84","2026-08-16 11:39:52","60.69","9","ITEM-00010","63","文本","情绪识别","多选题","4.50","渴望｜惊喜｜愤怒｜厌倦｜不屑｜羡慕｜困惑｜兴奋｜绝望｜内疚","惊喜｜兴奋","5｜5","惊喜｜兴奋","4｜4","是","已作答","100.00","75.00","90.00","4.05","16.62","7"
"ZJ202608162DF0DA84","2026-08-16 11:39:52","60.69","10","ITEM-00096","74","文本","情绪识别","多选题","4.50","审美欣赏｜愉悦｜快乐｜恐惧｜蔑视｜愤怒｜不屑｜震惊｜内疚｜痛苦","审美欣赏｜愉悦｜快乐","5｜5｜5","审美欣赏｜愉悦","5｜5","是","已作答","80.00","100.00","88.00","3.96","16.90","12"
"ZJ202608162DF0DA84","2026-08-16 11:39:52","60.69","11","ITEM-00108","59","音频","情绪推理","多选题","4.50","震惊｜痛苦｜愤怒｜惊讶｜崇拜｜焦虑｜释然｜厌恶｜感动｜抑郁","感动｜痛苦","5｜3","痛苦｜抑郁","4｜4","否","已作答","50.00","37.50","45.00","2.02","52.04","5"
"ZJ202608162DF0DA84","2026-08-16 11:39:52","60.69","12","ITEM-00087","77","视频","情绪识别","多选题","4.50","抑郁｜爱｜希望｜兴奋｜惊喜｜自豪｜悲伤｜快乐｜好奇｜嫉妒","爱｜兴奋｜希望｜惊喜｜快乐","5｜5｜3｜3｜4","兴奋｜爱｜惊喜","5｜5｜5","是","已作答","75.00","83.33","78.33","3.53","66.32","16"
"ZJ202608162DF0DA84","2026-08-16 11:39:52","60.69","13","ITEM-00068","116","文本","情绪识别","多选题","4.50","悲伤｜厌恶｜满足｜烦躁｜遗憾｜兴趣｜不屑｜失望｜委屈｜释然","不屑｜厌恶","5｜3","厌恶｜不屑","4｜4","是","已作答","100.00","75.00","90.00","4.05","18.48","5"
"ZJ202608162DF0DA84","2026-08-16 11:39:52","60.69","14","ITEM-00150","86","视频","情绪推理","多选题","4.50","快乐｜崇拜｜感动｜担忧｜抑郁｜绝望｜不屑｜冷静｜满足｜愤怒","担忧｜冷静","4｜4","满足｜快乐","4｜3","否","已作答","0.00","0.00","0.00","0.00","21.37","7"
"ZJ202608162DF0DA84","2026-08-16 11:39:52","60.69","15","ITEM-00137","69","音频","情绪识别","多选题","4.50","释然｜好奇｜轻视｜崇拜｜惊讶｜焦虑｜烦躁｜希望｜爱｜愤怒","愤怒｜惊讶","5｜3","愤怒｜轻视","4｜4","是","已作答","50.00","37.50","45.00","2.02","21.98","5"
"ZJ202608162DF0DA84","2026-08-16 11:39:52","60.69","16","ITEM-00141","67","文本","情绪推理","多选题","4.50","怀旧｜失望｜痛苦｜兴奋｜震惊｜自满｜羞耻｜惊讶｜愤怒｜快乐","愤怒｜羞耻｜震惊","5｜3｜4","愤怒｜惊讶","4｜3","是","已作答","40.00","37.50","39.00","1.75","48.56","9"
"ZJ202608162DF0DA84","2026-08-16 11:39:52","60.69","17","ITEM-00058","102","图像","情绪识别","多选题","4.50","愉悦｜感激｜焦虑｜担忧｜嫉妒｜渴望｜烦躁｜愁闷｜悲伤｜感动","渴望｜悲伤｜感动","3｜3｜4","感动｜愉悦","4｜4","否","已作答","40.00","50.00","44.00","1.98","13.98","5"
"ZJ202608162DF0DA84","2026-08-16 11:39:52","60.69","18","ITEM-00048","2","音频","情绪识别","单选题","3.50","委屈｜愤怒｜羞耻｜痛苦｜轻松｜震惊｜抑郁｜悲伤｜平静｜紧张","紧张","5","愤怒","5","否","已作答","0.00","0.00","0.00","0.00","37.14","6"
"ZJ202608162DF0DA84","2026-08-16 11:39:52","60.69","19","ITEM-00040","53","文本","情绪识别","单选题","3.50","困惑｜好奇｜怨恨｜不屑｜内疚｜紧张｜共情痛苦｜兴趣｜羞耻｜遗憾","怨恨","5","怨恨","5","是","已作答","100.00","100.00","100.00","3.50","21.81","5"
"ZJ202608162DF0DA84","2026-08-16 11:39:52","60.69","20","ITEM-00066","113","图像","情绪识别","多选题","4.50","恐惧｜绝望｜烦躁｜渴望｜厌恶｜满足｜羡慕｜不屑｜痛苦｜悲伤","恐惧｜绝望｜渴望｜痛苦｜悲伤","4｜5｜3｜5｜5","渴望｜痛苦｜悲伤｜绝望","4｜5｜5｜5","是","已作答","88.89","93.75","90.83","4.09","14.46","13"
"ZJ202608162DF0DA84","2026-08-16 11:39:52","60.69","21","ITEM-00079","61","视频","情绪推理","多选题","4.50","恐惧｜厌恶｜担忧｜悲伤｜内疚｜好奇｜烦躁｜委屈｜抑郁｜自满","委屈｜悲伤","5｜5","委屈｜悲伤","3｜3","否","已作答","100.00","50.00","80.00","3.60","26.52","7"
"ZJ202608162DF0DA84","2026-08-16 11:39:52","60.69","22","ITEM-00089","84","视频","情绪识别","多选题","4.50","委屈｜羡慕｜渴望｜抑郁｜悲伤｜爱｜尴尬｜担忧｜平静｜同情","抑郁｜担忧｜委屈｜同情｜悲伤","4｜3｜3｜3｜3","担忧｜同情｜悲伤","5｜4｜5","否","已作答","75.00","58.33","68.33","3.08","58.66","11"
"ZJ202608162DF0DA84","2026-08-16 11:39:52","60.69","23","ITEM-00104","23","文本","情绪推理","单选题","3.50","蔑视｜绝望｜担忧｜好奇｜敌意｜兴奋｜抑郁｜羡慕｜感动｜愁闷","兴奋","4","兴奋","5","否","已作答","100.00","75.00","90.00","3.15","28.90","5"
"ZJ202608162DF0DA84","2026-08-16 11:39:52","60.69","24","ITEM-00002","6","视频","情绪推理","单选题","3.50","感激｜不屑｜好奇｜羞耻｜担忧｜嫉妒｜愤怒｜感动｜惊讶｜怀旧","感动","5","感动","3","是","已作答","100.00","50.00","80.00","2.80","46.82","10"
"ZJ20260816E6C8F04F","2026-08-16 11:39:42","53.20","1","ITEM-00092","66","音频","情绪识别","多选题","4.50","痛苦｜烦躁｜遗憾｜失望｜厌恶｜悲伤｜委屈｜内疚｜审美欣赏｜羞耻","悲伤｜遗憾｜内疚","4｜3｜5","内疚｜痛苦｜悲伤","5｜5｜5","否","已作答","66.67","58.33","63.33","2.85","76.69","9"
"ZJ20260816E6C8F04F","2026-08-16 11:39:42","53.20","2","ITEM-00061","109","图像","情绪识别","多选题","4.50","崇拜｜震惊｜惊喜｜希望｜恐惧｜快乐｜厌倦｜愉悦｜惊讶｜焦虑","崇拜｜惊喜｜快乐｜愉悦","4｜4｜4｜4","快乐｜愉悦","4｜4","否","已作答","66.67","100.00","80.00","3.60","29.66","11"
"ZJ20260816E6C8F04F","2026-08-16 11:39:42","53.20","3","ITEM-00150","86","视频","情绪推理","多选题","4.50","自豪｜兴奋｜满足｜焦虑｜失望｜担忧｜平静｜不屑｜快乐｜烦躁","自豪｜兴奋｜快乐｜满足","5｜3｜3｜4","满足｜快乐","4｜3","否","已作答","66.67","100.00","80.00","3.60","70.36","10"
"ZJ20260816E6C8F04F","2026-08-16 11:39:42","53.20","4","ITEM-00011","25","图像","情绪识别","单选题","3.50","焦虑｜快乐｜悲伤｜紧张｜渴望｜遗憾｜担忧｜轻松｜蔑视｜愉悦","担忧","4","担忧","4","否","已作答","100.00","100.00","100.00","3.50","40.55","5"
"ZJ20260816E6C8F04F","2026-08-16 11:39:42","53.20","5","ITEM-00049","17","音频","情绪识别","单选题","3.50","敌意｜焦虑｜悲伤｜兴趣｜羞耻｜希望｜审美欣赏｜平静｜好奇｜满足","平静","3","敌意","4","未填写","已作答","0.00","0.00","0.00","0.00","135.63","3"
"ZJ20260816E6C8F04F","2026-08-16 11:39:42","53.20","6","ITEM-00145","69","音频","情绪识别","多选题","4.50","爱｜震惊｜怨恨｜厌倦｜愤怒｜绝望｜怀旧｜崇拜｜感激｜轻松","愤怒","4","愤怒｜震惊","4｜3","是","已作答","66.67","50.00","60.00","2.70","50.72","3"
"ZJ20260816E6C8F04F","2026-08-16 11:39:42","53.20","7","ITEM-00087","77","视频","情绪识别","多选题","4.50","崇拜｜惊喜｜感动｜敌意｜烦躁｜兴奋｜不屑｜好奇｜爱｜感激","好奇","4","兴奋｜爱｜惊喜","5｜5｜5","是","已作答","0.00","0.00","0.00","0.00","41.23","3"
"ZJ20260816E6C8F04F","2026-08-16 11:39:42","53.20","8","ITEM-00146","118","文本","情绪识别","多选题","4.50","悲伤｜怀旧｜蔑视｜烦躁｜自豪｜失望｜痛苦｜焦虑｜担忧｜兴趣","失望｜烦躁","4｜3","烦躁｜失望","4｜4","否","已作答","100.00","87.50","95.00","4.28","110.85","6"
"ZJ20260816E6C8F04F","2026-08-16 11:39:42","53.20","9","ITEM-00124","22","音频","情绪识别","单选题","3.50","烦躁｜震惊｜平静｜释然｜轻松｜爱｜愉悦｜渴望｜希望｜敌意","释然","4","释然","3","否","已作答","100.00","75.00","90.00","3.15","41.15","5"
"ZJ20260816E6C8F04F","2026-08-16 11:39:42","53.20","10","ITEM-00086","79","音频","情绪推理","多选题","4.50","厌倦｜好奇｜抑郁｜烦躁｜爱｜敌意｜紧张｜困惑｜悲伤｜怀旧","烦躁","4","烦躁｜厌倦","4｜4","否","已作答","66.67","50.00","60.00","2.70","33.16","3"
"ZJ20260816E6C8F04F","2026-08-16 11:39:42","53.20","11","ITEM-00097","82","文本","情绪识别","多选题","4.50","感激｜愉悦｜快乐｜焦虑｜担忧｜轻松｜紧张｜希望｜内疚｜感动","轻松","3","轻松｜快乐","4｜4","否","已作答","66.67","37.50","55.00","2.47","85.06","2"
"ZJ20260816E6C8F04F","2026-08-16 11:39:42","53.20","12","ITEM-00120","105","图像","情绪识别","单选题","3.50","紧张｜惊讶｜自豪｜共情痛苦｜怨恨｜绝望｜轻松｜平静｜愉悦｜尴尬","怨恨","4","紧张","3","否","已作答","0.00","0.00","0.00","0.00","44.28","3"
"ZJ20260816E6C8F04F","2026-08-16 11:39:42","53.20","13","ITEM-00039","52","文本","情绪识别","单选题","3.50","焦虑｜痛苦｜不屑｜惊讶｜快乐｜厌恶｜自满｜尴尬｜悲伤｜绝望","焦虑","4","痛苦","4","否","已作答","0.00","0.00","0.00","0.00","24.29","3"
"ZJ20260816E6C8F04F","2026-08-16 11:39:42","53.20","14","ITEM-00135","68","文本","情绪识别","多选题","4.50","渴望｜怀旧｜惊吓｜释然｜羞耻｜厌倦｜爱｜担忧｜平静｜不屑","不屑｜厌倦","4｜4","不屑｜惊吓","5｜4","否","已作答","50.00","37.50","45.00","2.02","28.86","5"
"ZJ20260816E6C8F04F","2026-08-16 11:39:42","53.20","15","ITEM-00107","81","视频","情绪推理","多选题","4.50","冷静｜感激｜震惊｜厌恶｜怀旧｜自满｜感动｜惊讶｜满足｜快乐","快乐","4","快乐｜满足｜感动","5｜5｜5","是","已作答","50.00","25.00","40.00","1.80","35.11","4"
"ZJ20260816E6C8F04F","2026-08-16 11:39:42","53.20","16","ITEM-00055","98","图像","情绪识别","多选题","4.50","希望｜惊喜｜愤怒｜爱｜审美欣赏｜轻松｜愁闷｜愉悦｜兴奋｜快乐","希望｜轻松｜快乐","3｜4｜4","兴奋｜轻松｜愉悦｜快乐","5｜5｜5｜5","否","已作答","57.14","37.50","49.29","2.22","21.75","8"
"ZJ20260816E6C8F04F","2026-08-16 11:39:42","53.20","17","ITEM-00149","60","视频","情绪推理","单选题","2.50","惊讶｜感激｜担忧｜羞耻｜遗憾｜共情痛苦｜好奇｜紧张｜绝望｜爱","担忧","3","担忧","4","否","已作答","100.00","75.00","90.00","2.25","31.68","2"
"ZJ20260816E6C8F04F","2026-08-16 11:39:42","53.20","18","ITEM-00141","67","文本","情绪推理","多选题","4.50","共情痛苦｜快乐｜兴奋｜惊讶｜怨恨｜愤怒｜感激｜感动｜悲伤｜释然","愤怒｜惊讶","4｜3","愤怒｜惊讶","4｜3","否","已作答","100.00","100.00","100.00","4.50","69.79","4"
"ZJ20260816E6C8F04F","2026-08-16 11:39:42","53.20","19","ITEM-00050","92","图像","情绪识别","多选题","4.50","惊喜｜不屑｜痛苦｜厌恶｜绝望｜愤怒｜平静｜敌意｜感激｜怨恨","敌意｜怨恨","2｜4","敌意｜怨恨","5｜5","否","已作答","100.00","50.00","80.00","3.60","46.62","9"
"ZJ20260816E6C8F04F","2026-08-16 11:39:42","53.20","20","ITEM-00082","72","视频","情绪识别","多选题","4.50","羞耻｜轻松｜焦虑｜怨恨｜内疚｜爱｜尴尬｜紧张｜痛苦｜释然","尴尬｜紧张","4｜3","焦虑｜紧张","4｜5","否","已作答","50.00","25.00","40.00","1.80","26.55","4"
"ZJ20260816E6C8F04F","2026-08-16 11:39:42","53.20","21","ITEM-00022","16","视频","情绪识别","单选题","3.50","愉悦｜恐惧｜平静｜冷静｜惊讶｜轻松｜爱｜震惊｜厌倦｜痛苦","惊讶","4","震惊","5","否","已作答","0.00","0.00","0.00","0.00","15.56","5"
"ZJ20260816E6C8F04F","2026-08-16 11:39:42","53.20","22","ITEM-00139","37","图像","情绪推理","多选题","4.50","失望｜焦虑｜不屑｜怨恨｜冷静｜兴趣｜审美欣赏｜敬畏｜绝望｜快乐","敬畏","3","焦虑｜敬畏","3｜4","否","已作答","66.67","37.50","55.00","2.47","36.58","2"
"ZJ20260816E6C8F04F","2026-08-16 11:39:42","53.20","23","ITEM-00105","2","音频","情绪推理","多选题","4.50","紧张｜震惊｜困惑｜恐惧｜内疚｜愁闷｜蔑视｜悲伤｜焦虑｜崇拜","震惊","5","焦虑｜紧张｜内疚","4｜5｜4","否","已作答","0.00","0.00","0.00","0.00","42.77","6"
"ZJ20260816E6C8F04F","2026-08-16 11:39:42","53.20","24","ITEM-00104","23","文本","情绪推理","单选题","3.50","感动｜兴奋｜紧张｜崇拜｜不屑｜困惑｜自满｜恐惧｜委屈｜失望","兴奋","4","兴奋","5","否","已作答","100.00","75.00","90.00","3.15","30.19","5"
"ZJ2026081690E823DF","2026-08-16 11:39:39","75.33","1","ITEM-00105","2","音频","情绪推理","多选题","4.50","感动｜愉悦｜遗憾｜紧张｜平静｜满足｜内疚｜焦虑｜自满｜好奇","紧张｜内疚｜焦虑","4｜5｜3","焦虑｜紧张｜内疚","4｜5｜4","否","已作答","100.00","75.00","90.00","4.05","111.09","10"
"ZJ2026081678ECFD57","2026-08-16 11:39:39","38.34","1","ITEM-00122","5","文本","情绪识别","单选题","3.50","委屈｜羡慕｜审美欣赏｜快乐｜不屑｜自满｜怀旧｜释然｜怨恨｜蔑视","快乐","3","羡慕","4","是","已作答","0.00","0.00","0.00","0.00","14.63","7"
"ZJ2026081690E823DF","2026-08-16 11:39:39","75.33","2","ITEM-00057","23","音频","情绪识别","单选题","3.50","渴望｜兴奋｜绝望｜敌意｜兴趣｜惊喜｜焦虑｜审美欣赏｜烦躁｜感激","惊喜","5","惊喜","5","否","已作答","100.00","100.00","100.00","3.50","38.15","4"
"ZJ2026081678ECFD57","2026-08-16 11:39:39","38.34","2","ITEM-00129","103","图像","情绪识别","多选题","4.50","惊讶｜敌意｜爱｜不屑｜平静｜释然｜嫉妒｜轻松｜怨恨｜自豪","爱","3","不屑｜敌意","5｜3","是","已作答","0.00","0.00","0.00","0.00","7.00","2"
"ZJ2026081690E823DF","2026-08-16 11:39:39","75.33","3","ITEM-00124","22","音频","情绪识别","单选题","3.50","愁闷｜好奇｜嫉妒｜紧张｜愉悦｜崇拜｜感激｜释然｜快乐｜敌意","释然","5","释然","3","否","已作答","100.00","50.00","80.00","2.80","65.41","3"
"ZJ2026081678ECFD57","2026-08-16 11:39:39","38.34","3","ITEM-00125","85","视频","情绪识别","多选题","4.50","悲伤｜敌意｜审美欣赏｜不屑｜蔑视｜自豪｜好奇｜愉悦｜感激｜震惊","愉悦","3","感激｜愉悦｜不屑","5｜5｜3","未填写","已作答","50.00","16.67","36.67","1.65","10.74","1"
"ZJ2026081690E823DF","2026-08-16 11:39:39","75.33","4","ITEM-00001","3","视频","情绪识别","单选题","3.50","内疚｜惊讶｜愁闷｜震惊｜蔑视｜抑郁｜尴尬｜爱｜怨恨｜担忧","震惊","5","震惊","3","是","已作答","100.00","50.00","80.00","2.80","26.62","3"
"ZJ2026081678ECFD57","2026-08-16 11:39:39","38.34","4","ITEM-00144","118","文本","情绪推理","单选题","3.50","震惊｜爱｜痛苦｜自豪｜崇拜｜感动｜怀旧｜愤怒｜共情痛苦｜失望","痛苦","3","失望","4","是","已作答","0.00","0.00","0.00","0.00","28.04","3"
"ZJ2026081690E823DF","2026-08-16 11:39:39","75.33","5","ITEM-00085","76","视频","情绪识别","多选题","4.50","震惊｜内疚｜冷静｜困惑｜尴尬｜不屑｜自豪｜怀旧｜惊喜｜兴奋","自豪｜惊喜｜兴奋","3｜3｜3","自豪｜兴奋","5｜5","否","已作答","80.00","50.00","68.00","3.06","49.09","8"
"ZJ2026081678ECFD57","2026-08-16 11:39:39","38.34","5","ITEM-00030","42","图像","情绪识别","单选题","3.50","抑郁｜羞耻｜烦躁｜好奇｜审美欣赏｜担忧｜尴尬｜平静｜感动｜困惑","审美欣赏","3","困惑","4","是","已作答","0.00","0.00","0.00","0.00","9.48","2"
"ZJ2026081690E823DF","2026-08-16 11:39:39","75.33","6","ITEM-00150","86","视频","情绪推理","多选题","4.50","满足｜羞耻｜困惑｜震惊｜崇拜｜绝望｜快乐｜惊喜｜不屑｜厌恶","满足｜快乐","5｜5","满足｜快乐","4｜3","否","已作答","100.00","62.50","85.00","3.83","33.80","5"
"ZJ2026081678ECFD57","2026-08-16 11:39:39","38.34","6","ITEM-00102","57","视频","情绪推理","多选题","4.50","共情痛苦｜悲伤｜感动｜好奇｜愤怒｜烦躁｜紧张｜焦虑｜轻松｜内疚","烦躁｜愤怒｜焦虑","3｜3｜5","愤怒｜烦躁","5｜5","否","已作答","80.00","50.00","68.00","3.06","52.03","11"
"ZJ2026081690E823DF","2026-08-16 11:39:39","75.33","7","ITEM-00074","121","文本","情绪识别","单选题","3.50","委屈｜困惑｜怨恨｜自豪｜渴望｜怀旧｜快乐｜自满｜冷静｜厌倦","自豪","4","自豪","5","否","已作答","100.00","75.00","90.00","3.15","21.02","3"
"ZJ2026081678ECFD57","2026-08-16 11:39:39","38.34","7","ITEM-00075","108","图像","情绪识别","多选题","4.50","爱｜惊讶｜震惊｜失望｜愤怒｜悲伤｜平静｜兴奋｜感激｜抑郁","惊讶｜愤怒｜失望","3｜3｜3","震惊｜愤怒","5｜5","否","已作答","40.00","25.00","34.00","1.53","13.92","4"
"ZJ2026081690E823DF","2026-08-16 11:39:39","75.33","8","ITEM-00078","89","图像","情绪推理","多选题","4.50","敌意｜悲伤｜兴奋｜惊讶｜内疚｜不屑｜自满｜怨恨｜爱｜绝望","悲伤｜怨恨｜绝望","5｜5｜4","内疚｜悲伤","4｜3","否","已作答","40.00","25.00","34.00","1.53","21.62","7"
"ZJ2026081678ECFD57","2026-08-16 11:39:39","38.34","8","ITEM-00139","37","图像","情绪推理","多选题","4.50","蔑视｜敬畏｜敌意｜焦虑｜羞耻｜愁闷｜怀旧｜审美欣赏｜自满｜紧张","敬畏｜紧张","3｜3","焦虑｜敬畏","3｜4","否","已作答","50.00","37.50","45.00","2.02","21.65","3"
"ZJ2026081690E823DF","2026-08-16 11:39:39","75.33","9","ITEM-00142","68","文本","情绪推理","单选题","3.50","遗憾｜厌倦｜敌意｜兴趣｜不屑｜紧张｜兴奋｜自豪｜怨恨｜悲伤","敌意","4","敌意","4","否","已作答","100.00","100.00","100.00","3.50","25.63","3"
"ZJ2026081678ECFD57","2026-08-16 11:39:39","38.34","9","ITEM-00055","98","图像","情绪识别","多选题","4.50","困惑｜轻松｜希望｜悲伤｜兴奋｜恐惧｜尴尬｜愉悦｜满足｜快乐","希望｜兴奋｜愉悦｜满足｜快乐","3｜3｜3｜3｜3","兴奋｜轻松｜愉悦｜快乐","5｜5｜5｜5","否","已作答","66.67","37.50","55.00","2.47","13.60","6"
"ZJ2026081690E823DF","2026-08-16 11:39:39","75.33","10","ITEM-00076","78","音频","情绪识别","多选题","4.50","担忧｜委屈｜怨恨｜自豪｜羞耻｜快乐｜烦躁｜遗憾｜愤怒｜悲伤","怨恨｜烦躁｜愤怒","4｜4｜4","羞耻｜烦躁","4｜5","否","已作答","40.00","37.50","39.00","1.75","26.96","7"
"ZJ2026081678ECFD57","2026-08-16 11:39:39","38.34","10","ITEM-00110","59","文本","情绪推理","多选题","4.50","嫉妒｜震惊｜不屑｜共情痛苦｜痛苦｜审美欣赏｜惊喜｜尴尬｜羞耻｜抑郁","共情痛苦｜痛苦｜羞耻｜抑郁","3｜3｜3｜3","痛苦｜抑郁","4｜4","否","已作答","66.67","75.00","70.00","3.15","25.22","7"
"ZJ2026081690E823DF","2026-08-16 11:39:39","75.33","11","ITEM-00128","100","图像","情绪识别","多选题","4.50","期望｜蔑视｜抑郁｜困惑｜崇拜｜厌倦｜兴奋｜惊喜｜共情痛苦｜爱","期望｜兴奋","4｜5","兴奋｜期望","4｜4","否","已作答","100.00","87.50","95.00","4.28","15.85","5"
"ZJ2026081678ECFD57","2026-08-16 11:39:39","38.34","11","ITEM-00080","65","视频","情绪推理","多选题","4.50","怀旧｜感动｜羞耻｜震惊｜愉悦｜崇拜｜兴奋｜尴尬｜遗憾｜快乐","怀旧｜兴奋｜遗憾","3｜3｜3","怀旧｜感动｜愉悦｜遗憾","5｜3｜3｜5","未填写","已作答","57.14","25.00","44.29","1.99","26.89","3"
"ZJ2026081690E823DF","2026-08-16 11:39:39","75.33","12","ITEM-00092","66","音频","情绪识别","多选题","4.50","焦虑｜敌意｜内疚｜自满｜悲伤｜遗憾｜自豪｜惊讶｜痛苦｜震惊","内疚｜遗憾｜悲伤","5｜4｜1","内疚｜痛苦｜悲伤","5｜5｜5","否","已作答","66.67","33.33","53.33","2.40","37.05","10"
"ZJ2026081678ECFD57","2026-08-16 11:39:39","38.34","12","ITEM-00077","79","音频","情绪识别","多选题","4.50","自豪｜烦躁｜不屑｜愁闷｜厌倦｜失望｜尴尬｜困惑｜羡慕｜愉悦","失望｜厌倦｜困惑","4｜3｜3","烦躁｜厌倦","4｜4","是","已作答","40.00","37.50","39.00","1.75","26.19","7"
"ZJ2026081690E823DF","2026-08-16 11:39:39","75.33","13","ITEM-00065","112","图像","情绪识别","多选题","4.50","惊喜｜释然｜满足｜感动｜审美欣赏｜遗憾｜悲伤｜羞耻｜抑郁｜崇拜","释然｜遗憾","1｜4","悲伤｜遗憾｜感动｜释然","3｜4｜4｜4","否","已作答","66.67","31.25","52.50","2.36","21.57","6"
"ZJ2026081678ECFD57","2026-08-16 11:39:39","38.34","13","ITEM-00048","2","音频","情绪识别","单选题","3.50","震惊｜厌倦｜羡慕｜愤怒｜遗憾｜失望｜自豪｜内疚｜烦躁｜怨恨","愤怒","3","愤怒","5","否","已作答","100.00","50.00","80.00","2.80","48.04","7"
"ZJ2026081690E823DF","2026-08-16 11:39:39","75.33","14","ITEM-00054","97","图像","情绪识别","多选题","4.50","释然｜轻松｜厌恶｜痛苦｜内疚｜敌意｜愉悦｜兴奋｜希望｜爱","轻松｜愉悦｜爱｜希望","5｜5｜5｜5","希望｜轻松｜愉悦","5｜5｜5","否","已作答","85.71","100.00","91.43","4.11","14.29","9"
"ZJ2026081678ECFD57","2026-08-16 11:39:39","38.34","14","ITEM-00084","78","音频","情绪推理","多选题","4.50","渴望｜羡慕｜愁闷｜希望｜烦躁｜抑郁｜轻松｜怨恨｜羞耻｜绝望","怨恨｜绝望｜愁闷","4｜3｜4","羞耻｜烦躁","4｜5","否","已作答","0.00","0.00","0.00","0.00","23.17","10"
"ZJ2026081690E823DF","2026-08-16 11:39:39","75.33","15","ITEM-00088","81","视频","情绪识别","多选题","4.50","愉悦｜羞耻｜兴奋｜惊喜｜惊讶｜怨恨｜崇拜｜释然｜快乐｜爱","愉悦｜兴奋｜惊喜｜快乐｜爱","5｜5｜5｜5｜4","快乐｜惊喜｜兴奋｜爱","5｜5｜5｜5","否","已作答","88.89","93.75","90.83","4.09","74.55","11"
"ZJ2026081678ECFD57","2026-08-16 11:39:39","38.34","15","ITEM-00124","22","音频","情绪识别","单选题","3.50","内疚｜感动｜好奇｜困惑｜平静｜释然｜惊讶｜紧张｜共情痛苦｜崇拜","惊讶","4","释然","3","未填写","已作答","0.00","0.00","0.00","0.00","50.55","7"
"ZJ2026081690E823DF","2026-08-16 11:39:39","75.33","16","ITEM-00134","67","文本","情绪识别","多选题","4.50","愁闷｜厌倦｜震惊｜满足｜担忧｜愤怒｜悲伤｜愉悦｜敌意｜不屑","震惊｜愤怒｜敌意｜不屑","3｜3｜4｜4","不屑｜敌意","5｜3","否","已作答","66.67","75.00","70.00","3.15","82.50","7"
"ZJ2026081678ECFD57","2026-08-16 11:39:39","38.34","16","ITEM-00134","67","文本","情绪识别","多选题","4.50","烦躁｜遗憾｜快乐｜敌意｜释然｜恐惧｜惊喜｜愁闷｜不屑｜希望","敌意｜愁闷｜不屑","3｜4｜3","不屑｜敌意","5｜3","是","已作答","80.00","75.00","78.00","3.51","28.54","7"
"ZJ2026081690E823DF","2026-08-16 11:39:39","75.33","17","ITEM-00086","79","音频","情绪推理","多选题","4.50","厌倦｜羡慕｜愉悦｜审美欣赏｜困惑｜感激｜释然｜共情痛苦｜烦躁｜惊喜","厌倦｜烦躁","5｜3","烦躁｜厌倦","4｜4","否","已作答","100.00","75.00","90.00","4.05","19.85","4"
"ZJ2026081678ECFD57","2026-08-16 11:39:39","38.34","17","ITEM-00092","66","音频","情绪识别","多选题","4.50","感动｜嫉妒｜不屑｜内疚｜兴奋｜恐惧｜痛苦｜释然｜悲伤｜怀旧","内疚｜痛苦｜悲伤｜怀旧","4｜4｜5｜4","内疚｜痛苦｜悲伤","5｜5｜5","未填写","已作答","85.71","83.33","84.76","3.81","22.78","8"
"ZJ2026081690E823DF","2026-08-16 11:39:39","75.33","18","ITEM-00096","74","文本","情绪识别","多选题","4.50","愤怒｜惊喜｜共情痛苦｜渴望｜愉悦｜不屑｜尴尬｜审美欣赏｜自满｜烦躁","惊喜｜愉悦｜渴望｜审美欣赏","4｜5｜3｜5","审美欣赏｜愉悦","5｜5","否","已作答","66.67","100.00","80.00","3.60","23.43","8"
"ZJ2026081678ECFD57","2026-08-16 11:39:39","38.34","18","ITEM-00119","49","图像","情绪识别","单选题","3.50","紧张｜羡慕｜自满｜冷静｜自豪｜抑郁｜内疚｜爱｜厌倦｜惊喜","冷静","3","厌倦","3","是","已作答","0.00","0.00","0.00","0.00","10.92","2"
"ZJ2026081690E823DF","2026-08-16 11:39:39","75.33","19","ITEM-00011","25","图像","情绪识别","单选题","3.50","平静｜敌意｜担忧｜嫉妒｜愤怒｜羡慕｜绝望｜崇拜｜内疚｜抑郁","担忧","5","担忧","4","否","已作答","100.00","75.00","90.00","3.15","13.16","3"
"ZJ2026081678ECFD57","2026-08-16 11:39:39","38.34","19","ITEM-00109","88","音频","情绪推理","多选题","4.50","厌倦｜渴望｜紧张｜冷静｜释然｜自豪｜惊喜｜感动｜困惑｜感激","释然｜自豪｜感动","3｜5｜3","厌倦｜困惑","3｜3","是","已作答","0.00","0.00","0.00","0.00","21.94","5"
"ZJ2026081690E823DF","2026-08-16 11:39:39","75.33","20","ITEM-00146","118","文本","情绪识别","多选题","4.50","自满｜遗憾｜快乐｜释然｜失望｜轻松｜崇拜｜绝望｜烦躁｜羡慕","失望｜烦躁","3｜4","烦躁｜失望","4｜4","否","已作答","100.00","87.50","95.00","4.28","43.19","6"
"ZJ2026081678ECFD57","2026-08-16 11:39:39","38.34","20","ITEM-00018","11","视频","情绪识别","单选题","3.50","愉悦｜愁闷｜感动｜兴趣｜厌倦｜焦虑｜厌恶｜痛苦｜怀旧｜共情痛苦","共情痛苦","4","共情痛苦","5","否","已作答","100.00","75.00","90.00","3.15","20.94","4"
"ZJ2026081690E823DF","2026-08-16 11:39:39","75.33","21","ITEM-00102","57","视频","情绪推理","多选题","4.50","不屑｜悲伤｜震惊｜感动｜愉悦｜遗憾｜快乐｜烦躁｜愤怒｜蔑视","烦躁｜愤怒","5｜5","愤怒｜烦躁","5｜5","否","已作答","100.00","100.00","100.00","4.50","108.47","7"
"ZJ2026081678ECFD57","2026-08-16 11:39:39","38.34","21","ITEM-00135","68","文本","情绪识别","多选题","4.50","怀旧｜尴尬｜羞耻｜惊吓｜愤怒｜厌倦｜希望｜兴奋｜不屑｜悲伤","愤怒｜不屑｜厌倦","3｜4｜4","不屑｜惊吓","5｜4","否","已作答","40.00","37.50","39.00","1.75","17.56","6"
"ZJ2026081690E823DF","2026-08-16 11:39:39","75.33","22","ITEM-00036","45","图像","情绪识别","单选题","3.50","自满｜困惑｜敌意｜审美欣赏｜羞耻｜愁闷｜担忧｜兴奋｜兴趣｜感激","担忧","3","兴趣","4","否","已作答","0.00","0.00","0.00","0.00","22.71","3"
"ZJ2026081678ECFD57","2026-08-16 11:39:39","38.34","22","ITEM-00149","60","视频","情绪推理","单选题","2.50","希望｜羡慕｜审美欣赏｜羞耻｜抑郁｜自豪｜悲伤｜担忧｜敌意｜快乐","敌意","4","担忧","4","否","已作答","0.00","0.00","0.00","0.00","26.68","6"
"ZJ2026081690E823DF","2026-08-16 11:39:39","75.33","23","ITEM-00002","6","视频","情绪推理","单选题","3.50","羡慕｜审美欣赏｜自满｜紧张｜感动｜遗憾｜愤怒｜惊喜｜冷静｜恐惧","感动","4","感动","3","否","已作答","100.00","75.00","90.00","3.15","50.46","3"
"ZJ2026081678ECFD57","2026-08-16 11:39:39","38.34","23","ITEM-00068","116","文本","情绪识别","多选题","4.50","厌恶｜震惊｜不屑｜痛苦｜轻松｜冷静｜内疚｜平静｜愁闷｜困惑","不屑","4","厌恶｜不屑","4｜4","否","已作答","66.67","50.00","60.00","2.70","21.52","3"
"ZJ2026081690E823DF","2026-08-16 11:39:39","75.33","24","ITEM-00140","63","文本","情绪推理","多选题","4.50","内疚｜审美欣赏｜遗憾｜抑郁｜嫉妒｜兴奋｜惊喜｜希望｜委屈｜渴望","惊喜｜希望","4｜3","惊喜｜兴奋","4｜4","否","已作答","50.00","50.00","50.00","2.25","27.06","4"
"ZJ2026081678ECFD57","2026-08-16 11:39:39","38.34","24","ITEM-00127","87","视频","情绪识别","多选题","4.50","同情｜困惑｜内疚｜尴尬｜震惊｜蔑视｜惊喜｜感激｜委屈｜嫉妒","震惊｜惊喜｜感激｜同情","4｜5｜4｜4","震惊｜蔑视｜同情","4｜4｜3","未填写","已作答","57.14","58.33","57.62","2.59","33.23","11"
"ZJ202608161CF31AB6","2026-08-16 11:39:31","58.53","1","ITEM-00150","86","视频","情绪推理","多选题","4.50","怀旧｜轻松｜自满｜好奇｜遗憾｜满足｜失望｜困惑｜快乐｜震惊","轻松｜快乐｜满足","4｜5｜4","满足｜快乐","4｜3","否","已作答","80.00","75.00","78.00","3.51","114.70","14"
"ZJ202608161CF31AB6","2026-08-16 11:39:31","58.53","2","ITEM-00074","121","文本","情绪识别","单选题","3.50","渴望｜好奇｜悲伤｜自豪｜紧张｜困惑｜满足｜感动｜焦虑｜释然","自豪","4","自豪","5","否","已作答","100.00","75.00","90.00","3.15","42.94","5"
"ZJ202608161CF31AB6","2026-08-16 11:39:31","58.53","3","ITEM-00118","48","图像","情绪识别","单选题","3.50","尴尬｜厌倦｜自满｜困惑｜崇拜｜感动｜好奇｜怨恨｜蔑视｜满足","厌倦","5","困惑","4","否","已作答","0.00","0.00","0.00","0.00","19.26","4"
"ZJ202608161CF31AB6","2026-08-16 11:39:31","58.53","4","ITEM-00061","109","图像","情绪识别","多选题","4.50","紧张｜愉悦｜怀旧｜困惑｜恐惧｜震惊｜厌恶｜快乐｜崇拜｜内疚","愉悦｜快乐","4｜5","快乐｜愉悦","4｜4","否","已作答","100.00","87.50","95.00","4.28","17.65","5"
"ZJ202608161CF31AB6","2026-08-16 11:39:31","58.53","5","ITEM-00114","38","图像","情绪识别","单选题","3.50","平静｜遗憾｜嫉妒｜蔑视｜怨恨｜自满｜惊讶｜焦虑｜敌意｜愉悦","惊讶","3","遗憾","4","否","已作答","0.00","0.00","0.00","0.00","23.83","4"
"ZJ202608161CF31AB6","2026-08-16 11:39:31","58.53","6","ITEM-00024","57","视频","情绪识别","单选题","3.50","抑郁｜爱｜遗憾｜震惊｜释然｜怨恨｜平静｜紧张｜愉悦｜羞耻","抑郁","4","紧张","4","否","已作答","0.00","0.00","0.00","0.00","104.60","4"
"ZJ202608161CF31AB6","2026-08-16 11:39:31","58.53","7","ITEM-00096","74","文本","情绪识别","多选题","4.50","震惊｜愤怒｜愉悦｜平静｜感动｜审美欣赏｜抑郁｜爱｜内疚｜委屈","平静｜审美欣赏｜爱｜愉悦","5｜5｜4｜4","审美欣赏｜愉悦","5｜5","否","已作答","66.67","87.50","75.00","3.38","31.21","11"
"ZJ202608161CF31AB6","2026-08-16 11:39:31","58.53","8","ITEM-00093","75","音频","情绪识别","多选题","4.50","悲伤｜爱｜快乐｜羡慕｜羞耻｜愉悦｜好奇｜自满｜感动｜委屈","悲伤｜委屈","5｜4","委屈｜悲伤","5｜5","否","已作答","100.00","87.50","95.00","4.28","24.85","5"
"ZJ202608161CF31AB6","2026-08-16 11:39:31","58.53","9","ITEM-00110","59","文本","情绪推理","多选题","4.50","厌恶｜共情痛苦｜焦虑｜平静｜抑郁｜蔑视｜审美欣赏｜绝望｜担忧｜痛苦","厌恶｜焦虑｜抑郁｜痛苦｜共情痛苦","4｜5｜4｜5｜5","痛苦｜抑郁","4｜4","否","已作答","57.14","87.50","69.29","3.12","122.83","15"
"ZJ202608161CF31AB6","2026-08-16 11:39:31","58.53","10","ITEM-00132","37","图像","情绪识别","多选题","4.50","怀旧｜感动｜尴尬｜平静｜恭敬｜共情痛苦｜冷静｜愁闷｜释然｜厌倦","恭敬","1","平静｜恭敬","5｜5","是","已作答","66.67","0.00","40.00","1.80","48.16","3"
"ZJ202608161CF31AB6","2026-08-16 11:39:31","58.53","11","ITEM-00123","8","音频","情绪识别","单选题","3.50","焦虑｜困惑｜内疚｜嫉妒｜抑郁｜自满｜恐惧｜愉悦｜震惊｜绝望","恐惧","4","绝望","4","是","已作答","0.00","0.00","0.00","0.00","26.75","3"
"ZJ202608161CF31AB6","2026-08-16 11:39:31","58.53","12","ITEM-00086","79","音频","情绪推理","多选题","4.50","渴望｜烦躁｜轻松｜惊讶｜共情痛苦｜满足｜内疚｜嫉妒｜厌倦｜厌恶","烦躁｜厌倦","5｜4","烦躁｜厌倦","4｜4","是","已作答","100.00","87.50","95.00","4.28","48.88","9"
"ZJ202608161CF31AB6","2026-08-16 11:39:31","58.53","13","ITEM-00055","98","图像","情绪识别","多选题","4.50","兴奋｜快乐｜冷静｜共情痛苦｜内疚｜愉悦｜怨恨｜愤怒｜轻松｜蔑视","兴奋｜快乐｜愉悦｜轻松","4｜5｜3｜4","兴奋｜轻松｜愉悦｜快乐","5｜5｜5｜5","否","已作答","100.00","75.00","90.00","4.05","16.86","13"
"ZJ202608161CF31AB6","2026-08-16 11:39:31","58.53","14","ITEM-00105","2","音频","情绪推理","多选题","4.50","焦虑｜悲伤｜紧张｜震惊｜痛苦｜愤怒｜怀旧｜爱｜内疚｜抑郁","震惊｜紧张｜内疚","4｜3｜4","焦虑｜紧张｜内疚","4｜5｜4","否","已作答","66.67","50.00","60.00","2.70","61.66","8"
"ZJ202608161CF31AB6","2026-08-16 11:39:31","58.53","15","ITEM-00090","56","音频","情绪识别","多选题","4.50","蔑视｜冷静｜失望｜怨恨｜兴趣｜释然｜烦躁｜抑郁｜快乐｜焦虑","怨恨｜焦虑｜烦躁","5｜3｜4","怨恨｜失望","5｜5","否","已作答","40.00","50.00","44.00","1.98","68.05","8"
"ZJ202608161CF31AB6","2026-08-16 11:39:31","58.53","16","ITEM-00143","71","文本","情绪推理","单选题","3.50","感激｜焦虑｜敌意｜怨恨｜惊讶｜不屑｜兴趣｜担忧｜内疚｜困惑","敌意","5","不屑","3","是","已作答","0.00","0.00","0.00","0.00","28.18","5"
"ZJ202608161CF31AB6","2026-08-16 11:39:31","58.53","17","ITEM-00125","85","视频","情绪识别","多选题","4.50","担忧｜尴尬｜愉悦｜怨恨｜兴奋｜崇拜｜希望｜感激｜不屑｜爱","不屑｜感激｜尴尬","4｜5｜4","感激｜愉悦｜不屑","5｜5｜3","否","已作答","66.67","58.33","63.33","2.85","82.01","12"
"ZJ202608161CF31AB6","2026-08-16 11:39:31","58.53","18","ITEM-00101","55","视频","情绪推理","多选题","4.50","共情痛苦｜羡慕｜快乐｜崇拜｜愁闷｜愉悦｜困惑｜兴奋｜尴尬｜痛苦","困惑｜尴尬","4｜5","尴尬｜困惑","4｜4","否","已作答","100.00","87.50","95.00","4.28","61.18","5"
"ZJ202608161CF31AB6","2026-08-16 11:39:31","58.53","19","ITEM-00070","119","文本","情绪识别","多选题","4.50","渴望｜痛苦｜感激｜困惑｜内疚｜兴奋｜爱｜羡慕｜震惊｜遗憾","痛苦｜困惑｜渴望","5｜4｜3","困惑｜痛苦","4｜5","否","已作答","80.00","100.00","88.00","3.96","37.41","8"
"ZJ202608161CF31AB6","2026-08-16 11:39:31","58.53","20","ITEM-00044","80","视频","情绪识别","多选题","4.50","感动｜怀旧｜审美欣赏｜崇拜｜痛苦｜释然｜惊讶｜紧张｜遗憾｜嫉妒","紧张","5","紧张｜惊讶","4｜4","否","已作答","66.67","37.50","55.00","2.47","18.14","3"
"ZJ202608161CF31AB6","2026-08-16 11:39:31","58.53","21","ITEM-00078","89","图像","情绪推理","多选题","4.50","轻松｜震惊｜担忧｜惊讶｜自豪｜释然｜内疚｜审美欣赏｜悲伤｜委屈","悲伤｜内疚｜委屈","5｜4｜4","内疚｜悲伤","4｜3","否","已作答","80.00","75.00","78.00","3.51","23.33","7"
"ZJ202608161CF31AB6","2026-08-16 11:39:31","58.53","22","ITEM-00049","17","音频","情绪识别","单选题","3.50","敌意｜崇拜｜蔑视｜冷静｜尴尬｜焦虑｜困惑｜轻松｜审美欣赏｜怀旧","冷静","5","敌意","4","否","已作答","0.00","0.00","0.00","0.00","84.04","3"
"ZJ202608161CF31AB6","2026-08-16 11:39:31","58.53","23","ITEM-00004","62","视频","情绪推理","单选题","3.50","释然｜委屈｜羞耻｜好奇｜兴趣｜快乐｜失望｜怨恨｜痛苦｜尴尬","尴尬","4","尴尬","3","否","已作答","100.00","75.00","90.00","3.15","28.30","3"
"ZJ202608161CF31AB6","2026-08-16 11:39:31","58.53","24","ITEM-00135","68","文本","情绪识别","多选题","4.50","惊吓｜遗憾｜担忧｜厌恶｜烦躁｜平静｜不屑｜渴望｜敌意｜内疚","担忧｜不屑｜敌意｜烦躁","5｜5｜5｜3","不屑｜惊吓","5｜4","否","已作答","33.33","50.00","40.00","1.80","49.92","10"
"ZJ202608165C2924F8","2026-08-16 11:39:24","40.08","1","ITEM-00104","23","文本","情绪推理","单选题","3.50","兴奋｜渴望｜感动｜遗憾｜感激｜爱｜好奇｜愉悦｜担忧｜尴尬","兴奋","4","兴奋","5","否","已作答","100.00","75.00","90.00","3.15","44.47","3"
"ZJ202608165C2924F8","2026-08-16 11:39:24","40.08","2","ITEM-00016","9","视频","情绪识别","单选题","3.50","平静｜厌倦｜愁闷｜感动｜不屑｜惊讶｜恐惧｜羡慕｜蔑视｜愉悦","蔑视","4","不屑","4","否","已作答","0.00","0.00","0.00","0.00","63.93","5"
"ZJ202608165C2924F8","2026-08-16 11:39:24","40.08","3","ITEM-00108","59","音频","情绪推理","多选题","4.50","羞耻｜抑郁｜悲伤｜满足｜惊讶｜痛苦｜震惊｜释然｜烦躁｜遗憾","悲伤","5","痛苦｜抑郁","4｜4","否","已作答","0.00","0.00","0.00","0.00","23.04","3"
"ZJ202608165C2924F8","2026-08-16 11:39:24","40.08","4","ITEM-00112","35","图像","情绪识别","单选题","3.50","冷静｜紧张｜惊喜｜困惑｜厌倦｜希望｜烦躁｜愤怒｜震惊｜不屑","惊喜","4","烦躁","4","否","已作答","0.00","0.00","0.00","0.00","28.98","3"
"ZJ202608165C2924F8","2026-08-16 11:39:24","40.08","5","ITEM-00135","68","文本","情绪识别","多选题","4.50","震惊｜惊吓｜渴望｜兴奋｜不屑｜遗憾｜冷静｜嫉妒｜崇拜｜紧张","惊吓｜紧张","4｜3","不屑｜惊吓","5｜4","否","已作答","50.00","50.00","50.00","2.25","36.12","6"
"ZJ202608165C2924F8","2026-08-16 11:39:24","40.08","6","ITEM-00042","61","视频","情绪识别","多选题","4.50","满足｜烦躁｜不屑｜悲伤｜怀旧｜愉悦｜释然｜抑郁｜委屈｜尴尬","释然｜委屈","5｜2","委屈｜悲伤","3｜3","否","已作答","50.00","37.50","45.00","2.02","62.51","7"
"ZJ202608165C2924F8","2026-08-16 11:39:24","40.08","7","ITEM-00096","74","文本","情绪识别","多选题","4.50","轻松｜委屈｜审美欣赏｜平静｜羞耻｜内疚｜渴望｜焦虑｜自满｜愉悦","轻松｜审美欣赏｜平静｜愉悦｜自满","3｜3｜2｜5｜2","审美欣赏｜愉悦","5｜5","否","已作答","57.14","75.00","64.29","2.89","39.83","9"
"ZJ202608165C2924F8","2026-08-16 11:39:24","40.08","8","ITEM-00009","7","音频","情绪识别","单选题","3.50","怨恨｜恐惧｜厌恶｜抑郁｜快乐｜紧张｜审美欣赏｜敌意｜释然｜好奇","快乐","3","紧张","2","否","已作答","0.00","0.00","0.00","0.00","29.57","3"
"ZJ202608165C2924F8","2026-08-16 11:39:24","40.08","9","ITEM-00100","10","视频","情绪推理","多选题","4.50","得意｜蔑视｜抑郁｜不屑｜厌倦｜共情痛苦｜审美欣赏｜轻松｜怨恨｜自豪","怨恨｜抑郁","4｜4","不屑｜得意","4｜4","否","已作答","0.00","0.00","0.00","0.00","71.64","7"
"ZJ202608165C2924F8","2026-08-16 11:39:24","40.08","10","ITEM-00065","112","图像","情绪识别","多选题","4.50","抑郁｜嫉妒｜释然｜不屑｜绝望｜担忧｜惊喜｜遗憾｜感动｜悲伤","抑郁｜悲伤","5｜5","悲伤｜遗憾｜感动｜释然","3｜4｜4｜4","是","已作答","33.33","12.50","25.00","1.12","30.66","7"
"ZJ202608165C2924F8","2026-08-16 11:39:24","40.08","11","ITEM-00129","103","图像","情绪识别","多选题","4.50","愤怒｜感动｜不屑｜希望｜惊讶｜失望｜敌意｜快乐｜厌恶｜羡慕","快乐","4","不屑｜敌意","5｜3","否","已作答","0.00","0.00","0.00","0.00","20.36","3"
"ZJ202608165C2924F8","2026-08-16 11:39:24","40.08","12","ITEM-00136","71","文本","情绪识别","多选题","4.50","轻松｜感动｜恐惧｜不屑｜委屈｜自满｜释然｜好奇｜自豪｜困惑","恐惧｜委屈｜不屑","5｜5｜3","委屈｜恐惧｜不屑","5｜4｜4","否","已作答","100.00","83.33","93.33","4.20","37.38","10"
"ZJ202608165C2924F8","2026-08-16 11:39:24","40.08","13","ITEM-00012","26","图像","情绪识别","单选题","3.50","悲伤｜释然｜不屑｜好奇｜平静｜痛苦｜抑郁｜希望｜绝望｜愤怒","愤怒","5","愤怒","4","否","已作答","100.00","75.00","90.00","3.15","15.38","6"
"ZJ202608165C2924F8","2026-08-16 11:39:24","40.08","14","ITEM-00054","97","图像","情绪识别","多选题","4.50","不屑｜释然｜愉悦｜轻松｜自满｜痛苦｜愁闷｜共情痛苦｜惊喜｜希望","愉悦｜自满｜希望","5｜5｜5","希望｜轻松｜愉悦","5｜5｜5","否","已作答","66.67","66.67","66.67","3.00","17.49","9"
"ZJ202608165C2924F8","2026-08-16 11:39:24","40.08","15","ITEM-00060","18","文本","情绪识别","单选题","3.50","嫉妒｜冷静｜自豪｜快乐｜感激｜敌意｜好奇｜崇拜｜恐惧｜厌恶","冷静","4","感激","3","否","已作答","0.00","0.00","0.00","0.00","22.52","3"
"ZJ202608165C2924F8","2026-08-16 11:39:24","40.08","16","ITEM-00077","79","音频","情绪识别","多选题","4.50","轻松｜烦躁｜惊讶｜自满｜厌倦｜惊喜｜不屑｜敌意｜焦虑｜释然","焦虑","3","烦躁｜厌倦","4｜4","否","已作答","0.00","0.00","0.00","0.00","43.73","2"
"ZJ202608165C2924F8","2026-08-16 11:39:24","40.08","17","ITEM-00076","78","音频","情绪识别","多选题","4.50","愉悦｜羞耻｜担忧｜痛苦｜崇拜｜希望｜紧张｜兴奋｜困惑｜烦躁","愉悦｜希望","3｜3","羞耻｜烦躁","4｜5","否","已作答","0.00","0.00","0.00","0.00","24.53","3"
"ZJ202608165C2924F8","2026-08-16 11:39:24","40.08","18","ITEM-00049","17","音频","情绪识别","单选题","3.50","兴奋｜蔑视｜厌恶｜羞耻｜感激｜羡慕｜烦躁｜冷静｜崇拜｜敌意","敌意","2","敌意","4","否","已作答","100.00","50.00","80.00","2.80","122.46","4"
"ZJ202608165C2924F8","2026-08-16 11:39:24","40.08","19","ITEM-00106","77","视频","情绪推理","单选题","3.50","快乐｜感动｜悲伤｜自豪｜平静｜蔑视｜感激｜渴望｜冷静｜审美欣赏","快乐","5","快乐","5","是","已作答","100.00","100.00","100.00","3.50","29.69","5"
"ZJ202608165C2924F8","2026-08-16 11:39:24","40.08","20","ITEM-00138","22","音频","情绪推理","多选题","4.50","厌倦｜嫉妒｜敌意｜悲伤｜愤怒｜愉悦｜不屑｜快乐｜内疚｜可惜","悲伤｜可惜","2｜5","不屑｜可惜","4｜3","否","已作答","50.00","25.00","40.00","1.80","41.31","5"
"ZJ202608165C2924F8","2026-08-16 11:39:24","40.08","21","ITEM-00078","89","图像","情绪推理","多选题","4.50","愤怒｜紧张｜内疚｜怀旧｜共情痛苦｜惊喜｜悲伤｜兴奋｜不屑｜敌意","悲伤","4","内疚｜悲伤","4｜3","否","已作答","66.67","37.50","55.00","2.47","22.28","3"
"ZJ202608165C2924F8","2026-08-16 11:39:24","40.08","22","ITEM-00044","80","视频","情绪识别","多选题","4.50","好奇｜厌恶｜紧张｜悲伤｜冷静｜审美欣赏｜感激｜惊讶｜释然｜羞耻","紧张","4","紧张｜惊讶","4｜4","否","已作答","66.67","50.00","60.00","2.70","33.78","5"
"ZJ202608165C2924F8","2026-08-16 11:39:24","40.08","23","ITEM-00107","81","视频","情绪推理","多选题","4.50","满足｜尴尬｜愉悦｜内疚｜嫉妒｜审美欣赏｜渴望｜感动｜惊讶｜快乐","愉悦｜渴望｜快乐","5｜5｜5","快乐｜满足｜感动","5｜5｜5","否","已作答","33.33","33.33","33.33","1.50","32.07","7"
"ZJ202608165C2924F8","2026-08-16 11:39:24","40.08","24","ITEM-00140","63","文本","情绪推理","多选题","4.50","蔑视｜惊喜｜遗憾｜轻松｜厌倦｜担忧｜愉悦｜抑郁｜自豪｜兴奋","惊喜｜愉悦｜兴奋","5｜3｜5","惊喜｜兴奋","4｜4","是","已作答","80.00","75.00","78.00","3.51","30.09","6"
"ZJ20260816F498659C","2026-08-16 11:39:18","52.30","1","ITEM-00096","74","文本","情绪识别","多选题","4.50","快乐｜审美欣赏｜遗憾｜平静｜愉悦｜悲伤｜希望｜委屈｜感激｜紧张","快乐｜审美欣赏｜平静｜愉悦","4｜5｜4｜5","审美欣赏｜愉悦","5｜5","是","已作答","66.67","100.00","80.00","3.60","35.67","11"
"ZJ20260816F498659C","2026-08-16 11:39:18","52.30","2","ITEM-00139","37","图像","情绪推理","多选题","4.50","好奇｜焦虑｜惊喜｜愁闷｜敬畏｜希望｜震惊｜兴奋｜自豪｜不屑","好奇","4","焦虑｜敬畏","3｜4","否","已作答","0.00","0.00","0.00","0.00","14.72","3"
"ZJ20260816F498659C","2026-08-16 11:39:18","52.30","3","ITEM-00125","85","视频","情绪识别","多选题","4.50","尴尬｜愉悦｜不屑｜感激｜冷静｜爱｜惊讶｜蔑视｜悲伤｜焦虑","不屑｜感激｜尴尬","4｜5｜4","感激｜愉悦｜不屑","5｜5｜3","否","已作答","66.67","58.33","63.33","2.85","48.75","8"
"ZJ20260816F498659C","2026-08-16 11:39:18","52.30","4","ITEM-00143","71","文本","情绪推理","单选题","3.50","愤怒｜恐惧｜困惑｜释然｜遗憾｜轻松｜不屑｜怨恨｜审美欣赏｜震惊","愤怒","4","不屑","3","是","已作答","0.00","0.00","0.00","0.00","33.71","4"
"ZJ20260816F498659C","2026-08-16 11:39:18","52.30","5","ITEM-00091","59","音频","情绪识别","多选题","4.50","遗憾｜兴趣｜内疚｜担忧｜抑郁｜感动｜惊讶｜厌倦｜痛苦｜审美欣赏","担忧｜痛苦","4｜5","内疚｜痛苦","5｜5","否","已作答","50.00","50.00","50.00","2.25","36.75","6"
"ZJ20260816F498659C","2026-08-16 11:39:18","52.30","6","ITEM-00040","53","文本","情绪识别","单选题","3.50","尴尬｜厌倦｜愁闷｜不屑｜怨恨｜惊喜｜焦虑｜愤怒｜绝望｜羡慕","愤怒","5","怨恨","5","否","已作答","0.00","0.00","0.00","0.00","12.66","4"
"ZJ20260816F498659C","2026-08-16 11:39:18","52.30","7","ITEM-00124","22","音频","情绪识别","单选题","3.50","惊喜｜爱｜审美欣赏｜兴趣｜愤怒｜担忧｜震惊｜释然｜希望｜痛苦","释然","5","释然","3","否","已作答","100.00","50.00","80.00","2.80","51.05","4"
"ZJ20260816F498659C","2026-08-16 11:39:18","52.30","8","ITEM-00079","61","视频","情绪推理","多选题","4.50","兴奋｜绝望｜不屑｜感激｜悲伤｜委屈｜愉悦｜快乐｜希望｜遗憾","悲伤｜委屈｜绝望","4｜5｜4","委屈｜悲伤","3｜3","是","已作答","80.00","62.50","73.00","3.29","30.85","8"
"ZJ20260816F498659C","2026-08-16 11:39:18","52.30","9","ITEM-00070","119","文本","情绪识别","多选题","4.50","冷静｜惊喜｜困惑｜紧张｜愁闷｜内疚｜释然｜羞耻｜痛苦｜嫉妒","困惑｜愁闷","4｜5","困惑｜痛苦","4｜5","否","已作答","50.00","50.00","50.00","2.25","11.29","6"
"ZJ20260816F498659C","2026-08-16 11:39:18","52.30","10","ITEM-00106","77","视频","情绪推理","单选题","3.50","轻松｜崇拜｜遗憾｜绝望｜快乐｜希望｜爱｜自满｜怀旧｜好奇","快乐","4","快乐","5","是","已作答","100.00","75.00","90.00","3.15","47.27","4"
"ZJ20260816F498659C","2026-08-16 11:39:18","52.30","11","ITEM-00130","104","图像","情绪识别","多选题","4.50","崇拜｜快乐｜震惊｜厌倦｜担忧｜愤怒｜遗憾｜羡慕｜轻松｜蔑视","震惊｜担忧","5｜4","愤怒｜震惊","5｜4","是","已作答","50.00","37.50","45.00","2.02","18.60","6"
"ZJ20260816F498659C","2026-08-16 11:39:18","52.30","12","ITEM-00115","39","图像","情绪识别","单选题","3.50","委屈｜担忧｜惊讶｜厌倦｜失望｜不屑｜爱｜震惊｜兴趣｜烦躁","担忧","4","震惊","5","是","已作答","0.00","0.00","0.00","0.00","10.26","4"
"ZJ20260816F498659C","2026-08-16 11:39:18","52.30","13","ITEM-00101","55","视频","情绪推理","多选题","4.50","渴望｜不屑｜遗憾｜委屈｜希望｜共情痛苦｜失望｜好奇｜困惑｜尴尬","尴尬｜不屑","4｜5","尴尬｜困惑","4｜4","是","已作答","50.00","50.00","50.00","2.25","65.58","6"
"ZJ20260816F498659C","2026-08-16 11:39:18","52.30","14","ITEM-00141","67","文本","情绪推理","多选题","4.50","蔑视｜遗憾｜悲伤｜担忧｜紧张｜崇拜｜惊讶｜尴尬｜抑郁｜愤怒","蔑视｜愤怒","4｜5","愤怒｜惊讶","4｜3","否","已作答","50.00","37.50","45.00","2.02","18.73","6"
"ZJ20260816F498659C","2026-08-16 11:39:18","52.30","15","ITEM-00056","101","图像","情绪识别","单选题","3.50","审美欣赏｜怀旧｜满足｜蔑视｜嫉妒｜冷静｜担忧｜释然｜震惊｜恐惧","担忧","4","担忧","4","否","已作答","100.00","100.00","100.00","3.50","14.57","5"
"ZJ20260816F498659C","2026-08-16 11:39:18","52.30","16","ITEM-00076","78","音频","情绪识别","多选题","4.50","羞耻｜感动｜紧张｜尴尬｜内疚｜渴望｜烦躁｜兴趣｜愉悦｜惊喜","烦躁｜尴尬","4｜5","羞耻｜烦躁","4｜5","否","已作答","50.00","37.50","45.00","2.02","18.33","6"
"ZJ20260816F498659C","2026-08-16 11:39:18","52.30","17","ITEM-00073","107","图像","情绪识别","多选题","4.50","紧张｜不屑｜释然｜厌恶｜震惊｜感动｜自豪｜渴望｜愉悦｜爱","自豪｜感动｜愉悦","4｜5｜4","感动｜爱","5｜5","否","已作答","40.00","50.00","44.00","1.98","16.11","8"
"ZJ20260816F498659C","2026-08-16 11:39:18","52.30","18","ITEM-00010","63","文本","情绪识别","多选题","4.50","愁闷｜紧张｜内疚｜感激｜兴奋｜敌意｜不屑｜满足｜怨恨｜惊喜","兴奋｜惊喜","4｜5","惊喜｜兴奋","4｜4","否","已作答","100.00","87.50","95.00","4.28","10.66","6"
"ZJ20260816F498659C","2026-08-16 11:39:18","52.30","19","ITEM-00005","70","视频","情绪识别","单选题","3.50","厌恶｜敌意｜嫉妒｜恐惧｜兴奋｜爱｜抑郁｜审美欣赏｜内疚｜烦躁","审美欣赏","4","审美欣赏","5","是","已作答","100.00","75.00","90.00","3.15","61.73","3"
"ZJ20260816F498659C","2026-08-16 11:39:18","52.30","20","ITEM-00009","7","音频","情绪识别","单选题","3.50","希望｜委屈｜好奇｜快乐｜惊讶｜厌倦｜共情痛苦｜惊喜｜紧张｜内疚","惊讶","4","紧张","2","否","已作答","0.00","0.00","0.00","0.00","34.56","3"
"ZJ20260816F498659C","2026-08-16 11:39:18","52.30","21","ITEM-00061","109","图像","情绪识别","多选题","4.50","烦躁｜怀旧｜愉悦｜自豪｜惊喜｜满足｜蔑视｜快乐｜抑郁｜崇拜","惊喜｜满足｜快乐｜愉悦","4｜5｜4｜5","快乐｜愉悦","4｜4","否","已作答","66.67","87.50","75.00","3.38","13.65","11"
"ZJ20260816F498659C","2026-08-16 11:39:18","52.30","22","ITEM-00086","79","音频","情绪推理","多选题","4.50","羡慕｜厌倦｜烦躁｜失望｜感激｜兴奋｜崇拜｜焦虑｜感动｜好奇","厌倦｜失望","4｜4","烦躁｜厌倦","4｜4","否","已作答","50.00","50.00","50.00","2.25","29.70","7"
"ZJ20260816F498659C","2026-08-16 11:39:18","52.30","23","ITEM-00085","76","视频","情绪识别","多选题","4.50","敌意｜怀旧｜自豪｜惊讶｜兴奋｜轻松｜困惑｜蔑视｜不屑｜焦虑","自豪｜兴奋｜惊讶","4｜5｜4","自豪｜兴奋","5｜5","否","已作答","80.00","87.50","83.00","3.73","18.92","8"
"ZJ20260816F498659C","2026-08-16 11:39:18","52.30","24","ITEM-00105","2","音频","情绪推理","多选题","4.50","恐惧｜轻松｜羞耻｜平静｜紧张｜自豪｜兴奋｜好奇｜内疚｜焦虑","紧张｜恐惧","4｜5","焦虑｜紧张｜内疚","4｜5｜4","否","已作答","40.00","25.00","34.00","1.53","44.47","6"
"ZJ2026081691B1E383","2026-08-16 11:39:08","54.59","1","ITEM-00115","39","图像","情绪识别","单选题","3.50","震惊｜蔑视｜羞耻｜审美欣赏｜怨恨｜困惑｜恐惧｜嫉妒｜遗憾｜痛苦","恐惧","4","震惊","5","否","已作答","0.00","0.00","0.00","0.00","18.48","4"
"ZJ2026081691B1E383","2026-08-16 11:39:08","54.59","2","ITEM-00068","116","文本","情绪识别","多选题","4.50","不屑｜共情痛苦｜厌恶｜委屈｜愤怒｜羡慕｜内疚｜崇拜｜遗憾｜轻松","不屑｜厌恶｜愤怒","4｜4｜4","厌恶｜不屑","4｜4","否","已作答","80.00","100.00","88.00","3.96","47.88","7"
"ZJ2026081691B1E383","2026-08-16 11:39:08","54.59","3","ITEM-00048","2","音频","情绪识别","单选题","3.50","自满｜惊讶｜羞耻｜内疚｜愤怒｜烦躁｜担忧｜爱｜抑郁｜自豪","烦躁","5","愤怒","5","否","已作答","0.00","0.00","0.00","0.00","62.48","3"
"ZJ2026081691B1E383","2026-08-16 11:39:08","54.59","4","ITEM-00150","86","视频","情绪推理","多选题","4.50","遗憾｜不屑｜审美欣赏｜痛苦｜冷静｜满足｜焦虑｜惊讶｜快乐｜担忧","快乐｜满足","4｜4","满足｜快乐","4｜3","否","已作答","100.00","87.50","95.00","4.28","127.50","7"
"ZJ2026081691B1E383","2026-08-16 11:39:08","54.59","5","ITEM-00077","79","音频","情绪识别","多选题","4.50","自满｜悲伤｜厌倦｜希望｜厌恶｜不屑｜烦躁｜爱｜担忧｜渴望","厌恶｜烦躁","3｜4","烦躁｜厌倦","4｜4","否","已作答","50.00","50.00","50.00","2.25","113.86","6"
"ZJ2026081691B1E383","2026-08-16 11:39:08","54.59","6","ITEM-00065","112","图像","情绪识别","多选题","4.50","释然｜感动｜绝望｜尴尬｜遗憾｜审美欣赏｜悲伤｜紧张｜羞耻｜愉悦","感动｜遗憾｜悲伤","4｜4｜3","悲伤｜遗憾｜感动｜释然","3｜4｜4｜4","是","已作答","85.71","75.00","81.43","3.66","38.38","6"
"ZJ2026081691B1E383","2026-08-16 11:39:08","54.59","7","ITEM-00036","45","图像","情绪识别","单选题","3.50","抑郁｜释然｜委屈｜烦躁｜满足｜困惑｜愤怒｜兴趣｜敌意｜蔑视","敌意","4","兴趣","4","否","已作答","0.00","0.00","0.00","0.00","64.54","4"
"ZJ2026081691B1E383","2026-08-16 11:39:08","54.59","8","ITEM-00066","113","图像","情绪识别","多选题","4.50","感动｜不屑｜渴望｜内疚｜绝望｜厌恶｜愁闷｜悲伤｜担忧｜痛苦","绝望｜痛苦｜悲伤｜担忧","5｜4｜4｜3","渴望｜痛苦｜悲伤｜绝望","4｜5｜5｜5","否","已作答","75.00","62.50","70.00","3.15","31.04","8"
"ZJ2026081691B1E383","2026-08-16 11:39:08","54.59","9","ITEM-00083","73","视频","情绪识别","多选题","4.50","愁闷｜紧张｜满足｜好奇｜自豪｜爱｜释然｜悲伤｜抑郁｜兴奋","紧张｜好奇｜爱｜兴奋","2｜5｜4｜4","爱｜释然","5｜5","否","已作答","33.33","37.50","35.00","1.57","89.49","9"
"ZJ2026081691B1E383","2026-08-16 11:39:08","54.59","10","ITEM-00139","37","图像","情绪推理","多选题","4.50","愤怒｜惊喜｜渴望｜烦躁｜焦虑｜敬畏｜尴尬｜悲伤｜困惑｜感激","敬畏","4","焦虑｜敬畏","3｜4","否","已作答","66.67","50.00","60.00","2.70","35.01","3"
"ZJ2026081691B1E383","2026-08-16 11:39:08","54.59","11","ITEM-00091","59","音频","情绪识别","多选题","4.50","内疚｜羞耻｜愉悦｜兴趣｜愤怒｜满足｜痛苦｜自豪｜厌倦｜遗憾","内疚｜痛苦","4｜3","内疚｜痛苦","5｜5","否","已作答","100.00","62.50","85.00","3.83","29.66","4"
"ZJ2026081691B1E383","2026-08-16 11:39:08","54.59","12","ITEM-00044","80","视频","情绪识别","多选题","4.50","遗憾｜敌意｜怨恨｜自豪｜厌倦｜烦躁｜惊讶｜轻松｜紧张｜希望","敌意｜紧张","5｜4","紧张｜惊讶","4｜4","否","已作答","50.00","50.00","50.00","2.25","21.75","5"
"ZJ2026081691B1E383","2026-08-16 11:39:08","54.59","13","ITEM-00004","62","视频","情绪推理","单选题","3.50","尴尬｜感动｜厌恶｜审美欣赏｜自豪｜快乐｜嫉妒｜羡慕｜震惊｜烦躁","尴尬","5","尴尬","3","否","已作答","100.00","50.00","80.00","2.80","20.18","4"
"ZJ2026081691B1E383","2026-08-16 11:39:08","54.59","14","ITEM-00010","63","文本","情绪识别","多选题","4.50","满足｜爱｜愤怒｜烦躁｜怨恨｜轻松｜兴奋｜不屑｜失望｜惊喜","惊喜｜兴奋｜满足","5｜5｜3","惊喜｜兴奋","4｜4","否","已作答","80.00","75.00","78.00","3.51","26.09","7"
"ZJ2026081691B1E383","2026-08-16 11:39:08","54.59","15","ITEM-00100","10","视频","情绪推理","多选题","4.50","羡慕｜不屑｜痛苦｜担忧｜愁闷｜敌意｜轻松｜自豪｜得意｜渴望","轻松｜自豪｜得意","4｜4｜5","不屑｜得意","4｜4","是","已作答","40.00","37.50","39.00","1.75","67.05","7"
"ZJ2026081691B1E383","2026-08-16 11:39:08","54.59","16","ITEM-00122","5","文本","情绪识别","单选题","3.50","烦躁｜希望｜失望｜尴尬｜困惑｜怀旧｜释然｜自豪｜羡慕｜冷静","羡慕","5","羡慕","4","否","已作答","100.00","75.00","90.00","3.15","40.06","5"
"ZJ2026081691B1E383","2026-08-16 11:39:08","54.59","17","ITEM-00138","22","音频","情绪推理","多选题","4.50","崇拜｜不屑｜惊讶｜嫉妒｜愁闷｜审美欣赏｜羡慕｜可惜｜敌意｜感动","不屑｜愁闷","3｜3","不屑｜可惜","4｜3","否","已作答","50.00","37.50","45.00","2.02","104.89","3"
"ZJ2026081691B1E383","2026-08-16 11:39:08","54.59","18","ITEM-00109","88","音频","情绪推理","多选题","4.50","渴望｜厌恶｜不屑｜兴趣｜嫉妒｜审美欣赏｜平静｜厌倦｜困惑｜愉悦","厌倦｜不屑","5｜3","厌倦｜困惑","3｜3","否","已作答","50.00","25.00","40.00","1.80","61.16","4"
"ZJ2026081691B1E383","2026-08-16 11:39:08","54.59","19","ITEM-00141","67","文本","情绪推理","多选题","4.50","惊讶｜兴奋｜失望｜烦躁｜怀旧｜怨恨｜自满｜自豪｜愤怒｜绝望","自满｜兴奋","4｜3","愤怒｜惊讶","4｜3","否","已作答","0.00","0.00","0.00","0.00","86.54","4"
"ZJ2026081691B1E383","2026-08-16 11:39:08","54.59","20","ITEM-00020","13","视频","情绪识别","单选题","3.50","感动｜愁闷｜愤怒｜震惊｜自豪｜冷静｜尴尬｜困惑｜羡慕｜嫉妒","困惑","5","尴尬","3","否","已作答","0.00","0.00","0.00","0.00","59.42","3"
"ZJ2026081691B1E383","2026-08-16 11:39:08","54.59","21","ITEM-00142","68","文本","情绪推理","单选题","3.50","好奇｜敌意｜感动｜自满｜担忧｜蔑视｜怀旧｜快乐｜感激｜满足","敌意","5","敌意","4","否","已作答","100.00","75.00","90.00","3.15","61.29","3"
"ZJ2026081691B1E383","2026-08-16 11:39:08","54.59","22","ITEM-00070","119","文本","情绪识别","多选题","4.50","烦躁｜好奇｜惊讶｜感激｜痛苦｜希望｜紧张｜爱｜困惑｜敌意","困惑｜痛苦","5｜3","困惑｜痛苦","4｜5","否","已作答","100.00","62.50","85.00","3.83","24.88","4"
"ZJ2026081691B1E383","2026-08-16 11:39:08","54.59","23","ITEM-00009","7","音频","情绪识别","单选题","3.50","紧张｜焦虑｜委屈｜审美欣赏｜感动｜尴尬｜希望｜快乐｜担忧｜困惑","紧张","5","紧张","2","否","已作答","100.00","25.00","70.00","2.45","19.78","3"
"ZJ2026081691B1E383","2026-08-16 11:39:08","54.59","24","ITEM-00073","107","图像","情绪识别","多选题","4.50","愉悦｜恐惧｜怨恨｜绝望｜悲伤｜委屈｜感动｜爱｜愁闷｜感激","感动","4","感动｜爱","5｜5","否","已作答","66.67","37.50","55.00","2.47","21.50","3"
"ZJ2026081647252C0B","2026-08-16 11:39:06","50.10","1","ITEM-00011","25","图像","情绪识别","单选题","3.50","绝望｜担忧｜困惑｜冷静｜渴望｜怀旧｜愤怒｜轻松｜好奇｜紧张","担忧","4","担忧","4","否","已作答","100.00","100.00","100.00","3.50","29.36","3"
"ZJ2026081647252C0B","2026-08-16 11:39:06","50.10","2","ITEM-00066","113","图像","情绪识别","多选题","4.50","悲伤｜绝望｜痛苦｜渴望｜厌倦｜自满｜困惑｜好奇｜愁闷｜不屑","悲伤","5","渴望｜痛苦｜悲伤｜绝望","4｜5｜5｜5","是","已作答","40.00","25.00","34.00","1.53","18.15","5"
"ZJ2026081647252C0B","2026-08-16 11:39:06","50.10","3","ITEM-00084","78","音频","情绪推理","多选题","4.50","敌意｜困惑｜烦躁｜委屈｜愤怒｜感激｜希望｜内疚｜羞耻｜惊讶","愤怒","5","羞耻｜烦躁","4｜5","是","已作答","0.00","0.00","0.00","0.00","103.30","4"
"ZJ2026081647252C0B","2026-08-16 11:39:06","50.10","4","ITEM-00057","23","音频","情绪识别","单选题","3.50","怨恨｜羡慕｜怀旧｜惊喜｜愤怒｜冷静｜共情痛苦｜好奇｜希望｜担忧","惊喜","4","惊喜","5","否","已作答","100.00","75.00","90.00","3.15","86.18","5"
"ZJ2026081647252C0B","2026-08-16 11:39:06","50.10","5","ITEM-00141","67","文本","情绪推理","多选题","4.50","共情痛苦｜惊讶｜愤怒｜绝望｜抑郁｜尴尬｜释然｜痛苦｜怨恨｜愉悦","愤怒","5","愤怒｜惊讶","4｜3","否","已作答","66.67","37.50","55.00","2.47","36.01","4"
"ZJ2026081647252C0B","2026-08-16 11:39:06","50.10","6","ITEM-00125","85","视频","情绪识别","多选题","4.50","冷静｜渴望｜紧张｜共情痛苦｜不屑｜震惊｜感激｜自豪｜平静｜愉悦","冷静｜感激｜自豪","5｜5｜4","感激｜愉悦｜不屑","5｜5｜3","否","已作答","33.33","33.33","33.33","1.50","59.66","9"
"ZJ2026081647252C0B","2026-08-16 11:39:06","50.10","7","ITEM-00048","2","音频","情绪识别","单选题","3.50","愤怒｜嫉妒｜内疚｜释然｜烦躁｜紧张｜蔑视｜自满｜厌恶｜兴奋","愤怒","5","愤怒","5","否","已作答","100.00","100.00","100.00","3.50","170.39","4"
"ZJ2026081647252C0B","2026-08-16 11:39:06","50.10","8","ITEM-00096","74","文本","情绪识别","多选题","4.50","快乐｜愉悦｜兴奋｜抑郁｜感激｜希望｜渴望｜绝望｜崇拜｜审美欣赏","愉悦","5","审美欣赏｜愉悦","5｜5","未填写","已作答","66.67","50.00","60.00","2.70","12.58","3"
"ZJ2026081647252C0B","2026-08-16 11:39:06","50.10","9","ITEM-00137","69","音频","情绪识别","多选题","4.50","平静｜厌恶｜担忧｜冷静｜满足｜轻视｜释然｜感激｜嫉妒｜愤怒","愤怒","4","愤怒｜轻视","4｜4","否","已作答","66.67","50.00","60.00","2.70","38.88","3"
"ZJ2026081647252C0B","2026-08-16 11:39:06","50.10","10","ITEM-00014","1","视频","情绪识别","单选题","3.50","厌倦｜敌意｜感动｜焦虑｜感激｜崇拜｜冷静｜羞耻｜羡慕｜尴尬","崇拜","5","崇拜","5","否","已作答","100.00","100.00","100.00","3.50","24.98","4"
"ZJ2026081647252C0B","2026-08-16 11:39:06","50.10","11","ITEM-00129","103","图像","情绪识别","多选题","4.50","敌意｜震惊｜好奇｜嫉妒｜遗憾｜崇拜｜担忧｜不屑｜羞耻｜愉悦","不屑｜敌意","4｜3","不屑｜敌意","5｜3","否","已作答","100.00","87.50","95.00","4.28","38.68","6"
"ZJ2026081647252C0B","2026-08-16 11:39:06","50.10","12","ITEM-00142","68","文本","情绪推理","单选题","3.50","紧张｜敌意｜平静｜感动｜愤怒｜遗憾｜羞耻｜满足｜快乐｜不屑","愤怒","5","敌意","4","否","已作答","0.00","0.00","0.00","0.00","35.71","9"
"ZJ2026081647252C0B","2026-08-16 11:39:06","50.10","13","ITEM-00051","93","图像","情绪识别","单选题","3.50","愉悦｜委屈｜遗憾｜蔑视｜抑郁｜感激｜悲伤｜尴尬｜恐惧｜冷静","悲伤","4","悲伤","4","是","已作答","100.00","100.00","100.00","3.50","27.51","8"
"ZJ2026081647252C0B","2026-08-16 11:39:06","50.10","14","ITEM-00069","117","文本","情绪识别","多选题","4.50","愉悦｜惊讶｜感激｜平静｜羡慕｜委屈｜痛苦｜冷静｜爱｜震惊","爱","5","感激｜爱｜愉悦","4｜4｜5","否","已作答","50.00","25.00","40.00","1.80","19.09","4"
"ZJ2026081647252C0B","2026-08-16 11:39:06","50.10","15","ITEM-00149","60","视频","情绪推理","单选题","2.50","感激｜兴趣｜尴尬｜释然｜厌恶｜烦躁｜绝望｜遗憾｜焦虑｜担忧","绝望","4","担忧","4","是","已作答","0.00","0.00","0.00","0.00","85.76","3"
"ZJ2026081647252C0B","2026-08-16 11:39:06","50.10","16","ITEM-00059","15","文本","情绪识别","单选题","3.50","快乐｜蔑视｜担忧｜绝望｜悲伤｜羡慕｜崇拜｜愉悦｜怀旧｜羞耻","绝望","4","羞耻","5","否","已作答","0.00","0.00","0.00","0.00","75.61","3"
"ZJ2026081647252C0B","2026-08-16 11:39:06","50.10","17","ITEM-00139","37","图像","情绪推理","多选题","4.50","怀旧｜抑郁｜震惊｜担忧｜紧张｜嫉妒｜希望｜焦虑｜敬畏｜愁闷","敬畏","5","焦虑｜敬畏","3｜4","未填写","已作答","66.67","37.50","55.00","2.47","12.32","3"
"ZJ2026081647252C0B","2026-08-16 11:39:06","50.10","18","ITEM-00081","58","视频","情绪识别","多选题","4.50","烦躁｜冷静｜困惑｜悲伤｜审美欣赏｜尴尬｜敌意｜怀旧｜自豪｜释然","审美欣赏","4","审美欣赏｜怀旧","5｜3","否","已作答","66.67","37.50","55.00","2.47","41.77","3"
"ZJ2026081647252C0B","2026-08-16 11:39:06","50.10","19","ITEM-00138","22","音频","情绪推理","多选题","4.50","可惜｜快乐｜尴尬｜紧张｜蔑视｜恐惧｜痛苦｜惊讶｜自满｜不屑","快乐","4","不屑｜可惜","4｜3","否","已作答","0.00","0.00","0.00","0.00","43.31","3"
"ZJ2026081647252C0B","2026-08-16 11:39:06","50.10","20","ITEM-00058","102","图像","情绪识别","多选题","4.50","悲伤｜感动｜嫉妒｜愉悦｜抑郁｜共情痛苦｜焦虑｜困惑｜快乐｜厌倦","共情痛苦","4","感动｜愉悦","4｜4","否","已作答","0.00","0.00","0.00","0.00","32.81","5"
"ZJ2026081647252C0B","2026-08-16 11:39:06","50.10","21","ITEM-00107","81","视频","情绪推理","多选题","4.50","快乐｜满足｜愉悦｜羡慕｜痛苦｜愤怒｜紧张｜感动｜共情痛苦｜审美欣赏","快乐｜满足｜愉悦","5｜4｜4","快乐｜满足｜感动","5｜5｜5","是","已作答","66.67","58.33","63.33","2.85","42.88","21"
"ZJ2026081647252C0B","2026-08-16 11:39:06","50.10","22","ITEM-00080","65","视频","情绪推理","多选题","4.50","遗憾｜怀旧｜释然｜怨恨｜愉悦｜震惊｜愁闷｜尴尬｜感动｜羞耻","遗憾｜释然","4｜5","怀旧｜感动｜愉悦｜遗憾","5｜3｜3｜5","否","已作答","33.33","18.75","27.50","1.24","59.81","6"
"ZJ2026081647252C0B","2026-08-16 11:39:06","50.10","23","ITEM-00094","88","音频","情绪识别","多选题","4.50","快乐｜敌意｜抑郁｜羞耻｜希望｜兴奋｜兴趣｜悲伤｜渴望｜崇拜","兴趣","5","渴望｜兴趣","4｜5","否","已作答","66.67","50.00","60.00","2.70","83.37","6"
"ZJ2026081647252C0B","2026-08-16 11:39:06","50.10","24","ITEM-00095","59","文本","情绪识别","多选题","4.50","释然｜内疚｜爱｜平静｜冷静｜愁闷｜痛苦｜遗憾｜轻松｜兴趣","内疚｜痛苦｜遗憾","5｜4｜5","内疚｜痛苦","5｜5","否","已作答","80.00","87.50","83.00","3.73","29.85","9"
"ZJ202608165DBFAD9B","2026-08-16 11:38:51","38.72","1","ITEM-00018","11","视频","情绪识别","单选题","3.50","释然｜兴奋｜嫉妒｜惊讶｜困惑｜共情痛苦｜怀旧｜厌倦｜绝望｜愤怒","共情痛苦","5","共情痛苦","5","是","已作答","100.00","100.00","100.00","3.50","36.32","3"
"ZJ202608165DBFAD9B","2026-08-16 11:38:51","38.72","2","ITEM-00088","81","视频","情绪识别","多选题","4.50","惊喜｜爱｜厌恶｜蔑视｜快乐｜敌意｜自满｜兴奋｜好奇｜内疚","兴奋","4","快乐｜惊喜｜兴奋｜爱","5｜5｜5｜5","是","已作答","40.00","18.75","31.50","1.42","32.07","3"
"ZJ202608165DBFAD9B","2026-08-16 11:38:51","38.72","3","ITEM-00143","71","文本","情绪推理","单选题","3.50","怨恨｜自满｜好奇｜紧张｜敌意｜遗憾｜惊讶｜担忧｜不屑｜冷静","不屑","4","不屑","3","否","已作答","100.00","75.00","90.00","3.15","32.09","3"
"ZJ202608165DBFAD9B","2026-08-16 11:38:51","38.72","4","ITEM-00098","1","视频","情绪推理","多选题","4.50","自豪｜羞耻｜紧张｜悲伤｜希望｜感激｜轻松｜满足｜痛苦｜不屑","自豪","5","感激｜自豪｜满足","4｜3｜4","是","已作答","50.00","16.67","36.67","1.65","25.85","3"
"ZJ202608165DBFAD9B","2026-08-16 11:38:51","38.72","5","ITEM-00078","89","图像","情绪推理","多选题","4.50","遗憾｜愉悦｜释然｜悲伤｜烦躁｜委屈｜兴趣｜厌倦｜内疚｜怨恨","悲伤","4","内疚｜悲伤","4｜3","否","已作答","66.67","37.50","55.00","2.47","17.37","4"
"ZJ202608165DBFAD9B","2026-08-16 11:38:51","38.72","6","ITEM-00084","78","音频","情绪推理","多选题","4.50","羞耻｜愁闷｜失望｜烦躁｜惊讶｜绝望｜满足｜惊喜｜震惊｜遗憾","失望｜愁闷","4｜4","羞耻｜烦躁","4｜5","否","已作答","0.00","0.00","0.00","0.00","27.33","6"
"ZJ202608165DBFAD9B","2026-08-16 11:38:51","38.72","7","ITEM-00064","111","图像","情绪识别","多选题","4.50","轻松｜感动｜自豪｜担忧｜愉悦｜崇拜｜释然｜悲伤｜怨恨｜怀旧","感动｜愉悦","4｜5","释然｜愉悦","3｜5","否","已作答","50.00","50.00","50.00","2.25","10.31","5"
"ZJ202608165DBFAD9B","2026-08-16 11:38:51","38.72","8","ITEM-00071","91","图像","情绪识别","多选题","4.50","失望｜不屑｜共情痛苦｜怀旧｜愉悦｜委屈｜惊喜｜崇拜｜兴奋｜震惊","失望｜委屈","5｜4","失望｜震惊","5｜5","未填写","已作答","50.00","50.00","50.00","2.25","13.62","7"
"ZJ202608165DBFAD9B","2026-08-16 11:38:51","38.72","9","ITEM-00054","97","图像","情绪识别","多选题","4.50","好奇｜惊喜｜内疚｜愉悦｜焦虑｜轻松｜嫉妒｜释然｜平静｜希望","惊喜｜愉悦｜轻松","4｜5｜4","希望｜轻松｜愉悦","5｜5｜5","否","已作答","66.67","58.33","63.33","2.85","10.17","8"
"ZJ202608165DBFAD9B","2026-08-16 11:38:51","38.72","10","ITEM-00134","67","文本","情绪识别","多选题","4.50","痛苦｜内疚｜困惑｜烦躁｜不屑｜尴尬｜敌意｜嫉妒｜惊喜｜自豪","烦躁｜不屑｜敌意","5｜4｜5","不屑｜敌意","5｜3","否","已作答","80.00","62.50","73.00","3.29","25.07","7"
"ZJ202608165DBFAD9B","2026-08-16 11:38:51","38.72","11","ITEM-00111","31","图像","情绪识别","单选题","3.50","羡慕｜困惑｜快乐｜释然｜愉悦｜渴望｜爱｜内疚｜兴奋｜无奈","困惑","4","无奈","3","否","已作答","0.00","0.00","0.00","0.00","10.49","5"
"ZJ202608165DBFAD9B","2026-08-16 11:38:51","38.72","12","ITEM-00062","23","文本","情绪识别","单选题","3.50","紧张｜厌倦｜希望｜失望｜遗憾｜震惊｜不屑｜惊喜｜渴望｜内疚","惊喜","4","惊喜","5","否","已作答","100.00","75.00","90.00","3.15","27.25","6"
"ZJ202608165DBFAD9B","2026-08-16 11:38:51","38.72","13","ITEM-00123","8","音频","情绪识别","单选题","3.50","共情痛苦｜自豪｜痛苦｜抑郁｜愤怒｜敌意｜蔑视｜绝望｜厌恶｜冷静","痛苦","5","绝望","4","未填写","已作答","0.00","0.00","0.00","0.00","22.92","4"
"ZJ202608165DBFAD9B","2026-08-16 11:38:51","38.72","14","ITEM-00101","55","视频","情绪推理","多选题","4.50","内疚｜兴奋｜抑郁｜尴尬｜困惑｜渴望｜烦躁｜感激｜轻松｜好奇","尴尬","4","尴尬｜困惑","4｜4","否","已作答","66.67","50.00","60.00","2.70","54.62","3"
"ZJ202608165DBFAD9B","2026-08-16 11:38:51","38.72","15","ITEM-00093","75","音频","情绪识别","多选题","4.50","委屈｜轻松｜渴望｜紧张｜好奇｜感动｜自满｜烦躁｜悲伤｜蔑视","感动","3","委屈｜悲伤","5｜5","未填写","已作答","0.00","0.00","0.00","0.00","5.58","1"
"ZJ202608165DBFAD9B","2026-08-16 11:38:51","38.72","16","ITEM-00105","2","音频","情绪推理","多选题","4.50","愉悦｜不屑｜烦躁｜内疚｜厌倦｜快乐｜震惊｜失望｜紧张｜焦虑","烦躁｜失望","4｜3","焦虑｜紧张｜内疚","4｜5｜4","否","已作答","0.00","0.00","0.00","0.00","25.00","4"
"ZJ202608165DBFAD9B","2026-08-16 11:38:51","38.72","17","ITEM-00149","60","视频","情绪推理","单选题","2.50","崇拜｜轻松｜厌倦｜震惊｜怀旧｜平静｜绝望｜兴趣｜担忧｜愉悦","担忧","4","担忧","4","否","已作答","100.00","100.00","100.00","2.50","43.56","4"
"ZJ202608165DBFAD9B","2026-08-16 11:38:51","38.72","18","ITEM-00049","17","音频","情绪识别","单选题","3.50","痛苦｜愤怒｜渴望｜敌意｜羞耻｜紧张｜内疚｜羡慕｜自豪｜委屈","敌意","5","敌意","4","是","已作答","100.00","75.00","90.00","3.15","43.29","3"
"ZJ202608165DBFAD9B","2026-08-16 11:38:51","38.72","19","ITEM-00096","74","文本","情绪识别","多选题","4.50","烦躁｜好奇｜共情痛苦｜审美欣赏｜担忧｜恐惧｜震惊｜轻松｜蔑视｜愉悦","审美欣赏","4","审美欣赏｜愉悦","5｜5","否","已作答","66.67","37.50","55.00","2.47","19.10","4"
"ZJ202608165DBFAD9B","2026-08-16 11:38:51","38.72","20","ITEM-00145","69","音频","情绪识别","多选题","4.50","羡慕｜不屑｜怀旧｜愤怒｜自豪｜共情痛苦｜审美欣赏｜委屈｜震惊｜感激","不屑","4","愤怒｜震惊","4｜3","否","已作答","0.00","0.00","0.00","0.00","20.36","3"
"ZJ202608165DBFAD9B","2026-08-16 11:38:51","38.72","21","ITEM-00116","46","图像","情绪识别","单选题","3.50","感动｜惊喜｜怀旧｜兴趣｜自满｜轻松｜希望｜悲伤｜失望｜愉悦","感动","3","悲伤","5","否","已作答","0.00","0.00","0.00","0.00","12.52","2"
"ZJ202608165DBFAD9B","2026-08-16 11:38:51","38.72","22","ITEM-00135","68","文本","情绪识别","多选题","4.50","轻松｜不屑｜内疚｜痛苦｜失望｜厌恶｜紧张｜厌倦｜惊吓｜崇拜","厌恶｜紧张","4｜4","不屑｜惊吓","5｜4","否","已作答","0.00","0.00","0.00","0.00","24.61","5"
"ZJ202608165DBFAD9B","2026-08-16 11:38:51","38.72","23","ITEM-00110","59","文本","情绪推理","多选题","4.50","愁闷｜痛苦｜希望｜感动｜愉悦｜平静｜恐惧｜抑郁｜绝望｜厌恶","平静","5","痛苦｜抑郁","4｜4","未填写","已作答","0.00","0.00","0.00","0.00","19.12","2"
"ZJ202608165DBFAD9B","2026-08-16 11:38:51","38.72","24","ITEM-00126","86","视频","情绪识别","多选题","4.50","惊讶｜愉悦｜冷静｜兴奋｜平静｜悲伤｜遗憾｜感激｜希望｜感动","惊讶｜冷静｜平静","2｜4｜4","惊讶｜愉悦","4｜5","是","已作答","40.00","25.00","34.00","1.53","32.46","8"
"ZJ20260816359E5D1C","2026-08-16 11:38:44","35.66","1","ITEM-00083","73","视频","情绪识别","多选题","4.50","羡慕｜尴尬｜焦虑｜紧张｜审美欣赏｜怀旧｜厌倦｜爱｜抑郁｜释然","审美欣赏｜爱","4｜5","爱｜释然","5｜5","是","已作答","50.00","50.00","50.00","2.25","31.55","6"
"ZJ20260816359E5D1C","2026-08-16 11:38:44","35.66","2","ITEM-00124","22","音频","情绪识别","单选题","3.50","平静｜共情痛苦｜惊讶｜渴望｜羞耻｜感动｜绝望｜满足｜悲伤｜释然","感动","4","释然","3","是","已作答","0.00","0.00","0.00","0.00","19.03","3"
"ZJ20260816359E5D1C","2026-08-16 11:38:44","35.66","3","ITEM-00106","77","视频","情绪推理","单选题","3.50","焦虑｜担忧｜惊喜｜希望｜怀旧｜惊讶｜震惊｜蔑视｜恐惧｜快乐","惊喜","5","快乐","5","是","已作答","0.00","0.00","0.00","0.00","17.45","4"
"ZJ20260816359E5D1C","2026-08-16 11:38:44","35.66","4","ITEM-00136","71","文本","情绪识别","多选题","4.50","委屈｜不屑｜惊讶｜蔑视｜愁闷｜渴望｜怨恨｜恐惧｜感动｜厌恶","委屈","5","委屈｜恐惧｜不屑","5｜4｜4","否","已作答","50.00","33.33","43.33","1.95","25.20","4"
"ZJ20260816359E5D1C","2026-08-16 11:38:44","35.66","5","ITEM-00122","5","文本","情绪识别","单选题","3.50","恐惧｜遗憾｜希望｜羞耻｜崇拜｜烦躁｜怨恨｜羡慕｜感激｜敌意","羡慕","5","羡慕","4","是","已作答","100.00","75.00","90.00","3.15","27.45","4"
"ZJ20260816359E5D1C","2026-08-16 11:38:44","35.66","6","ITEM-00029","34","图像","情绪识别","单选题","3.50","厌恶｜委屈｜蔑视｜渴望｜惊讶｜羡慕｜自满｜审美欣赏｜怨恨｜痛苦","委屈","4","厌恶","5","是","已作答","0.00","0.00","0.00","0.00","24.13","3"
"ZJ20260816359E5D1C","2026-08-16 11:38:44","35.66","7","ITEM-00005","70","视频","情绪识别","单选题","3.50","感激｜惊讶｜自豪｜愉悦｜审美欣赏｜厌倦｜嫉妒｜厌恶｜不屑｜愤怒","惊讶","4","审美欣赏","5","是","已作答","0.00","0.00","0.00","0.00","19.39","3"
"ZJ20260816359E5D1C","2026-08-16 11:38:44","35.66","8","ITEM-00093","75","音频","情绪识别","多选题","4.50","委屈｜感动｜悲伤｜惊喜｜兴趣｜惊讶｜震惊｜厌恶｜感激｜共情痛苦","委屈｜感动","4｜5","委屈｜悲伤","5｜5","否","已作答","50.00","37.50","45.00","2.02","18.48","6"
"ZJ20260816359E5D1C","2026-08-16 11:38:44","35.66","9","ITEM-00058","102","图像","情绪识别","多选题","4.50","悲伤｜烦躁｜自满｜感动｜恐惧｜绝望｜冷静｜震惊｜释然｜愉悦","自满","5","感动｜愉悦","4｜4","是","已作答","0.00","0.00","0.00","0.00","19.49","4"
"ZJ20260816359E5D1C","2026-08-16 11:38:44","35.66","10","ITEM-00063","110","图像","情绪识别","多选题","4.50","蔑视｜愉悦｜好奇｜崇拜｜愤怒｜轻松｜兴奋｜审美欣赏｜共情痛苦｜不屑","好奇｜愉悦","4｜4","轻松｜愉悦","5｜4","否","已作答","50.00","50.00","50.00","2.25","20.76","6"
"ZJ20260816359E5D1C","2026-08-16 11:38:44","35.66","11","ITEM-00133","99","图像","情绪识别","多选题","4.50","内疚｜兴奋｜羞耻｜紧张｜冷静｜期待｜恐惧｜悲伤｜绝望｜平静","紧张","5","平静｜期待","4｜4","否","已作答","0.00","0.00","0.00","0.00","17.85","4"
"ZJ20260816359E5D1C","2026-08-16 11:38:44","35.66","12","ITEM-00115","39","图像","情绪识别","单选题","3.50","冷静｜惊讶｜震惊｜抑郁｜痛苦｜自豪｜快乐｜希望｜感动｜愉悦","震惊","4","震惊","5","是","已作答","100.00","75.00","90.00","3.15","17.88","3"
"ZJ20260816359E5D1C","2026-08-16 11:38:44","35.66","13","ITEM-00009","7","音频","情绪识别","单选题","3.50","好奇｜惊喜｜审美欣赏｜感动｜羞耻｜愁闷｜担忧｜遗憾｜紧张｜感激","担忧","4","紧张","2","是","已作答","0.00","0.00","0.00","0.00","19.43","3"
"ZJ20260816359E5D1C","2026-08-16 11:38:44","35.66","14","ITEM-00127","87","视频","情绪识别","多选题","4.50","同情｜羡慕｜困惑｜失望｜震惊｜焦虑｜兴奋｜嫉妒｜感激｜蔑视","同情｜困惑","4｜5","震惊｜蔑视｜同情","4｜4｜3","否","已作答","40.00","25.00","34.00","1.53","24.85","7"
"ZJ20260816359E5D1C","2026-08-16 11:38:44","35.66","15","ITEM-00086","79","音频","情绪推理","多选题","4.50","内疚｜感动｜紧张｜希望｜愁闷｜轻松｜审美欣赏｜烦躁｜厌倦｜失望","烦躁","4","烦躁｜厌倦","4｜4","是","已作答","66.67","50.00","60.00","2.70","15.00","3"
"ZJ20260816359E5D1C","2026-08-16 11:38:44","35.66","16","ITEM-00096","74","文本","情绪识别","多选题","4.50","愉悦｜失望｜共情痛苦｜愤怒｜快乐｜紧张｜嫉妒｜绝望｜兴趣｜审美欣赏","愉悦｜快乐","5｜5","审美欣赏｜愉悦","5｜5","是","已作答","50.00","50.00","50.00","2.25","21.65","7"
"ZJ20260816359E5D1C","2026-08-16 11:38:44","35.66","17","ITEM-00102","57","视频","情绪推理","多选题","4.50","怨恨｜困惑｜平静｜崇拜｜烦躁｜不屑｜愤怒｜痛苦｜羡慕｜释然","平静｜烦躁","4｜4","愤怒｜烦躁","5｜5","否","已作答","50.00","37.50","45.00","2.02","17.69","10"
"ZJ20260816359E5D1C","2026-08-16 11:38:44","35.66","18","ITEM-00145","69","音频","情绪识别","多选题","4.50","震惊｜希望｜满足｜愤怒｜好奇｜绝望｜厌倦｜快乐｜惊讶｜共情痛苦","愤怒","4","愤怒｜震惊","4｜3","是","已作答","66.67","50.00","60.00","2.70","16.33","3"
"ZJ20260816359E5D1C","2026-08-16 11:38:44","35.66","19","ITEM-00078","89","图像","情绪推理","多选题","4.50","轻松｜嫉妒｜共情痛苦｜悲伤｜怨恨｜紧张｜希望｜烦躁｜感动｜内疚","悲伤","4","内疚｜悲伤","4｜3","否","已作答","66.67","37.50","55.00","2.47","19.79","5"
"ZJ20260816359E5D1C","2026-08-16 11:38:44","35.66","20","ITEM-00080","65","视频","情绪推理","多选题","4.50","冷静｜遗憾｜兴奋｜愉悦｜羡慕｜希望｜怀旧｜轻松｜好奇｜感动","冷静","4","怀旧｜感动｜愉悦｜遗憾","5｜3｜3｜5","是","已作答","0.00","0.00","0.00","0.00","23.18","3"
"ZJ20260816359E5D1C","2026-08-16 11:38:44","35.66","21","ITEM-00141","67","文本","情绪推理","多选题","4.50","惊讶｜渴望｜愤怒｜遗憾｜失望｜焦虑｜兴奋｜怨恨｜感激｜震惊","愤怒","5","愤怒｜惊讶","4｜3","是","已作答","66.67","37.50","55.00","2.47","20.17","4"
"ZJ20260816359E5D1C","2026-08-16 11:38:44","35.66","22","ITEM-00108","59","音频","情绪推理","多选题","4.50","抑郁｜愉悦｜震惊｜快乐｜冷静｜审美欣赏｜释然｜痛苦｜悲伤｜怀旧","抑郁｜悲伤","4｜4","痛苦｜抑郁","4｜4","否","已作答","50.00","50.00","50.00","2.25","18.08","5"
"ZJ20260816359E5D1C","2026-08-16 11:38:44","35.66","23","ITEM-00068","116","文本","情绪识别","多选题","4.50","失望｜快乐｜困惑｜厌恶｜不屑｜怀旧｜内疚｜轻松｜崇拜｜震惊","不屑","5","厌恶｜不屑","4｜4","是","已作答","66.67","37.50","55.00","2.47","18.51","4"
"ZJ20260816359E5D1C","2026-08-16 11:38:44","35.66","24","ITEM-00142","68","文本","情绪推理","单选题","3.50","感动｜委屈｜失望｜释然｜绝望｜兴奋｜敌意｜烦躁｜共情痛苦｜羡慕","委屈","4","敌意","4","否","已作答","0.00","0.00","0.00","0.00","16.68","3"
"ZJ20260816C024F8A0","2026-08-16 11:38:37","57.90","1","ITEM-00071","91","图像","情绪识别","多选题","4.50","好奇｜痛苦｜震惊｜失望｜敌意｜绝望｜紧张｜愁闷｜惊讶｜担忧","痛苦｜失望｜愁闷","2｜4｜3","失望｜震惊","5｜5","否","已作答","40.00","37.50","39.00","1.75","31.00","8"
"ZJ20260816C024F8A0","2026-08-16 11:38:37","57.90","2","ITEM-00102","57","视频","情绪推理","多选题","4.50","烦躁｜内疚｜愉悦｜尴尬｜厌恶｜愤怒｜希望｜不屑｜遗憾｜敌意","烦躁｜愤怒｜敌意","3｜5｜4","愤怒｜烦躁","5｜5","否","已作答","80.00","75.00","78.00","3.51","117.63","8"
"ZJ20260816C024F8A0","2026-08-16 11:38:37","57.90","3","ITEM-00045","2","音频","情绪识别","单选题","3.50","困惑｜失望｜惊喜｜震惊｜轻松｜遗憾｜羞耻｜紧张｜共情痛苦｜释然","困惑","4","紧张","3","否","已作答","0.00","0.00","0.00","0.00","65.89","5"
"ZJ20260816C024F8A0","2026-08-16 11:38:37","57.90","4","ITEM-00117","47","图像","情绪识别","单选题","3.50","爱｜焦虑｜惊喜｜好奇｜惊讶｜厌恶｜羞耻｜痛苦｜满足｜嫉妒","痛苦","4","焦虑","4","否","已作答","0.00","0.00","0.00","0.00","13.91","3"
"ZJ20260816C024F8A0","2026-08-16 11:38:37","57.90","5","ITEM-00075","108","图像","情绪识别","多选题","4.50","兴趣｜共情痛苦｜震惊｜崇拜｜愤怒｜怀旧｜愁闷｜焦虑｜愉悦｜渴望","震惊｜渴望｜共情痛苦","4｜3｜4","震惊｜愤怒","5｜5","否","已作答","40.00","37.50","39.00","1.75","26.08","6"
"ZJ20260816C024F8A0","2026-08-16 11:38:37","57.90","6","ITEM-00123","8","音频","情绪识别","单选题","3.50","好奇｜不屑｜共情痛苦｜嫉妒｜羡慕｜崇拜｜爱｜紧张｜满足｜绝望","紧张","4","绝望","4","否","已作答","0.00","0.00","0.00","0.00","35.30","5"
"ZJ20260816C024F8A0","2026-08-16 11:38:37","57.90","7","ITEM-00063","110","图像","情绪识别","多选题","4.50","绝望｜审美欣赏｜愉悦｜平静｜感激｜惊讶｜失望｜兴奋｜厌恶｜轻松","愉悦｜轻松｜审美欣赏","4｜3｜4","轻松｜愉悦","5｜4","否","已作答","80.00","75.00","78.00","3.51","22.14","6"
"ZJ20260816C024F8A0","2026-08-16 11:38:37","57.90","8","ITEM-00111","31","图像","情绪识别","单选题","3.50","羞耻｜无奈｜遗憾｜抑郁｜愤怒｜好奇｜兴奋｜怨恨｜自满｜蔑视","无奈","3","无奈","3","否","已作答","100.00","100.00","100.00","3.50","20.83","4"
"ZJ20260816C024F8A0","2026-08-16 11:38:37","57.90","9","ITEM-00139","37","图像","情绪推理","多选题","4.50","敬畏｜轻松｜惊喜｜渴望｜内疚｜快乐｜痛苦｜焦虑｜自满｜委屈","自满｜惊喜｜快乐","3｜4｜3","焦虑｜敬畏","3｜4","否","已作答","0.00","0.00","0.00","0.00","29.70","5"
"ZJ20260816C024F8A0","2026-08-16 11:38:37","57.90","10","ITEM-00082","72","视频","情绪识别","多选题","4.50","感动｜快乐｜抑郁｜轻松｜焦虑｜担忧｜紧张｜震惊｜绝望｜兴趣","焦虑｜紧张","4｜4","焦虑｜紧张","4｜5","否","已作答","100.00","87.50","95.00","4.28","70.77","5"
"ZJ20260816C024F8A0","2026-08-16 11:38:37","57.90","11","ITEM-00145","69","音频","情绪识别","多选题","4.50","震惊｜愁闷｜愤怒｜共情痛苦｜愉悦｜痛苦｜紧张｜嫉妒｜焦虑｜冷静","冷静｜震惊","4｜3","愤怒｜震惊","4｜3","否","已作答","50.00","50.00","50.00","2.25","43.66","4"
"ZJ20260816C024F8A0","2026-08-16 11:38:37","57.90","12","ITEM-00138","22","音频","情绪推理","多选题","4.50","可惜｜不屑｜抑郁｜恐惧｜委屈｜希望｜愤怒｜紧张｜遗憾｜担忧","可惜｜担忧","4｜3","不屑｜可惜","4｜3","否","已作答","50.00","37.50","45.00","2.02","86.84","4"
"ZJ20260816C024F8A0","2026-08-16 11:38:37","57.90","13","ITEM-00088","81","视频","情绪识别","多选题","4.50","不屑｜惊喜｜羞耻｜怨恨｜爱｜困惑｜悲伤｜快乐｜失望｜兴奋","惊喜｜兴奋｜爱","4｜4｜3","快乐｜惊喜｜兴奋｜爱","5｜5｜5｜5","否","已作答","85.71","50.00","71.43","3.21","51.28","8"
"ZJ20260816C024F8A0","2026-08-16 11:38:37","57.90","14","ITEM-00109","88","音频","情绪推理","多选题","4.50","厌倦｜怀旧｜紧张｜担忧｜痛苦｜感动｜遗憾｜困惑｜渴望｜崇拜","困惑｜厌倦","3｜4","厌倦｜困惑","3｜3","否","已作答","100.00","87.50","95.00","4.28","80.81","10"
"ZJ20260816C024F8A0","2026-08-16 11:38:37","57.90","15","ITEM-00140","63","文本","情绪推理","多选题","4.50","兴奋｜绝望｜希望｜惊喜｜愤怒｜怀旧｜担忧｜愁闷｜兴趣｜轻松","轻松｜惊喜｜兴奋｜兴趣","3｜4｜5｜4","惊喜｜兴奋","4｜4","否","已作答","66.67","87.50","75.00","3.38","39.63","10"
"ZJ20260816C024F8A0","2026-08-16 11:38:37","57.90","16","ITEM-00092","66","音频","情绪识别","多选题","4.50","审美欣赏｜痛苦｜内疚｜悲伤｜焦虑｜轻松｜愉悦｜爱｜愤怒｜平静","痛苦｜悲伤｜内疚","4｜5｜4","内疚｜痛苦｜悲伤","5｜5｜5","否","已作答","100.00","83.33","93.33","4.20","91.61","7"
"ZJ20260816C024F8A0","2026-08-16 11:38:37","57.90","17","ITEM-00135","68","文本","情绪识别","多选题","4.50","惊讶｜遗憾｜好奇｜蔑视｜惊吓｜委屈｜焦虑｜不屑｜敌意｜愉悦","惊吓｜焦虑｜不屑｜蔑视｜敌意","4｜3｜4｜5｜5","不屑｜惊吓","5｜4","否","已作答","57.14","87.50","69.29","3.12","47.05","10"
"ZJ20260816C024F8A0","2026-08-16 11:38:37","57.90","18","ITEM-00134","67","文本","情绪识别","多选题","4.50","兴奋｜希望｜不屑｜满足｜蔑视｜渴望｜审美欣赏｜遗憾｜敌意｜怀旧","蔑视｜敌意｜不屑","4｜5｜3","不屑｜敌意","5｜3","否","已作答","80.00","50.00","68.00","3.06","34.42","6"
"ZJ20260816C024F8A0","2026-08-16 11:38:37","57.90","19","ITEM-00144","118","文本","情绪推理","单选题","3.50","轻松｜委屈｜紧张｜冷静｜满足｜失望｜平静｜愤怒｜快乐｜绝望","失望","4","失望","4","否","已作答","100.00","100.00","100.00","3.50","43.01","5"
"ZJ20260816C024F8A0","2026-08-16 11:38:37","57.90","20","ITEM-00095","59","文本","情绪识别","多选题","4.50","痛苦｜恐惧｜内疚｜蔑视｜遗憾｜惊喜｜失望｜冷静｜自豪｜希望","内疚｜痛苦","5｜4","内疚｜痛苦","5｜5","否","已作答","100.00","87.50","95.00","4.28","48.53","6"
"ZJ20260816C024F8A0","2026-08-16 11:38:37","57.90","21","ITEM-00037","50","文本","情绪识别","单选题","3.50","蔑视｜愤怒｜焦虑｜失望｜冷静｜感动｜轻松｜爱｜担忧｜惊讶","冷静","4","蔑视","3","否","已作答","0.00","0.00","0.00","0.00","19.48","3"
"ZJ20260816C024F8A0","2026-08-16 11:38:37","57.90","22","ITEM-00101","55","视频","情绪推理","多选题","4.50","抑郁｜震惊｜尴尬｜惊讶｜困惑｜悲伤｜平静｜共情痛苦｜敌意｜兴趣","惊讶｜敌意","3｜4","尴尬｜困惑","4｜4","否","已作答","0.00","0.00","0.00","0.00","83.22","7"
"ZJ20260816C024F8A0","2026-08-16 11:38:37","57.90","23","ITEM-00148","62","视频","情绪识别","单选题","3.50","感动｜尴尬｜焦虑｜惊讶｜释然｜敌意｜嫉妒｜羡慕｜兴趣｜震惊","尴尬","4","尴尬","3","否","已作答","100.00","75.00","90.00","3.15","49.76","3"
"ZJ20260816C024F8A0","2026-08-16 11:38:37","57.90","24","ITEM-00002","6","视频","情绪推理","单选题","3.50","担忧｜感激｜感动｜好奇｜震惊｜厌倦｜怀旧｜痛苦｜希望｜惊讶","感动","4","感动","3","否","已作答","100.00","75.00","90.00","3.15","67.53","8"
"ZJ20260816EDDB8BB1","2026-08-16 11:37:58","55.64","1","ITEM-00129","103","图像","情绪识别","多选题","4.50","崇拜｜烦躁｜敌意｜恐惧｜自满｜共情痛苦｜希望｜兴奋｜愁闷｜不屑","崇拜｜兴奋","4｜3","不屑｜敌意","5｜3","否","已作答","0.00","0.00","0.00","0.00","24.02","4"
"ZJ20260816EDDB8BB1","2026-08-16 11:37:58","55.64","2","ITEM-00079","61","视频","情绪推理","多选题","4.50","嫉妒｜崇拜｜感动｜厌倦｜震惊｜轻松｜惊讶｜委屈｜悲伤｜蔑视","委屈｜悲伤","4｜2","委屈｜悲伤","3｜3","否","已作答","100.00","75.00","90.00","4.05","34.32","5"
"ZJ20260816EDDB8BB1","2026-08-16 11:37:58","55.64","3","ITEM-00110","59","文本","情绪推理","多选题","4.50","痛苦｜抑郁｜震惊｜审美欣赏｜平静｜担忧｜遗憾｜惊喜｜崇拜｜满足","遗憾｜痛苦｜抑郁｜担忧","5｜4｜3｜3","痛苦｜抑郁","4｜4","否","已作答","66.67","87.50","75.00","3.38","60.17","7"
"ZJ20260816EDDB8BB1","2026-08-16 11:37:58","55.64","4","ITEM-00045","2","音频","情绪识别","单选题","3.50","不屑｜委屈｜困惑｜感动｜审美欣赏｜敌意｜焦虑｜感激｜担忧｜紧张","焦虑","5","紧张","3","否","已作答","0.00","0.00","0.00","0.00","63.50","3"
"ZJ20260816EDDB8BB1","2026-08-16 11:37:58","55.64","5","ITEM-00124","22","音频","情绪识别","单选题","3.50","愉悦｜羞耻｜厌倦｜震惊｜恐惧｜遗憾｜共情痛苦｜敌意｜释然｜快乐","释然","4","释然","3","否","已作答","100.00","75.00","90.00","3.15","56.17","4"
"ZJ20260816EDDB8BB1","2026-08-16 11:37:58","55.64","6","ITEM-00088","81","视频","情绪识别","多选题","4.50","惊喜｜兴奋｜敌意｜释然｜爱｜轻松｜羞耻｜快乐｜尴尬｜担忧","兴奋｜爱｜快乐｜惊喜","5｜5｜4｜3","快乐｜惊喜｜兴奋｜爱","5｜5｜5｜5","否","已作答","100.00","81.25","92.50","4.16","71.40","8"
"ZJ20260816EDDB8BB1","2026-08-16 11:37:58","55.64","7","ITEM-00093","75","音频","情绪识别","多选题","4.50","嫉妒｜厌恶｜焦虑｜抑郁｜委屈｜兴趣｜悲伤｜自满｜困惑｜敌意","焦虑｜悲伤","4｜4","委屈｜悲伤","5｜5","否","已作答","50.00","37.50","45.00","2.02","50.93","9"
"ZJ20260816EDDB8BB1","2026-08-16 11:37:58","55.64","8","ITEM-00069","117","文本","情绪识别","多选题","4.50","敌意｜爱｜轻松｜愉悦｜感激｜焦虑｜感动｜羡慕｜愁闷｜崇拜","感激｜感动","3｜5","感激｜爱｜愉悦","4｜4｜5","否","已作答","40.00","25.00","34.00","1.53","30.68","4"
"ZJ20260816EDDB8BB1","2026-08-16 11:37:58","55.64","9","ITEM-00065","112","图像","情绪识别","多选题","4.50","羡慕｜担忧｜厌倦｜感动｜平静｜自豪｜释然｜快乐｜悲伤｜遗憾","释然｜遗憾｜担忧","4｜5｜3","悲伤｜遗憾｜感动｜释然","3｜4｜4｜4","否","已作答","57.14","43.75","51.79","2.33","43.19","6"
"ZJ20260816EDDB8BB1","2026-08-16 11:37:58","55.64","10","ITEM-00078","89","图像","情绪推理","多选题","4.50","自豪｜快乐｜爱｜不屑｜内疚｜烦躁｜感激｜悲伤｜羞耻｜愤怒","爱｜悲伤｜羞耻｜内疚","3｜5｜4｜4","内疚｜悲伤","4｜3","否","已作答","66.67","75.00","70.00","3.15","69.76","8"
"ZJ20260816EDDB8BB1","2026-08-16 11:37:58","55.64","11","ITEM-00143","71","文本","情绪推理","单选题","3.50","紧张｜不屑｜担忧｜愁闷｜崇拜｜感动｜厌恶｜审美欣赏｜愉悦｜冷静","厌恶","4","不屑","3","否","已作答","0.00","0.00","0.00","0.00","17.80","3"
"ZJ20260816EDDB8BB1","2026-08-16 11:37:58","55.64","12","ITEM-00109","88","音频","情绪推理","多选题","4.50","感激｜失望｜厌倦｜困惑｜兴趣｜尴尬｜自满｜惊喜｜怀旧｜爱","厌倦｜尴尬","5｜3","厌倦｜困惑","3｜3","否","已作答","50.00","25.00","40.00","1.80","59.47","5"
"ZJ20260816EDDB8BB1","2026-08-16 11:37:58","55.64","13","ITEM-00125","85","视频","情绪识别","多选题","4.50","震惊｜不屑｜羞耻｜愉悦｜希望｜烦躁｜感激｜悲伤｜爱｜审美欣赏","愉悦｜希望｜感激","4｜5｜5","感激｜愉悦｜不屑","5｜5｜3","否","已作答","66.67","58.33","63.33","2.85","49.55","7"
"ZJ20260816EDDB8BB1","2026-08-16 11:37:58","55.64","14","ITEM-00002","6","视频","情绪推理","单选题","3.50","兴奋｜释然｜怀旧｜焦虑｜惊喜｜感动｜平静｜担忧｜震惊｜愉悦","担忧","5","感动","3","否","已作答","0.00","0.00","0.00","0.00","55.69","3"
"ZJ20260816EDDB8BB1","2026-08-16 11:37:58","55.64","15","ITEM-00056","101","图像","情绪识别","单选题","3.50","快乐｜绝望｜内疚｜释然｜担忧｜爱｜惊讶｜紧张｜好奇｜审美欣赏","担忧","4","担忧","4","否","已作答","100.00","100.00","100.00","3.50","31.10","3"
"ZJ20260816EDDB8BB1","2026-08-16 11:37:58","55.64","16","ITEM-00068","116","文本","情绪识别","多选题","4.50","不屑｜感动｜好奇｜委屈｜烦躁｜蔑视｜遗憾｜厌恶｜羡慕｜共情痛苦","不屑｜烦躁｜蔑视｜厌恶","5｜4｜4｜4","厌恶｜不屑","4｜4","否","已作答","66.67","87.50","75.00","3.38","32.32","9"
"ZJ20260816EDDB8BB1","2026-08-16 11:37:58","55.64","17","ITEM-00053","95","图像","情绪识别","多选题","4.50","厌恶｜不屑｜悲伤｜恐惧｜绝望｜平静｜委屈｜满足｜失望｜愁闷","悲伤｜绝望｜平静","4｜4｜3","悲伤｜委屈｜绝望","3｜3｜5","否","已作答","66.67","50.00","60.00","2.70","24.37","8"
"ZJ20260816EDDB8BB1","2026-08-16 11:37:58","55.64","18","ITEM-00010","63","文本","情绪识别","多选题","4.50","蔑视｜轻松｜厌倦｜自满｜烦躁｜惊喜｜平静｜兴奋｜兴趣｜羞耻","兴奋｜惊喜｜兴趣","5｜5｜5","惊喜｜兴奋","4｜4","否","已作答","80.00","75.00","78.00","3.51","30.99","9"
"ZJ20260816EDDB8BB1","2026-08-16 11:37:58","55.64","19","ITEM-00090","56","音频","情绪识别","多选题","4.50","崇拜｜自豪｜怨恨｜失望｜痛苦｜释然｜好奇｜尴尬｜悲伤｜烦躁","失望｜悲伤｜痛苦｜怨恨","5｜4｜4｜3","怨恨｜失望","5｜5","否","已作答","66.67","75.00","70.00","3.15","35.89","8"
"ZJ20260816EDDB8BB1","2026-08-16 11:37:58","55.64","20","ITEM-00037","50","文本","情绪识别","单选题","3.50","恐惧｜好奇｜蔑视｜怀旧｜羞耻｜怨恨｜抑郁｜失望｜惊喜｜痛苦","蔑视","5","蔑视","3","否","已作答","100.00","50.00","80.00","2.80","25.84","4"
"ZJ20260816EDDB8BB1","2026-08-16 11:37:58","55.64","21","ITEM-00100","10","视频","情绪推理","多选题","4.50","轻松｜平静｜不屑｜嫉妒｜遗憾｜愁闷｜得意｜羞耻｜烦躁｜焦虑","平静｜轻松｜得意","4｜5｜4","不屑｜得意","4｜4","否","已作答","40.00","50.00","44.00","1.98","71.10","7"
"ZJ20260816EDDB8BB1","2026-08-16 11:37:58","55.64","22","ITEM-00084","78","音频","情绪推理","多选题","4.50","烦躁｜嫉妒｜惊讶｜厌恶｜愉悦｜崇拜｜悲伤｜羞耻｜爱｜震惊","烦躁｜惊讶｜羞耻｜震惊","2｜5｜3｜4","羞耻｜烦躁","4｜5","否","已作答","66.67","50.00","60.00","2.70","53.06","8"
"ZJ20260816EDDB8BB1","2026-08-16 11:37:58","55.64","23","ITEM-00113","36","图像","情绪识别","单选题","3.50","自豪｜紧张｜担忧｜委屈｜审美欣赏｜感动｜遗憾｜困惑｜共情痛苦｜震惊","紧张","5","共情痛苦","4","否","已作答","0.00","0.00","0.00","0.00","24.17","4"
"ZJ20260816EDDB8BB1","2026-08-16 11:37:58","55.64","24","ITEM-00026","64","视频","情绪识别","单选题","3.50","震惊｜怀旧｜兴奋｜审美欣赏｜自满｜悲伤｜兴趣｜快乐｜抑郁｜厌恶","悲伤","5","悲伤","5","否","已作答","100.00","100.00","100.00","3.50","53.75","3"
"ZJ20260816B702BF5E","2026-08-16 11:37:53","62.88","1","ITEM-00086","79","音频","情绪推理","多选题","4.50","满足｜不屑｜惊讶｜震惊｜敌意｜厌倦｜痛苦｜爱｜惊喜｜烦躁","敌意｜不屑｜烦躁","4｜4｜3","烦躁｜厌倦","4｜4","否","已作答","40.00","37.50","39.00","1.75","96.81","10"
"ZJ20260816B702BF5E","2026-08-16 11:37:53","62.88","2","ITEM-00048","2","音频","情绪识别","单选题","3.50","厌倦｜绝望｜困惑｜愤怒｜蔑视｜审美欣赏｜焦虑｜羡慕｜委屈｜敌意","愤怒","5","愤怒","5","否","已作答","100.00","100.00","100.00","3.50","60.18","7"
"ZJ20260816B702BF5E","2026-08-16 11:37:53","62.88","3","ITEM-00138","22","音频","情绪推理","多选题","4.50","轻松｜怨恨｜兴奋｜不屑｜惊讶｜共情痛苦｜内疚｜惊喜｜可惜｜兴趣","轻松｜可惜","3｜5","不屑｜可惜","4｜3","否","已作答","50.00","25.00","40.00","1.80","98.25","5"
"ZJ20260816B702BF5E","2026-08-16 11:37:53","62.88","4","ITEM-00102","57","视频","情绪推理","多选题","4.50","好奇｜蔑视｜愤怒｜共情痛苦｜烦躁｜感激｜感动｜厌倦｜困惑｜悲伤","愤怒｜厌倦｜烦躁｜蔑视","5｜4｜5｜4","愤怒｜烦躁","5｜5","否","已作答","66.67","100.00","80.00","3.60","132.79","9"
"ZJ20260816B702BF5E","2026-08-16 11:37:53","62.88","5","ITEM-00142","68","文本","情绪推理","单选题","3.50","释然｜愁闷｜羞耻｜痛苦｜遗憾｜烦躁｜敌意｜嫉妒｜惊喜｜羡慕","敌意","4","敌意","4","否","已作答","100.00","100.00","100.00","3.50","42.99","4"
"ZJ20260816B702BF5E","2026-08-16 11:37:53","62.88","6","ITEM-00002","6","视频","情绪推理","单选题","3.50","焦虑｜共情痛苦｜愤怒｜嫉妒｜烦躁｜恐惧｜好奇｜感动｜平静｜绝望","感动","5","感动","3","是","已作答","100.00","50.00","80.00","2.80","48.41","3"
"ZJ20260816B702BF5E","2026-08-16 11:37:53","62.88","7","ITEM-00089","84","视频","情绪识别","多选题","4.50","焦虑｜震惊｜同情｜满足｜悲伤｜羡慕｜抑郁｜担忧｜轻松｜爱","悲伤｜震惊｜担忧｜同情","5｜4｜5｜5","担忧｜同情｜悲伤","5｜4｜5","是","已作答","85.71","91.67","88.10","3.96","93.69","9"
"ZJ20260816B702BF5E","2026-08-16 11:37:53","62.88","8","ITEM-00113","36","图像","情绪识别","单选题","3.50","好奇｜蔑视｜感动｜敌意｜委屈｜冷静｜痛苦｜审美欣赏｜愁闷｜共情痛苦","好奇","4","共情痛苦","4","是","已作答","0.00","0.00","0.00","0.00","26.19","3"
"ZJ20260816B702BF5E","2026-08-16 11:37:53","62.88","9","ITEM-00118","48","图像","情绪识别","单选题","3.50","怨恨｜好奇｜不屑｜敌意｜悲伤｜惊讶｜抑郁｜绝望｜困惑｜轻松","惊讶","4","困惑","4","否","已作答","0.00","0.00","0.00","0.00","17.93","3"
"ZJ20260816B702BF5E","2026-08-16 11:37:53","62.88","10","ITEM-00134","67","文本","情绪识别","多选题","4.50","不屑｜紧张｜羡慕｜困惑｜怨恨｜敌意｜焦虑｜厌恶｜烦躁｜释然","不屑｜怨恨｜敌意","4｜3｜4","不屑｜敌意","5｜3","否","已作答","80.00","75.00","78.00","3.51","44.18","6"
"ZJ20260816B702BF5E","2026-08-16 11:37:53","62.88","11","ITEM-00081","58","视频","情绪识别","多选题","4.50","感动｜爱｜快乐｜绝望｜好奇｜烦躁｜抑郁｜审美欣赏｜紧张｜怀旧","审美欣赏｜怀旧","5｜4","审美欣赏｜怀旧","5｜3","是","已作答","100.00","87.50","95.00","4.28","61.66","5"
"ZJ20260816B702BF5E","2026-08-16 11:37:53","62.88","12","ITEM-00075","108","图像","情绪识别","多选题","4.50","烦躁｜惊喜｜怨恨｜怀旧｜悲伤｜焦虑｜希望｜愤怒｜崇拜｜震惊","震惊｜惊喜｜愤怒","5｜4｜4","震惊｜愤怒","5｜5","否","已作答","80.00","87.50","83.00","3.73","34.99","7"
"ZJ20260816B702BF5E","2026-08-16 11:37:53","62.88","13","ITEM-00039","52","文本","情绪识别","单选题","3.50","紧张｜怨恨｜渴望｜蔑视｜恐惧｜痛苦｜自满｜抑郁｜感动｜轻松","痛苦","4","痛苦","4","否","已作答","100.00","100.00","100.00","3.50","34.56","3"
"ZJ20260816B702BF5E","2026-08-16 11:37:53","62.88","14","ITEM-00058","102","图像","情绪识别","多选题","4.50","悲伤｜怨恨｜愤怒｜崇拜｜感动｜惊喜｜自豪｜惊讶｜烦躁｜愉悦","惊喜｜自豪｜愉悦","5｜5｜5","感动｜愉悦","4｜4","是","已作答","40.00","37.50","39.00","1.75","21.25","7"
"ZJ20260816B702BF5E","2026-08-16 11:37:53","62.88","15","ITEM-00131","115","图像","情绪识别","多选题","4.50","爱｜兴奋｜轻松｜感激｜担忧｜愁闷｜紧张｜恐惧｜愉悦｜敌意","爱｜兴奋｜轻松｜愉悦","4｜4｜5｜5","兴奋｜愉悦","3｜4","否","已作答","66.67","75.00","70.00","3.15","23.41","10"
"ZJ20260816B702BF5E","2026-08-16 11:37:53","62.88","16","ITEM-00026","64","视频","情绪识别","单选题","3.50","绝望｜悲伤｜冷静｜爱｜自满｜厌倦｜蔑视｜遗憾｜感激｜兴趣","悲伤","4","悲伤","5","否","已作答","100.00","75.00","90.00","3.15","66.13","4"
"ZJ20260816B702BF5E","2026-08-16 11:37:53","62.88","17","ITEM-00139","37","图像","情绪推理","多选题","4.50","崇拜｜冷静｜敬畏｜自满｜愉悦｜轻松｜兴趣｜焦虑｜满足｜紧张","敬畏","4","焦虑｜敬畏","3｜4","是","已作答","66.67","50.00","60.00","2.70","28.49","3"
"ZJ20260816B702BF5E","2026-08-16 11:37:53","62.88","18","ITEM-00123","8","音频","情绪识别","单选题","3.50","绝望｜烦躁｜遗憾｜惊讶｜怀旧｜羞耻｜内疚｜惊喜｜审美欣赏｜不屑","绝望","5","绝望","4","否","已作答","100.00","75.00","90.00","3.15","23.26","3"
"ZJ20260816B702BF5E","2026-08-16 11:37:53","62.88","19","ITEM-00070","119","文本","情绪识别","多选题","4.50","内疚｜羡慕｜痛苦｜审美欣赏｜遗憾｜震惊｜愁闷｜惊讶｜愤怒｜困惑","震惊｜惊讶｜愤怒｜困惑","5｜4｜5｜4","困惑｜痛苦","4｜5","否","已作答","33.33","50.00","40.00","1.80","28.17","10"
"ZJ20260816B702BF5E","2026-08-16 11:37:53","62.88","20","ITEM-00146","118","文本","情绪识别","多选题","4.50","冷静｜愁闷｜烦躁｜羡慕｜好奇｜释然｜快乐｜自豪｜轻松｜失望","轻松","4","烦躁｜失望","4｜4","否","已作答","0.00","0.00","0.00","0.00","35.73","3"
"ZJ20260816B702BF5E","2026-08-16 11:37:53","62.88","21","ITEM-00140","63","文本","情绪推理","多选题","4.50","兴奋｜爱｜厌倦｜希望｜平静｜惊喜｜共情痛苦｜担忧｜兴趣｜焦虑","希望｜惊喜｜兴趣","4｜5｜5","惊喜｜兴奋","4｜4","否","已作答","40.00","37.50","39.00","1.75","35.88","9"
"ZJ20260816B702BF5E","2026-08-16 11:37:53","62.88","22","ITEM-00080","65","视频","情绪推理","多选题","4.50","抑郁｜厌倦｜感动｜尴尬｜愉悦｜困惑｜嫉妒｜不屑｜怀旧｜遗憾","愉悦｜怀旧｜感动","5｜4｜4","怀旧｜感动｜愉悦｜遗憾","5｜3｜3｜5","是","已作答","85.71","50.00","71.43","3.21","52.56","9"
"ZJ20260816B702BF5E","2026-08-16 11:37:53","62.88","23","ITEM-00091","59","音频","情绪识别","多选题","4.50","委屈｜愉悦｜痛苦｜失望｜恐惧｜内疚｜怀旧｜满足｜悲伤｜轻松","委屈｜痛苦｜失望｜内疚｜悲伤","5｜4｜4｜4｜5","内疚｜痛苦","5｜5","否","已作答","57.14","75.00","64.29","2.89","60.72","12"
"ZJ20260816B702BF5E","2026-08-16 11:37:53","62.88","24","ITEM-00090","56","音频","情绪识别","多选题","4.50","审美欣赏｜失望｜困惑｜感动｜震惊｜痛苦｜厌倦｜怨恨｜羞耻｜遗憾","失望｜困惑｜震惊｜怨恨","5｜4｜5｜4","怨恨｜失望","5｜5","否","已作答","66.67","87.50","75.00","3.38","68.25","10"
"ZJ2026081631281475","2026-08-16 11:37:10","56.54","1","ITEM-00108","59","音频","情绪推理","多选题","4.50","遗憾｜抑郁｜痛苦｜悲伤｜焦虑｜失望｜共情痛苦｜恐惧｜怨恨｜轻松","共情痛苦｜痛苦｜悲伤","4｜2｜3","痛苦｜抑郁","4｜4","否","已作答","40.00","25.00","34.00","1.53","114.79","6"
"ZJ2026081631281475","2026-08-16 11:37:10","56.54","2","ITEM-00098","1","视频","情绪推理","多选题","4.50","恐惧｜渴望｜愁闷｜自豪｜绝望｜紧张｜满足｜共情痛苦｜蔑视｜感激","自豪｜紧张｜满足｜感激","4｜3｜4｜5","感激｜自豪｜满足","4｜3｜4","否","已作答","85.71","83.33","84.76","3.81","52.61","9"
"ZJ2026081631281475","2026-08-16 11:37:10","56.54","3","ITEM-00010","63","文本","情绪识别","多选题","4.50","怀旧｜崇拜｜厌恶｜羡慕｜自满｜悲伤｜焦虑｜兴奋｜惊喜｜轻松","兴奋｜惊喜","4｜5","惊喜｜兴奋","4｜4","否","已作答","100.00","87.50","95.00","4.28","64.46","5"
"ZJ2026081631281475","2026-08-16 11:37:10","56.54","4","ITEM-00089","84","视频","情绪识别","多选题","4.50","嫉妒｜悲伤｜共情痛苦｜同情｜好奇｜自满｜担忧｜释然｜痛苦｜羞耻","悲伤｜担忧｜痛苦","4｜5｜3","担忧｜同情｜悲伤","5｜4｜5","否","已作答","66.67","58.33","63.33","2.85","35.76","6"
"ZJ2026081631281475","2026-08-16 11:37:10","56.54","5","ITEM-00112","35","图像","情绪识别","单选题","3.50","感激｜委屈｜困惑｜蔑视｜羞耻｜嫉妒｜烦躁｜厌恶｜敌意｜绝望","敌意","4","烦躁","4","否","已作答","0.00","0.00","0.00","0.00","20.20","5"
"ZJ2026081631281475","2026-08-16 11:37:10","56.54","6","ITEM-00046","89","图像","情绪识别","多选题","4.50","厌倦｜自满｜平静｜怨恨｜崇拜｜内疚｜悲伤｜怀旧｜释然｜担忧","担忧","5","内疚｜悲伤","4｜3","未填写","已作答","0.00","0.00","0.00","0.00","29.91","3"
"ZJ2026081631281475","2026-08-16 11:37:10","56.54","7","ITEM-00073","107","图像","情绪识别","多选题","4.50","兴趣｜嫉妒｜感动｜爱｜好奇｜困惑｜厌倦｜羞耻｜渴望｜遗憾","感动","4","感动｜爱","5｜5","否","已作答","66.67","37.50","55.00","2.47","123.90","4"
"ZJ2026081631281475","2026-08-16 11:37:10","56.54","8","ITEM-00081","58","视频","情绪识别","多选题","4.50","怀旧｜悲伤｜敌意｜愁闷｜厌恶｜羡慕｜轻松｜羞耻｜释然｜审美欣赏","审美欣赏｜轻松｜释然","5｜4｜3","审美欣赏｜怀旧","5｜3","否","已作答","40.00","50.00","44.00","1.98","71.17","6"
"ZJ2026081631281475","2026-08-16 11:37:10","56.54","9","ITEM-00084","78","音频","情绪推理","多选题","4.50","愉悦｜烦躁｜震惊｜自豪｜尴尬｜快乐｜不屑｜担忧｜羞耻｜爱","不屑｜震惊｜烦躁","3｜5｜4","羞耻｜烦躁","4｜5","否","已作答","40.00","37.50","39.00","1.75","19.90","8"
"ZJ2026081631281475","2026-08-16 11:37:10","56.54","10","ITEM-00049","17","音频","情绪识别","单选题","3.50","抑郁｜兴趣｜委屈｜冷静｜蔑视｜敌意｜失望｜怨恨｜嫉妒｜快乐","敌意","4","敌意","4","否","已作答","100.00","100.00","100.00","3.50","27.68","4"
"ZJ2026081631281475","2026-08-16 11:37:10","56.54","11","ITEM-00063","110","图像","情绪识别","多选题","4.50","怨恨｜好奇｜失望｜释然｜愉悦｜惊喜｜嫉妒｜共情痛苦｜轻松｜痛苦","愉悦","4","轻松｜愉悦","5｜4","是","已作答","66.67","50.00","60.00","2.70","19.00","3"
"ZJ2026081631281475","2026-08-16 11:37:10","56.54","12","ITEM-00104","23","文本","情绪推理","单选题","3.50","渴望｜爱｜兴奋｜自满｜希望｜蔑视｜自豪｜烦躁｜羞耻｜困惑","兴奋","5","兴奋","5","否","已作答","100.00","100.00","100.00","3.50","28.84","3"
"ZJ2026081631281475","2026-08-16 11:37:10","56.54","13","ITEM-00023","55","视频","情绪识别","单选题","3.50","审美欣赏｜厌倦｜渴望｜惊喜｜敌意｜焦虑｜怀旧｜嫉妒｜困惑｜快乐","困惑","5","敌意","4","是","已作答","0.00","0.00","0.00","0.00","36.61","6"
"ZJ2026081631281475","2026-08-16 11:37:10","56.54","14","ITEM-00150","86","视频","情绪推理","多选题","4.50","绝望｜兴奋｜崇拜｜满足｜委屈｜惊讶｜平静｜快乐｜自豪｜自满","惊讶","4","满足｜快乐","4｜3","否","已作答","0.00","0.00","0.00","0.00","27.77","3"
"ZJ2026081631281475","2026-08-16 11:37:10","56.54","15","ITEM-00090","56","音频","情绪识别","多选题","4.50","恐惧｜怨恨｜感动｜失望｜满足｜感激｜厌恶｜共情痛苦｜焦虑｜不屑","怨恨｜失望","5｜4","怨恨｜失望","5｜5","否","已作答","100.00","87.50","95.00","4.28","23.67","5"
"ZJ2026081631281475","2026-08-16 11:37:10","56.54","16","ITEM-00013","27","图像","情绪识别","单选题","3.50","兴趣｜平静｜满足｜委屈｜愤怒｜愁闷｜释然｜自满｜怀旧｜绝望","愤怒","5","愤怒","5","否","已作答","100.00","100.00","100.00","3.50","6.89","3"
"ZJ2026081631281475","2026-08-16 11:37:10","56.54","17","ITEM-00039","52","文本","情绪识别","单选题","3.50","紧张｜震惊｜烦躁｜担忧｜惊讶｜厌倦｜不屑｜愉悦｜怀旧｜痛苦","痛苦","5","痛苦","4","否","已作答","100.00","75.00","90.00","3.15","18.95","4"
"ZJ2026081631281475","2026-08-16 11:37:10","56.54","18","ITEM-00094","88","音频","情绪识别","多选题","4.50","兴趣｜敌意｜渴望｜快乐｜惊讶｜抑郁｜好奇｜委屈｜遗憾｜担忧","兴趣｜好奇","4｜5","渴望｜兴趣","4｜5","否","已作答","50.00","37.50","45.00","2.02","64.88","13"
"ZJ2026081631281475","2026-08-16 11:37:10","56.54","19","ITEM-00106","77","视频","情绪推理","单选题","3.50","兴趣｜快乐｜厌恶｜紧张｜厌倦｜悲伤｜愤怒｜恐惧｜共情痛苦｜失望","快乐","3","快乐","5","是","已作答","100.00","50.00","80.00","2.80","27.51","4"
"ZJ2026081631281475","2026-08-16 11:37:10","56.54","20","ITEM-00069","117","文本","情绪识别","多选题","4.50","爱｜困惑｜抑郁｜怀旧｜好奇｜感激｜痛苦｜失望｜羡慕｜愉悦","愉悦｜爱","5｜4","感激｜爱｜愉悦","4｜4｜5","否","已作答","80.00","66.67","74.67","3.36","20.44","5"
"ZJ2026081631281475","2026-08-16 11:37:10","56.54","21","ITEM-00141","67","文本","情绪推理","多选题","4.50","紧张｜烦躁｜遗憾｜感激｜痛苦｜惊讶｜愤怒｜委屈｜恐惧｜震惊","震惊｜烦躁｜愤怒","4｜3｜5","愤怒｜惊讶","4｜3","否","已作答","40.00","37.50","39.00","1.75","82.09","8"
"ZJ2026081631281475","2026-08-16 11:37:10","56.54","22","ITEM-00139","37","图像","情绪推理","多选题","4.50","敬畏｜愤怒｜愁闷｜失望｜满足｜自豪｜遗憾｜感动｜焦虑｜怀旧","敬畏｜愁闷","4｜5","焦虑｜敬畏","3｜4","否","已作答","50.00","50.00","50.00","2.25","30.86","9"
"ZJ2026081631281475","2026-08-16 11:37:10","56.54","23","ITEM-00097","82","文本","情绪识别","多选题","4.50","快乐｜厌倦｜愤怒｜羞耻｜希望｜兴趣｜痛苦｜轻松｜审美欣赏｜感激","希望｜轻松","4｜4","轻松｜快乐","4｜4","否","已作答","50.00","50.00","50.00","2.25","50.56","6"
"ZJ2026081631281475","2026-08-16 11:37:10","56.54","24","ITEM-00045","2","音频","情绪识别","单选题","3.50","释然｜绝望｜感激｜焦虑｜烦躁｜自满｜羞耻｜爱｜希望｜紧张","紧张","5","紧张","3","否","已作答","100.00","50.00","80.00","2.80","29.52","5"
"ZJ2026081689796855","2026-08-16 11:37:09","57.47","1","ITEM-00145","69","音频","情绪识别","多选题","4.50","委屈｜绝望｜感激｜羞耻｜冷静｜愤怒｜烦躁｜渴望｜满足｜震惊","愤怒","2","愤怒｜震惊","4｜3","否","已作答","66.67","25.00","50.00","2.25","61.31","5"
"ZJ2026081689796855","2026-08-16 11:37:09","57.47","2","ITEM-00045","2","音频","情绪识别","单选题","3.50","兴趣｜愁闷｜惊喜｜希望｜抑郁｜羞耻｜紧张｜自满｜怨恨｜敌意","愁闷","4","紧张","3","否","已作答","0.00","0.00","0.00","0.00","93.53","5"
"ZJ2026081689796855","2026-08-16 11:37:09","57.47","3","ITEM-00001","3","视频","情绪识别","单选题","3.50","内疚｜震惊｜尴尬｜敌意｜羞耻｜失望｜愉悦｜怀旧｜绝望｜悲伤","震惊","5","震惊","3","否","已作答","100.00","50.00","80.00","2.80","24.29","4"
"ZJ2026081689796855","2026-08-16 11:37:09","57.47","4","ITEM-00068","116","文本","情绪识别","多选题","4.50","恐惧｜惊讶｜不屑｜满足｜紧张｜厌恶｜兴趣｜轻松｜敌意｜焦虑","不屑｜敌意","5｜4","厌恶｜不屑","4｜4","否","已作答","50.00","37.50","45.00","2.02","58.63","6"
"ZJ2026081689796855","2026-08-16 11:37:09","57.47","5","ITEM-00127","87","视频","情绪识别","多选题","4.50","委屈｜感动｜恐惧｜同情｜希望｜悲伤｜蔑视｜震惊｜不屑｜感激","委屈｜同情｜悲伤｜震惊","4｜5｜4｜3","震惊｜蔑视｜同情","4｜4｜3","否","已作答","57.14","41.67","50.95","2.29","102.15","11"
"ZJ2026081689796855","2026-08-16 11:37:09","57.47","6","ITEM-00092","66","音频","情绪识别","多选题","4.50","冷静｜感激｜羡慕｜悲伤｜快乐｜内疚｜厌倦｜渴望｜痛苦｜愁闷","悲伤｜内疚｜痛苦","5｜5｜5","内疚｜痛苦｜悲伤","5｜5｜5","否","已作答","100.00","100.00","100.00","4.50","92.94","12"
"ZJ2026081689796855","2026-08-16 11:37:09","57.47","7","ITEM-00071","91","图像","情绪识别","多选题","4.50","怀旧｜兴趣｜失望｜愁闷｜震惊｜蔑视｜厌恶｜渴望｜怨恨｜好奇","失望｜愁闷","4｜2","失望｜震惊","5｜5","否","已作答","50.00","37.50","45.00","2.02","48.77","7"
"ZJ2026081689796855","2026-08-16 11:37:09","57.47","8","ITEM-00086","79","音频","情绪推理","多选题","4.50","轻松｜痛苦｜厌倦｜愤怒｜恐惧｜平静｜烦躁｜愁闷｜感动｜蔑视","厌倦｜烦躁｜蔑视","4｜5｜3","烦躁｜厌倦","4｜4","否","已作答","80.00","87.50","83.00","3.73","35.09","7"
"ZJ2026081689796855","2026-08-16 11:37:09","57.47","9","ITEM-00069","117","文本","情绪识别","多选题","4.50","感激｜羡慕｜愉悦｜爱｜感动｜困惑｜愤怒｜厌恶｜悲伤｜敌意","愉悦｜爱｜感动","5｜4｜2","感激｜爱｜愉悦","4｜4｜5","否","已作答","66.67","66.67","66.67","3.00","29.75","12"
"ZJ2026081689796855","2026-08-16 11:37:09","57.47","10","ITEM-00011","25","图像","情绪识别","单选题","3.50","希望｜愉悦｜平静｜怀旧｜担忧｜羡慕｜崇拜｜冷静｜烦躁｜惊讶","担忧","4","担忧","4","否","已作答","100.00","100.00","100.00","3.50","20.75","5"
"ZJ2026081689796855","2026-08-16 11:37:09","57.47","11","ITEM-00135","68","文本","情绪识别","多选题","4.50","蔑视｜惊喜｜不屑｜惊吓｜羡慕｜悲伤｜快乐｜紧张｜感激｜希望","惊吓｜蔑视｜不屑｜紧张","4｜5｜4｜4","不屑｜惊吓","5｜4","否","已作答","66.67","87.50","75.00","3.38","52.66","16"
"ZJ2026081689796855","2026-08-16 11:37:09","57.47","12","ITEM-00037","50","文本","情绪识别","单选题","3.50","轻松｜释然｜怨恨｜烦躁｜爱｜内疚｜羡慕｜担忧｜委屈｜蔑视","蔑视","5","蔑视","3","未填写","已作答","100.00","50.00","80.00","2.80","30.45","4"
"ZJ2026081689796855","2026-08-16 11:37:09","57.47","13","ITEM-00008","30","图像","情绪识别","单选题","3.50","失望｜轻松｜愉悦｜烦躁｜内疚｜委屈｜困惑｜厌倦｜遗憾｜担忧","内疚","4","困惑","3","否","已作答","0.00","0.00","0.00","0.00","24.25","3"
"ZJ2026081689796855","2026-08-16 11:37:09","57.47","14","ITEM-00004","62","视频","情绪推理","单选题","3.50","羡慕｜内疚｜爱｜嫉妒｜委屈｜敌意｜尴尬｜愤怒｜羞耻｜满足","尴尬","4","尴尬","3","否","已作答","100.00","75.00","90.00","3.15","31.66","5"
"ZJ2026081689796855","2026-08-16 11:37:09","57.47","15","ITEM-00057","23","音频","情绪识别","单选题","3.50","悲伤｜失望｜自满｜希望｜厌倦｜兴趣｜快乐｜惊喜｜烦躁｜崇拜","快乐","5","惊喜","5","否","已作答","0.00","0.00","0.00","0.00","33.73","4"
"ZJ2026081689796855","2026-08-16 11:37:09","57.47","16","ITEM-00144","118","文本","情绪推理","单选题","3.50","怨恨｜不屑｜震惊｜内疚｜满足｜尴尬｜担忧｜感激｜失望｜崇拜","不屑","4","失望","4","否","已作答","0.00","0.00","0.00","0.00","47.94","3"
"ZJ2026081689796855","2026-08-16 11:37:09","57.47","17","ITEM-00130","104","图像","情绪识别","多选题","4.50","愤怒｜痛苦｜快乐｜怀旧｜冷静｜抑郁｜惊讶｜震惊｜平静｜不屑","惊讶｜震惊","4｜4","愤怒｜震惊","5｜4","否","已作答","50.00","50.00","50.00","2.25","22.07","7"
"ZJ2026081689796855","2026-08-16 11:37:09","57.47","18","ITEM-00109","88","音频","情绪推理","多选题","4.50","兴趣｜怨恨｜愉悦｜厌倦｜抑郁｜担忧｜困惑｜蔑视｜厌恶｜焦虑","厌恶｜厌倦｜抑郁","2｜4｜4","厌倦｜困惑","3｜3","否","已作答","40.00","37.50","39.00","1.75","84.30","9"
"ZJ2026081689796855","2026-08-16 11:37:09","57.47","19","ITEM-00140","63","文本","情绪推理","多选题","4.50","遗憾｜绝望｜兴趣｜烦躁｜平静｜嫉妒｜爱｜兴奋｜愤怒｜惊喜","兴奋｜惊喜｜兴趣","4｜5｜3","惊喜｜兴奋","4｜4","否","已作答","80.00","87.50","83.00","3.73","24.81","7"
"ZJ2026081689796855","2026-08-16 11:37:09","57.47","20","ITEM-00131","115","图像","情绪识别","多选题","4.50","释然｜爱｜兴奋｜困惑｜羡慕｜厌恶｜审美欣赏｜紧张｜愉悦｜不屑","兴奋｜审美欣赏｜愉悦","2｜4｜5","兴奋｜愉悦","3｜4","否","已作答","80.00","75.00","78.00","3.51","26.09","10"
"ZJ2026081689796855","2026-08-16 11:37:09","57.47","21","ITEM-00088","81","视频","情绪识别","多选题","4.50","愤怒｜尴尬｜惊喜｜审美欣赏｜愉悦｜痛苦｜兴奋｜快乐｜悲伤｜爱","快乐｜爱｜愉悦","5｜4｜5","快乐｜惊喜｜兴奋｜爱","5｜5｜5｜5","否","已作答","57.14","43.75","51.79","2.33","61.55","15"
"ZJ2026081689796855","2026-08-16 11:37:09","57.47","22","ITEM-00078","89","图像","情绪推理","多选题","4.50","厌恶｜愁闷｜内疚｜担忧｜悲伤｜审美欣赏｜烦躁｜平静｜兴奋｜愤怒","愁闷｜悲伤","4｜5","内疚｜悲伤","4｜3","否","已作答","50.00","25.00","40.00","1.80","27.26","6"
"ZJ2026081689796855","2026-08-16 11:37:09","57.47","23","ITEM-00098","1","视频","情绪推理","多选题","4.50","希望｜渴望｜绝望｜嫉妒｜自豪｜愤怒｜好奇｜满足｜审美欣赏｜感激","自豪｜满足｜感激","5｜4｜3","感激｜自豪｜满足","4｜3｜4","否","已作答","100.00","75.00","90.00","4.05","65.14","10"
"ZJ2026081689796855","2026-08-16 11:37:09","57.47","24","ITEM-00080","65","视频","情绪推理","多选题","4.50","自满｜感动｜焦虑｜遗憾｜兴趣｜怀旧｜愉悦｜快乐｜希望｜兴奋","怀旧｜遗憾","5｜4","怀旧｜感动｜愉悦｜遗憾","5｜3｜3｜5","否","已作答","66.67","43.75","57.50","2.59","46.55","7"
"ZJ20260816040C20EF","2026-08-16 11:37:06","42.62","1","ITEM-00144","118","文本","情绪推理","单选题","3.50","兴趣｜敌意｜紧张｜失望｜痛苦｜抑郁｜尴尬｜冷静｜不屑｜焦虑","敌意","3","失望","4","否","已作答","0.00","0.00","0.00","0.00","32.44","2"
"ZJ20260816040C20EF","2026-08-16 11:37:06","42.62","2","ITEM-00047","90","图像","情绪识别","多选题","4.50","兴趣｜焦虑｜快乐｜惊喜｜怀旧｜嫉妒｜兴奋｜愉悦｜爱｜恐惧","兴奋","4","惊喜｜快乐｜愉悦","5｜5｜5","否","已作答","0.00","0.00","0.00","0.00","20.32","3"
"ZJ20260816040C20EF","2026-08-16 11:37:06","42.62","3","ITEM-00111","31","图像","情绪识别","单选题","3.50","厌倦｜敌意｜厌恶｜惊喜｜烦躁｜平静｜无奈｜轻松｜抑郁｜尴尬","平静","2","无奈","3","否","已作答","0.00","0.00","0.00","0.00","15.45","3"
"ZJ20260816040C20EF","2026-08-16 11:37:06","42.62","4","ITEM-00020","13","视频","情绪识别","单选题","3.50","失望｜厌恶｜感动｜困惑｜自满｜愉悦｜尴尬｜愤怒｜满足｜羡慕","自满","5","尴尬","3","否","已作答","0.00","0.00","0.00","0.00","38.60","4"
"ZJ20260816040C20EF","2026-08-16 11:37:06","42.62","5","ITEM-00124","22","音频","情绪识别","单选题","3.50","担忧｜怨恨｜释然｜轻松｜焦虑｜希望｜共情痛苦｜痛苦｜自满｜紧张","轻松","3","释然","3","否","已作答","0.00","0.00","0.00","0.00","31.09","2"
"ZJ20260816040C20EF","2026-08-16 11:37:06","42.62","6","ITEM-00040","53","文本","情绪识别","单选题","3.50","嫉妒｜恐惧｜轻松｜羞耻｜爱｜自豪｜渴望｜怨恨｜感激｜平静","怨恨","5","怨恨","5","否","已作答","100.00","100.00","100.00","3.50","11.79","4"
"ZJ20260816040C20EF","2026-08-16 11:37:06","42.62","7","ITEM-00078","89","图像","情绪推理","多选题","4.50","嫉妒｜蔑视｜自满｜不屑｜委屈｜快乐｜困惑｜悲伤｜内疚｜释然","委屈","5","内疚｜悲伤","4｜3","否","已作答","0.00","0.00","0.00","0.00","15.53","4"
"ZJ20260816040C20EF","2026-08-16 11:37:06","42.62","8","ITEM-00049","17","音频","情绪识别","单选题","3.50","愁闷｜愉悦｜敌意｜希望｜厌倦｜怨恨｜自满｜羞耻｜担忧｜尴尬","敌意","4","敌意","4","否","已作答","100.00","100.00","100.00","3.50","20.49","3"
"ZJ20260816040C20EF","2026-08-16 11:37:06","42.62","9","ITEM-00058","102","图像","情绪识别","多选题","4.50","兴趣｜蔑视｜愉悦｜厌倦｜困惑｜愤怒｜共情痛苦｜内疚｜恐惧｜感动","兴趣","4","感动｜愉悦","4｜4","否","已作答","0.00","0.00","0.00","0.00","15.20","3"
"ZJ20260816040C20EF","2026-08-16 11:37:06","42.62","10","ITEM-00150","86","视频","情绪推理","多选题","4.50","平静｜渴望｜释然｜惊喜｜好奇｜担忧｜绝望｜快乐｜不屑｜满足","渴望","2","满足｜快乐","4｜3","未填写","已作答","0.00","0.00","0.00","0.00","32.58","2"
"ZJ20260816040C20EF","2026-08-16 11:37:06","42.62","11","ITEM-00084","78","音频","情绪推理","多选题","4.50","惊喜｜敌意｜抑郁｜羞耻｜羡慕｜不屑｜共情痛苦｜烦躁｜感动｜担忧","烦躁","5","羞耻｜烦躁","4｜5","否","已作答","66.67","50.00","60.00","2.70","18.12","6"
"ZJ20260816040C20EF","2026-08-16 11:37:06","42.62","12","ITEM-00068","116","文本","情绪识别","多选题","4.50","自豪｜自满｜厌恶｜不屑｜焦虑｜内疚｜感动｜怨恨｜困惑｜兴趣","不屑","5","厌恶｜不屑","4｜4","否","已作答","66.67","37.50","55.00","2.47","13.53","4"
"ZJ20260816040C20EF","2026-08-16 11:37:06","42.62","13","ITEM-00083","73","视频","情绪识别","多选题","4.50","好奇｜释然｜爱｜快乐｜悲伤｜蔑视｜感激｜绝望｜冷静｜怀旧","爱","4","爱｜释然","5｜5","未填写","已作答","66.67","37.50","55.00","2.47","55.26","4"
"ZJ20260816040C20EF","2026-08-16 11:37:06","42.62","14","ITEM-00094","88","音频","情绪识别","多选题","4.50","惊讶｜蔑视｜痛苦｜渴望｜紧张｜不屑｜焦虑｜惊喜｜兴趣｜恐惧","兴趣｜渴望","4｜3","渴望｜兴趣","4｜5","否","已作答","100.00","75.00","90.00","4.05","47.84","6"
"ZJ20260816040C20EF","2026-08-16 11:37:06","42.62","15","ITEM-00007","29","图像","情绪识别","单选题","3.50","平静｜惊喜｜感激｜好奇｜委屈｜崇拜｜惊讶｜痛苦｜怨恨｜希望","痛苦","5","惊讶","3","否","已作答","0.00","0.00","0.00","0.00","15.14","5"
"ZJ20260816040C20EF","2026-08-16 11:37:06","42.62","16","ITEM-00080","65","视频","情绪推理","多选题","4.50","绝望｜焦虑｜感动｜烦躁｜愁闷｜愉悦｜遗憾｜怀旧｜惊讶｜困惑","遗憾","4","怀旧｜感动｜愉悦｜遗憾","5｜3｜3｜5","否","已作答","40.00","18.75","31.50","1.42","25.54","3"
"ZJ20260816040C20EF","2026-08-16 11:37:06","42.62","17","ITEM-00106","77","视频","情绪推理","单选题","3.50","共情痛苦｜烦躁｜自豪｜渴望｜悲伤｜困惑｜蔑视｜平静｜快乐｜兴趣","快乐","4","快乐","5","是","已作答","100.00","75.00","90.00","3.15","63.71","3"
"ZJ20260816040C20EF","2026-08-16 11:37:06","42.62","18","ITEM-00042","61","视频","情绪识别","多选题","4.50","好奇｜委屈｜遗憾｜释然｜愤怒｜悲伤｜快乐｜爱｜紧张｜内疚","委屈｜悲伤","4｜3","委屈｜悲伤","3｜3","未填写","已作答","100.00","87.50","95.00","4.28","46.43","3"
"ZJ20260816040C20EF","2026-08-16 11:37:06","42.62","19","ITEM-00077","79","音频","情绪识别","多选题","4.50","厌倦｜感激｜震惊｜快乐｜崇拜｜愁闷｜烦躁｜自豪｜怀旧｜满足","厌倦｜烦躁","5｜5","烦躁｜厌倦","4｜4","否","已作答","100.00","75.00","90.00","4.05","15.09","7"
"ZJ20260816040C20EF","2026-08-16 11:37:06","42.62","20","ITEM-00135","68","文本","情绪识别","多选题","4.50","困惑｜感激｜惊喜｜敌意｜爱｜烦躁｜惊吓｜怀旧｜不屑｜委屈","敌意｜烦躁","5｜4","不屑｜惊吓","5｜4","否","已作答","0.00","0.00","0.00","0.00","11.83","8"
"ZJ20260816040C20EF","2026-08-16 11:37:06","42.62","21","ITEM-00136","71","文本","情绪识别","多选题","4.50","共情痛苦｜平静｜厌恶｜蔑视｜恐惧｜焦虑｜委屈｜兴奋｜不屑｜震惊","恐惧｜焦虑｜委屈","5｜5｜5","委屈｜恐惧｜不屑","5｜4｜4","是","已作答","66.67","58.33","63.33","2.85","15.01","10"
"ZJ20260816040C20EF","2026-08-16 11:37:06","42.62","22","ITEM-00052","94","图像","情绪识别","多选题","4.50","委屈｜好奇｜惊喜｜嫉妒｜羡慕｜痛苦｜悲伤｜崇拜｜怀旧｜绝望","痛苦｜悲伤｜绝望","5｜3｜5","绝望｜痛苦｜委屈","5｜5｜4","否","已作答","66.67","66.67","66.67","3.00","13.52","8"
"ZJ20260816040C20EF","2026-08-16 11:37:06","42.62","23","ITEM-00110","59","文本","情绪推理","多选题","4.50","抑郁｜尴尬｜恐惧｜兴趣｜崇拜｜烦躁｜痛苦｜惊喜｜快乐｜平静","痛苦","5","痛苦｜抑郁","4｜4","否","已作答","66.67","37.50","55.00","2.47","31.32","4"
"ZJ20260816040C20EF","2026-08-16 11:37:06","42.62","24","ITEM-00105","2","音频","情绪推理","多选题","4.50","自豪｜爱｜怨恨｜满足｜内疚｜焦虑｜紧张｜敌意｜痛苦｜惊讶","焦虑｜紧张｜惊讶","3｜4｜5","焦虑｜紧张｜内疚","4｜5｜4","否","已作答","66.67","50.00","60.00","2.70","51.54","8"
"ZJ20260816068EE4ED","2026-08-16 11:36:49","41.53","1","ITEM-00047","90","图像","情绪识别","多选题","4.50","审美欣赏｜恐惧｜紧张｜渴望｜惊讶｜惊喜｜嫉妒｜快乐｜兴奋｜愉悦","惊讶｜惊喜｜兴奋｜愉悦","4｜4｜4｜4","惊喜｜快乐｜愉悦","5｜5｜5","否","已作答","57.14","50.00","54.29","2.44","53.73","12"
"ZJ20260816068EE4ED","2026-08-16 11:36:49","41.53","2","ITEM-00005","70","视频","情绪识别","单选题","3.50","焦虑｜尴尬｜羞耻｜敌意｜审美欣赏｜愤怒｜怀旧｜厌恶｜愉悦｜嫉妒","尴尬","4","审美欣赏","5","否","已作答","0.00","0.00","0.00","0.00","43.19","7"
"ZJ20260816068EE4ED","2026-08-16 11:36:49","41.53","3","ITEM-00108","59","音频","情绪推理","多选题","4.50","好奇｜恐惧｜自满｜抑郁｜痛苦｜怀旧｜厌倦｜冷静｜尴尬｜爱","抑郁｜痛苦","5｜4","痛苦｜抑郁","4｜4","否","已作答","100.00","87.50","95.00","4.28","34.97","10"
"ZJ20260816068EE4ED","2026-08-16 11:36:49","41.53","4","ITEM-00078","89","图像","情绪推理","多选题","4.50","内疚｜遗憾｜惊讶｜渴望｜愁闷｜蔑视｜悲伤｜嫉妒｜烦躁｜怀旧","内疚｜愁闷","4｜4","内疚｜悲伤","4｜3","否","已作答","50.00","50.00","50.00","2.25","25.20","5"
"ZJ20260816068EE4ED","2026-08-16 11:36:49","41.53","5","ITEM-00010","63","文本","情绪识别","多选题","4.50","兴奋｜感激｜渴望｜轻松｜平静｜失望｜惊喜｜自满｜羞耻｜怨恨","兴奋｜感激｜渴望","4｜3｜4","惊喜｜兴奋","4｜4","否","已作答","40.00","50.00","44.00","1.98","27.86","9"
"ZJ20260816068EE4ED","2026-08-16 11:36:49","41.53","6","ITEM-00132","37","图像","情绪识别","多选题","4.50","渴望｜平静｜恭敬｜抑郁｜惊喜｜不屑｜共情痛苦｜羞耻｜厌恶｜感动","平静｜恭敬","4｜4","平静｜恭敬","5｜5","否","已作答","100.00","75.00","90.00","4.05","25.57","6"
"ZJ20260816068EE4ED","2026-08-16 11:36:49","41.53","7","ITEM-00096","74","文本","情绪识别","多选题","4.50","抑郁｜惊喜｜愉悦｜痛苦｜感激｜厌倦｜遗憾｜审美欣赏｜尴尬｜绝望","感激｜审美欣赏","3｜4","审美欣赏｜愉悦","5｜5","否","已作答","50.00","37.50","45.00","2.02","24.79","4"
"ZJ20260816068EE4ED","2026-08-16 11:36:49","41.53","8","ITEM-00145","69","音频","情绪识别","多选题","4.50","愤怒｜兴趣｜震惊｜轻松｜委屈｜悲伤｜抑郁｜愁闷｜怨恨｜敌意","愤怒｜敌意","4｜4","愤怒｜震惊","4｜3","否","已作答","50.00","50.00","50.00","2.25","40.67","5"
"ZJ20260816068EE4ED","2026-08-16 11:36:49","41.53","9","ITEM-00094","88","音频","情绪识别","多选题","4.50","共情痛苦｜困惑｜快乐｜渴望｜委屈｜满足｜平静｜内疚｜敌意｜兴趣","共情痛苦｜平静","3｜3","渴望｜兴趣","4｜5","否","已作答","0.00","0.00","0.00","0.00","40.64","5"
"ZJ20260816068EE4ED","2026-08-16 11:36:49","41.53","10","ITEM-00113","36","图像","情绪识别","单选题","3.50","兴奋｜快乐｜怀旧｜嫉妒｜愉悦｜失望｜愁闷｜共情痛苦｜震惊｜希望","希望","4","共情痛苦","4","否","已作答","0.00","0.00","0.00","0.00","20.90","3"
"ZJ20260816068EE4ED","2026-08-16 11:36:49","41.53","11","ITEM-00049","17","音频","情绪识别","单选题","3.50","希望｜不屑｜担忧｜惊喜｜震惊｜敌意｜遗憾｜自满｜好奇｜感激","遗憾","3","敌意","4","否","已作答","0.00","0.00","0.00","0.00","28.31","5"
"ZJ20260816068EE4ED","2026-08-16 11:36:49","41.53","12","ITEM-00136","71","文本","情绪识别","多选题","4.50","羡慕｜蔑视｜恐惧｜委屈｜希望｜愉悦｜审美欣赏｜愁闷｜焦虑｜不屑","蔑视｜委屈","4｜4","委屈｜恐惧｜不屑","5｜4｜4","否","已作答","40.00","25.00","34.00","1.53","25.27","5"
"ZJ20260816068EE4ED","2026-08-16 11:36:49","41.53","13","ITEM-00036","45","图像","情绪识别","单选题","3.50","满足｜悲伤｜绝望｜兴趣｜尴尬｜失望｜审美欣赏｜抑郁｜释然｜困惑","释然","4","兴趣","4","否","已作答","0.00","0.00","0.00","0.00","30.00","7"
"ZJ20260816068EE4ED","2026-08-16 11:36:49","41.53","14","ITEM-00052","94","图像","情绪识别","多选题","4.50","悲伤｜绝望｜审美欣赏｜焦虑｜痛苦｜羞耻｜感激｜失望｜委屈｜崇拜","悲伤","4","绝望｜痛苦｜委屈","5｜5｜4","否","已作答","0.00","0.00","0.00","0.00","22.78","5"
"ZJ20260816068EE4ED","2026-08-16 11:36:49","41.53","15","ITEM-00089","84","视频","情绪识别","多选题","4.50","悲伤｜好奇｜满足｜委屈｜惊喜｜兴趣｜焦虑｜担忧｜释然｜同情","担忧｜同情","4｜3","担忧｜同情｜悲伤","5｜4｜5","否","已作答","80.00","50.00","68.00","3.06","28.99","4"
"ZJ20260816068EE4ED","2026-08-16 11:36:49","41.53","16","ITEM-00122","5","文本","情绪识别","单选题","3.50","焦虑｜震惊｜崇拜｜困惑｜恐惧｜敌意｜羡慕｜快乐｜共情痛苦｜嫉妒","嫉妒","3","羡慕","4","否","已作答","0.00","0.00","0.00","0.00","29.72","4"
"ZJ20260816068EE4ED","2026-08-16 11:36:49","41.53","17","ITEM-00081","58","视频","情绪识别","多选题","4.50","恐惧｜羞耻｜共情痛苦｜审美欣赏｜怀旧｜愤怒｜平静｜自豪｜好奇｜怨恨","共情痛苦","4","审美欣赏｜怀旧","5｜3","否","已作答","0.00","0.00","0.00","0.00","22.70","3"
"ZJ20260816068EE4ED","2026-08-16 11:36:49","41.53","18","ITEM-00080","65","视频","情绪推理","多选题","4.50","烦躁｜感动｜遗憾｜紧张｜自满｜自豪｜审美欣赏｜惊讶｜怀旧｜愉悦","感动｜怀旧","4｜3","怀旧｜感动｜愉悦｜遗憾","5｜3｜3｜5","否","已作答","66.67","31.25","52.50","2.36","38.17","9"
"ZJ20260816068EE4ED","2026-08-16 11:36:49","41.53","19","ITEM-00004","62","视频","情绪推理","单选题","3.50","失望｜感激｜敌意｜感动｜嫉妒｜愤怒｜怨恨｜审美欣赏｜悲伤｜尴尬","尴尬","4","尴尬","3","否","已作答","100.00","75.00","90.00","3.15","22.46","3"
"ZJ20260816068EE4ED","2026-08-16 11:36:49","41.53","20","ITEM-00144","118","文本","情绪推理","单选题","3.50","痛苦｜惊讶｜羡慕｜烦躁｜困惑｜紧张｜希望｜抑郁｜惊喜｜失望","失望","3","失望","4","否","已作答","100.00","75.00","90.00","3.15","35.13","4"
"ZJ20260816068EE4ED","2026-08-16 11:36:49","41.53","21","ITEM-00124","22","音频","情绪识别","单选题","3.50","恐惧｜平静｜感激｜尴尬｜释然｜愁闷｜紧张｜烦躁｜审美欣赏｜冷静","释然","4","释然","3","否","已作答","100.00","75.00","90.00","3.15","15.10","3"
"ZJ20260816068EE4ED","2026-08-16 11:36:49","41.53","22","ITEM-00100","10","视频","情绪推理","多选题","4.50","不屑｜崇拜｜得意｜渴望｜厌倦｜敌意｜快乐｜困惑｜希望｜满足","不屑｜满足","5｜4","不屑｜得意","4｜4","否","已作答","50.00","37.50","45.00","2.02","21.48","8"
"ZJ20260816068EE4ED","2026-08-16 11:36:49","41.53","23","ITEM-00105","2","音频","情绪推理","多选题","4.50","紧张｜尴尬｜焦虑｜内疚｜感动｜愉悦｜困惑｜崇拜｜悲伤｜满足","紧张","4","焦虑｜紧张｜内疚","4｜5｜4","否","已作答","50.00","25.00","40.00","1.80","20.77","3"
"ZJ20260816068EE4ED","2026-08-16 11:36:49","41.53","24","ITEM-00141","67","文本","情绪推理","多选题","4.50","羡慕｜困惑｜希望｜愤怒｜蔑视｜惊讶｜厌倦｜愉悦｜敌意｜委屈","委屈｜惊讶","3｜4","愤怒｜惊讶","4｜3","否","已作答","50.00","37.50","45.00","2.02","18.29","8"
"ZJ202608166C141642","2026-08-16 11:36:20","39.65","1","ITEM-00139","37","图像","情绪推理","多选题","4.50","平静｜失望｜感动｜焦虑｜怀旧｜愤怒｜敬畏｜内疚｜震惊｜抑郁","焦虑｜震惊","3｜3","焦虑｜敬畏","3｜4","否","已作答","50.00","50.00","50.00","2.25","32.77","3"
"ZJ202608166C141642","2026-08-16 11:36:20","39.65","2","ITEM-00126","86","视频","情绪识别","多选题","4.50","兴趣｜羡慕｜担忧｜轻松｜惊讶｜不屑｜爱｜烦躁｜怨恨｜愉悦","担忧｜烦躁","4｜4","惊讶｜愉悦","4｜5","否","已作答","0.00","0.00","0.00","0.00","26.02","6"
"ZJ202608166C141642","2026-08-16 11:36:20","39.65","3","ITEM-00135","68","文本","情绪识别","多选题","4.50","渴望｜羞耻｜不屑｜审美欣赏｜惊讶｜担忧｜怀旧｜敌意｜惊吓｜悲伤","敌意｜担忧","4｜4","不屑｜惊吓","5｜4","否","已作答","0.00","0.00","0.00","0.00","20.42","8"
"ZJ202608166C141642","2026-08-16 11:36:20","39.65","4","ITEM-00104","23","文本","情绪推理","单选题","3.50","兴奋｜内疚｜愉悦｜平静｜嫉妒｜惊讶｜委屈｜感动｜感激｜紧张","兴奋","4","兴奋","5","未填写","已作答","100.00","75.00","90.00","3.15","33.98","2"
"ZJ202608166C141642","2026-08-16 11:36:20","39.65","5","ITEM-00140","63","文本","情绪推理","多选题","4.50","内疚｜自满｜兴奋｜失望｜厌倦｜感激｜惊喜｜渴望｜快乐｜满足","惊喜","3","惊喜｜兴奋","4｜4","未填写","已作答","66.67","37.50","55.00","2.47","13.48","1"
"ZJ202608166C141642","2026-08-16 11:36:20","39.65","6","ITEM-00058","102","图像","情绪识别","多选题","4.50","羞耻｜平静｜嫉妒｜感动｜好奇｜渴望｜委屈｜愉悦｜恐惧｜担忧","平静｜愉悦","4｜2","感动｜愉悦","4｜4","未填写","已作答","50.00","25.00","40.00","1.80","17.80","4"
"ZJ202608166C141642","2026-08-16 11:36:20","39.65","7","ITEM-00098","1","视频","情绪推理","多选题","4.50","蔑视｜敌意｜自豪｜惊讶｜感激｜快乐｜愉悦｜委屈｜失望｜满足","自豪","4","感激｜自豪｜满足","4｜3｜4","未填写","已作答","50.00","25.00","40.00","1.80","30.55","3"
"ZJ202608166C141642","2026-08-16 11:36:20","39.65","8","ITEM-00060","18","文本","情绪识别","单选题","3.50","尴尬｜紧张｜满足｜震惊｜审美欣赏｜希望｜不屑｜感激｜敌意｜愁闷","希望","4","感激","3","未填写","已作答","0.00","0.00","0.00","0.00","26.69","2"
"ZJ202608166C141642","2026-08-16 11:36:20","39.65","9","ITEM-00134","67","文本","情绪识别","多选题","4.50","敌意｜厌倦｜内疚｜冷静｜怨恨｜绝望｜震惊｜不屑｜羞耻｜释然","怨恨｜震惊","4｜3","不屑｜敌意","5｜3","未填写","已作答","0.00","0.00","0.00","0.00","26.30","3"
"ZJ202608166C141642","2026-08-16 11:36:20","39.65","10","ITEM-00015","4","视频","情绪识别","单选题","3.50","轻松｜内疚｜失望｜紧张｜感激｜好奇｜惊讶｜不屑｜羡慕｜绝望","紧张","4","绝望","4","未填写","已作答","0.00","0.00","0.00","0.00","25.06","2"
"ZJ202608166C141642","2026-08-16 11:36:20","39.65","11","ITEM-00045","2","音频","情绪识别","单选题","3.50","感动｜释然｜兴趣｜愁闷｜绝望｜紧张｜快乐｜担忧｜惊讶｜怨恨","惊讶","4","紧张","3","未填写","已作答","0.00","0.00","0.00","0.00","20.43","4"
"ZJ202608166C141642","2026-08-16 11:36:20","39.65","12","ITEM-00066","113","图像","情绪识别","多选题","4.50","悲伤｜释然｜失望｜冷静｜内疚｜渴望｜痛苦｜绝望｜尴尬｜爱","悲伤","5","渴望｜痛苦｜悲伤｜绝望","4｜5｜5｜5","未填写","已作答","40.00","25.00","34.00","1.53","6.84","2"
"ZJ202608166C141642","2026-08-16 11:36:20","39.65","13","ITEM-00113","36","图像","情绪识别","单选题","3.50","共情痛苦｜快乐｜羞耻｜满足｜好奇｜羡慕｜内疚｜愤怒｜悲伤｜渴望","好奇","4","共情痛苦","4","未填写","已作答","0.00","0.00","0.00","0.00","11.10","2"
"ZJ202608166C141642","2026-08-16 11:36:20","39.65","14","ITEM-00096","74","文本","情绪识别","多选题","4.50","愤怒｜蔑视｜好奇｜痛苦｜怨恨｜爱｜审美欣赏｜尴尬｜内疚｜愉悦","审美欣赏","5","审美欣赏｜愉悦","5｜5","未填写","已作答","66.67","50.00","60.00","2.70","9.65","2"
"ZJ202608166C141642","2026-08-16 11:36:20","39.65","15","ITEM-00124","22","音频","情绪识别","单选题","3.50","渴望｜紧张｜共情痛苦｜兴趣｜失望｜愁闷｜满足｜释然｜焦虑｜崇拜","释然","4","释然","3","未填写","已作答","100.00","75.00","90.00","3.15","38.74","2"
"ZJ202608166C141642","2026-08-16 11:36:20","39.65","16","ITEM-00002","6","视频","情绪推理","单选题","3.50","敌意｜平静｜感激｜轻松｜尴尬｜痛苦｜委屈｜惊讶｜满足｜感动","痛苦","4","感动","3","未填写","已作答","0.00","0.00","0.00","0.00","21.22","2"
"ZJ202608166C141642","2026-08-16 11:36:20","39.65","17","ITEM-00091","59","音频","情绪识别","多选题","4.50","遗憾｜焦虑｜共情痛苦｜痛苦｜抑郁｜感动｜羞耻｜担忧｜崇拜｜内疚","共情痛苦","4","内疚｜痛苦","5｜5","未填写","已作答","0.00","0.00","0.00","0.00","29.53","2"
"ZJ202608166C141642","2026-08-16 11:36:20","39.65","18","ITEM-00050","92","图像","情绪识别","多选题","4.50","敌意｜释然｜满足｜轻松｜感激｜怨恨｜好奇｜兴奋｜感动｜痛苦","敌意｜怨恨","5｜3","敌意｜怨恨","5｜5","未填写","已作答","100.00","75.00","90.00","4.05","12.38","7"
"ZJ202608166C141642","2026-08-16 11:36:20","39.65","19","ITEM-00093","75","音频","情绪识别","多选题","4.50","兴奋｜崇拜｜平静｜委屈｜愁闷｜悲伤｜自满｜敌意｜痛苦｜失望","悲伤｜愁闷｜失望","5｜4｜2","委屈｜悲伤","5｜5","未填写","已作答","40.00","50.00","44.00","1.98","17.93","9"
"ZJ202608166C141642","2026-08-16 11:36:20","39.65","20","ITEM-00117","47","图像","情绪识别","单选题","3.50","烦躁｜希望｜愁闷｜崇拜｜焦虑｜共情痛苦｜怀旧｜厌倦｜快乐｜担忧","崇拜","4","焦虑","4","未填写","已作答","0.00","0.00","0.00","0.00","21.02","7"
"ZJ202608166C141642","2026-08-16 11:36:20","39.65","21","ITEM-00109","88","音频","情绪推理","多选题","4.50","烦躁｜嫉妒｜愤怒｜厌倦｜困惑｜怀旧｜绝望｜遗憾｜惊喜｜兴奋","烦躁｜厌倦｜困惑","4｜4｜2","厌倦｜困惑","3｜3","未填写","已作答","80.00","75.00","78.00","3.51","24.99","8"
"ZJ202608166C141642","2026-08-16 11:36:20","39.65","22","ITEM-00086","79","音频","情绪推理","多选题","4.50","悲伤｜怨恨｜爱｜感激｜释然｜兴趣｜感动｜烦躁｜嫉妒｜厌倦","烦躁｜厌倦","4｜2","烦躁｜厌倦","4｜4","未填写","已作答","100.00","75.00","90.00","4.05","18.12","4"
"ZJ202608166C141642","2026-08-16 11:36:20","39.65","23","ITEM-00085","76","视频","情绪识别","多选题","4.50","蔑视｜困惑｜兴奋｜自豪｜感激｜羡慕｜渴望｜担忧｜希望｜平静","兴奋｜自豪","5｜5","自豪｜兴奋","5｜5","未填写","已作答","100.00","100.00","100.00","4.50","16.84","6"
"ZJ202608166C141642","2026-08-16 11:36:20","39.65","24","ITEM-00100","10","视频","情绪推理","多选题","4.50","遗憾｜惊讶｜委屈｜爱｜愤怒｜自豪｜得意｜嫉妒｜惊喜｜不屑","得意","4","不屑｜得意","4｜4","未填写","已作答","66.67","50.00","60.00","2.70","26.14","2"
"ZJ20260816F17BC889","2026-08-16 11:35:45","54.02","1","ITEM-00135","68","文本","情绪识别","多选题","4.50","烦躁｜困惑｜释然｜不屑｜冷静｜惊吓｜失望｜好奇｜担忧｜自豪","惊吓｜烦躁｜不屑｜自豪","5｜2｜4｜2","不屑｜惊吓","5｜4","否","已作答","66.67","75.00","70.00","3.15","55.36","9"
"ZJ20260816F17BC889","2026-08-16 11:35:45","54.02","2","ITEM-00112","35","图像","情绪识别","单选题","3.50","蔑视｜好奇｜焦虑｜失望｜冷静｜烦躁｜痛苦｜惊喜｜愤怒｜内疚","愤怒","4","烦躁","4","否","已作答","0.00","0.00","0.00","0.00","27.84","3"
"ZJ20260816F17BC889","2026-08-16 11:35:45","54.02","3","ITEM-00123","8","音频","情绪识别","单选题","3.50","惊喜｜悲伤｜焦虑｜尴尬｜烦躁｜冷静｜怀旧｜绝望｜感激｜厌恶","焦虑","5","绝望","4","否","已作答","0.00","0.00","0.00","0.00","52.13","6"
"ZJ20260816F17BC889","2026-08-16 11:35:45","54.02","4","ITEM-00136","71","文本","情绪识别","多选题","4.50","遗憾｜恐惧｜焦虑｜委屈｜厌恶｜愁闷｜痛苦｜厌倦｜冷静｜不屑","委屈｜恐惧","5｜3","委屈｜恐惧｜不屑","5｜4｜4","否","已作答","80.00","58.33","71.33","3.21","20.01","4"
"ZJ20260816F17BC889","2026-08-16 11:35:45","54.02","5","ITEM-00124","22","音频","情绪识别","单选题","3.50","感动｜释然｜渴望｜厌倦｜烦躁｜平静｜嫉妒｜自满｜兴奋｜焦虑","平静","5","释然","3","否","已作答","0.00","0.00","0.00","0.00","35.85","3"
"ZJ20260816F17BC889","2026-08-16 11:35:45","54.02","6","ITEM-00129","103","图像","情绪识别","多选题","4.50","厌倦｜敌意｜惊喜｜不屑｜羞耻｜悲伤｜共情痛苦｜希望｜蔑视｜自满","不屑｜蔑视｜敌意","4｜2｜1","不屑｜敌意","5｜3","未填写","已作答","80.00","62.50","73.00","3.29","35.47","9"
"ZJ20260816F17BC889","2026-08-16 11:35:45","54.02","7","ITEM-00139","37","图像","情绪推理","多选题","4.50","蔑视｜敌意｜好奇｜怀旧｜紧张｜抑郁｜焦虑｜敬畏｜羡慕｜愉悦","紧张｜敬畏","5｜5","焦虑｜敬畏","3｜4","否","已作答","50.00","37.50","45.00","2.02","17.53","5"
"ZJ20260816F17BC889","2026-08-16 11:35:45","54.02","8","ITEM-00055","98","图像","情绪识别","多选题","4.50","紧张｜快乐｜愉悦｜怀旧｜爱｜轻松｜崇拜｜兴奋｜悲伤｜共情痛苦","愉悦｜轻松｜怀旧｜兴奋","5｜5｜3｜3","兴奋｜轻松｜愉悦｜快乐","5｜5｜5｜5","否","已作答","75.00","62.50","70.00","3.15","59.80","11"
"ZJ20260816F17BC889","2026-08-16 11:35:45","54.02","9","ITEM-00106","77","视频","情绪推理","单选题","3.50","感动｜担忧｜希望｜厌倦｜共情痛苦｜快乐｜愁闷｜内疚｜焦虑｜自豪","共情痛苦","5","快乐","5","是","已作答","0.00","0.00","0.00","0.00","73.44","5"
"ZJ20260816F17BC889","2026-08-16 11:35:45","54.02","10","ITEM-00137","69","音频","情绪识别","多选题","4.50","内疚｜痛苦｜厌恶｜尴尬｜紧张｜不屑｜愤怒｜敌意｜轻视｜恐惧","愤怒｜敌意｜不屑｜轻视","5｜5｜4｜4","愤怒｜轻视","4｜4","否","已作答","66.67","87.50","75.00","3.38","33.09","11"
"ZJ20260816F17BC889","2026-08-16 11:35:45","54.02","11","ITEM-00102","57","视频","情绪推理","多选题","4.50","愤怒｜焦虑｜怀旧｜恐惧｜渴望｜蔑视｜冷静｜震惊｜兴趣｜烦躁","愤怒｜烦躁｜渴望","5｜5｜4","愤怒｜烦躁","5｜5","否","已作答","80.00","100.00","88.00","3.96","48.58","15"
"ZJ20260816F17BC889","2026-08-16 11:35:45","54.02","12","ITEM-00109","88","音频","情绪推理","多选题","4.50","痛苦｜嫉妒｜悲伤｜困惑｜恐惧｜厌倦｜轻松｜遗憾｜紧张｜感激","紧张｜感激｜轻松","1｜3｜4","厌倦｜困惑","3｜3","否","已作答","0.00","0.00","0.00","0.00","79.52","10"
"ZJ20260816F17BC889","2026-08-16 11:35:45","54.02","13","ITEM-00144","118","文本","情绪推理","单选题","3.50","绝望｜惊讶｜失望｜怀旧｜内疚｜厌倦｜渴望｜释然｜痛苦｜蔑视","厌倦","5","失望","4","否","已作答","0.00","0.00","0.00","0.00","40.33","8"
"ZJ20260816F17BC889","2026-08-16 11:35:45","54.02","14","ITEM-00074","121","文本","情绪识别","单选题","3.50","悲伤｜嫉妒｜怨恨｜自满｜紧张｜蔑视｜自豪｜内疚｜羞耻｜轻松","自豪","4","自豪","5","未填写","已作答","100.00","75.00","90.00","3.15","17.28","4"
"ZJ20260816F17BC889","2026-08-16 11:35:45","54.02","15","ITEM-00134","67","文本","情绪识别","多选题","4.50","敌意｜悲伤｜愉悦｜自豪｜失望｜羡慕｜不屑｜满足｜内疚｜冷静","敌意｜不屑｜冷静","5｜3｜4","不屑｜敌意","5｜3","否","已作答","80.00","50.00","68.00","3.06","39.83","6"
"ZJ20260816F17BC889","2026-08-16 11:35:45","54.02","16","ITEM-00105","2","音频","情绪推理","多选题","4.50","希望｜爱｜感激｜内疚｜焦虑｜兴趣｜尴尬｜紧张｜遗憾｜好奇","内疚｜尴尬｜紧张","5｜5｜5","焦虑｜紧张｜内疚","4｜5｜4","否","已作答","66.67","58.33","63.33","2.85","40.15","7"
"ZJ20260816F17BC889","2026-08-16 11:35:45","54.02","17","ITEM-00079","61","视频","情绪推理","多选题","4.50","轻松｜委屈｜恐惧｜崇拜｜自满｜悲伤｜痛苦｜释然｜快乐｜怨恨","委屈｜悲伤","5｜4","委屈｜悲伤","3｜3","否","已作答","100.00","62.50","85.00","3.83","24.29","5"
"ZJ20260816F17BC889","2026-08-16 11:35:45","54.02","18","ITEM-00093","75","音频","情绪识别","多选题","4.50","满足｜怀旧｜感激｜悲伤｜崇拜｜惊讶｜委屈｜怨恨｜兴趣｜紧张","悲伤｜委屈","5｜3","委屈｜悲伤","5｜5","否","已作答","100.00","75.00","90.00","4.05","21.53","4"
"ZJ20260816F17BC889","2026-08-16 11:35:45","54.02","19","ITEM-00110","59","文本","情绪推理","多选题","4.50","爱｜痛苦｜惊讶｜焦虑｜感动｜困惑｜好奇｜厌恶｜抑郁｜惊喜","惊讶｜感动","3｜5","痛苦｜抑郁","4｜4","否","已作答","0.00","0.00","0.00","0.00","27.52","4"
"ZJ20260816F17BC889","2026-08-16 11:35:45","54.02","20","ITEM-00067","114","图像","情绪识别","单选题","3.50","嫉妒｜审美欣赏｜快乐｜失望｜渴望｜敌意｜紧张｜愁闷｜愤怒｜震惊","震惊","5","震惊","4","否","已作答","100.00","75.00","90.00","3.15","11.50","4"
"ZJ20260816F17BC889","2026-08-16 11:35:45","54.02","21","ITEM-00021","14","视频","情绪识别","单选题","3.50","怀旧｜自豪｜惊喜｜悲伤｜兴奋｜轻松｜感激｜愤怒｜冷静｜崇拜","怀旧","5","怀旧","4","否","已作答","100.00","75.00","90.00","3.15","23.71","5"
"ZJ20260816F17BC889","2026-08-16 11:35:45","54.02","22","ITEM-00126","86","视频","情绪识别","多选题","4.50","蔑视｜怀旧｜失望｜兴趣｜愉悦｜委屈｜审美欣赏｜嫉妒｜惊讶｜冷静","嫉妒｜惊讶","4｜5","惊讶｜愉悦","4｜5","否","已作答","50.00","37.50","45.00","2.02","22.11","6"
"ZJ20260816F17BC889","2026-08-16 11:35:45","54.02","23","ITEM-00089","84","视频","情绪识别","多选题","4.50","悲伤｜同情｜担忧｜崇拜｜委屈｜紧张｜兴趣｜遗憾｜兴奋｜尴尬","悲伤｜同情｜担忧","5｜5｜5","担忧｜同情｜悲伤","5｜4｜5","否","已作答","100.00","91.67","96.67","4.35","52.47","8"
"ZJ20260816F17BC889","2026-08-16 11:35:45","54.02","24","ITEM-00128","100","图像","情绪识别","多选题","4.50","厌恶｜内疚｜失望｜羡慕｜困惑｜轻松｜兴奋｜怀旧｜绝望｜期望","兴奋｜轻松","4｜5","兴奋｜期望","4｜4","否","已作答","50.00","50.00","50.00","2.25","18.72","6"
"ZJ20260816203C4431","2026-08-16 11:35:04","38.78","1","ITEM-00070","119","文本","情绪识别","多选题","4.50","愤怒｜崇拜｜惊讶｜渴望｜羡慕｜困惑｜希望｜兴趣｜痛苦｜怨恨","困惑｜愤怒","4｜3","困惑｜痛苦","4｜5","否","已作答","50.00","50.00","50.00","2.25","17.56","4"
"ZJ20260816203C4431","2026-08-16 11:35:04","38.78","2","ITEM-00020","13","视频","情绪识别","单选题","3.50","渴望｜蔑视｜愤怒｜委屈｜好奇｜震惊｜遗憾｜尴尬｜抑郁｜平静","震惊","4","尴尬","3","否","已作答","0.00","0.00","0.00","0.00","32.94","5"
"ZJ20260816203C4431","2026-08-16 11:35:04","38.78","3","ITEM-00012","26","图像","情绪识别","单选题","3.50","担忧｜快乐｜共情痛苦｜平静｜愁闷｜委屈｜自豪｜兴奋｜愤怒｜爱","愤怒","4","愤怒","4","否","已作答","100.00","100.00","100.00","3.50","12.51","3"
"ZJ20260816203C4431","2026-08-16 11:35:04","38.78","4","ITEM-00140","63","文本","情绪推理","多选题","4.50","冷静｜蔑视｜兴奋｜希望｜自满｜怨恨｜感激｜崇拜｜厌倦｜惊喜","惊喜｜希望","4｜3","惊喜｜兴奋","4｜4","否","已作答","50.00","50.00","50.00","2.25","12.19","4"
"ZJ20260816203C4431","2026-08-16 11:35:04","38.78","5","ITEM-00098","1","视频","情绪推理","多选题","4.50","快乐｜悲伤｜愤怒｜绝望｜震惊｜蔑视｜冷静｜满足｜自豪｜感激","震惊","4","感激｜自豪｜满足","4｜3｜4","否","已作答","0.00","0.00","0.00","0.00","22.34","3"
"ZJ20260816203C4431","2026-08-16 11:35:04","38.78","6","ITEM-00100","10","视频","情绪推理","多选题","4.50","爱｜怀旧｜悲伤｜尴尬｜厌恶｜担忧｜得意｜失望｜不屑｜怨恨","厌恶","4","不屑｜得意","4｜4","否","已作答","0.00","0.00","0.00","0.00","32.06","3"
"ZJ20260816203C4431","2026-08-16 11:35:04","38.78","7","ITEM-00052","94","图像","情绪识别","多选题","4.50","紧张｜愤怒｜愉悦｜嫉妒｜痛苦｜委屈｜渴望｜绝望｜冷静｜烦躁","痛苦｜委屈","4｜3","绝望｜痛苦｜委屈","5｜5｜4","是","已作答","80.00","50.00","68.00","3.06","8.52","4"
"ZJ20260816203C4431","2026-08-16 11:35:04","38.78","8","ITEM-00125","85","视频","情绪识别","多选题","4.50","绝望｜愁闷｜自满｜焦虑｜遗憾｜抑郁｜委屈｜愉悦｜感激｜不屑","不屑｜愉悦｜愁闷","3｜4｜3","感激｜愉悦｜不屑","5｜5｜3","否","已作答","66.67","58.33","63.33","2.85","27.11","5"
"ZJ20260816203C4431","2026-08-16 11:35:04","38.78","9","ITEM-00066","113","图像","情绪识别","多选题","4.50","渴望｜嫉妒｜自满｜绝望｜焦虑｜悲伤｜痛苦｜紧张｜愁闷｜共情痛苦","悲伤｜痛苦","5｜4","渴望｜痛苦｜悲伤｜绝望","4｜5｜5｜5","是","已作答","66.67","43.75","57.50","2.59","7.22","5"
"ZJ20260816203C4431","2026-08-16 11:35:04","38.78","10","ITEM-00045","2","音频","情绪识别","单选题","3.50","感激｜愉悦｜爱｜失望｜紧张｜困惑｜愁闷｜惊讶｜震惊｜烦躁","烦躁","3","紧张","3","否","已作答","0.00","0.00","0.00","0.00","13.79","2"
"ZJ20260816203C4431","2026-08-16 11:35:04","38.78","11","ITEM-00143","71","文本","情绪推理","单选题","3.50","自豪｜抑郁｜恐惧｜痛苦｜焦虑｜不屑｜好奇｜蔑视｜满足｜冷静","蔑视","4","不屑","3","否","已作答","0.00","0.00","0.00","0.00","7.84","3"
"ZJ20260816203C4431","2026-08-16 11:35:04","38.78","12","ITEM-00135","68","文本","情绪识别","多选题","4.50","羡慕｜不屑｜紧张｜嫉妒｜共情痛苦｜冷静｜焦虑｜惊吓｜担忧｜厌恶","惊吓｜厌恶","4｜3","不屑｜惊吓","5｜4","否","已作答","50.00","50.00","50.00","2.25","5.20","4"
"ZJ20260816203C4431","2026-08-16 11:35:04","38.78","13","ITEM-00134","67","文本","情绪识别","多选题","4.50","羞耻｜敌意｜轻松｜不屑｜愁闷｜紧张｜嫉妒｜厌恶｜蔑视｜渴望","敌意｜蔑视","4｜3","不屑｜敌意","5｜3","否","已作答","50.00","37.50","45.00","2.02","4.73","4"
"ZJ20260816203C4431","2026-08-16 11:35:04","38.78","14","ITEM-00139","37","图像","情绪推理","多选题","4.50","怨恨｜内疚｜不屑｜审美欣赏｜悲伤｜释然｜焦虑｜敬畏｜痛苦｜恐惧","审美欣赏","3","焦虑｜敬畏","3｜4","否","已作答","0.00","0.00","0.00","0.00","10.54","2"
"ZJ20260816203C4431","2026-08-16 11:35:04","38.78","15","ITEM-00106","77","视频","情绪推理","单选题","3.50","痛苦｜愁闷｜感激｜快乐｜失望｜紧张｜爱｜满足｜敌意｜兴趣","满足","4","快乐","5","是","已作答","0.00","0.00","0.00","0.00","47.30","3"
"ZJ20260816203C4431","2026-08-16 11:35:04","38.78","16","ITEM-00114","38","图像","情绪识别","单选题","3.50","崇拜｜爱｜内疚｜厌倦｜遗憾｜怨恨｜惊讶｜满足｜羞耻｜敌意","惊讶","4","遗憾","4","否","已作答","0.00","0.00","0.00","0.00","6.51","3"
"ZJ20260816203C4431","2026-08-16 11:35:04","38.78","17","ITEM-00083","73","视频","情绪识别","多选题","4.50","兴奋｜抑郁｜感激｜爱｜释然｜愉悦｜痛苦｜怀旧｜委屈｜内疚","爱","4","爱｜释然","5｜5","否","已作答","66.67","37.50","55.00","2.47","23.06","3"
"ZJ20260816203C4431","2026-08-16 11:35:04","38.78","18","ITEM-00065","112","图像","情绪识别","多选题","4.50","感动｜遗憾｜厌倦｜平静｜羞耻｜释然｜渴望｜愁闷｜悲伤｜内疚","悲伤｜内疚","4｜3","悲伤｜遗憾｜感动｜释然","3｜4｜4｜4","否","已作答","33.33","18.75","27.50","1.24","10.26","4"
"ZJ20260816203C4431","2026-08-16 11:35:04","38.78","19","ITEM-00138","22","音频","情绪推理","多选题","4.50","嫉妒｜兴奋｜自豪｜蔑视｜自满｜可惜｜敌意｜失望｜委屈｜不屑","可惜","4","不屑｜可惜","4｜3","否","已作答","66.67","37.50","55.00","2.47","10.35","3"
"ZJ20260816203C4431","2026-08-16 11:35:04","38.78","20","ITEM-00090","56","音频","情绪识别","多选题","4.50","感激｜自豪｜共情痛苦｜羡慕｜轻松｜遗憾｜失望｜怨恨｜嫉妒｜紧张","共情痛苦｜失望｜怨恨｜紧张","5｜4｜4｜3","怨恨｜失望","5｜5","否","已作答","66.67","75.00","70.00","3.15","55.81","8"
"ZJ20260816203C4431","2026-08-16 11:35:04","38.78","21","ITEM-00039","52","文本","情绪识别","单选题","3.50","审美欣赏｜痛苦｜厌倦｜快乐｜释然｜烦躁｜担忧｜怀旧｜不屑｜冷静","痛苦","4","痛苦","4","否","已作答","100.00","100.00","100.00","3.50","3.81","3"
"ZJ20260816203C4431","2026-08-16 11:35:04","38.78","22","ITEM-00109","88","音频","情绪推理","多选题","4.50","嫉妒｜兴奋｜羡慕｜痛苦｜好奇｜厌倦｜震惊｜渴望｜厌恶｜困惑","好奇｜困惑","3｜4","厌倦｜困惑","3｜3","否","已作答","50.00","37.50","45.00","2.02","50.84","4"
"ZJ20260816203C4431","2026-08-16 11:35:04","38.78","23","ITEM-00091","59","音频","情绪识别","多选题","4.50","困惑｜内疚｜好奇｜羞耻｜烦躁｜震惊｜蔑视｜平静｜审美欣赏｜痛苦","内疚｜痛苦｜震惊｜烦躁","4｜4｜3｜3","内疚｜痛苦","5｜5","否","已作答","66.67","75.00","70.00","3.15","59.93","7"
"ZJ20260816203C4431","2026-08-16 11:35:04","38.78","24","ITEM-00049","17","音频","情绪识别","单选题","3.50","快乐｜轻松｜敌意｜遗憾｜绝望｜不屑｜担忧｜希望｜满足｜震惊","绝望","4","敌意","4","否","已作答","0.00","0.00","0.00","0.00","36.28","3"
"ZJ20260816743BE697","2026-08-16 11:35:02","49.30","1","ITEM-00052","94","图像","情绪识别","多选题","4.50","感动｜惊讶｜痛苦｜担忧｜感激｜委屈｜满足｜愉悦｜绝望｜轻松","痛苦｜绝望","4｜5","绝望｜痛苦｜委屈","5｜5｜4","是","已作答","80.00","58.33","71.33","3.21","15.92","6"
"ZJ20260816743BE697","2026-08-16 11:35:02","49.30","2","ITEM-00079","61","视频","情绪推理","多选题","4.50","厌恶｜抑郁｜希望｜怀旧｜悲伤｜尴尬｜愉悦｜委屈｜内疚｜平静","尴尬｜委屈","4｜5","委屈｜悲伤","3｜3","否","已作答","50.00","25.00","40.00","1.80","40.25","6"
"ZJ20260816743BE697","2026-08-16 11:35:02","49.30","3","ITEM-00049","17","音频","情绪识别","单选题","3.50","遗憾｜释然｜困惑｜满足｜怨恨｜共情痛苦｜敌意｜愁闷｜感激｜担忧","遗憾","4","敌意","4","是","已作答","0.00","0.00","0.00","0.00","83.68","5"
"ZJ20260816743BE697","2026-08-16 11:35:02","49.30","4","ITEM-00146","118","文本","情绪识别","多选题","4.50","烦躁｜尴尬｜恐惧｜羡慕｜失望｜愉悦｜满足｜好奇｜怀旧｜愁闷","烦躁｜失望","5｜4","烦躁｜失望","4｜4","否","已作答","100.00","87.50","95.00","4.28","38.32","6"
"ZJ20260816743BE697","2026-08-16 11:35:02","49.30","5","ITEM-00123","8","音频","情绪识别","单选题","3.50","紧张｜痛苦｜困惑｜敌意｜绝望｜平静｜崇拜｜怀旧｜冷静｜失望","紧张","5","绝望","4","否","已作答","0.00","0.00","0.00","0.00","26.17","4"
"ZJ20260816743BE697","2026-08-16 11:35:02","49.30","6","ITEM-00064","111","图像","情绪识别","多选题","4.50","好奇｜愉悦｜爱｜敌意｜释然｜内疚｜感激｜痛苦｜审美欣赏｜恐惧","释然｜爱","4｜4","释然｜愉悦","3｜5","否","已作答","50.00","37.50","45.00","2.02","19.78","5"
"ZJ20260816743BE697","2026-08-16 11:35:02","49.30","7","ITEM-00118","48","图像","情绪识别","单选题","3.50","希望｜紧张｜蔑视｜轻松｜怨恨｜困惑｜恐惧｜兴趣｜愤怒｜震惊","困惑","5","困惑","4","否","已作答","100.00","75.00","90.00","3.15","15.68","4"
"ZJ20260816743BE697","2026-08-16 11:35:02","49.30","8","ITEM-00093","75","音频","情绪识别","多选题","4.50","委屈｜悲伤｜渴望｜爱｜满足｜烦躁｜内疚｜释然｜快乐｜愉悦","悲伤｜委屈","4｜3","委屈｜悲伤","5｜5","否","已作答","100.00","62.50","85.00","3.83","55.72","4"
"ZJ20260816743BE697","2026-08-16 11:35:02","49.30","9","ITEM-00007","29","图像","情绪识别","单选题","3.50","惊讶｜厌倦｜崇拜｜羡慕｜困惑｜自满｜快乐｜羞耻｜担忧｜失望","惊讶","4","惊讶","3","否","已作答","100.00","75.00","90.00","3.15","12.84","4"
"ZJ20260816743BE697","2026-08-16 11:35:02","49.30","10","ITEM-00096","74","文本","情绪识别","多选题","4.50","羡慕｜抑郁｜崇拜｜愉悦｜审美欣赏｜焦虑｜平静｜自满｜震惊｜蔑视","愉悦｜审美欣赏","5｜5","审美欣赏｜愉悦","5｜5","否","已作答","100.00","100.00","100.00","4.50","28.61","9"
"ZJ20260816743BE697","2026-08-16 11:35:02","49.30","11","ITEM-00150","86","视频","情绪推理","多选题","4.50","感动｜烦躁｜崇拜｜满足｜惊喜｜悲伤｜愤怒｜快乐｜惊讶｜释然","惊讶｜悲伤","5｜4","满足｜快乐","4｜3","否","已作答","0.00","0.00","0.00","0.00","30.56","8"
"ZJ20260816743BE697","2026-08-16 11:35:02","49.30","12","ITEM-00026","64","视频","情绪识别","单选题","3.50","愁闷｜惊喜｜兴奋｜愤怒｜内疚｜紧张｜满足｜羡慕｜烦躁｜悲伤","悲伤","5","悲伤","5","是","已作答","100.00","100.00","100.00","3.50","52.66","6"
"ZJ20260816743BE697","2026-08-16 11:35:02","49.30","13","ITEM-00139","37","图像","情绪推理","多选题","4.50","轻松｜怨恨｜平静｜快乐｜委屈｜敌意｜尴尬｜愤怒｜焦虑｜敬畏","敬畏｜尴尬","5｜4","焦虑｜敬畏","3｜4","是","已作答","50.00","37.50","45.00","2.02","17.59","5"
"ZJ20260816743BE697","2026-08-16 11:35:02","49.30","14","ITEM-00076","78","音频","情绪识别","多选题","4.50","烦躁｜冷静｜爱｜渴望｜羡慕｜感动｜羞耻｜委屈｜感激｜担忧","烦躁｜委屈｜羞耻","5｜3｜4","羞耻｜烦躁","4｜5","否","已作答","80.00","100.00","88.00","3.96","26.74","6"
"ZJ20260816743BE697","2026-08-16 11:35:02","49.30","15","ITEM-00130","104","图像","情绪识别","多选题","4.50","绝望｜嫉妒｜愤怒｜痛苦｜震惊｜怨恨｜感动｜自满｜兴奋｜不屑","震惊｜愤怒","4｜5","愤怒｜震惊","5｜4","是","已作答","100.00","100.00","100.00","4.50","17.91","6"
"ZJ20260816743BE697","2026-08-16 11:35:02","49.30","16","ITEM-00143","71","文本","情绪推理","单选题","3.50","羡慕｜不屑｜惊喜｜委屈｜惊讶｜快乐｜震惊｜恐惧｜感激｜尴尬","不屑","5","不屑","3","是","已作答","100.00","50.00","80.00","2.80","23.55","3"
"ZJ20260816743BE697","2026-08-16 11:35:02","49.30","17","ITEM-00125","85","视频","情绪识别","多选题","4.50","兴奋｜恐惧｜愁闷｜愉悦｜希望｜羞耻｜敌意｜担忧｜不屑｜感激","兴奋｜希望｜感激","5｜5｜5","感激｜愉悦｜不屑","5｜5｜3","否","已作答","33.33","33.33","33.33","1.50","40.75","7"
"ZJ20260816743BE697","2026-08-16 11:35:02","49.30","18","ITEM-00097","82","文本","情绪识别","多选题","4.50","快乐｜释然｜焦虑｜悲伤｜自满｜失望｜轻松｜自豪｜满足｜恐惧","自豪｜满足｜轻松","3｜5｜5","轻松｜快乐","4｜4","是","已作答","40.00","37.50","39.00","1.75","41.35","10"
"ZJ20260816743BE697","2026-08-16 11:35:02","49.30","19","ITEM-00106","77","视频","情绪推理","单选题","3.50","羞耻｜焦虑｜兴奋｜痛苦｜自豪｜爱｜释然｜愉悦｜快乐｜遗憾","爱","5","快乐","5","是","已作答","0.00","0.00","0.00","0.00","102.94","4"
"ZJ20260816743BE697","2026-08-16 11:35:02","49.30","20","ITEM-00105","2","音频","情绪推理","多选题","4.50","审美欣赏｜内疚｜厌倦｜不屑｜嫉妒｜紧张｜焦虑｜尴尬｜好奇｜厌恶","紧张","4","焦虑｜紧张｜内疚","4｜5｜4","否","已作答","50.00","25.00","40.00","1.80","36.20","3"
"ZJ20260816743BE697","2026-08-16 11:35:02","49.30","21","ITEM-00110","59","文本","情绪推理","多选题","4.50","审美欣赏｜绝望｜痛苦｜愉悦｜担忧｜抑郁｜释然｜满足｜不屑｜恐惧","担忧","5","痛苦｜抑郁","4｜4","否","已作答","0.00","0.00","0.00","0.00","17.52","3"
"ZJ20260816743BE697","2026-08-16 11:35:02","49.30","22","ITEM-00041","54","文本","情绪识别","单选题","3.50","好奇｜冷静｜担忧｜困惑｜平静｜感动｜自满｜共情痛苦｜痛苦｜嫉妒","嫉妒","4","自满","4","否","已作答","0.00","0.00","0.00","0.00","10.99","3"
"ZJ20260816743BE697","2026-08-16 11:35:02","49.30","23","ITEM-00127","87","视频","情绪识别","多选题","4.50","同情｜羞耻｜感激｜震惊｜兴奋｜抑郁｜蔑视｜委屈｜痛苦｜共情痛苦","羞耻｜蔑视","5｜5","震惊｜蔑视｜同情","4｜4｜3","否","已作答","40.00","25.00","34.00","1.53","79.39","7"
"ZJ20260816743BE697","2026-08-16 11:35:02","49.30","24","ITEM-00138","22","音频","情绪推理","多选题","4.50","审美欣赏｜内疚｜好奇｜可惜｜共情痛苦｜痛苦｜蔑视｜愁闷｜愉悦｜不屑","愁闷｜痛苦","5｜3","不屑｜可惜","4｜3","否","已作答","0.00","0.00","0.00","0.00","57.27","5"
"ZJ202608169A1C2DDD","2026-08-16 11:34:49","47.39","1","ITEM-00142","68","文本","情绪推理","单选题","3.50","感动｜内疚｜绝望｜平静｜蔑视｜审美欣赏｜爱｜崇拜｜不屑｜敌意","敌意","4","敌意","4","否","已作答","100.00","100.00","100.00","3.50","28.02","3"
"ZJ202608169A1C2DDD","2026-08-16 11:34:49","47.39","2","ITEM-00124","22","音频","情绪识别","单选题","3.50","焦虑｜怨恨｜愉悦｜爱｜审美欣赏｜愁闷｜渴望｜释然｜兴奋｜惊讶","焦虑","3","释然","3","否","已作答","0.00","0.00","0.00","0.00","12.88","2"
"ZJ202608169A1C2DDD","2026-08-16 11:34:49","47.39","3","ITEM-00105","2","音频","情绪推理","多选题","4.50","紧张｜愉悦｜内疚｜尴尬｜焦虑｜释然｜委屈｜羞耻｜兴奋｜惊讶","紧张｜内疚","4｜3","焦虑｜紧张｜内疚","4｜5｜4","否","已作答","80.00","50.00","68.00","3.06","28.00","4"
"ZJ202608169A1C2DDD","2026-08-16 11:34:49","47.39","4","ITEM-00057","23","音频","情绪识别","单选题","3.50","惊喜｜愉悦｜烦躁｜平静｜恐惧｜兴趣｜冷静｜愤怒｜厌恶｜焦虑","惊喜","5","惊喜","5","否","已作答","100.00","100.00","100.00","3.50","22.36","4"
"ZJ202608169A1C2DDD","2026-08-16 11:34:49","47.39","5","ITEM-00079","61","视频","情绪推理","多选题","4.50","紧张｜厌倦｜震惊｜惊喜｜悲伤｜委屈｜尴尬｜羡慕｜兴趣｜蔑视","悲伤","5","委屈｜悲伤","3｜3","否","已作答","66.67","25.00","50.00","2.25","15.60","4"
"ZJ202608169A1C2DDD","2026-08-16 11:34:49","47.39","6","ITEM-00120","105","图像","情绪识别","单选题","3.50","惊喜｜惊讶｜愁闷｜羡慕｜紧张｜蔑视｜怨恨｜自豪｜尴尬｜委屈","羡慕","4","紧张","3","是","已作答","0.00","0.00","0.00","0.00","17.08","3"
"ZJ202608169A1C2DDD","2026-08-16 11:34:49","47.39","7","ITEM-00086","79","音频","情绪推理","多选题","4.50","释然｜厌倦｜烦躁｜共情痛苦｜震惊｜惊喜｜平静｜敌意｜内疚｜愉悦","烦躁｜厌倦｜敌意","5｜3｜3","烦躁｜厌倦","4｜4","否","已作答","80.00","75.00","78.00","3.51","16.24","7"
"ZJ202608169A1C2DDD","2026-08-16 11:34:49","47.39","8","ITEM-00139","37","图像","情绪推理","多选题","4.50","兴趣｜痛苦｜抑郁｜惊讶｜释然｜不屑｜焦虑｜羡慕｜自豪｜敬畏","敬畏","4","焦虑｜敬畏","3｜4","是","已作答","66.67","50.00","60.00","2.70","12.78","3"
"ZJ202608169A1C2DDD","2026-08-16 11:34:49","47.39","9","ITEM-00023","55","视频","情绪识别","单选题","3.50","快乐｜敌意｜惊喜｜震惊｜平静｜冷静｜自满｜愉悦｜渴望｜困惑","震惊","3","敌意","4","未填写","已作答","0.00","0.00","0.00","0.00","24.08","4"
"ZJ202608169A1C2DDD","2026-08-16 11:34:49","47.39","10","ITEM-00010","63","文本","情绪识别","多选题","4.50","遗憾｜崇拜｜兴奋｜轻松｜冷静｜愁闷｜快乐｜满足｜羡慕｜惊喜","兴奋｜快乐｜满足｜惊喜","5｜5｜4｜5","惊喜｜兴奋","4｜4","否","已作答","66.67","75.00","70.00","3.15","15.25","14"
"ZJ202608169A1C2DDD","2026-08-16 11:34:49","47.39","11","ITEM-00128","100","图像","情绪识别","多选题","4.50","厌倦｜怀旧｜怨恨｜兴奋｜蔑视｜内疚｜期望｜愉悦｜轻松｜平静","兴奋","5","兴奋｜期望","4｜4","否","已作答","66.67","37.50","55.00","2.47","13.75","4"
"ZJ202608169A1C2DDD","2026-08-16 11:34:49","47.39","12","ITEM-00127","87","视频","情绪识别","多选题","4.50","震惊｜嫉妒｜感激｜悲伤｜蔑视｜同情｜怀旧｜烦躁｜满足｜尴尬","同情｜尴尬","5｜4","震惊｜蔑视｜同情","4｜4｜3","否","已作答","40.00","16.67","30.67","1.38","55.15","6"
"ZJ202608169A1C2DDD","2026-08-16 11:34:49","47.39","13","ITEM-00039","52","文本","情绪识别","单选题","3.50","自满｜怨恨｜尴尬｜愉悦｜震惊｜羡慕｜愁闷｜痛苦｜感激｜绝望","愁闷","5","痛苦","4","否","已作答","0.00","0.00","0.00","0.00","14.55","6"
"ZJ202608169A1C2DDD","2026-08-16 11:34:49","47.39","14","ITEM-00090","56","音频","情绪识别","多选题","4.50","失望｜紧张｜兴奋｜平静｜释然｜怨恨｜惊讶｜惊喜｜轻松｜绝望","兴奋","4","怨恨｜失望","5｜5","否","已作答","0.00","0.00","0.00","0.00","12.47","3"
"ZJ202608169A1C2DDD","2026-08-16 11:34:49","47.39","15","ITEM-00092","66","音频","情绪识别","多选题","4.50","尴尬｜悲伤｜担忧｜内疚｜委屈｜冷静｜平静｜恐惧｜厌恶｜痛苦","委屈","5","内疚｜痛苦｜悲伤","5｜5｜5","否","已作答","0.00","0.00","0.00","0.00","10.62","4"
"ZJ202608169A1C2DDD","2026-08-16 11:34:49","47.39","16","ITEM-00098","1","视频","情绪推理","多选题","4.50","自豪｜满足｜焦虑｜爱｜兴奋｜快乐｜审美欣赏｜感激｜恐惧｜紧张","自豪｜快乐｜审美欣赏","5｜4｜4","感激｜自豪｜满足","4｜3｜4","是","已作答","33.33","16.67","26.67","1.20","29.06","12"
"ZJ202608169A1C2DDD","2026-08-16 11:34:49","47.39","17","ITEM-00081","58","视频","情绪识别","多选题","4.50","烦躁｜不屑｜委屈｜怨恨｜惊喜｜绝望｜自豪｜审美欣赏｜怀旧｜失望","审美欣赏","4","审美欣赏｜怀旧","5｜3","否","已作答","66.67","37.50","55.00","2.47","20.75","3"
"ZJ202608169A1C2DDD","2026-08-16 11:34:49","47.39","18","ITEM-00146","118","文本","情绪识别","多选题","4.50","羞耻｜烦躁｜嫉妒｜审美欣赏｜抑郁｜失望｜自豪｜共情痛苦｜怨恨｜敌意","烦躁｜失望","5｜5","烦躁｜失望","4｜4","未填写","已作答","100.00","75.00","90.00","4.05","16.10","6"
"ZJ202608169A1C2DDD","2026-08-16 11:34:49","47.39","19","ITEM-00075","108","图像","情绪识别","多选题","4.50","平静｜自满｜惊喜｜绝望｜烦躁｜兴奋｜快乐｜怨恨｜震惊｜愤怒","震惊｜愤怒","4｜4","震惊｜愤怒","5｜5","是","已作答","100.00","75.00","90.00","4.05","12.28","5"
"ZJ202608169A1C2DDD","2026-08-16 11:34:49","47.39","20","ITEM-00071","91","图像","情绪识别","多选题","4.50","共情痛苦｜感激｜愤怒｜焦虑｜爱｜满足｜悲伤｜失望｜愁闷｜震惊","悲伤｜失望｜愁闷","4｜5｜4","失望｜震惊","5｜5","否","已作答","40.00","50.00","44.00","1.98","12.85","8"
"ZJ202608169A1C2DDD","2026-08-16 11:34:49","47.39","21","ITEM-00141","67","文本","情绪推理","多选题","4.50","惊讶｜愤怒｜希望｜困惑｜悲伤｜失望｜好奇｜痛苦｜担忧｜蔑视","惊讶｜困惑","3｜4","愤怒｜惊讶","4｜3","否","已作答","50.00","50.00","50.00","2.25","39.87","4"
"ZJ202608169A1C2DDD","2026-08-16 11:34:49","47.39","22","ITEM-00004","62","视频","情绪推理","单选题","3.50","不屑｜绝望｜尴尬｜希望｜痛苦｜爱｜震惊｜惊喜｜感激｜怀旧","尴尬","5","尴尬","3","否","已作答","100.00","50.00","80.00","2.80","15.25","4"
"ZJ202608169A1C2DDD","2026-08-16 11:34:49","47.39","23","ITEM-00136","71","文本","情绪识别","多选题","4.50","不屑｜怀旧｜紧张｜冷静｜抑郁｜恐惧｜震惊｜羡慕｜委屈｜惊喜","委屈｜不屑","4｜5","委屈｜恐惧｜不屑","5｜4｜4","是","已作答","80.00","50.00","68.00","3.06","22.55","8"
"ZJ202608169A1C2DDD","2026-08-16 11:34:49","47.39","24","ITEM-00051","93","图像","情绪识别","单选题","3.50","绝望｜震惊｜悲伤｜不屑｜希望｜审美欣赏｜爱｜内疚｜烦躁｜紧张","不屑","4","悲伤","4","否","已作答","0.00","0.00","0.00","0.00","9.82","3"
"ZJ20260816EE7728E6","2026-08-16 11:34:38","63.83","1","ITEM-00068","116","文本","情绪识别","多选题","4.50","紧张｜烦躁｜愉悦｜兴奋｜厌倦｜痛苦｜羡慕｜厌恶｜不屑｜满足","烦躁｜厌恶｜不屑","4｜2｜4","厌恶｜不屑","4｜4","否","已作答","80.00","75.00","78.00","3.51","33.85","7"
"ZJ20260816EE7728E6","2026-08-16 11:34:38","63.83","2","ITEM-00104","23","文本","情绪推理","单选题","3.50","满足｜希望｜自满｜兴奋｜失望｜抑郁｜审美欣赏｜敌意｜惊讶｜自豪","兴奋","5","兴奋","5","否","已作答","100.00","100.00","100.00","3.50","37.85","3"
"ZJ20260816EE7728E6","2026-08-16 11:34:38","63.83","3","ITEM-00042","61","视频","情绪识别","多选题","4.50","蔑视｜恐惧｜惊喜｜怨恨｜轻松｜悲伤｜自满｜敌意｜委屈｜羡慕","悲伤｜委屈","4｜4","委屈｜悲伤","3｜3","否","已作答","100.00","75.00","90.00","4.05","30.07","5"
"ZJ20260816EE7728E6","2026-08-16 11:34:38","63.83","4","ITEM-00010","63","文本","情绪识别","多选题","4.50","轻松｜兴奋｜感动｜感激｜平静｜愁闷｜冷静｜愉悦｜愤怒｜惊喜","兴奋｜愉悦｜惊喜","4｜4｜5","惊喜｜兴奋","4｜4","未填写","已作答","80.00","87.50","83.00","3.73","16.71","6"
"ZJ20260816EE7728E6","2026-08-16 11:34:38","63.83","5","ITEM-00095","59","文本","情绪识别","多选题","4.50","遗憾｜痛苦｜羡慕｜绝望｜自豪｜释然｜冷静｜内疚｜兴奋｜愁闷","遗憾｜内疚｜痛苦","4｜5｜4","内疚｜痛苦","5｜5","未填写","已作答","80.00","87.50","83.00","3.73","34.25","6"
"ZJ20260816EE7728E6","2026-08-16 11:34:38","63.83","6","ITEM-00093","75","音频","情绪识别","多选题","4.50","尴尬｜遗憾｜委屈｜兴奋｜共情痛苦｜悲伤｜厌恶｜愉悦｜蔑视｜困惑","共情痛苦｜遗憾｜悲伤","4｜3｜5","委屈｜悲伤","5｜5","否","已作答","40.00","50.00","44.00","1.98","30.34","7"
"ZJ20260816EE7728E6","2026-08-16 11:34:38","63.83","7","ITEM-00045","2","音频","情绪识别","单选题","3.50","怀旧｜审美欣赏｜厌倦｜委屈｜焦虑｜好奇｜冷静｜震惊｜紧张｜愉悦","紧张","4","紧张","3","未填写","已作答","100.00","75.00","90.00","3.15","32.68","2"
"ZJ20260816EE7728E6","2026-08-16 11:34:38","63.83","8","ITEM-00058","102","图像","情绪识别","多选题","4.50","愉悦｜感激｜愁闷｜自豪｜尴尬｜紧张｜担忧｜羞耻｜感动｜崇拜","感动｜自豪","5｜2","感动｜愉悦","4｜4","未填写","已作答","50.00","37.50","45.00","2.02","31.07","7"
"ZJ20260816EE7728E6","2026-08-16 11:34:38","63.83","9","ITEM-00109","88","音频","情绪推理","多选题","4.50","羞耻｜厌倦｜遗憾｜担忧｜焦虑｜困惑｜释然｜失望｜紧张｜爱","爱","5","厌倦｜困惑","3｜3","未填写","已作答","0.00","0.00","0.00","0.00","36.82","3"
"ZJ20260816EE7728E6","2026-08-16 11:34:38","63.83","10","ITEM-00008","30","图像","情绪识别","单选题","3.50","惊讶｜崇拜｜困惑｜感激｜好奇｜愁闷｜怀旧｜希望｜委屈｜失望","希望","3","困惑","3","未填写","已作答","0.00","0.00","0.00","0.00","22.12","1"
"ZJ20260816EE7728E6","2026-08-16 11:34:38","63.83","11","ITEM-00081","58","视频","情绪识别","多选题","4.50","兴趣｜痛苦｜怀旧｜惊喜｜紧张｜审美欣赏｜焦虑｜共情痛苦｜愁闷｜蔑视","怀旧｜审美欣赏","5｜4","审美欣赏｜怀旧","5｜3","未填写","已作答","100.00","62.50","85.00","3.83","24.04","5"
"ZJ20260816EE7728E6","2026-08-16 11:34:38","63.83","12","ITEM-00073","107","图像","情绪识别","多选题","4.50","共情痛苦｜嫉妒｜感激｜担忧｜释然｜失望｜感动｜焦虑｜爱｜困惑","感激｜感动｜爱","4｜4｜3","感动｜爱","5｜5","未填写","已作答","80.00","62.50","73.00","3.29","17.71","7"
"ZJ20260816EE7728E6","2026-08-16 11:34:38","63.83","13","ITEM-00124","22","音频","情绪识别","单选题","3.50","释然｜轻松｜遗憾｜嫉妒｜愉悦｜惊讶｜烦躁｜愁闷｜渴望｜恐惧","轻松","4","释然","3","未填写","已作答","0.00","0.00","0.00","0.00","37.18","4"
"ZJ20260816EE7728E6","2026-08-16 11:34:38","63.83","14","ITEM-00028","24","图像","情绪识别","单选题","3.50","感动｜悲伤｜嫉妒｜羡慕｜怨恨｜愁闷｜渴望｜自豪｜不屑｜释然","悲伤","5","悲伤","4","未填写","已作答","100.00","75.00","90.00","3.15","10.60","3"
"ZJ20260816EE7728E6","2026-08-16 11:34:38","63.83","15","ITEM-00022","16","视频","情绪识别","单选题","3.50","不屑｜兴趣｜好奇｜惊讶｜羞耻｜愁闷｜焦虑｜感激｜震惊｜审美欣赏","震惊","5","震惊","5","未填写","已作答","100.00","100.00","100.00","3.50","23.15","4"
"ZJ20260816EE7728E6","2026-08-16 11:34:38","63.83","16","ITEM-00139","37","图像","情绪推理","多选题","4.50","惊讶｜焦虑｜自豪｜嫉妒｜敬畏｜感动｜痛苦｜感激｜震惊｜释然","敬畏｜惊讶","5｜2","焦虑｜敬畏","3｜4","未填写","已作答","50.00","37.50","45.00","2.02","27.29","4"
"ZJ20260816EE7728E6","2026-08-16 11:34:38","63.83","17","ITEM-00061","109","图像","情绪识别","多选题","4.50","尴尬｜愁闷｜快乐｜悲伤｜嫉妒｜恐惧｜崇拜｜兴奋｜愉悦｜冷静","快乐｜愉悦｜兴奋","5｜5｜4","快乐｜愉悦","4｜4","未填写","已作答","80.00","75.00","78.00","3.51","9.44","6"
"ZJ20260816EE7728E6","2026-08-16 11:34:38","63.83","18","ITEM-00106","77","视频","情绪推理","单选题","3.50","痛苦｜震惊｜羞耻｜羡慕｜尴尬｜释然｜快乐｜愁闷｜内疚｜怨恨","快乐","5","快乐","5","未填写","已作答","100.00","100.00","100.00","3.50","22.11","2"
"ZJ20260816EE7728E6","2026-08-16 11:34:38","63.83","19","ITEM-00100","10","视频","情绪推理","多选题","4.50","得意｜怨恨｜痛苦｜惊喜｜惊讶｜厌倦｜感激｜快乐｜绝望｜不屑","惊讶｜绝望","4｜5","不屑｜得意","4｜4","未填写","已作答","0.00","0.00","0.00","0.00","42.79","5"
"ZJ20260816EE7728E6","2026-08-16 11:34:38","63.83","20","ITEM-00041","54","文本","情绪识别","单选题","3.50","好奇｜快乐｜希望｜痛苦｜自满｜尴尬｜蔑视｜兴趣｜嫉妒｜愁闷","嫉妒","4","自满","4","未填写","已作答","0.00","0.00","0.00","0.00","21.94","2"
"ZJ20260816EE7728E6","2026-08-16 11:34:38","63.83","21","ITEM-00090","56","音频","情绪识别","多选题","4.50","悲伤｜惊讶｜失望｜怨恨｜快乐｜希望｜自豪｜愤怒｜兴趣｜焦虑","愤怒｜失望｜怨恨","5｜3｜4","怨恨｜失望","5｜5","未填写","已作答","80.00","62.50","73.00","3.29","21.66","9"
"ZJ20260816EE7728E6","2026-08-16 11:34:38","63.83","22","ITEM-00086","79","音频","情绪推理","多选题","4.50","愁闷｜焦虑｜希望｜烦躁｜冷静｜厌倦｜内疚｜怀旧｜释然｜担忧","烦躁｜厌倦","5｜3","烦躁｜厌倦","4｜4","未填写","已作答","100.00","75.00","90.00","4.05","21.11","7"
"ZJ20260816EE7728E6","2026-08-16 11:34:38","63.83","23","ITEM-00098","1","视频","情绪推理","多选题","4.50","自豪｜快乐｜释然｜惊讶｜羞耻｜满足｜感激｜不屑｜羡慕｜好奇","满足｜感激｜自豪｜快乐","5｜2｜4｜5","感激｜自豪｜满足","4｜3｜4","未填写","已作答","85.71","66.67","78.10","3.51","18.34","8"
"ZJ20260816EE7728E6","2026-08-16 11:34:38","63.83","24","ITEM-00141","67","文本","情绪推理","多选题","4.50","感激｜惊讶｜嫉妒｜尴尬｜愤怒｜恐惧｜不屑｜悲伤｜释然｜共情痛苦","愤怒｜惊讶","4｜3","愤怒｜惊讶","4｜3","未填写","已作答","100.00","100.00","100.00","4.50","26.66","3"
"ZJ2026081626A9F0C8","2026-08-16 11:34:26","54.71","1","ITEM-00080","65","视频","情绪推理","多选题","4.50","共情痛苦｜遗憾｜感动｜怀旧｜羡慕｜震惊｜羞耻｜惊喜｜委屈｜愉悦","遗憾｜共情痛苦｜怀旧","4｜3｜5","怀旧｜感动｜愉悦｜遗憾","5｜3｜3｜5","否","已作答","57.14","43.75","51.79","2.33","121.36","6"
"ZJ2026081626A9F0C8","2026-08-16 11:34:26","54.71","2","ITEM-00115","39","图像","情绪识别","单选题","3.50","自满｜内疚｜失望｜悲伤｜厌倦｜敌意｜感动｜震惊｜释然｜冷静","震惊","5","震惊","5","是","已作答","100.00","100.00","100.00","3.50","14.32","3"
"ZJ2026081626A9F0C8","2026-08-16 11:34:26","54.71","3","ITEM-00150","86","视频","情绪推理","多选题","4.50","自豪｜愁闷｜崇拜｜抑郁｜怀旧｜担忧｜满足｜愉悦｜共情痛苦｜快乐","担忧｜愁闷｜崇拜","5｜4｜4","满足｜快乐","4｜3","否","已作答","0.00","0.00","0.00","0.00","50.62","9"
"ZJ2026081626A9F0C8","2026-08-16 11:34:26","54.71","4","ITEM-00137","69","音频","情绪识别","多选题","4.50","释然｜愤怒｜恐惧｜自满｜痛苦｜怀旧｜轻视｜不屑｜兴趣｜爱","不屑｜轻视｜愤怒","4｜3｜4","愤怒｜轻视","4｜4","是","已作答","80.00","87.50","83.00","3.73","36.67","8"
"ZJ2026081626A9F0C8","2026-08-16 11:34:26","54.71","5","ITEM-00127","87","视频","情绪识别","多选题","4.50","震惊｜蔑视｜遗憾｜尴尬｜怨恨｜厌恶｜敌意｜同情｜抑郁｜愁闷","敌意｜蔑视｜震惊","4｜3｜5","震惊｜蔑视｜同情","4｜4｜3","否","已作答","66.67","50.00","60.00","2.70","75.54","8"
"ZJ2026081626A9F0C8","2026-08-16 11:34:26","54.71","6","ITEM-00108","59","音频","情绪推理","多选题","4.50","平静｜兴奋｜蔑视｜痛苦｜抑郁｜爱｜兴趣｜担忧｜焦虑｜内疚","痛苦｜内疚｜焦虑","4｜4｜3","痛苦｜抑郁","4｜4","否","已作答","40.00","50.00","44.00","1.98","39.23","6"
"ZJ2026081626A9F0C8","2026-08-16 11:34:26","54.71","7","ITEM-00082","72","视频","情绪识别","多选题","4.50","担忧｜痛苦｜焦虑｜满足｜愁闷｜内疚｜怨恨｜羡慕｜遗憾｜紧张","愁闷｜焦虑｜紧张｜内疚","4｜3｜5｜4","焦虑｜紧张","4｜5","否","已作答","66.67","87.50","75.00","3.38","55.56","10"
"ZJ2026081626A9F0C8","2026-08-16 11:34:26","54.71","8","ITEM-00078","89","图像","情绪推理","多选题","4.50","快乐｜怀旧｜悲伤｜希望｜内疚｜满足｜兴奋｜惊喜｜渴望｜愤怒","悲伤｜内疚","4｜3","内疚｜悲伤","4｜3","否","已作答","100.00","75.00","90.00","4.05","14.31","4"
"ZJ2026081626A9F0C8","2026-08-16 11:34:26","54.71","9","ITEM-00144","118","文本","情绪推理","单选题","3.50","厌倦｜平静｜惊讶｜失望｜冷静｜共情痛苦｜震惊｜渴望｜惊喜｜崇拜","厌倦","4","失望","4","否","已作答","0.00","0.00","0.00","0.00","73.02","7"
"ZJ2026081626A9F0C8","2026-08-16 11:34:26","54.71","10","ITEM-00128","100","图像","情绪识别","多选题","4.50","兴奋｜遗憾｜怨恨｜失望｜烦躁｜释然｜爱｜平静｜羞耻｜期望","兴奋｜爱｜期望","4｜3｜5","兴奋｜期望","4｜4","否","已作答","80.00","87.50","83.00","3.73","24.24","6"
"ZJ2026081626A9F0C8","2026-08-16 11:34:26","54.71","11","ITEM-00021","14","视频","情绪识别","单选题","3.50","困惑｜平静｜渴望｜感动｜内疚｜嫉妒｜怀旧｜好奇｜担忧｜震惊","感动","4","怀旧","4","否","已作答","0.00","0.00","0.00","0.00","90.65","7"
"ZJ2026081626A9F0C8","2026-08-16 11:34:26","54.71","12","ITEM-00053","95","图像","情绪识别","多选题","4.50","不屑｜悲伤｜惊喜｜崇拜｜委屈｜绝望｜焦虑｜冷静｜失望｜怀旧","委屈｜绝望｜失望","4｜5｜4","悲伤｜委屈｜绝望","3｜3｜5","否","已作答","66.67","58.33","63.33","2.85","20.89","7"
"ZJ2026081626A9F0C8","2026-08-16 11:34:26","54.71","13","ITEM-00049","17","音频","情绪识别","单选题","3.50","快乐｜敌意｜恐惧｜愁闷｜惊喜｜失望｜厌倦｜释然｜审美欣赏｜蔑视","快乐","4","敌意","4","否","已作答","0.00","0.00","0.00","0.00","43.91","5"
"ZJ2026081626A9F0C8","2026-08-16 11:34:26","54.71","14","ITEM-00004","62","视频","情绪推理","单选题","3.50","感激｜希望｜轻松｜尴尬｜审美欣赏｜怨恨｜共情痛苦｜厌恶｜焦虑｜惊喜","尴尬","4","尴尬","3","否","已作答","100.00","75.00","90.00","3.15","48.64","3"
"ZJ2026081626A9F0C8","2026-08-16 11:34:26","54.71","15","ITEM-00068","116","文本","情绪识别","多选题","4.50","不屑｜烦躁｜厌倦｜尴尬｜释然｜嫉妒｜感动｜抑郁｜厌恶｜惊讶","烦躁｜厌恶","5｜3","厌恶｜不屑","4｜4","否","已作答","50.00","37.50","45.00","2.02","14.02","4"
"ZJ2026081626A9F0C8","2026-08-16 11:34:26","54.71","16","ITEM-00072","120","文本","情绪识别","多选题","4.50","希望｜快乐｜兴趣｜满足｜愉悦｜紧张｜轻松｜怀旧｜蔑视｜感动","希望｜满足｜轻松｜感动","4｜5｜5｜4","满足｜轻松｜愉悦｜希望｜兴趣","5｜5｜5｜5｜5","否","已作答","66.67","55.00","62.00","2.79","35.16","9"
"ZJ2026081626A9F0C8","2026-08-16 11:34:26","54.71","17","ITEM-00006","28","图像","情绪识别","单选题","3.50","敌意｜失望｜兴趣｜悲伤｜紧张｜感激｜共情痛苦｜平静｜轻松｜愁闷","紧张","4","紧张","3","否","已作答","100.00","75.00","90.00","3.15","20.09","3"
"ZJ2026081626A9F0C8","2026-08-16 11:34:26","54.71","18","ITEM-00086","79","音频","情绪推理","多选题","4.50","烦躁｜释然｜共情痛苦｜好奇｜委屈｜厌倦｜兴奋｜嫉妒｜羡慕｜痛苦","烦躁｜厌倦","4｜5","烦躁｜厌倦","4｜4","是","已作答","100.00","87.50","95.00","4.28","42.13","6"
"ZJ2026081626A9F0C8","2026-08-16 11:34:26","54.71","19","ITEM-00130","104","图像","情绪识别","多选题","4.50","平静｜紧张｜轻松｜震惊｜愤怒｜自豪｜好奇｜爱｜担忧｜恐惧","震惊｜好奇","5｜3","愤怒｜震惊","5｜4","是","已作答","50.00","37.50","45.00","2.02","22.70","4"
"ZJ2026081626A9F0C8","2026-08-16 11:34:26","54.71","20","ITEM-00039","52","文本","情绪识别","单选题","3.50","平静｜紧张｜蔑视｜厌恶｜痛苦｜自满｜共情痛苦｜遗憾｜渴望｜烦躁","痛苦","4","痛苦","4","否","已作答","100.00","100.00","100.00","3.50","18.18","5"
"ZJ2026081626A9F0C8","2026-08-16 11:34:26","54.71","21","ITEM-00057","23","音频","情绪识别","单选题","3.50","审美欣赏｜抑郁｜冷静｜惊喜｜遗憾｜不屑｜失望｜敌意｜怨恨｜兴奋","兴奋","5","惊喜","5","否","已作答","0.00","0.00","0.00","0.00","30.96","4"
"ZJ2026081626A9F0C8","2026-08-16 11:34:26","54.71","22","ITEM-00136","71","文本","情绪识别","多选题","4.50","自豪｜恐惧｜悲伤｜蔑视｜困惑｜委屈｜羡慕｜不屑｜渴望｜惊喜","悲伤｜委屈","4｜4","委屈｜恐惧｜不屑","5｜4｜4","是","已作答","40.00","25.00","34.00","1.53","22.16","6"
"ZJ2026081626A9F0C8","2026-08-16 11:34:26","54.71","23","ITEM-00094","88","音频","情绪识别","多选题","4.50","审美欣赏｜好奇｜不屑｜兴趣｜遗憾｜渴望｜羞耻｜抑郁｜失望｜嫉妒","审美欣赏｜兴趣","5｜4","渴望｜兴趣","4｜5","否","已作答","50.00","37.50","45.00","2.02","62.08","5"
"ZJ2026081626A9F0C8","2026-08-16 11:34:26","54.71","24","ITEM-00140","63","文本","情绪推理","多选题","4.50","怨恨｜兴奋｜平静｜痛苦｜惊喜｜崇拜｜自豪｜蔑视｜兴趣｜烦躁","平静｜惊喜｜兴趣","3｜4｜5","惊喜｜兴奋","4｜4","否","已作答","40.00","50.00","44.00","1.98","27.00","6"
"ZJ202608168A889A87","2026-08-16 11:33:49","22.20","1","ITEM-00091","59","音频","情绪识别","多选题","4.50","悲伤｜兴奋｜蔑视｜羡慕｜渴望｜愁闷｜痛苦｜内疚｜共情痛苦｜敌意","兴奋｜渴望","5｜4","内疚｜痛苦","5｜5","是","已作答","0.00","0.00","0.00","0.00","25.43","5"
"ZJ202608168A889A87","2026-08-16 11:33:49","22.20","2","ITEM-00117","47","图像","情绪识别","单选题","3.50","焦虑｜感激｜自豪｜爱｜嫉妒｜痛苦｜兴奋｜厌恶｜内疚｜委屈","爱","5","焦虑","4","未填写","已作答","0.00","0.00","0.00","0.00","11.02","3"
"ZJ202608168A889A87","2026-08-16 11:33:49","22.20","3","ITEM-00003","21","视频","情绪识别","单选题","3.50","感动｜嫉妒｜惊讶｜绝望｜蔑视｜共情痛苦｜好奇｜感激｜遗憾｜爱","好奇","4","遗憾","3","是","已作答","0.00","0.00","0.00","0.00","35.48","7"
"ZJ202608168A889A87","2026-08-16 11:33:49","22.20","4","ITEM-00085","76","视频","情绪识别","多选题","4.50","焦虑｜痛苦｜满足｜释然｜渴望｜冷静｜兴奋｜自豪｜怀旧｜紧张","自豪｜满足","5｜4","自豪｜兴奋","5｜5","是","已作答","50.00","50.00","50.00","2.25","24.73","5"
"ZJ202608168A889A87","2026-08-16 11:33:49","22.20","5","ITEM-00057","23","音频","情绪识别","单选题","3.50","嫉妒｜羞耻｜悲伤｜惊喜｜感动｜绝望｜自满｜敌意｜恐惧｜愉悦","惊喜","5","惊喜","5","否","已作答","100.00","100.00","100.00","3.50","44.04","3"
"ZJ202608168A889A87","2026-08-16 11:33:49","22.20","6","ITEM-00143","71","文本","情绪推理","单选题","3.50","焦虑｜紧张｜快乐｜自豪｜共情痛苦｜不屑｜绝望｜冷静｜好奇｜困惑","绝望","4","不屑","3","是","已作答","0.00","0.00","0.00","0.00","32.94","3"
"ZJ202608168A889A87","2026-08-16 11:33:49","22.20","7","ITEM-00109","88","音频","情绪推理","多选题","4.50","嫉妒｜遗憾｜悲伤｜渴望｜紧张｜厌倦｜困惑｜冷静｜自满｜快乐","渴望","5","厌倦｜困惑","3｜3","是","已作答","0.00","0.00","0.00","0.00","14.11","3"
"ZJ202608168A889A87","2026-08-16 11:33:49","22.20","8","ITEM-00098","1","视频","情绪推理","多选题","4.50","紧张｜感激｜怨恨｜尴尬｜满足｜抑郁｜兴趣｜内疚｜感动｜自豪","感激","4","感激｜自豪｜满足","4｜3｜4","是","已作答","50.00","33.33","43.33","1.95","6.58","3"
"ZJ202608168A889A87","2026-08-16 11:33:49","22.20","9","ITEM-00106","77","视频","情绪推理","单选题","3.50","担忧｜遗憾｜失望｜尴尬｜快乐｜敌意｜崇拜｜感动｜厌恶｜爱","敌意","4","快乐","5","是","已作答","0.00","0.00","0.00","0.00","15.81","3"
"ZJ202608168A889A87","2026-08-16 11:33:49","22.20","10","ITEM-00097","82","文本","情绪识别","多选题","4.50","羡慕｜快乐｜敌意｜满足｜渴望｜轻松｜冷静｜平静｜释然｜惊喜","敌意","4","轻松｜快乐","4｜4","否","已作答","0.00","0.00","0.00","0.00","28.74","3"
"ZJ202608168A889A87","2026-08-16 11:33:49","22.20","11","ITEM-00139","37","图像","情绪推理","多选题","4.50","紧张｜担忧｜尴尬｜敬畏｜内疚｜嫉妒｜敌意｜困惑｜惊讶｜焦虑","惊讶","5","焦虑｜敬畏","3｜4","否","已作答","0.00","0.00","0.00","0.00","17.06","3"
"ZJ202608168A889A87","2026-08-16 11:33:49","22.20","12","ITEM-00073","107","图像","情绪识别","多选题","4.50","共情痛苦｜愁闷｜爱｜痛苦｜感动｜满足｜嫉妒｜恐惧｜自豪｜震惊","感动","5","感动｜爱","5｜5","是","已作答","66.67","50.00","60.00","2.70","9.20","3"
"ZJ202608168A889A87","2026-08-16 11:33:49","22.20","13","ITEM-00059","15","文本","情绪识别","单选题","3.50","紧张｜怀旧｜不屑｜失望｜困惑｜羞耻｜遗憾｜兴奋｜绝望｜自满","羞耻","3","羞耻","5","否","已作答","100.00","50.00","80.00","2.80","10.25","2"
"ZJ202608168A889A87","2026-08-16 11:33:49","22.20","14","ITEM-00107","81","视频","情绪推理","多选题","4.50","感动｜满足｜敌意｜绝望｜审美欣赏｜羞耻｜怨恨｜快乐｜愁闷｜崇拜","快乐","3","快乐｜满足｜感动","5｜5｜5","是","已作答","50.00","16.67","36.67","1.65","11.08","2"
"ZJ202608168A889A87","2026-08-16 11:33:49","22.20","15","ITEM-00131","115","图像","情绪识别","多选题","4.50","兴奋｜震惊｜困惑｜愉悦｜愤怒｜兴趣｜尴尬｜遗憾｜惊讶｜紧张","愉悦","4","兴奋｜愉悦","3｜4","否","已作答","66.67","50.00","60.00","2.70","9.93","3"
"ZJ202608168A889A87","2026-08-16 11:33:49","22.20","16","ITEM-00084","78","音频","情绪推理","多选题","4.50","内疚｜厌倦｜烦躁｜释然｜绝望｜冷静｜惊喜｜羞耻｜审美欣赏｜快乐","内疚","3","羞耻｜烦躁","4｜5","否","已作答","0.00","0.00","0.00","0.00","15.24","4"
"ZJ202608168A889A87","2026-08-16 11:33:49","22.20","17","ITEM-00140","63","文本","情绪推理","多选题","4.50","惊喜｜崇拜｜冷静｜遗憾｜痛苦｜自豪｜希望｜嫉妒｜悲伤｜兴奋","希望","5","惊喜｜兴奋","4｜4","是","已作答","0.00","0.00","0.00","0.00","12.58","3"
"ZJ202608168A889A87","2026-08-16 11:33:49","22.20","18","ITEM-00030","42","图像","情绪识别","单选题","3.50","内疚｜委屈｜绝望｜冷静｜烦躁｜爱｜困惑｜共情痛苦｜愉悦｜满足","委屈","4","困惑","4","否","已作答","0.00","0.00","0.00","0.00","8.90","4"
"ZJ202608168A889A87","2026-08-16 11:33:49","22.20","19","ITEM-00134","67","文本","情绪识别","多选题","4.50","焦虑｜愉悦｜敌意｜审美欣赏｜痛苦｜兴奋｜爱｜不屑｜绝望｜愤怒","审美欣赏","4","不屑｜敌意","5｜3","否","已作答","0.00","0.00","0.00","0.00","23.12","3"
"ZJ202608168A889A87","2026-08-16 11:33:49","22.20","20","ITEM-00070","119","文本","情绪识别","多选题","4.50","感激｜怀旧｜好奇｜渴望｜痛苦｜自满｜震惊｜困惑｜崇拜｜内疚","困惑","4","困惑｜痛苦","4｜5","否","已作答","66.67","50.00","60.00","2.70","14.65","3"
"ZJ202608168A889A87","2026-08-16 11:33:49","22.20","21","ITEM-00048","2","音频","情绪识别","单选题","3.50","释然｜内疚｜敌意｜蔑视｜愤怒｜担忧｜审美欣赏｜烦躁｜困惑｜爱","蔑视","4","愤怒","5","否","已作答","0.00","0.00","0.00","0.00","12.26","3"
"ZJ202608168A889A87","2026-08-16 11:33:49","22.20","22","ITEM-00047","90","图像","情绪识别","多选题","4.50","恐惧｜愉悦｜爱｜厌恶｜惊喜｜自满｜快乐｜悲伤｜内疚｜怀旧","惊喜","5","惊喜｜快乐｜愉悦","5｜5｜5","是","已作答","50.00","33.33","43.33","1.95","9.14","3"
"ZJ202608168A889A87","2026-08-16 11:33:49","22.20","23","ITEM-00044","80","视频","情绪识别","多选题","4.50","愁闷｜厌倦｜审美欣赏｜惊讶｜兴奋｜羞耻｜焦虑｜紧张｜震惊｜兴趣","兴趣","4","紧张｜惊讶","4｜4","否","已作答","0.00","0.00","0.00","0.00","9.88","3"
"ZJ202608168A889A87","2026-08-16 11:33:49","22.20","24","ITEM-00077","79","音频","情绪识别","多选题","4.50","担忧｜震惊｜厌倦｜怀旧｜愤怒｜兴奋｜紧张｜爱｜烦躁｜希望","怀旧","4","烦躁｜厌倦","4｜4","否","已作答","0.00","0.00","0.00","0.00","14.56","3"
"ZJ20260816C0400BE8","2026-08-16 11:33:26","71.66","1","ITEM-00134","67","文本","情绪识别","多选题","4.50","不屑｜敌意｜遗憾｜愤怒｜共情痛苦｜厌恶｜自满｜恐惧｜兴奋｜痛苦","敌意｜不屑｜愤怒｜厌恶","5｜4｜3｜5","不屑｜敌意","5｜3","否","已作答","66.67","62.50","65.00","2.92","63.30","13"
"ZJ20260816C0400BE8","2026-08-16 11:33:26","71.66","2","ITEM-00034","43","图像","情绪识别","单选题","3.50","震惊｜失望｜怨恨｜轻松｜抑郁｜紧张｜爱｜委屈｜厌倦｜共情痛苦","爱","4","爱","5","是","已作答","100.00","75.00","90.00","3.15","25.41","6"
"ZJ20260816C0400BE8","2026-08-16 11:33:26","71.66","3","ITEM-00077","79","音频","情绪识别","多选题","4.50","痛苦｜厌倦｜共情痛苦｜渴望｜自豪｜蔑视｜惊讶｜满足｜烦躁｜希望","烦躁｜蔑视｜厌倦","5｜4｜4","烦躁｜厌倦","4｜4","否","已作答","80.00","87.50","83.00","3.73","40.07","8"
"ZJ20260816C0400BE8","2026-08-16 11:33:26","71.66","4","ITEM-00075","108","图像","情绪识别","多选题","4.50","冷静｜紧张｜悲伤｜愤怒｜嫉妒｜担忧｜厌倦｜羡慕｜震惊｜崇拜","愤怒｜紧张｜震惊","4｜5｜5","震惊｜愤怒","5｜5","否","已作答","80.00","87.50","83.00","3.73","20.01","8"
"ZJ20260816C0400BE8","2026-08-16 11:33:26","71.66","5","ITEM-00147","6","视频","情绪识别","单选题","3.50","震惊｜委屈｜渴望｜失望｜惊喜｜愁闷｜轻松｜共情痛苦｜感动｜平静","感动","5","感动","3","是","已作答","100.00","50.00","80.00","2.80","29.74","5"
"ZJ20260816C0400BE8","2026-08-16 11:33:26","71.66","6","ITEM-00125","85","视频","情绪识别","多选题","4.50","愤怒｜感激｜感动｜愁闷｜羞耻｜怀旧｜嫉妒｜不屑｜愉悦｜悲伤","感激｜不屑｜愉悦","5｜4｜3","感激｜愉悦｜不屑","5｜5｜3","否","已作答","100.00","75.00","90.00","4.05","61.34","11"
"ZJ20260816C0400BE8","2026-08-16 11:33:26","71.66","7","ITEM-00146","118","文本","情绪识别","多选题","4.50","失望｜渴望｜快乐｜惊喜｜满足｜尴尬｜厌恶｜烦躁｜感动｜释然","烦躁｜失望","5｜5","烦躁｜失望","4｜4","否","已作答","100.00","75.00","90.00","4.05","29.82","5"
"ZJ20260816C0400BE8","2026-08-16 11:33:26","71.66","8","ITEM-00045","2","音频","情绪识别","单选题","3.50","担忧｜遗憾｜怀旧｜羡慕｜平静｜震惊｜悲伤｜不屑｜惊讶｜紧张","担忧","5","紧张","3","否","已作答","0.00","0.00","0.00","0.00","60.14","6"
"ZJ20260816C0400BE8","2026-08-16 11:33:26","71.66","9","ITEM-00109","88","音频","情绪推理","多选题","4.50","冷静｜愤怒｜悲伤｜尴尬｜愉悦｜满足｜厌倦｜困惑｜紧张｜失望","困惑｜尴尬","4｜3","厌倦｜困惑","3｜3","否","已作答","50.00","37.50","45.00","2.02","58.11","5"
"ZJ20260816C0400BE8","2026-08-16 11:33:26","71.66","10","ITEM-00104","23","文本","情绪推理","单选题","3.50","感激｜平静｜自豪｜希望｜抑郁｜轻松｜焦虑｜审美欣赏｜崇拜｜兴奋","兴奋","5","兴奋","5","否","已作答","100.00","100.00","100.00","3.50","29.80","4"
"ZJ20260816C0400BE8","2026-08-16 11:33:26","71.66","11","ITEM-00081","58","视频","情绪识别","多选题","4.50","担忧｜委屈｜爱｜共情痛苦｜羡慕｜怀旧｜希望｜困惑｜审美欣赏｜惊讶","审美欣赏｜怀旧｜共情痛苦","4｜5｜3","审美欣赏｜怀旧","5｜3","否","已作答","80.00","62.50","73.00","3.29","84.71","10"
"ZJ20260816C0400BE8","2026-08-16 11:33:26","71.66","12","ITEM-00040","53","文本","情绪识别","单选题","3.50","羡慕｜审美欣赏｜怨恨｜惊喜｜厌倦｜遗憾｜痛苦｜恐惧｜羞耻｜愉悦","怨恨","5","怨恨","5","否","已作答","100.00","100.00","100.00","3.50","12.88","3"
"ZJ20260816C0400BE8","2026-08-16 11:33:26","71.66","13","ITEM-00058","102","图像","情绪识别","多选题","4.50","共情痛苦｜爱｜轻松｜烦躁｜平静｜失望｜怀旧｜感动｜委屈｜愉悦","感动｜愉悦","4｜4","感动｜愉悦","4｜4","否","已作答","100.00","100.00","100.00","4.50","49.34","5"
"ZJ20260816C0400BE8","2026-08-16 11:33:26","71.66","14","ITEM-00093","75","音频","情绪识别","多选题","4.50","焦虑｜好奇｜感激｜委屈｜悲伤｜羡慕｜绝望｜内疚｜烦躁｜羞耻","委屈｜悲伤","5｜4","委屈｜悲伤","5｜5","否","已作答","100.00","87.50","95.00","4.28","32.98","5"
"ZJ20260816C0400BE8","2026-08-16 11:33:26","71.66","15","ITEM-00100","10","视频","情绪推理","多选题","4.50","兴趣｜悲伤｜嫉妒｜愉悦｜不屑｜得意｜崇拜｜自满｜希望｜兴奋","不屑｜得意｜自满","5｜3｜4","不屑｜得意","4｜4","否","已作答","80.00","75.00","78.00","3.51","79.79","9"
"ZJ20260816C0400BE8","2026-08-16 11:33:26","71.66","16","ITEM-00139","37","图像","情绪推理","多选题","4.50","焦虑｜自豪｜抑郁｜崇拜｜烦躁｜渴望｜快乐｜感动｜好奇｜敬畏","敬畏｜渴望","5｜4","焦虑｜敬畏","3｜4","是","已作答","50.00","37.50","45.00","2.02","32.68","5"
"ZJ20260816C0400BE8","2026-08-16 11:33:26","71.66","17","ITEM-00096","74","文本","情绪识别","多选题","4.50","内疚｜失望｜冷静｜羡慕｜惊喜｜震惊｜审美欣赏｜愉悦｜平静｜痛苦","震惊｜审美欣赏｜愉悦｜惊喜","3｜5｜4｜4","审美欣赏｜愉悦","5｜5","否","已作答","66.67","87.50","75.00","3.38","21.37","9"
"ZJ20260816C0400BE8","2026-08-16 11:33:26","71.66","18","ITEM-00030","42","图像","情绪识别","单选题","3.50","愤怒｜困惑｜好奇｜不屑｜恐惧｜厌倦｜羞耻｜羡慕｜怀旧｜悲伤","困惑","4","困惑","4","是","已作答","100.00","100.00","100.00","3.50","25.07","6"
"ZJ20260816C0400BE8","2026-08-16 11:33:26","71.66","19","ITEM-00102","57","视频","情绪推理","多选题","4.50","审美欣赏｜烦躁｜厌倦｜自满｜爱｜轻松｜委屈｜愤怒｜快乐｜共情痛苦","烦躁｜厌倦｜愤怒","5｜3｜3","愤怒｜烦躁","5｜5","否","已作答","80.00","75.00","78.00","3.51","44.24","7"
"ZJ20260816C0400BE8","2026-08-16 11:33:26","71.66","20","ITEM-00149","60","视频","情绪推理","单选题","2.50","焦虑｜惊喜｜厌倦｜平静｜怨恨｜担忧｜蔑视｜自满｜愁闷｜感激","愁闷","4","担忧","4","否","已作答","0.00","0.00","0.00","0.00","58.29","3"
"ZJ20260816C0400BE8","2026-08-16 11:33:26","71.66","21","ITEM-00133","99","图像","情绪识别","多选题","4.50","自满｜平静｜兴趣｜自豪｜怨恨｜感激｜悲伤｜担忧｜期待｜紧张","平静｜兴趣｜期待","3｜4｜4","平静｜期待","4｜4","否","已作答","80.00","87.50","83.00","3.73","32.00","6"
"ZJ20260816C0400BE8","2026-08-16 11:33:26","71.66","22","ITEM-00049","17","音频","情绪识别","单选题","3.50","担忧｜平静｜抑郁｜自满｜内疚｜尴尬｜烦躁｜冷静｜敌意｜厌倦","平静","4","敌意","4","否","已作答","0.00","0.00","0.00","0.00","66.69","3"
"ZJ20260816C0400BE8","2026-08-16 11:33:26","71.66","23","ITEM-00110","59","文本","情绪推理","多选题","4.50","恐惧｜厌恶｜兴奋｜轻松｜释然｜悲伤｜兴趣｜痛苦｜绝望｜抑郁","痛苦｜悲伤","3｜2","痛苦｜抑郁","4｜4","否","已作答","50.00","37.50","45.00","2.02","56.99","10"
"ZJ20260816C0400BE8","2026-08-16 11:33:26","71.66","24","ITEM-00084","78","音频","情绪推理","多选题","4.50","嫉妒｜冷静｜惊喜｜担忧｜羞耻｜厌倦｜渴望｜烦躁｜愉悦｜怨恨","烦躁｜嫉妒｜羞耻","5｜3｜3","羞耻｜烦躁","4｜5","否","已作答","80.00","87.50","83.00","3.73","25.69","5"
"ZJ20260816E61A5746","2026-08-16 11:33:16","50.43","1","ITEM-00036","45","图像","情绪识别","单选题","3.50","感动｜渴望｜失望｜平静｜兴趣｜兴奋｜焦虑｜困惑｜紧张｜委屈","困惑","1","兴趣","4","否","已作答","0.00","0.00","0.00","0.00","31.30","4"
"ZJ20260816E61A5746","2026-08-16 11:33:16","50.43","2","ITEM-00057","23","音频","情绪识别","单选题","3.50","惊喜｜困惑｜渴望｜崇拜｜绝望｜焦虑｜痛苦｜厌恶｜惊讶｜震惊","惊喜","5","惊喜","5","否","已作答","100.00","100.00","100.00","3.50","63.07","3"
"ZJ20260816E61A5746","2026-08-16 11:33:16","50.43","3","ITEM-00096","74","文本","情绪识别","多选题","4.50","兴趣｜羞耻｜审美欣赏｜紧张｜感激｜羡慕｜惊讶｜失望｜愉悦｜嫉妒","审美欣赏","5","审美欣赏｜愉悦","5｜5","否","已作答","66.67","50.00","60.00","2.70","22.54","3"
"ZJ20260816E61A5746","2026-08-16 11:33:16","50.43","4","ITEM-00022","16","视频","情绪识别","单选题","3.50","崇拜｜悲伤｜抑郁｜紧张｜平静｜遗憾｜感动｜不屑｜共情痛苦｜震惊","震惊","4","震惊","5","否","已作答","100.00","75.00","90.00","3.15","35.48","3"
"ZJ20260816E61A5746","2026-08-16 11:33:16","50.43","5","ITEM-00136","71","文本","情绪识别","多选题","4.50","蔑视｜自豪｜委屈｜感激｜轻松｜感动｜恐惧｜快乐｜自满｜不屑","委屈｜蔑视","5｜5","委屈｜恐惧｜不屑","5｜4｜4","是","已作答","40.00","33.33","37.33","1.68","32.47","6"
"ZJ20260816E61A5746","2026-08-16 11:33:16","50.43","6","ITEM-00144","118","文本","情绪推理","单选题","3.50","失望｜渴望｜愁闷｜绝望｜惊讶｜感激｜平静｜自满｜希望｜兴趣","失望","5","失望","4","否","已作答","100.00","75.00","90.00","3.15","31.13","3"
"ZJ20260816E61A5746","2026-08-16 11:33:16","50.43","7","ITEM-00089","84","视频","情绪识别","多选题","4.50","爱｜愁闷｜同情｜痛苦｜嫉妒｜悲伤｜恐惧｜兴趣｜共情痛苦｜担忧","担忧","4","担忧｜同情｜悲伤","5｜4｜5","否","已作答","50.00","25.00","40.00","1.80","63.64","3"
"ZJ20260816E61A5746","2026-08-16 11:33:16","50.43","8","ITEM-00058","102","图像","情绪识别","多选题","4.50","嫉妒｜抑郁｜愁闷｜感动｜痛苦｜焦虑｜悲伤｜爱｜愉悦｜惊讶","悲伤","4","感动｜愉悦","4｜4","否","已作答","0.00","0.00","0.00","0.00","15.73","3"
"ZJ20260816E61A5746","2026-08-16 11:33:16","50.43","9","ITEM-00140","63","文本","情绪推理","多选题","4.50","愁闷｜释然｜怨恨｜羞耻｜兴奋｜厌倦｜蔑视｜内疚｜好奇｜惊喜","好奇｜兴奋","5｜4","惊喜｜兴奋","4｜4","否","已作答","50.00","50.00","50.00","2.25","44.90","8"
"ZJ20260816E61A5746","2026-08-16 11:33:16","50.43","10","ITEM-00139","37","图像","情绪推理","多选题","4.50","愤怒｜敌意｜渴望｜愉悦｜惊讶｜敬畏｜焦虑｜感动｜自豪｜羞耻","敬畏","5","焦虑｜敬畏","3｜4","否","已作答","66.67","37.50","55.00","2.47","13.76","3"
"ZJ20260816E61A5746","2026-08-16 11:33:16","50.43","11","ITEM-00145","69","音频","情绪识别","多选题","4.50","愤怒｜爱｜感激｜震惊｜悲伤｜委屈｜尴尬｜焦虑｜恐惧｜担忧","愤怒","4","愤怒｜震惊","4｜3","否","已作答","66.67","50.00","60.00","2.70","27.45","3"
"ZJ20260816E61A5746","2026-08-16 11:33:16","50.43","12","ITEM-00119","49","图像","情绪识别","单选题","3.50","惊讶｜愤怒｜焦虑｜羞耻｜厌倦｜绝望｜愉悦｜困惑｜自豪｜轻松","厌倦","4","厌倦","3","否","已作答","100.00","75.00","90.00","3.15","33.08","4"
"ZJ20260816E61A5746","2026-08-16 11:33:16","50.43","13","ITEM-00073","107","图像","情绪识别","多选题","4.50","希望｜平静｜爱｜兴奋｜不屑｜羡慕｜释然｜感动｜紧张｜敌意","感动","5","感动｜爱","5｜5","否","已作答","66.67","50.00","60.00","2.70","11.66","3"
"ZJ20260816E61A5746","2026-08-16 11:33:16","50.43","14","ITEM-00068","116","文本","情绪识别","多选题","4.50","不屑｜羡慕｜自豪｜厌恶｜兴趣｜快乐｜尴尬｜怀旧｜共情痛苦｜敌意","敌意","4","厌恶｜不屑","4｜4","否","已作答","0.00","0.00","0.00","0.00","21.98","3"
"ZJ20260816E61A5746","2026-08-16 11:33:16","50.43","15","ITEM-00084","78","音频","情绪推理","多选题","4.50","满足｜羞耻｜蔑视｜绝望｜紧张｜愉悦｜怀旧｜内疚｜烦躁｜嫉妒","蔑视","4","羞耻｜烦躁","4｜5","否","已作答","0.00","0.00","0.00","0.00","42.13","3"
"ZJ20260816E61A5746","2026-08-16 11:33:16","50.43","16","ITEM-00002","6","视频","情绪推理","单选题","3.50","担忧｜羡慕｜自豪｜感动｜恐惧｜愤怒｜惊喜｜愉悦｜共情痛苦｜悲伤","感动","4","感动","3","否","已作答","100.00","75.00","90.00","3.15","67.78","3"
"ZJ20260816E61A5746","2026-08-16 11:33:16","50.43","17","ITEM-00093","75","音频","情绪识别","多选题","4.50","悲伤｜自满｜希望｜崇拜｜爱｜轻松｜蔑视｜焦虑｜委屈｜满足","焦虑","4","委屈｜悲伤","5｜5","否","已作答","0.00","0.00","0.00","0.00","29.16","3"
"ZJ20260816E61A5746","2026-08-16 11:33:16","50.43","18","ITEM-00040","53","文本","情绪识别","单选题","3.50","快乐｜内疚｜感激｜自满｜渴望｜担忧｜焦虑｜怨恨｜不屑｜蔑视","怨恨","5","怨恨","5","否","已作答","100.00","100.00","100.00","3.50","15.12","4"
"ZJ20260816E61A5746","2026-08-16 11:33:16","50.43","19","ITEM-00009","7","音频","情绪识别","单选题","3.50","内疚｜厌倦｜遗憾｜共情痛苦｜抑郁｜担忧｜厌恶｜绝望｜兴奋｜紧张","紧张","4","紧张","2","否","已作答","100.00","50.00","80.00","2.80","22.52","3"
"ZJ20260816E61A5746","2026-08-16 11:33:16","50.43","20","ITEM-00107","81","视频","情绪推理","多选题","4.50","怨恨｜快乐｜希望｜嫉妒｜羞耻｜感动｜尴尬｜好奇｜自满｜满足","快乐｜自满｜希望","4｜5｜4","快乐｜满足｜感动","5｜5｜5","是","已作答","33.33","25.00","30.00","1.35","66.21","7"
"ZJ20260816E61A5746","2026-08-16 11:33:16","50.43","21","ITEM-00079","61","视频","情绪推理","多选题","4.50","内疚｜悲伤｜冷静｜失望｜怀旧｜委屈｜感激｜痛苦｜爱｜愁闷","委屈｜失望","5｜5","委屈｜悲伤","3｜3","否","已作答","50.00","25.00","40.00","1.80","31.87","5"
"ZJ20260816E61A5746","2026-08-16 11:33:16","50.43","22","ITEM-00046","89","图像","情绪识别","多选题","4.50","自豪｜紧张｜快乐｜恐惧｜怨恨｜自满｜内疚｜愉悦｜尴尬｜悲伤","悲伤｜恐惧","4｜4","内疚｜悲伤","4｜3","否","已作答","50.00","37.50","45.00","2.02","28.16","6"
"ZJ20260816E61A5746","2026-08-16 11:33:16","50.43","23","ITEM-00087","77","视频","情绪识别","多选题","4.50","好奇｜希望｜快乐｜愤怒｜自豪｜兴奋｜惊喜｜嫉妒｜审美欣赏｜爱","好奇｜快乐｜兴奋｜惊喜","5｜5｜5｜4","兴奋｜爱｜惊喜","5｜5｜5","是","已作答","57.14","58.33","57.62","2.59","41.23","11"
"ZJ20260816E61A5746","2026-08-16 11:33:16","50.43","24","ITEM-00108","59","音频","情绪推理","多选题","4.50","羡慕｜焦虑｜好奇｜痛苦｜怀旧｜烦躁｜困惑｜抑郁｜平静｜震惊","抑郁｜痛苦｜焦虑","4｜4｜4","痛苦｜抑郁","4｜4","否","已作答","80.00","100.00","88.00","3.96","25.39","7"
"ZJ202608166ABE7BF7","2026-08-16 11:32:22","51.35","1","ITEM-00149","60","视频","情绪推理","单选题","2.50","惊喜｜悲伤｜担忧｜绝望｜希望｜困惑｜感动｜嫉妒｜好奇｜平静","悲伤","4","担忧","4","否","已作答","0.00","0.00","0.00","0.00","84.29","6"
"ZJ202608166ABE7BF7","2026-08-16 11:32:22","51.35","2","ITEM-00078","89","图像","情绪推理","多选题","4.50","兴趣｜内疚｜悲伤｜快乐｜困惑｜崇拜｜委屈｜兴奋｜感激｜厌恶","悲伤｜委屈","3｜4","内疚｜悲伤","4｜3","否","已作答","50.00","50.00","50.00","2.25","29.34","6"
"ZJ202608166ABE7BF7","2026-08-16 11:32:22","51.35","3","ITEM-00104","23","文本","情绪推理","单选题","3.50","渴望｜焦虑｜兴奋｜爱｜恐惧｜满足｜委屈｜快乐｜不屑｜绝望","兴奋","5","兴奋","5","否","已作答","100.00","100.00","100.00","3.50","25.67","4"
"ZJ202608166ABE7BF7","2026-08-16 11:32:22","51.35","4","ITEM-00148","62","视频","情绪识别","单选题","3.50","希望｜轻松｜困惑｜尴尬｜愁闷｜不屑｜感动｜蔑视｜崇拜｜好奇","不屑","4","尴尬","3","是","已作答","0.00","0.00","0.00","0.00","26.00","3"
"ZJ202608166ABE7BF7","2026-08-16 11:32:22","51.35","5","ITEM-00112","35","图像","情绪识别","单选题","3.50","平静｜嫉妒｜恐惧｜失望｜感动｜绝望｜蔑视｜尴尬｜烦躁｜惊讶","蔑视","4","烦躁","4","否","已作答","0.00","0.00","0.00","0.00","12.74","3"
"ZJ202608166ABE7BF7","2026-08-16 11:32:22","51.35","6","ITEM-00102","57","视频","情绪推理","多选题","4.50","平静｜委屈｜羞耻｜崇拜｜爱｜敌意｜烦躁｜愤怒｜满足｜感激","敌意｜烦躁｜愤怒","3｜5｜4","愤怒｜烦躁","5｜5","否","已作答","80.00","87.50","83.00","3.73","117.14","6"
"ZJ202608166ABE7BF7","2026-08-16 11:32:22","51.35","7","ITEM-00138","22","音频","情绪推理","多选题","4.50","可惜｜共情痛苦｜不屑｜恐惧｜兴奋｜好奇｜嫉妒｜烦躁｜感激｜惊喜","共情痛苦｜可惜","4｜2","不屑｜可惜","4｜3","否","已作答","50.00","37.50","45.00","2.02","76.06","5"
"ZJ202608166ABE7BF7","2026-08-16 11:32:22","51.35","8","ITEM-00052","94","图像","情绪识别","多选题","4.50","感动｜痛苦｜内疚｜困惑｜抑郁｜敌意｜绝望｜遗憾｜失望｜委屈","痛苦｜绝望｜失望｜委屈","5｜5｜4｜5","绝望｜痛苦｜委屈","5｜5｜4","是","已作答","85.71","91.67","88.10","3.96","20.60","11"
"ZJ202608166ABE7BF7","2026-08-16 11:32:22","51.35","9","ITEM-00080","65","视频","情绪推理","多选题","4.50","感动｜愁闷｜轻松｜尴尬｜悲伤｜遗憾｜怀旧｜愉悦｜希望｜不屑","愁闷｜悲伤｜遗憾","3｜4｜5","怀旧｜感动｜愉悦｜遗憾","5｜3｜3｜5","否","已作答","28.57","25.00","27.14","1.22","32.45","6"
"ZJ202608166ABE7BF7","2026-08-16 11:32:22","51.35","10","ITEM-00045","2","音频","情绪识别","单选题","3.50","释然｜悲伤｜爱｜惊喜｜羞耻｜紧张｜渴望｜羡慕｜嫉妒｜希望","悲伤","4","紧张","3","否","已作答","0.00","0.00","0.00","0.00","55.52","5"
"ZJ202608166ABE7BF7","2026-08-16 11:32:22","51.35","11","ITEM-00044","80","视频","情绪识别","多选题","4.50","愁闷｜感激｜紧张｜释然｜惊讶｜委屈｜怨恨｜羞耻｜好奇｜不屑","紧张｜好奇","5｜4","紧张｜惊讶","4｜4","是","已作答","50.00","37.50","45.00","2.02","20.75","5"
"ZJ202608166ABE7BF7","2026-08-16 11:32:22","51.35","12","ITEM-00077","79","音频","情绪识别","多选题","4.50","好奇｜绝望｜恐惧｜失望｜平静｜烦躁｜感激｜痛苦｜厌倦｜愤怒","烦躁｜厌倦｜愤怒","5｜3｜4","烦躁｜厌倦","4｜4","是","已作答","80.00","75.00","78.00","3.51","25.06","6"
"ZJ202608166ABE7BF7","2026-08-16 11:32:22","51.35","13","ITEM-00145","69","音频","情绪识别","多选题","4.50","审美欣赏｜震惊｜兴奋｜兴趣｜怨恨｜失望｜释然｜困惑｜愤怒｜自豪","兴奋｜困惑","4｜3","愤怒｜震惊","4｜3","否","已作答","0.00","0.00","0.00","0.00","25.12","4"
"ZJ202608166ABE7BF7","2026-08-16 11:32:22","51.35","14","ITEM-00013","27","图像","情绪识别","单选题","3.50","冷静｜遗憾｜自满｜委屈｜愤怒｜兴趣｜困惑｜怀旧｜希望｜羞耻","愤怒","5","愤怒","5","否","已作答","100.00","100.00","100.00","3.50","11.45","4"
"ZJ202608166ABE7BF7","2026-08-16 11:32:22","51.35","15","ITEM-00066","113","图像","情绪识别","多选题","4.50","释然｜好奇｜内疚｜抑郁｜绝望｜悲伤｜痛苦｜兴趣｜渴望｜遗憾","绝望｜悲伤｜痛苦","3｜5｜4","渴望｜痛苦｜悲伤｜绝望","4｜5｜5｜5","否","已作答","85.71","56.25","73.93","3.33","21.17","8"
"ZJ202608166ABE7BF7","2026-08-16 11:32:22","51.35","16","ITEM-00060","18","文本","情绪识别","单选题","3.50","焦虑｜轻松｜感动｜震惊｜共情痛苦｜悲伤｜恐惧｜愤怒｜感激｜怨恨","共情痛苦","4","感激","3","否","已作答","0.00","0.00","0.00","0.00","19.96","5"
"ZJ202608166ABE7BF7","2026-08-16 11:32:22","51.35","17","ITEM-00070","119","文本","情绪识别","多选题","4.50","自满｜委屈｜失望｜焦虑｜痛苦｜好奇｜困惑｜审美欣赏｜惊喜｜绝望","委屈｜痛苦｜绝望","5｜4｜4","困惑｜痛苦","4｜5","否","已作答","40.00","37.50","39.00","1.75","13.50","7"
"ZJ202608166ABE7BF7","2026-08-16 11:32:22","51.35","18","ITEM-00123","8","音频","情绪识别","单选题","3.50","羞耻｜悲伤｜绝望｜平静｜厌恶｜自满｜惊喜｜愤怒｜尴尬｜渴望","绝望","4","绝望","4","否","已作答","100.00","100.00","100.00","3.50","25.99","3"
"ZJ202608166ABE7BF7","2026-08-16 11:32:22","51.35","19","ITEM-00087","77","视频","情绪识别","多选题","4.50","自豪｜惊喜｜共情痛苦｜兴奋｜敌意｜惊讶｜爱｜满足｜愤怒｜怀旧","惊喜｜兴奋｜爱｜满足","5｜4｜5｜5","兴奋｜爱｜惊喜","5｜5｜5","是","已作答","85.71","91.67","88.10","3.96","108.52","9"
"ZJ202608166ABE7BF7","2026-08-16 11:32:22","51.35","20","ITEM-00095","59","文本","情绪识别","多选题","4.50","兴奋｜渴望｜内疚｜敌意｜失望｜痛苦｜绝望｜抑郁｜嫉妒｜审美欣赏","内疚｜痛苦","5｜4","内疚｜痛苦","5｜5","否","已作答","100.00","87.50","95.00","4.28","18.06","5"
"ZJ202608166ABE7BF7","2026-08-16 11:32:22","51.35","21","ITEM-00109","88","音频","情绪推理","多选题","4.50","困惑｜遗憾｜痛苦｜怨恨｜厌倦｜嫉妒｜悲伤｜内疚｜怀旧｜烦躁","痛苦｜烦躁","3｜5","厌倦｜困惑","3｜3","否","已作答","0.00","0.00","0.00","0.00","67.28","6"
"ZJ202608166ABE7BF7","2026-08-16 11:32:22","51.35","22","ITEM-00069","117","文本","情绪识别","多选题","4.50","爱｜抑郁｜感激｜冷静｜羞耻｜恐惧｜羡慕｜委屈｜愉悦｜崇拜","爱｜感激｜愉悦","5｜3｜4","感激｜爱｜愉悦","4｜4｜5","否","已作答","100.00","75.00","90.00","4.05","17.96","8"
"ZJ202608166ABE7BF7","2026-08-16 11:32:22","51.35","23","ITEM-00141","67","文本","情绪推理","多选题","4.50","感动｜感激｜震惊｜怀旧｜愁闷｜尴尬｜愤怒｜惊讶｜轻松｜怨恨","愤怒｜震惊","4｜3","愤怒｜惊讶","4｜3","否","已作答","50.00","50.00","50.00","2.25","43.03","4"
"ZJ202608166ABE7BF7","2026-08-16 11:32:22","51.35","24","ITEM-00075","108","图像","情绪识别","多选题","4.50","厌恶｜绝望｜愁闷｜怀旧｜抑郁｜愤怒｜震惊｜平静｜焦虑｜好奇","震惊｜好奇｜厌恶","5｜5｜4","震惊｜愤怒","5｜5","否","已作答","40.00","50.00","44.00","1.98","19.25","8"
"ZJ2026081675E8035F","2026-08-16 11:31:44","55.82","1","ITEM-00095","59","文本","情绪识别","多选题","4.50","内疚｜共情痛苦｜烦躁｜感动｜愁闷｜快乐｜抑郁｜痛苦｜尴尬｜惊讶","共情痛苦｜抑郁｜痛苦","5｜3｜4","内疚｜痛苦","5｜5","否","已作答","40.00","37.50","39.00","1.75","56.56","7"
"ZJ2026081675E8035F","2026-08-16 11:31:44","55.82","2","ITEM-00092","66","音频","情绪识别","多选题","4.50","紧张｜好奇｜痛苦｜烦躁｜悲伤｜内疚｜羡慕｜感动｜羞耻｜不屑","痛苦｜悲伤｜内疚","4｜3｜5","内疚｜痛苦｜悲伤","5｜5｜5","否","已作答","100.00","75.00","90.00","4.05","28.84","7"
"ZJ2026081675E8035F","2026-08-16 11:31:44","55.82","3","ITEM-00043","65","视频","情绪识别","多选题","4.50","厌倦｜感动｜怀旧｜兴奋｜愉悦｜崇拜｜震惊｜绝望｜怨恨｜遗憾","感动｜遗憾","5｜4","怀旧｜感动｜愉悦｜遗憾","5｜3｜3｜5","是","已作答","66.67","31.25","52.50","2.36","26.70","6"
"ZJ2026081675E8035F","2026-08-16 11:31:44","55.82","4","ITEM-00138","22","音频","情绪推理","多选题","4.50","失望｜遗憾｜可惜｜震惊｜自豪｜感动｜渴望｜惊讶｜共情痛苦｜不屑","震惊｜自豪｜感动","5｜3｜4","不屑｜可惜","4｜3","否","已作答","0.00","0.00","0.00","0.00","45.67","8"
"ZJ2026081675E8035F","2026-08-16 11:31:44","55.82","5","ITEM-00058","102","图像","情绪识别","多选题","4.50","感动｜快乐｜审美欣赏｜绝望｜共情痛苦｜爱｜羞耻｜愉悦｜羡慕｜惊喜","感动｜共情痛苦｜爱","5｜3｜4","感动｜愉悦","4｜4","是","已作答","40.00","37.50","39.00","1.75","22.14","9"
"ZJ2026081675E8035F","2026-08-16 11:31:44","55.82","6","ITEM-00009","7","音频","情绪识别","单选题","3.50","自满｜抑郁｜兴奋｜释然｜嫉妒｜愉悦｜羡慕｜感激｜紧张｜厌倦","愉悦","4","紧张","2","是","已作答","0.00","0.00","0.00","0.00","28.82","9"
"ZJ2026081675E8035F","2026-08-16 11:31:44","55.82","7","ITEM-00013","27","图像","情绪识别","单选题","3.50","共情痛苦｜震惊｜失望｜怨恨｜蔑视｜厌倦｜紧张｜兴奋｜惊讶｜愤怒","愤怒","5","愤怒","5","是","已作答","100.00","100.00","100.00","3.50","10.20","4"
"ZJ2026081675E8035F","2026-08-16 11:31:44","55.82","8","ITEM-00090","56","音频","情绪识别","多选题","4.50","失望｜怀旧｜希望｜轻松｜怨恨｜震惊｜愁闷｜厌倦｜担忧｜崇拜","怨恨｜愁闷｜失望","5｜3｜4","怨恨｜失望","5｜5","否","已作答","80.00","87.50","83.00","3.73","26.61","9"
"ZJ2026081675E8035F","2026-08-16 11:31:44","55.82","9","ITEM-00086","79","音频","情绪推理","多选题","4.50","恐惧｜怨恨｜失望｜蔑视｜厌倦｜遗憾｜怀旧｜烦躁｜好奇｜困惑","蔑视｜怨恨｜厌倦｜烦躁","4｜5｜4｜5","烦躁｜厌倦","4｜4","否","已作答","66.67","87.50","75.00","3.38","21.36","12"
"ZJ2026081675E8035F","2026-08-16 11:31:44","55.82","10","ITEM-00139","37","图像","情绪推理","多选题","4.50","惊喜｜敬畏｜尴尬｜敌意｜焦虑｜委屈｜轻松｜羡慕｜厌倦｜困惑","焦虑｜委屈｜困惑｜敬畏","5｜4｜4｜3","焦虑｜敬畏","3｜4","是","已作答","66.67","62.50","65.00","2.92","20.14","11"
"ZJ2026081675E8035F","2026-08-16 11:31:44","55.82","11","ITEM-00114","38","图像","情绪识别","单选题","3.50","遗憾｜爱｜释然｜震惊｜兴奋｜希望｜烦躁｜感激｜自满｜焦虑","震惊","4","遗憾","4","是","已作答","0.00","0.00","0.00","0.00","10.67","3"
"ZJ2026081675E8035F","2026-08-16 11:31:44","55.82","12","ITEM-00057","23","音频","情绪识别","单选题","3.50","痛苦｜感动｜希望｜惊喜｜自豪｜惊讶｜绝望｜崇拜｜内疚｜抑郁","惊喜","4","惊喜","5","否","已作答","100.00","75.00","90.00","3.15","35.86","4"
"ZJ2026081675E8035F","2026-08-16 11:31:44","55.82","13","ITEM-00079","61","视频","情绪推理","多选题","4.50","绝望｜恐惧｜兴趣｜悲伤｜自豪｜兴奋｜爱｜委屈｜蔑视｜怀旧","悲伤","4","委屈｜悲伤","3｜3","否","已作答","66.67","37.50","55.00","2.47","29.63","3"
"ZJ2026081675E8035F","2026-08-16 11:31:44","55.82","14","ITEM-00041","54","文本","情绪识别","单选题","3.50","愉悦｜渴望｜愁闷｜担忧｜自满｜痛苦｜绝望｜羡慕｜敌意｜困惑","自满","4","自满","4","否","已作答","100.00","100.00","100.00","3.50","11.25","3"
"ZJ2026081675E8035F","2026-08-16 11:31:44","55.82","15","ITEM-00141","67","文本","情绪推理","多选题","4.50","感激｜蔑视｜悲伤｜委屈｜惊喜｜怨恨｜紧张｜愤怒｜共情痛苦｜惊讶","委屈｜愤怒","3｜4","愤怒｜惊讶","4｜3","否","已作答","50.00","50.00","50.00","2.25","23.78","6"
"ZJ2026081675E8035F","2026-08-16 11:31:44","55.82","16","ITEM-00149","60","视频","情绪推理","单选题","2.50","内疚｜厌倦｜崇拜｜感动｜困惑｜担忧｜感激｜冷静｜烦躁｜羞耻","困惑","5","担忧","4","否","已作答","0.00","0.00","0.00","0.00","25.67","4"
"ZJ2026081675E8035F","2026-08-16 11:31:44","55.82","17","ITEM-00061","109","图像","情绪识别","多选题","4.50","担忧｜委屈｜愉悦｜快乐｜自满｜震惊｜尴尬｜蔑视｜悲伤｜烦躁","愉悦","4","快乐｜愉悦","4｜4","否","已作答","66.67","50.00","60.00","2.70","16.46","3"
"ZJ2026081675E8035F","2026-08-16 11:31:44","55.82","18","ITEM-00143","71","文本","情绪推理","单选题","3.50","恐惧｜愉悦｜困惑｜不屑｜羡慕｜自满｜尴尬｜紧张｜痛苦｜感动","不屑","5","不屑","3","是","已作答","100.00","50.00","80.00","2.80","21.63","4"
"ZJ2026081675E8035F","2026-08-16 11:31:44","55.82","19","ITEM-00070","119","文本","情绪识别","多选题","4.50","困惑｜愉悦｜痛苦｜冷静｜惊讶｜恐惧｜满足｜抑郁｜渴望｜失望","困惑","4","困惑｜痛苦","4｜5","是","已作答","66.67","50.00","60.00","2.70","10.37","3"
"ZJ2026081675E8035F","2026-08-16 11:31:44","55.82","20","ITEM-00069","117","文本","情绪识别","多选题","4.50","爱｜尴尬｜敌意｜怀旧｜恐惧｜羡慕｜厌倦｜感激｜不屑｜愉悦","爱｜怀旧｜感激","5｜4｜3","感激｜爱｜愉悦","4｜4｜5","否","已作答","66.67","50.00","60.00","2.70","13.40","6"
"ZJ2026081675E8035F","2026-08-16 11:31:44","55.82","21","ITEM-00130","104","图像","情绪识别","多选题","4.50","蔑视｜轻松｜委屈｜惊喜｜愤怒｜好奇｜震惊｜焦虑｜平静｜怀旧","蔑视｜好奇｜震惊","4｜3｜5","愤怒｜震惊","5｜4","是","已作答","40.00","37.50","39.00","1.75","15.62","6"
"ZJ2026081675E8035F","2026-08-16 11:31:44","55.82","22","ITEM-00085","76","视频","情绪识别","多选题","4.50","兴奋｜冷静｜自豪｜失望｜困惑｜羡慕｜好奇｜不屑｜自满｜惊讶","兴奋｜自豪","5｜4","自豪｜兴奋","5｜5","是","已作答","100.00","87.50","95.00","4.28","20.64","5"
"ZJ2026081675E8035F","2026-08-16 11:31:44","55.82","23","ITEM-00023","55","视频","情绪识别","单选题","3.50","冷静｜绝望｜释然｜委屈｜满足｜渴望｜敌意｜抑郁｜希望｜自满","敌意","4","敌意","4","是","已作答","100.00","100.00","100.00","3.50","39.13","6"
"ZJ2026081675E8035F","2026-08-16 11:31:44","55.82","24","ITEM-00102","57","视频","情绪推理","多选题","4.50","轻松｜自满｜烦躁｜感动｜困惑｜释然｜兴奋｜崇拜｜愤怒｜自豪","轻松","4","愤怒｜烦躁","5｜5","否","已作答","0.00","0.00","0.00","0.00","28.54","4"
"ZJ20260816E2DB034E","2026-08-16 11:31:03","46.02","1","ITEM-00015","4","视频","情绪识别","单选题","3.50","怨恨｜惊讶｜爱｜蔑视｜绝望｜崇拜｜愉悦｜焦虑｜轻松｜惊喜","焦虑","4","绝望","4","否","已作答","0.00","0.00","0.00","0.00","55.47","3"
"ZJ20260816E2DB034E","2026-08-16 11:31:03","46.02","2","ITEM-00102","57","视频","情绪推理","多选题","4.50","厌倦｜内疚｜惊讶｜尴尬｜审美欣赏｜愤怒｜抑郁｜爱｜烦躁｜感激","厌倦｜烦躁","3｜4","愤怒｜烦躁","5｜5","否","已作答","50.00","37.50","45.00","2.02","30.85","8"
"ZJ20260816E2DB034E","2026-08-16 11:31:03","46.02","3","ITEM-00028","24","图像","情绪识别","单选题","3.50","轻松｜尴尬｜失望｜厌恶｜愉悦｜审美欣赏｜怀旧｜释然｜悲伤｜痛苦","痛苦","5","悲伤","4","否","已作答","0.00","0.00","0.00","0.00","11.30","7"
"ZJ20260816E2DB034E","2026-08-16 11:31:03","46.02","4","ITEM-00046","89","图像","情绪识别","多选题","4.50","好奇｜抑郁｜感激｜内疚｜自豪｜厌倦｜快乐｜蔑视｜悲伤｜羡慕","悲伤","4","内疚｜悲伤","4｜3","否","已作答","66.67","37.50","55.00","2.47","10.59","3"
"ZJ20260816E2DB034E","2026-08-16 11:31:03","46.02","5","ITEM-00090","56","音频","情绪识别","多选题","4.50","平静｜失望｜审美欣赏｜怨恨｜恐惧｜冷静｜好奇｜厌恶｜爱｜绝望","怨恨｜失望｜厌恶｜绝望","4｜4｜5｜3","怨恨｜失望","5｜5","否","已作答","66.67","75.00","70.00","3.15","17.81","15"
"ZJ20260816E2DB034E","2026-08-16 11:31:03","46.02","6","ITEM-00127","87","视频","情绪识别","多选题","4.50","崇拜｜蔑视｜惊讶｜敌意｜愁闷｜愉悦｜悲伤｜羡慕｜震惊｜同情","愁闷｜惊讶","4｜3","震惊｜蔑视｜同情","4｜4｜3","否","已作答","0.00","0.00","0.00","0.00","48.84","6"
"ZJ20260816E2DB034E","2026-08-16 11:31:03","46.02","7","ITEM-00138","22","音频","情绪推理","多选题","4.50","共情痛苦｜爱｜满足｜失望｜可惜｜崇拜｜怀旧｜尴尬｜不屑｜冷静","失望","5","不屑｜可惜","4｜3","否","已作答","0.00","0.00","0.00","0.00","32.60","8"
"ZJ20260816E2DB034E","2026-08-16 11:31:03","46.02","8","ITEM-00071","91","图像","情绪识别","多选题","4.50","敌意｜爱｜冷静｜震惊｜满足｜失望｜渴望｜怨恨｜内疚｜崇拜","敌意｜震惊｜失望","4｜5｜5","失望｜震惊","5｜5","否","已作答","80.00","100.00","88.00","3.96","15.64","9"
"ZJ20260816E2DB034E","2026-08-16 11:31:03","46.02","9","ITEM-00125","85","视频","情绪识别","多选题","4.50","不屑｜抑郁｜感激｜烦躁｜好奇｜冷静｜自豪｜爱｜愉悦｜敌意","不屑｜愉悦｜感激","4｜4｜5","感激｜愉悦｜不屑","5｜5｜3","否","已作答","100.00","83.33","93.33","4.20","36.52","10"
"ZJ20260816E2DB034E","2026-08-16 11:31:03","46.02","10","ITEM-00141","67","文本","情绪推理","多选题","4.50","厌恶｜惊喜｜惊讶｜焦虑｜愁闷｜崇拜｜感动｜愤怒｜遗憾｜困惑","困惑","5","愤怒｜惊讶","4｜3","否","已作答","0.00","0.00","0.00","0.00","40.40","4"
"ZJ20260816E2DB034E","2026-08-16 11:31:03","46.02","11","ITEM-00041","54","文本","情绪识别","单选题","3.50","希望｜自满｜失望｜困惑｜惊讶｜愤怒｜蔑视｜兴趣｜平静｜抑郁","蔑视","4","自满","4","否","已作答","0.00","0.00","0.00","0.00","17.18","3"
"ZJ20260816E2DB034E","2026-08-16 11:31:03","46.02","12","ITEM-00063","110","图像","情绪识别","多选题","4.50","羞耻｜困惑｜羡慕｜抑郁｜愤怒｜轻松｜怨恨｜愉悦｜绝望｜兴奋","轻松｜愉悦","5｜5","轻松｜愉悦","5｜4","否","已作答","100.00","87.50","95.00","4.28","11.83","7"
"ZJ20260816E2DB034E","2026-08-16 11:31:03","46.02","13","ITEM-00136","71","文本","情绪识别","多选题","4.50","共情痛苦｜委屈｜自豪｜冷静｜审美欣赏｜不屑｜嫉妒｜怨恨｜轻松｜恐惧","委屈｜不屑","5｜4","委屈｜恐惧｜不屑","5｜4｜4","否","已作答","80.00","66.67","74.67","3.36","23.98","13"
"ZJ20260816E2DB034E","2026-08-16 11:31:03","46.02","14","ITEM-00091","59","音频","情绪识别","多选题","4.50","释然｜怨恨｜痛苦｜内疚｜抑郁｜自豪｜愤怒｜愉悦｜失望｜渴望","痛苦｜失望","4｜5","内疚｜痛苦","5｜5","否","已作答","50.00","37.50","45.00","2.02","26.05","12"
"ZJ20260816E2DB034E","2026-08-16 11:31:03","46.02","15","ITEM-00049","17","音频","情绪识别","单选题","3.50","羡慕｜怀旧｜担忧｜恐惧｜厌恶｜抑郁｜共情痛苦｜蔑视｜感动｜敌意","蔑视","4","敌意","4","否","已作答","0.00","0.00","0.00","0.00","23.13","4"
"ZJ20260816E2DB034E","2026-08-16 11:31:03","46.02","16","ITEM-00104","23","文本","情绪推理","单选题","3.50","敌意｜恐惧｜冷静｜绝望｜希望｜困惑｜快乐｜感激｜兴奋｜抑郁","兴奋","5","兴奋","5","否","已作答","100.00","100.00","100.00","3.50","17.76","6"
"ZJ20260816E2DB034E","2026-08-16 11:31:03","46.02","17","ITEM-00045","2","音频","情绪识别","单选题","3.50","尴尬｜委屈｜痛苦｜愁闷｜感激｜悲伤｜不屑｜紧张｜厌倦｜崇拜","紧张","4","紧张","3","否","已作答","100.00","75.00","90.00","3.15","19.25","3"
"ZJ20260816E2DB034E","2026-08-16 11:31:03","46.02","18","ITEM-00096","74","文本","情绪识别","多选题","4.50","审美欣赏｜羞耻｜惊讶｜平静｜厌恶｜渴望｜满足｜遗憾｜烦躁｜愉悦","审美欣赏｜满足｜愉悦","4｜5｜4","审美欣赏｜愉悦","5｜5","否","已作答","80.00","75.00","78.00","3.51","14.28","8"
"ZJ20260816E2DB034E","2026-08-16 11:31:03","46.02","19","ITEM-00035","96","图像","情绪识别","单选题","3.50","希望｜羞耻｜委屈｜担忧｜震惊｜厌恶｜悲伤｜惊讶｜爱｜抑郁","震惊","5","惊讶","5","否","已作答","0.00","0.00","0.00","0.00","8.65","4"
"ZJ20260816E2DB034E","2026-08-16 11:31:03","46.02","20","ITEM-00010","63","文本","情绪识别","多选题","4.50","兴奋｜痛苦｜自满｜怀旧｜惊喜｜内疚｜绝望｜恐惧｜满足｜困惑","兴奋｜惊喜｜满足","5｜5｜3","惊喜｜兴奋","4｜4","否","已作答","80.00","75.00","78.00","3.51","11.91","8"
"ZJ20260816E2DB034E","2026-08-16 11:31:03","46.02","21","ITEM-00150","86","视频","情绪推理","多选题","4.50","怨恨｜快乐｜不屑｜悲伤｜怀旧｜崇拜｜委屈｜满足｜自满｜震惊","震惊｜不屑","4｜2","满足｜快乐","4｜3","否","已作答","0.00","0.00","0.00","0.00","26.51","5"
"ZJ20260816E2DB034E","2026-08-16 11:31:03","46.02","22","ITEM-00139","37","图像","情绪推理","多选题","4.50","愤怒｜内疚｜渴望｜敬畏｜焦虑｜担忧｜冷静｜失望｜好奇｜感动","好奇","5","焦虑｜敬畏","3｜4","否","已作答","0.00","0.00","0.00","0.00","11.06","4"
"ZJ20260816E2DB034E","2026-08-16 11:31:03","46.02","23","ITEM-00004","62","视频","情绪推理","单选题","3.50","恐惧｜厌倦｜兴趣｜兴奋｜自满｜轻松｜崇拜｜绝望｜紧张｜尴尬","尴尬","4","尴尬","3","否","已作答","100.00","75.00","90.00","3.15","21.27","4"
"ZJ20260816E2DB034E","2026-08-16 11:31:03","46.02","24","ITEM-00109","88","音频","情绪推理","多选题","4.50","委屈｜平静｜自满｜尴尬｜困惑｜感激｜惊喜｜共情痛苦｜厌倦｜担忧","平静｜困惑｜厌倦","2｜3｜4","厌倦｜困惑","3｜3","否","已作答","80.00","87.50","83.00","3.73","61.63","11"
"ZJ20260816CE948744","2026-08-16 11:30:21","54.84","1","ITEM-00049","17","音频","情绪识别","单选题","3.50","兴趣｜痛苦｜不屑｜羡慕｜渴望｜轻松｜烦躁｜敌意｜崇拜｜担忧","不屑","2","敌意","4","否","已作答","0.00","0.00","0.00","0.00","125.92","3"
"ZJ20260816CE948744","2026-08-16 11:30:21","54.84","2","ITEM-00068","116","文本","情绪识别","多选题","4.50","悲伤｜怨恨｜好奇｜困惑｜自豪｜厌恶｜不屑｜恐惧｜厌倦｜尴尬","好奇","4","厌恶｜不屑","4｜4","否","已作答","0.00","0.00","0.00","0.00","24.74","3"
"ZJ20260816CE948744","2026-08-16 11:30:21","54.84","3","ITEM-00101","55","视频","情绪推理","多选题","4.50","尴尬｜紧张｜平静｜困惑｜怀旧｜愁闷｜嫉妒｜失望｜自满｜遗憾","尴尬｜困惑｜失望","4｜2｜5","尴尬｜困惑","4｜4","否","已作答","80.00","75.00","78.00","3.51","57.80","11"
"ZJ20260816CE948744","2026-08-16 11:30:21","54.84","4","ITEM-00073","107","图像","情绪识别","多选题","4.50","希望｜遗憾｜共情痛苦｜自满｜感动｜绝望｜兴趣｜感激｜愉悦｜爱","遗憾｜共情痛苦","4｜4","感动｜爱","5｜5","否","已作答","0.00","0.00","0.00","0.00","16.02","5"
"ZJ20260816CE948744","2026-08-16 11:30:21","54.84","5","ITEM-00139","37","图像","情绪推理","多选题","4.50","羡慕｜焦虑｜悲伤｜兴趣｜兴奋｜震惊｜恐惧｜敬畏｜愤怒｜羞耻","焦虑｜敬畏","3｜4","焦虑｜敬畏","3｜4","是","已作答","100.00","100.00","100.00","4.50","23.06","4"
"ZJ20260816CE948744","2026-08-16 11:30:21","54.84","6","ITEM-00142","68","文本","情绪推理","单选题","3.50","爱｜震惊｜敌意｜愤怒｜好奇｜兴奋｜厌倦｜焦虑｜担忧｜渴望","愤怒","5","敌意","4","否","已作答","0.00","0.00","0.00","0.00","16.96","4"
"ZJ20260816CE948744","2026-08-16 11:30:21","54.84","7","ITEM-00137","69","音频","情绪识别","多选题","4.50","轻视｜自豪｜抑郁｜痛苦｜共情痛苦｜羞耻｜爱｜困惑｜愤怒｜恐惧","愤怒","4","愤怒｜轻视","4｜4","是","已作答","66.67","50.00","60.00","2.70","15.51","3"
"ZJ20260816CE948744","2026-08-16 11:30:21","54.84","8","ITEM-00043","65","视频","情绪识别","多选题","4.50","惊喜｜困惑｜愉悦｜满足｜好奇｜感动｜冷静｜遗憾｜怀旧｜厌倦","惊喜｜怀旧｜遗憾","4｜5｜4","怀旧｜感动｜愉悦｜遗憾","5｜3｜3｜5","否","已作答","57.14","43.75","51.79","2.33","52.38","8"
"ZJ20260816CE948744","2026-08-16 11:30:21","54.84","9","ITEM-00046","89","图像","情绪识别","多选题","4.50","担忧｜失望｜不屑｜愉悦｜悲伤｜内疚｜遗憾｜快乐｜满足｜厌恶","悲伤｜失望","4｜3","内疚｜悲伤","4｜3","否","已作答","50.00","37.50","45.00","2.02","11.63","4"
"ZJ20260816CE948744","2026-08-16 11:30:21","54.84","10","ITEM-00105","2","音频","情绪推理","多选题","4.50","敌意｜羞耻｜愤怒｜内疚｜羡慕｜不屑｜轻松｜紧张｜蔑视｜焦虑","紧张｜焦虑","4｜3","焦虑｜紧张｜内疚","4｜5｜4","否","已作答","80.00","50.00","68.00","3.06","25.98","6"
"ZJ20260816CE948744","2026-08-16 11:30:21","54.84","11","ITEM-00141","67","文本","情绪推理","多选题","4.50","烦躁｜委屈｜羞耻｜紧张｜愤怒｜惊讶｜惊喜｜内疚｜怀旧｜痛苦","愤怒","5","愤怒｜惊讶","4｜3","否","已作答","66.67","37.50","55.00","2.47","61.93","3"
"ZJ20260816CE948744","2026-08-16 11:30:21","54.84","12","ITEM-00089","84","视频","情绪识别","多选题","4.50","厌倦｜满足｜悲伤｜内疚｜恐惧｜敌意｜同情｜担忧｜惊讶｜委屈","悲伤｜内疚｜敌意","4｜3｜5","担忧｜同情｜悲伤","5｜4｜5","否","已作答","33.33","25.00","30.00","1.35","56.01","6"
"ZJ20260816CE948744","2026-08-16 11:30:21","54.84","13","ITEM-00102","57","视频","情绪推理","多选题","4.50","敌意｜尴尬｜惊讶｜愤怒｜蔑视｜愉悦｜兴奋｜烦躁｜失望｜释然","愤怒｜烦躁","5｜4","愤怒｜烦躁","5｜5","否","已作答","100.00","87.50","95.00","4.28","102.23","5"
"ZJ20260816CE948744","2026-08-16 11:30:21","54.84","14","ITEM-00091","59","音频","情绪识别","多选题","4.50","感激｜惊喜｜嫉妒｜痛苦｜羡慕｜愤怒｜内疚｜冷静｜惊讶｜审美欣赏","痛苦｜内疚","4｜3","内疚｜痛苦","5｜5","否","已作答","100.00","62.50","85.00","3.83","61.24","4"
"ZJ20260816CE948744","2026-08-16 11:30:21","54.84","15","ITEM-00004","62","视频","情绪推理","单选题","3.50","厌恶｜共情痛苦｜冷静｜愉悦｜自豪｜恐惧｜满足｜羡慕｜紧张｜尴尬","尴尬","4","尴尬","3","否","已作答","100.00","75.00","90.00","3.15","56.46","6"
"ZJ20260816CE948744","2026-08-16 11:30:21","54.84","16","ITEM-00064","111","图像","情绪识别","多选题","4.50","委屈｜紧张｜释然｜惊讶｜焦虑｜愉悦｜冷静｜愁闷｜兴奋｜敌意","愉悦｜兴奋｜惊讶","4｜3｜4","释然｜愉悦","3｜5","否","已作答","40.00","37.50","39.00","1.75","21.50","8"
"ZJ20260816CE948744","2026-08-16 11:30:21","54.84","17","ITEM-00070","119","文本","情绪识别","多选题","4.50","平静｜困惑｜嫉妒｜愤怒｜惊喜｜震惊｜怀旧｜痛苦｜希望｜失望","困惑｜愤怒｜失望","5｜4｜4","困惑｜痛苦","4｜5","否","已作答","40.00","37.50","39.00","1.75","17.10","7"
"ZJ20260816CE948744","2026-08-16 11:30:21","54.84","18","ITEM-00086","79","音频","情绪推理","多选题","4.50","委屈｜敌意｜崇拜｜厌倦｜抑郁｜好奇｜自豪｜惊喜｜兴奋｜烦躁","敌意｜烦躁","4｜5","烦躁｜厌倦","4｜4","否","已作答","50.00","37.50","45.00","2.02","37.28","5"
"ZJ20260816CE948744","2026-08-16 11:30:21","54.84","19","ITEM-00016","9","视频","情绪识别","单选题","3.50","厌倦｜平静｜感激｜困惑｜痛苦｜敌意｜悲伤｜厌恶｜不屑｜愤怒","不屑","5","不屑","4","否","已作答","100.00","75.00","90.00","3.15","53.77","4"
"ZJ20260816CE948744","2026-08-16 11:30:21","54.84","20","ITEM-00037","50","文本","情绪识别","单选题","3.50","共情痛苦｜恐惧｜蔑视｜满足｜痛苦｜不屑｜担忧｜厌倦｜困惑｜好奇","不屑","4","蔑视","3","否","已作答","0.00","0.00","0.00","0.00","14.46","3"
"ZJ20260816CE948744","2026-08-16 11:30:21","54.84","21","ITEM-00010","63","文本","情绪识别","多选题","4.50","自满｜失望｜不屑｜抑郁｜恐惧｜兴趣｜兴奋｜愉悦｜惊喜｜崇拜","兴奋｜愉悦｜惊喜｜兴趣","5｜4｜5｜5","惊喜｜兴奋","4｜4","否","已作答","66.67","75.00","70.00","3.15","14.91","9"
"ZJ20260816CE948744","2026-08-16 11:30:21","54.84","22","ITEM-00124","22","音频","情绪识别","单选题","3.50","感动｜失望｜感激｜快乐｜悲伤｜审美欣赏｜紧张｜敌意｜释然｜兴奋","释然","4","释然","3","否","已作答","100.00","75.00","90.00","3.15","76.47","3"
"ZJ20260816CE948744","2026-08-16 11:30:21","54.84","23","ITEM-00116","46","图像","情绪识别","单选题","3.50","愁闷｜困惑｜好奇｜担忧｜审美欣赏｜烦躁｜悲伤｜兴趣｜希望｜不屑","悲伤","4","悲伤","5","否","已作答","100.00","75.00","90.00","3.15","22.97","3"
"ZJ20260816CE948744","2026-08-16 11:30:21","54.84","24","ITEM-00051","93","图像","情绪识别","单选题","3.50","嫉妒｜兴奋｜尴尬｜怀旧｜厌恶｜震惊｜悲伤｜爱｜愉悦｜内疚","悲伤","4","悲伤","4","否","已作答","100.00","100.00","100.00","3.50","40.99","3"
"ZJ202608164707BB2E","2026-08-16 11:30:12","45.14","1","ITEM-00135","68","文本","情绪识别","多选题","4.50","惊吓｜审美欣赏｜满足｜冷静｜悲伤｜遗憾｜厌倦｜惊讶｜不屑｜兴趣","惊吓｜惊讶","3｜4","不屑｜惊吓","5｜4","是","已作答","50.00","37.50","45.00","2.02","53.83","4"
"ZJ202608164707BB2E","2026-08-16 11:30:12","45.14","2","ITEM-00123","8","音频","情绪识别","单选题","3.50","愤怒｜紧张｜好奇｜愉悦｜感动｜绝望｜自满｜崇拜｜烦躁｜遗憾","紧张","5","绝望","4","是","已作答","0.00","0.00","0.00","0.00","23.52","6"
"ZJ202608164707BB2E","2026-08-16 11:30:12","45.14","3","ITEM-00075","108","图像","情绪识别","多选题","4.50","愉悦｜痛苦｜尴尬｜自豪｜震惊｜感激｜好奇｜愤怒｜厌恶｜失望","愤怒","5","震惊｜愤怒","5｜5","是","已作答","66.67","50.00","60.00","2.70","15.46","4"
"ZJ202608164707BB2E","2026-08-16 11:30:12","45.14","4","ITEM-00138","22","音频","情绪推理","多选题","4.50","共情痛苦｜痛苦｜满足｜不屑｜愁闷｜快乐｜困惑｜可惜｜感激｜羞耻","感激","4","不屑｜可惜","4｜3","否","已作答","0.00","0.00","0.00","0.00","40.47","3"
"ZJ202608164707BB2E","2026-08-16 11:30:12","45.14","5","ITEM-00088","81","视频","情绪识别","多选题","4.50","兴奋｜抑郁｜困惑｜快乐｜惊喜｜担忧｜冷静｜满足｜不屑｜爱","兴奋｜快乐｜爱","5｜5｜5","快乐｜惊喜｜兴奋｜爱","5｜5｜5｜5","是","已作答","85.71","75.00","81.43","3.66","33.65","12"
"ZJ202608164707BB2E","2026-08-16 11:30:12","45.14","6","ITEM-00141","67","文本","情绪推理","多选题","4.50","愤怒｜快乐｜惊讶｜厌倦｜失望｜愉悦｜共情痛苦｜冷静｜满足｜震惊","愤怒｜失望","4｜3","愤怒｜惊讶","4｜3","否","已作答","50.00","50.00","50.00","2.25","51.15","6"
"ZJ202608164707BB2E","2026-08-16 11:30:12","45.14","7","ITEM-00145","69","音频","情绪识别","多选题","4.50","爱｜感动｜怀旧｜满足｜愤怒｜紧张｜震惊｜自豪｜愁闷｜担忧","愁闷｜担忧","4｜3","愤怒｜震惊","4｜3","否","已作答","0.00","0.00","0.00","0.00","27.55","4"
"ZJ202608164707BB2E","2026-08-16 11:30:12","45.14","8","ITEM-00111","31","图像","情绪识别","单选题","3.50","痛苦｜厌恶｜愁闷｜愉悦｜抑郁｜好奇｜担忧｜无奈｜崇拜｜绝望","无奈","4","无奈","3","否","已作答","100.00","75.00","90.00","3.15","11.46","3"
"ZJ202608164707BB2E","2026-08-16 11:30:12","45.14","9","ITEM-00010","63","文本","情绪识别","多选题","4.50","厌恶｜惊喜｜希望｜委屈｜尴尬｜释然｜困惑｜兴奋｜痛苦｜失望","惊喜｜兴奋","5｜5","惊喜｜兴奋","4｜4","否","已作答","100.00","75.00","90.00","4.05","15.13","7"
"ZJ202608164707BB2E","2026-08-16 11:30:12","45.14","10","ITEM-00126","86","视频","情绪识别","多选题","4.50","内疚｜痛苦｜愉悦｜厌倦｜兴趣｜厌恶｜愤怒｜感激｜自满｜惊讶","感激","5","惊讶｜愉悦","4｜5","否","已作答","0.00","0.00","0.00","0.00","18.50","4"
"ZJ202608164707BB2E","2026-08-16 11:30:12","45.14","11","ITEM-00080","65","视频","情绪推理","多选题","4.50","惊讶｜愉悦｜兴奋｜蔑视｜嫉妒｜感动｜遗憾｜自满｜满足｜怀旧","遗憾","5","怀旧｜感动｜愉悦｜遗憾","5｜3｜3｜5","否","已作答","40.00","25.00","34.00","1.53","27.56","4"
"ZJ202608164707BB2E","2026-08-16 11:30:12","45.14","12","ITEM-00055","98","图像","情绪识别","多选题","4.50","崇拜｜感动｜厌恶｜愉悦｜兴奋｜自豪｜轻松｜审美欣赏｜抑郁｜快乐","自豪｜快乐｜审美欣赏","5｜5｜5","兴奋｜轻松｜愉悦｜快乐","5｜5｜5｜5","否","已作答","28.57","25.00","27.14","1.22","18.18","12"
"ZJ202608164707BB2E","2026-08-16 11:30:12","45.14","13","ITEM-00129","103","图像","情绪识别","多选题","4.50","兴奋｜绝望｜尴尬｜共情痛苦｜敌意｜怨恨｜怀旧｜恐惧｜愁闷｜不屑","兴奋｜不屑","5｜5","不屑｜敌意","5｜3","是","已作答","50.00","50.00","50.00","2.25","16.66","7"
"ZJ202608164707BB2E","2026-08-16 11:30:12","45.14","14","ITEM-00104","23","文本","情绪推理","单选题","3.50","感激｜紧张｜渴望｜委屈｜遗憾｜羡慕｜震惊｜共情痛苦｜自满｜兴奋","兴奋","5","兴奋","5","否","已作答","100.00","100.00","100.00","3.50","33.33","5"
"ZJ202608164707BB2E","2026-08-16 11:30:12","45.14","15","ITEM-00102","57","视频","情绪推理","多选题","4.50","厌恶｜审美欣赏｜内疚｜烦躁｜轻松｜悲伤｜委屈｜感动｜愁闷｜愤怒","烦躁","5","愤怒｜烦躁","5｜5","否","已作答","66.67","50.00","60.00","2.70","19.46","4"
"ZJ202608164707BB2E","2026-08-16 11:30:12","45.14","16","ITEM-00048","2","音频","情绪识别","单选题","3.50","震惊｜感激｜好奇｜蔑视｜愤怒｜满足｜绝望｜羡慕｜冷静｜抑郁","愤怒","3","愤怒","5","否","已作答","100.00","50.00","80.00","2.80","13.12","2"
"ZJ202608164707BB2E","2026-08-16 11:30:12","45.14","17","ITEM-00112","35","图像","情绪识别","单选题","3.50","焦虑｜愤怒｜愁闷｜感动｜厌恶｜烦躁｜蔑视｜遗憾｜尴尬｜羡慕","愤怒","5","烦躁","4","否","已作答","0.00","0.00","0.00","0.00","11.49","4"
"ZJ202608164707BB2E","2026-08-16 11:30:12","45.14","18","ITEM-00018","11","视频","情绪识别","单选题","3.50","渴望｜自满｜平静｜爱｜共情痛苦｜遗憾｜悲伤｜羡慕｜厌恶｜惊讶","共情痛苦","5","共情痛苦","5","否","已作答","100.00","100.00","100.00","3.50","19.57","5"
"ZJ202608164707BB2E","2026-08-16 11:30:12","45.14","19","ITEM-00106","77","视频","情绪推理","单选题","3.50","崇拜｜遗憾｜爱｜惊讶｜震惊｜快乐｜好奇｜紧张｜绝望｜厌倦","爱","5","快乐","5","是","已作答","0.00","0.00","0.00","0.00","11.01","4"
"ZJ202608164707BB2E","2026-08-16 11:30:12","45.14","20","ITEM-00137","69","音频","情绪识别","多选题","4.50","困惑｜愤怒｜感激｜烦躁｜审美欣赏｜痛苦｜自满｜平静｜焦虑｜轻视","焦虑","4","愤怒｜轻视","4｜4","是","已作答","0.00","0.00","0.00","0.00","17.84","3"
"ZJ202608164707BB2E","2026-08-16 11:30:12","45.14","21","ITEM-00074","121","文本","情绪识别","单选题","3.50","怨恨｜遗憾｜满足｜内疚｜敌意｜羡慕｜不屑｜自豪｜好奇｜绝望","自豪","5","自豪","5","否","已作答","100.00","100.00","100.00","3.50","17.11","4"
"ZJ202608164707BB2E","2026-08-16 11:30:12","45.14","22","ITEM-00084","78","音频","情绪推理","多选题","4.50","平静｜不屑｜悲伤｜绝望｜失望｜惊喜｜怀旧｜羞耻｜蔑视｜烦躁","悲伤","4","羞耻｜烦躁","4｜5","否","已作答","0.00","0.00","0.00","0.00","14.24","3"
"ZJ202608164707BB2E","2026-08-16 11:30:12","45.14","23","ITEM-00078","89","图像","情绪推理","多选题","4.50","悲伤｜快乐｜焦虑｜失望｜感动｜困惑｜敌意｜内疚｜痛苦｜担忧","悲伤｜痛苦","5｜3","内疚｜悲伤","4｜3","否","已作答","50.00","25.00","40.00","1.80","12.24","5"
"ZJ202608164707BB2E","2026-08-16 11:30:12","45.14","24","ITEM-00095","59","文本","情绪识别","多选题","4.50","兴趣｜快乐｜羡慕｜怨恨｜困惑｜轻松｜痛苦｜烦躁｜绝望｜内疚","内疚｜痛苦","5｜5","内疚｜痛苦","5｜5","否","已作答","100.00","100.00","100.00","4.50","25.94","11"
"ZJ2026081660F8D93D","2026-08-16 11:30:06","63.90","1","ITEM-00071","91","图像","情绪识别","多选题","4.50","愉悦｜绝望｜失望｜羡慕｜兴奋｜抑郁｜震惊｜担忧｜不屑｜渴望","绝望｜失望｜抑郁｜担忧","4｜5｜3｜4","失望｜震惊","5｜5","否","已作答","33.33","50.00","40.00","1.80","43.59","11"
"ZJ2026081660F8D93D","2026-08-16 11:30:06","63.90","2","ITEM-00131","115","图像","情绪识别","多选题","4.50","遗憾｜好奇｜厌恶｜愁闷｜兴奋｜愉悦｜自豪｜厌倦｜敌意｜崇拜","好奇｜兴奋｜崇拜","4｜3｜4","兴奋｜愉悦","3｜4","否","已作答","40.00","50.00","44.00","1.98","45.80","6"
"ZJ2026081660F8D93D","2026-08-16 11:30:06","63.90","3","ITEM-00041","54","文本","情绪识别","单选题","3.50","尴尬｜愉悦｜怀旧｜渴望｜悲伤｜痛苦｜嫉妒｜满足｜自满｜冷静","嫉妒","5","自满","4","否","已作答","0.00","0.00","0.00","0.00","19.96","3"
"ZJ2026081660F8D93D","2026-08-16 11:30:06","63.90","4","ITEM-00092","66","音频","情绪识别","多选题","4.50","痛苦｜惊喜｜抑郁｜悲伤｜内疚｜快乐｜嫉妒｜烦躁｜羡慕｜怨恨","悲伤｜抑郁｜痛苦｜内疚","5｜3｜5｜5","内疚｜痛苦｜悲伤","5｜5｜5","否","已作答","85.71","100.00","91.43","4.11","75.50","8"
"ZJ2026081660F8D93D","2026-08-16 11:30:06","63.90","5","ITEM-00117","47","图像","情绪识别","单选题","3.50","羡慕｜愁闷｜审美欣赏｜自满｜焦虑｜平静｜自豪｜痛苦｜震惊｜冷静","焦虑","4","焦虑","4","否","已作答","100.00","100.00","100.00","3.50","18.98","5"
"ZJ2026081660F8D93D","2026-08-16 11:30:06","63.90","6","ITEM-00086","79","音频","情绪推理","多选题","4.50","厌倦｜震惊｜蔑视｜怨恨｜惊讶｜希望｜焦虑｜平静｜敌意｜烦躁","蔑视｜怨恨｜敌意","3｜4｜5","烦躁｜厌倦","4｜4","否","已作答","0.00","0.00","0.00","0.00","23.03","7"
"ZJ2026081660F8D93D","2026-08-16 11:30:06","63.90","7","ITEM-00004","62","视频","情绪推理","单选题","3.50","悲伤｜敌意｜怨恨｜渴望｜失望｜轻松｜尴尬｜惊讶｜共情痛苦｜抑郁","尴尬","5","尴尬","3","否","已作答","100.00","50.00","80.00","2.80","20.80","3"
"ZJ2026081660F8D93D","2026-08-16 11:30:06","63.90","8","ITEM-00079","61","视频","情绪推理","多选题","4.50","怀旧｜共情痛苦｜崇拜｜委屈｜释然｜恐惧｜悲伤｜焦虑｜轻松｜冷静","委屈｜恐惧","5｜4","委屈｜悲伤","3｜3","否","已作答","50.00","25.00","40.00","1.80","31.89","7"
"ZJ2026081660F8D93D","2026-08-16 11:30:06","63.90","9","ITEM-00078","89","图像","情绪推理","多选题","4.50","内疚｜悲伤｜审美欣赏｜恐惧｜崇拜｜兴奋｜担忧｜羡慕｜抑郁｜羞耻","悲伤｜内疚｜恐惧","5｜5｜4","内疚｜悲伤","4｜3","否","已作答","80.00","62.50","73.00","3.29","20.28","10"
"ZJ2026081660F8D93D","2026-08-16 11:30:06","63.90","10","ITEM-00072","120","文本","情绪识别","多选题","4.50","兴趣｜愉悦｜希望｜轻松｜满足｜厌倦｜释然｜渴望｜困惑｜惊喜","轻松｜满足｜释然","5｜4｜5","满足｜轻松｜愉悦｜希望｜兴趣","5｜5｜5｜5｜5","否","已作答","50.00","35.00","44.00","1.98","20.86","7"
"ZJ2026081660F8D93D","2026-08-16 11:30:06","63.90","11","ITEM-00087","77","视频","情绪识别","多选题","4.50","尴尬｜兴奋｜惊讶｜审美欣赏｜轻松｜感激｜厌倦｜爱｜惊喜｜自满","兴奋｜爱｜惊喜","5｜5｜4","兴奋｜爱｜惊喜","5｜5｜5","是","已作答","100.00","91.67","96.67","4.35","105.09","13"
"ZJ2026081660F8D93D","2026-08-16 11:30:06","63.90","12","ITEM-00076","78","音频","情绪识别","多选题","4.50","愁闷｜感动｜绝望｜爱｜敌意｜担忧｜羞耻｜烦躁｜焦虑｜羡慕","敌意｜烦躁","4｜5","羞耻｜烦躁","4｜5","否","已作答","50.00","50.00","50.00","2.25","28.32","9"
"ZJ2026081660F8D93D","2026-08-16 11:30:06","63.90","13","ITEM-00109","88","音频","情绪推理","多选题","4.50","厌倦｜希望｜遗憾｜渴望｜困惑｜崇拜｜担忧｜愁闷｜厌恶｜震惊","愁闷｜厌恶｜厌倦","5｜4｜3","厌倦｜困惑","3｜3","否","已作答","40.00","50.00","44.00","1.98","71.51","12"
"ZJ2026081660F8D93D","2026-08-16 11:30:06","63.90","14","ITEM-00140","63","文本","情绪推理","多选题","4.50","惊喜｜恐惧｜遗憾｜兴奋｜冷静｜焦虑｜渴望｜厌恶｜怀旧｜轻松","惊喜｜兴奋","5｜5","惊喜｜兴奋","4｜4","否","已作答","100.00","75.00","90.00","4.05","21.23","5"
"ZJ2026081660F8D93D","2026-08-16 11:30:06","63.90","15","ITEM-00044","80","视频","情绪识别","多选题","4.50","冷静｜快乐｜紧张｜感动｜厌倦｜抑郁｜焦虑｜轻松｜怀旧｜惊讶","紧张","5","紧张｜惊讶","4｜4","是","已作答","66.67","37.50","55.00","2.47","20.54","3"
"ZJ2026081660F8D93D","2026-08-16 11:30:06","63.90","16","ITEM-00135","68","文本","情绪识别","多选题","4.50","不屑｜审美欣赏｜痛苦｜怀旧｜恐惧｜愤怒｜厌恶｜渴望｜惊吓｜愁闷","惊吓｜愤怒｜恐惧","4｜5｜4","不屑｜惊吓","5｜4","否","已作答","40.00","50.00","44.00","1.98","28.36","11"
"ZJ2026081660F8D93D","2026-08-16 11:30:06","63.90","17","ITEM-00005","70","视频","情绪识别","单选题","3.50","遗憾｜怨恨｜自豪｜失望｜感激｜愁闷｜愉悦｜恐惧｜惊讶｜审美欣赏","审美欣赏","5","审美欣赏","5","是","已作答","100.00","100.00","100.00","3.50","37.96","5"
"ZJ2026081660F8D93D","2026-08-16 11:30:06","63.90","18","ITEM-00124","22","音频","情绪识别","单选题","3.50","悲伤｜厌倦｜怨恨｜内疚｜愁闷｜释然｜平静｜自豪｜审美欣赏｜恐惧","平静","3","释然","3","否","已作答","0.00","0.00","0.00","0.00","35.00","2"
"ZJ2026081660F8D93D","2026-08-16 11:30:06","63.90","19","ITEM-00049","17","音频","情绪识别","单选题","3.50","尴尬｜冷静｜嫉妒｜希望｜敌意｜审美欣赏｜蔑视｜渴望｜释然｜满足","敌意","4","敌意","4","否","已作答","100.00","100.00","100.00","3.50","93.77","4"
"ZJ2026081660F8D93D","2026-08-16 11:30:06","63.90","20","ITEM-00144","118","文本","情绪推理","单选题","3.50","失望｜绝望｜困惑｜遗憾｜震惊｜轻松｜满足｜厌倦｜自满｜担忧","失望","4","失望","4","否","已作答","100.00","100.00","100.00","3.50","24.67","3"
"ZJ2026081660F8D93D","2026-08-16 11:30:06","63.90","21","ITEM-00095","59","文本","情绪识别","多选题","4.50","失望｜兴趣｜厌倦｜蔑视｜审美欣赏｜痛苦｜嫉妒｜烦躁｜内疚｜遗憾","痛苦｜内疚｜遗憾","4｜5｜2","内疚｜痛苦","5｜5","否","已作答","80.00","87.50","83.00","3.73","22.15","8"
"ZJ2026081660F8D93D","2026-08-16 11:30:06","63.90","22","ITEM-00033","44","图像","情绪识别","单选题","3.50","希望｜爱｜委屈｜快乐｜厌倦｜惊讶｜自满｜震惊｜担忧｜冷静","惊讶","4","惊讶","5","否","已作答","100.00","75.00","90.00","3.15","7.60","3"
"ZJ2026081660F8D93D","2026-08-16 11:30:06","63.90","23","ITEM-00107","81","视频","情绪推理","多选题","4.50","自豪｜感动｜焦虑｜渴望｜抑郁｜羞耻｜烦躁｜快乐｜蔑视｜满足","感动｜快乐｜满足","4｜5｜2","快乐｜满足｜感动","5｜5｜5","是","已作答","100.00","66.67","86.67","3.90","51.95","10"
"ZJ2026081660F8D93D","2026-08-16 11:30:06","63.90","24","ITEM-00128","100","图像","情绪识别","多选题","4.50","兴奋｜期望｜厌倦｜释然｜嫉妒｜怀旧｜悲伤｜好奇｜自满｜担忧","兴奋｜期望","4｜3","兴奋｜期望","4｜4","否","已作答","100.00","87.50","95.00","4.28","24.52","4"
"ZJ2026081613828DCA","2026-08-16 11:29:20","33.39","1","ITEM-00078","89","图像","情绪推理","多选题","4.50","焦虑｜感激｜内疚｜释然｜悲伤｜自满｜自豪｜希望｜抑郁｜崇拜","焦虑｜悲伤｜内疚｜抑郁","4｜5｜4｜4","内疚｜悲伤","4｜3","是","已作答","66.67","75.00","70.00","3.15","67.31","15"
"ZJ2026081613828DCA","2026-08-16 11:29:20","33.39","2","ITEM-00132","37","图像","情绪识别","多选题","4.50","恐惧｜惊喜｜失望｜遗憾｜崇拜｜愉悦｜平静｜震惊｜恭敬｜厌倦","崇拜｜恭敬｜恐惧","4｜5｜2","平静｜恭敬","5｜5","是","已作答","40.00","50.00","44.00","1.98","67.98","14"
"ZJ2026081613828DCA","2026-08-16 11:29:20","33.39","3","ITEM-00040","53","文本","情绪识别","单选题","3.50","怨恨｜快乐｜愁闷｜紧张｜惊讶｜希望｜满足｜委屈｜恐惧｜冷静","委屈","5","怨恨","5","是","已作答","0.00","0.00","0.00","0.00","51.82","7"
"ZJ2026081613828DCA","2026-08-16 11:29:20","33.39","4","ITEM-00056","101","图像","情绪识别","单选题","3.50","悲伤｜兴趣｜兴奋｜厌恶｜紧张｜怀旧｜担忧｜平静｜惊喜｜惊讶","厌恶","3","担忧","4","是","已作答","0.00","0.00","0.00","0.00","47.69","4"
"ZJ2026081613828DCA","2026-08-16 11:29:20","33.39","5","ITEM-00009","7","音频","情绪识别","单选题","3.50","蔑视｜快乐｜怨恨｜厌倦｜震惊｜紧张｜抑郁｜释然｜惊讶｜感动","快乐","5","紧张","2","是","已作答","0.00","0.00","0.00","0.00","24.34","4"
"ZJ2026081613828DCA","2026-08-16 11:29:20","33.39","6","ITEM-00137","69","音频","情绪识别","多选题","4.50","愤怒｜兴趣｜恐惧｜怀旧｜崇拜｜自满｜轻视｜好奇｜渴望｜释然","愤怒｜自满","5｜4","愤怒｜轻视","4｜4","是","已作答","50.00","37.50","45.00","2.02","37.50","9"
"ZJ2026081613828DCA","2026-08-16 11:29:20","33.39","7","ITEM-00044","80","视频","情绪识别","多选题","4.50","尴尬｜震惊｜焦虑｜内疚｜愤怒｜紧张｜自豪｜惊讶｜羞耻｜崇拜","紧张｜震惊","4｜4","紧张｜惊讶","4｜4","是","已作答","50.00","50.00","50.00","2.25","42.80","7"
"ZJ2026081613828DCA","2026-08-16 11:29:20","33.39","8","ITEM-00013","27","图像","情绪识别","单选题","3.50","惊讶｜好奇｜怨恨｜失望｜担忧｜紧张｜厌恶｜蔑视｜审美欣赏｜愤怒","愤怒","4","愤怒","5","否","已作答","100.00","75.00","90.00","3.15","58.37","9"
"ZJ2026081613828DCA","2026-08-16 11:29:20","33.39","9","ITEM-00079","61","视频","情绪推理","多选题","4.50","好奇｜自满｜兴奋｜审美欣赏｜羡慕｜快乐｜委屈｜抑郁｜悲伤｜羞耻","委屈","4","委屈｜悲伤","3｜3","否","已作答","66.67","37.50","55.00","2.47","41.31","3"
"ZJ2026081613828DCA","2026-08-16 11:29:20","33.39","10","ITEM-00022","16","视频","情绪识别","单选题","3.50","崇拜｜困惑｜兴趣｜自豪｜焦虑｜平静｜厌倦｜震惊｜好奇｜厌恶","困惑","5","震惊","5","是","已作答","0.00","0.00","0.00","0.00","47.51","4"
"ZJ2026081613828DCA","2026-08-16 11:29:20","33.39","11","ITEM-00075","108","图像","情绪识别","多选题","4.50","敌意｜焦虑｜痛苦｜羡慕｜抑郁｜惊喜｜恐惧｜震惊｜自豪｜愤怒","震惊｜愤怒","4｜4","震惊｜愤怒","5｜5","否","已作答","100.00","75.00","90.00","4.05","21.20","11"
"ZJ2026081613828DCA","2026-08-16 11:29:20","33.39","12","ITEM-00070","119","文本","情绪识别","多选题","4.50","悲伤｜震惊｜遗憾｜轻松｜烦躁｜困惑｜感动｜委屈｜痛苦｜绝望","委屈｜痛苦｜悲伤","4｜4｜5","困惑｜痛苦","4｜5","否","已作答","40.00","37.50","39.00","1.75","29.39","7"
"ZJ2026081613828DCA","2026-08-16 11:29:20","33.39","13","ITEM-00144","118","文本","情绪推理","单选题","3.50","惊讶｜快乐｜希望｜厌倦｜愁闷｜失望｜爱｜释然｜委屈｜紧张","厌倦","4","失望","4","否","已作答","0.00","0.00","0.00","0.00","31.85","4"
"ZJ2026081613828DCA","2026-08-16 11:29:20","33.39","14","ITEM-00095","59","文本","情绪识别","多选题","4.50","冷静｜愁闷｜厌恶｜紧张｜希望｜痛苦｜释然｜敌意｜困惑｜内疚","内疚","4","内疚｜痛苦","5｜5","否","已作答","66.67","37.50","55.00","2.47","21.65","7"
"ZJ2026081613828DCA","2026-08-16 11:29:20","33.39","15","ITEM-00004","62","视频","情绪推理","单选题","3.50","羡慕｜快乐｜绝望｜惊喜｜渴望｜满足｜自满｜紧张｜抑郁｜尴尬","尴尬","4","尴尬","3","否","已作答","100.00","75.00","90.00","3.15","37.01","3"
"ZJ2026081613828DCA","2026-08-16 11:29:20","33.39","16","ITEM-00076","78","音频","情绪识别","多选题","4.50","崇拜｜震惊｜共情痛苦｜兴趣｜轻松｜自满｜愤怒｜冷静｜烦躁｜羞耻","愤怒","5","羞耻｜烦躁","4｜5","否","已作答","0.00","0.00","0.00","0.00","20.44","8"
"ZJ2026081613828DCA","2026-08-16 11:29:20","33.39","17","ITEM-00100","10","视频","情绪推理","多选题","4.50","自豪｜羞耻｜希望｜不屑｜失望｜震惊｜绝望｜审美欣赏｜怀旧｜得意","自豪｜得意","4｜4","不屑｜得意","4｜4","否","已作答","50.00","50.00","50.00","2.25","59.61","5"
"ZJ2026081613828DCA","2026-08-16 11:29:20","33.39","18","ITEM-00136","71","文本","情绪识别","多选题","4.50","悲伤｜委屈｜羡慕｜绝望｜厌恶｜恐惧｜不屑｜轻松｜怨恨｜爱","委屈｜厌恶","5｜4","委屈｜恐惧｜不屑","5｜4｜4","是","已作答","40.00","33.33","37.33","1.68","32.85","9"
"ZJ2026081613828DCA","2026-08-16 11:29:20","33.39","19","ITEM-00049","17","音频","情绪识别","单选题","3.50","审美欣赏｜自满｜感激｜好奇｜羞耻｜冷静｜惊喜｜爱｜失望｜敌意","自满","4","敌意","4","否","已作答","0.00","0.00","0.00","0.00","66.55","6"
"ZJ2026081613828DCA","2026-08-16 11:29:20","33.39","20","ITEM-00131","115","图像","情绪识别","多选题","4.50","羞耻｜爱｜悲伤｜嫉妒｜羡慕｜不屑｜惊喜｜愉悦｜冷静｜兴奋","悲伤｜不屑","5｜4","兴奋｜愉悦","3｜4","否","已作答","0.00","0.00","0.00","0.00","26.53","6"
"ZJ2026081613828DCA","2026-08-16 11:29:20","33.39","21","ITEM-00138","22","音频","情绪推理","多选题","4.50","快乐｜不屑｜兴奋｜痛苦｜担忧｜愤怒｜共情痛苦｜遗憾｜羡慕｜可惜","共情痛苦","4","不屑｜可惜","4｜3","是","已作答","0.00","0.00","0.00","0.00","59.61","4"
"ZJ2026081613828DCA","2026-08-16 11:29:20","33.39","22","ITEM-00105","2","音频","情绪推理","多选题","4.50","紧张｜焦虑｜愤怒｜敌意｜内疚｜兴奋｜嫉妒｜惊讶｜委屈｜爱","愤怒｜敌意","5｜5","焦虑｜紧张｜内疚","4｜5｜4","否","已作答","0.00","0.00","0.00","0.00","35.39","8"
"ZJ2026081613828DCA","2026-08-16 11:29:20","33.39","23","ITEM-00140","63","文本","情绪推理","多选题","4.50","共情痛苦｜焦虑｜平静｜惊喜｜愉悦｜自豪｜紧张｜尴尬｜兴奋｜厌恶","共情痛苦","4","惊喜｜兴奋","4｜4","否","已作答","0.00","0.00","0.00","0.00","28.69","3"
"ZJ2026081613828DCA","2026-08-16 11:29:20","33.39","24","ITEM-00087","77","视频","情绪识别","多选题","4.50","冷静｜惊喜｜怀旧｜释然｜兴趣｜崇拜｜爱｜自满｜共情痛苦｜兴奋","兴趣｜爱｜兴奋","4｜5｜5","兴奋｜爱｜惊喜","5｜5｜5","是","已作答","66.67","66.67","66.67","3.00","68.75","8"
"ZJ20260813D35E590E","2026-08-16 11:29:08","46.66","1","ITEM-00116","46","图像","情绪识别","单选题","3.50","怨恨｜痛苦｜悲伤｜尴尬｜希望｜震惊｜渴望｜愉悦｜不屑｜紧张","悲伤","5","悲伤","5","否","已作答","100.00","100.00","100.00","3.50","32.18","6"
"ZJ20260813D35E590E","2026-08-16 11:29:08","46.66","2","ITEM-00048","2","音频","情绪识别","单选题","3.50","感动｜惊讶｜兴奋｜好奇｜愤怒｜震惊｜愁闷｜蔑视｜恐惧｜爱","震惊","4","愤怒","5","否","已作答","0.00","0.00","0.00","0.00","37.65","6"
"ZJ20260813D35E590E","2026-08-16 11:29:08","46.66","3","ITEM-00141","67","文本","情绪推理","多选题","4.50","绝望｜愤怒｜怨恨｜爱｜平静｜抑郁｜崇拜｜惊讶｜遗憾｜兴奋","愤怒｜遗憾｜怨恨","3｜3｜4","愤怒｜惊讶","4｜3","否","已作答","40.00","37.50","39.00","1.75","56.62","9"
"ZJ20260813D35E590E","2026-08-16 11:29:08","46.66","4","ITEM-00130","104","图像","情绪识别","多选题","4.50","感激｜震惊｜尴尬｜自满｜内疚｜惊讶｜崇拜｜愤怒｜平静｜兴趣","震惊｜惊讶｜愤怒","4｜4｜3","愤怒｜震惊","5｜4","是","已作答","80.00","75.00","78.00","3.51","19.54","6"
"ZJ20260813D35E590E","2026-08-16 11:29:08","46.66","5","ITEM-00076","78","音频","情绪识别","多选题","4.50","烦躁｜共情痛苦｜感激｜爱｜失望｜兴奋｜悲伤｜羞耻｜敌意｜遗憾","烦躁｜共情痛苦｜失望","3｜3｜4","羞耻｜烦躁","4｜5","否","已作答","40.00","25.00","34.00","1.53","45.48","5"
"ZJ20260813D35E590E","2026-08-16 11:29:08","46.66","6","ITEM-00082","72","视频","情绪识别","多选题","4.50","怨恨｜焦虑｜快乐｜自豪｜紧张｜愉悦｜尴尬｜敌意｜悲伤｜内疚","焦虑｜紧张｜尴尬｜敌意","3｜4｜4｜3","焦虑｜紧张","4｜5","否","已作答","66.67","75.00","70.00","3.15","91.52","9"
"ZJ20260813D35E590E","2026-08-16 11:29:08","46.66","7","ITEM-00039","52","文本","情绪识别","单选题","3.50","紧张｜羞耻｜轻松｜自豪｜快乐｜好奇｜不屑｜嫉妒｜痛苦｜蔑视","痛苦","4","痛苦","4","否","已作答","100.00","100.00","100.00","3.50","24.93","5"
"ZJ20260813D35E590E","2026-08-16 11:29:08","46.66","8","ITEM-00102","57","视频","情绪推理","多选题","4.50","嫉妒｜抑郁｜烦躁｜愤怒｜尴尬｜快乐｜兴趣｜蔑视｜震惊｜厌倦","厌倦｜震惊｜抑郁","4｜3｜4","愤怒｜烦躁","5｜5","否","已作答","0.00","0.00","0.00","0.00","118.83","8"
"ZJ20260813D35E590E","2026-08-16 11:29:08","46.66","9","ITEM-00068","116","文本","情绪识别","多选题","4.50","自豪｜厌恶｜不屑｜好奇｜自满｜遗憾｜爱｜愤怒｜感动｜兴趣","不屑｜好奇｜自满","4｜3｜4","厌恶｜不屑","4｜4","否","已作答","40.00","50.00","44.00","1.98","27.73","6"
"ZJ20260813D35E590E","2026-08-16 11:29:08","46.66","10","ITEM-00147","6","视频","情绪识别","单选题","3.50","满足｜困惑｜平静｜焦虑｜爱｜羡慕｜内疚｜愤怒｜感动｜释然","内疚","4","感动","3","是","已作答","0.00","0.00","0.00","0.00","56.75","4"
"ZJ20260813D35E590E","2026-08-16 11:29:08","46.66","11","ITEM-00061","109","图像","情绪识别","多选题","4.50","快乐｜感动｜担忧｜自豪｜轻松｜愉悦｜失望｜兴趣｜抑郁｜恐惧","快乐｜自豪｜轻松｜愉悦｜兴趣","4｜3｜4｜4｜3","快乐｜愉悦","4｜4","否","已作答","57.14","100.00","74.29","3.34","18.03","9"
"ZJ20260813D35E590E","2026-08-16 11:29:08","46.66","12","ITEM-00143","71","文本","情绪推理","单选题","3.50","感动｜痛苦｜不屑｜厌倦｜怀旧｜委屈｜渴望｜尴尬｜崇拜｜审美欣赏","厌倦","4","不屑","3","是","已作答","0.00","0.00","0.00","0.00","25.00","4"
"ZJ20260813D35E590E","2026-08-16 11:29:08","46.66","13","ITEM-00097","82","文本","情绪识别","多选题","4.50","自豪｜感激｜困惑｜快乐｜轻松｜嫉妒｜绝望｜尴尬｜厌倦｜羡慕","自豪｜厌倦","3｜3","轻松｜快乐","4｜4","否","已作答","0.00","0.00","0.00","0.00","42.42","3"
"ZJ20260813D35E590E","2026-08-16 11:29:08","46.66","14","ITEM-00070","119","文本","情绪识别","多选题","4.50","委屈｜痛苦｜尴尬｜羡慕｜兴趣｜困惑｜敌意｜满足｜自满｜快乐","委屈｜困惑","4｜4","困惑｜痛苦","4｜5","否","已作答","50.00","50.00","50.00","2.25","15.34","5"
"ZJ20260813D35E590E","2026-08-16 11:29:08","46.66","15","ITEM-00109","88","音频","情绪推理","多选题","4.50","释然｜好奇｜厌倦｜失望｜敌意｜困惑｜愤怒｜自满｜感动｜怨恨","释然｜厌倦｜困惑","4｜4｜3","厌倦｜困惑","3｜3","否","已作答","80.00","87.50","83.00","3.73","52.54","6"
"ZJ20260813D35E590E","2026-08-16 11:29:08","46.66","16","ITEM-00086","79","音频","情绪推理","多选题","4.50","厌倦｜困惑｜委屈｜烦躁｜爱｜共情痛苦｜蔑视｜怀旧｜轻松｜愤怒","困惑｜烦躁｜共情痛苦","3｜4｜4","烦躁｜厌倦","4｜4","否","已作答","40.00","50.00","44.00","1.98","26.68","6"
"ZJ20260813D35E590E","2026-08-16 11:29:08","46.66","17","ITEM-00078","89","图像","情绪推理","多选题","4.50","悲伤｜焦虑｜惊讶｜蔑视｜内疚｜烦躁｜羡慕｜兴趣｜兴奋｜震惊","焦虑｜悲伤｜内疚","3｜2｜4","内疚｜悲伤","4｜3","否","已作答","80.00","87.50","83.00","3.73","20.38","7"
"ZJ20260813D35E590E","2026-08-16 11:29:08","46.66","18","ITEM-00085","76","视频","情绪识别","多选题","4.50","不屑｜失望｜厌恶｜绝望｜自豪｜满足｜羡慕｜愉悦｜兴奋｜困惑","自豪｜满足｜愉悦｜兴奋","4｜4｜4｜3","自豪｜兴奋","5｜5","否","已作答","66.67","62.50","65.00","2.92","41.65","12"
"ZJ20260813D35E590E","2026-08-16 11:29:08","46.66","19","ITEM-00145","69","音频","情绪识别","多选题","4.50","崇拜｜失望｜愤怒｜惊讶｜兴趣｜震惊｜愁闷｜释然｜感动｜愉悦","愤怒｜惊讶｜兴趣","4｜4｜3","愤怒｜震惊","4｜3","是","已作答","40.00","50.00","44.00","1.98","33.03","6"
"ZJ20260813D35E590E","2026-08-16 11:29:08","46.66","20","ITEM-00004","62","视频","情绪推理","单选题","3.50","兴奋｜感动｜羡慕｜惊喜｜烦躁｜焦虑｜释然｜希望｜尴尬｜失望","释然","3","尴尬","3","否","已作答","0.00","0.00","0.00","0.00","27.41","4"
"ZJ20260813D35E590E","2026-08-16 11:29:08","46.66","21","ITEM-00053","95","图像","情绪识别","多选题","4.50","抑郁｜渴望｜愁闷｜委屈｜感激｜恐惧｜爱｜绝望｜羡慕｜悲伤","抑郁｜愁闷｜悲伤","3｜4｜4","悲伤｜委屈｜绝望","3｜3｜5","否","已作答","33.33","25.00","30.00","1.35","14.46","6"
"ZJ20260813D35E590E","2026-08-16 11:29:08","46.66","22","ITEM-00008","30","图像","情绪识别","单选题","3.50","失望｜惊喜｜愁闷｜遗憾｜兴趣｜敌意｜焦虑｜震惊｜悲伤｜困惑","悲伤","2","困惑","3","未填写","已作答","0.00","0.00","0.00","0.00","25.36","5"
"ZJ20260813D35E590E","2026-08-16 11:29:08","46.66","23","ITEM-00100","10","视频","情绪推理","多选题","4.50","愤怒｜抑郁｜悲伤｜不屑｜遗憾｜得意｜绝望｜兴奋｜轻松｜感激","不屑｜得意｜轻松","4｜1｜2","不屑｜得意","4｜4","否","已作答","80.00","62.50","73.00","3.29","66.49","10"
"ZJ20260813D35E590E","2026-08-16 11:29:08","46.66","24","ITEM-00057","23","音频","情绪识别","单选题","3.50","惊喜｜轻松｜内疚｜紧张｜烦躁｜敌意｜怀旧｜爱｜自满｜震惊","惊喜","4","惊喜","5","否","已作答","100.00","75.00","90.00","3.15","34.16","3"
"ZJ20260816A2D8D9D8","2026-08-16 11:28:52","13.43","1","ITEM-00049","17","音频","情绪识别","单选题","3.50","怨恨｜感动｜兴奋｜蔑视｜希望｜快乐｜焦虑｜羞耻｜敌意｜平静","蔑视","3","敌意","4","是","已作答","0.00","0.00","0.00","0.00","5.43","2"
"ZJ20260816A2D8D9D8","2026-08-16 11:28:52","13.43","2","ITEM-00097","82","文本","情绪识别","多选题","4.50","尴尬｜轻松｜厌倦｜惊喜｜自满｜内疚｜羞耻｜嫉妒｜悲伤｜快乐","嫉妒","4","轻松｜快乐","4｜4","是","已作答","0.00","0.00","0.00","0.00","3.54","3"
"ZJ20260816A2D8D9D8","2026-08-16 11:28:52","13.43","3","ITEM-00149","60","视频","情绪推理","单选题","2.50","震惊｜紧张｜恐惧｜兴奋｜厌恶｜痛苦｜担忧｜自满｜失望｜困惑","自满","3","担忧","4","是","已作答","0.00","0.00","0.00","0.00","16.83","3"
"ZJ20260816A2D8D9D8","2026-08-16 11:28:52","13.43","4","ITEM-00066","113","图像","情绪识别","多选题","4.50","好奇｜震惊｜绝望｜审美欣赏｜释然｜失望｜渴望｜悲伤｜担忧｜痛苦","担忧","3","渴望｜痛苦｜悲伤｜绝望","4｜5｜5｜5","否","已作答","0.00","0.00","0.00","0.00","1.69","2"
"ZJ20260816A2D8D9D8","2026-08-16 11:28:52","13.43","5","ITEM-00119","49","图像","情绪识别","单选题","3.50","敌意｜羡慕｜冷静｜自豪｜平静｜厌倦｜烦躁｜感激｜痛苦｜嫉妒","痛苦","3","厌倦","3","是","已作答","0.00","0.00","0.00","0.00","1.86","2"
"ZJ20260816A2D8D9D8","2026-08-16 11:28:52","13.43","6","ITEM-00083","73","视频","情绪识别","多选题","4.50","爱｜抑郁｜感动｜平静｜震惊｜释然｜崇拜｜失望｜蔑视｜羡慕","蔑视","3","爱｜释然","5｜5","是","已作答","0.00","0.00","0.00","0.00","423.96","2"
"ZJ20260816A2D8D9D8","2026-08-16 11:28:52","13.43","7","ITEM-00100","10","视频","情绪推理","多选题","4.50","敌意｜恐惧｜兴奋｜得意｜不屑｜悲伤｜羡慕｜厌恶｜紧张｜惊讶","厌恶","3","不屑｜得意","4｜4","否","已作答","0.00","0.00","0.00","0.00","3.41","2"
"ZJ20260816A2D8D9D8","2026-08-16 11:28:52","13.43","8","ITEM-00040","53","文本","情绪识别","单选题","3.50","满足｜好奇｜羡慕｜怀旧｜厌倦｜内疚｜痛苦｜怨恨｜恐惧｜敌意","怨恨","3","怨恨","5","是","已作答","100.00","50.00","80.00","2.80","1.34","2"
"ZJ20260816A2D8D9D8","2026-08-16 11:28:52","13.43","9","ITEM-00130","104","图像","情绪识别","多选题","4.50","失望｜愤怒｜兴奋｜焦虑｜崇拜｜敌意｜遗憾｜困惑｜震惊｜尴尬","敌意","2","愤怒｜震惊","5｜4","是","已作答","0.00","0.00","0.00","0.00","2.64","3"
"ZJ20260816A2D8D9D8","2026-08-16 11:28:52","13.43","10","ITEM-00045","2","音频","情绪识别","单选题","3.50","好奇｜愤怒｜尴尬｜感激｜自满｜烦躁｜紧张｜惊喜｜委屈｜感动","紧张","3","紧张","3","否","已作答","100.00","100.00","100.00","3.50","2.44","2"
"ZJ20260816A2D8D9D8","2026-08-16 11:28:52","13.43","11","ITEM-00010","63","文本","情绪识别","多选题","4.50","失望｜自满｜感动｜不屑｜悲伤｜怨恨｜释然｜兴奋｜惊喜｜烦躁","释然","2","惊喜｜兴奋","4｜4","未填写","已作答","0.00","0.00","0.00","0.00","2.22","2"
"ZJ20260816A2D8D9D8","2026-08-16 11:28:52","13.43","12","ITEM-00146","118","文本","情绪识别","多选题","4.50","自豪｜感激｜委屈｜失望｜不屑｜怨恨｜平静｜烦躁｜愉悦｜自满","平静","4","烦躁｜失望","4｜4","是","已作答","0.00","0.00","0.00","0.00","6.75","3"
"ZJ20260816A2D8D9D8","2026-08-16 11:28:52","13.43","13","ITEM-00033","44","图像","情绪识别","单选题","3.50","怨恨｜惊喜｜渴望｜嫉妒｜冷静｜兴趣｜愁闷｜自豪｜惊讶｜快乐","惊讶","3","惊讶","5","未填写","已作答","100.00","50.00","80.00","2.80","1.32","1"
"ZJ20260816A2D8D9D8","2026-08-16 11:28:52","13.43","14","ITEM-00015","4","视频","情绪识别","单选题","3.50","委屈｜恐惧｜满足｜敌意｜担忧｜绝望｜蔑视｜释然｜平静｜怨恨","释然","5","绝望","4","未填写","已作答","0.00","0.00","0.00","0.00","2.07","2"
"ZJ20260816A2D8D9D8","2026-08-16 11:28:52","13.43","15","ITEM-00094","88","音频","情绪识别","多选题","4.50","遗憾｜兴奋｜自豪｜愁闷｜兴趣｜委屈｜希望｜渴望｜愉悦｜绝望","希望","1","渴望｜兴趣","4｜5","未填写","已作答","0.00","0.00","0.00","0.00","1.10","2"
"ZJ20260816A2D8D9D8","2026-08-16 11:28:52","13.43","16","ITEM-00102","57","视频","情绪推理","多选题","4.50","烦躁｜失望｜愤怒｜委屈｜痛苦｜羞耻｜兴趣｜好奇｜冷静｜遗憾","委屈","4","愤怒｜烦躁","5｜5","未填写","已作答","0.00","0.00","0.00","0.00","2.59","2"
"ZJ20260816A2D8D9D8","2026-08-16 11:28:52","13.43","17","ITEM-00133","99","图像","情绪识别","多选题","4.50","感激｜感动｜平静｜怨恨｜焦虑｜自满｜失望｜敌意｜紧张｜期待","敌意｜自满","3｜2","平静｜期待","4｜4","否","已作答","0.00","0.00","0.00","0.00","6.62","4"
"ZJ20260816A2D8D9D8","2026-08-16 11:28:52","13.43","18","ITEM-00110","59","文本","情绪推理","多选题","4.50","愤怒｜渴望｜共情痛苦｜尴尬｜羡慕｜自满｜痛苦｜紧张｜抑郁｜震惊","痛苦","4","痛苦｜抑郁","4｜4","未填写","已作答","66.67","50.00","60.00","2.70","2.62","2"
"ZJ20260816A2D8D9D8","2026-08-16 11:28:52","13.43","19","ITEM-00125","85","视频","情绪识别","多选题","4.50","兴趣｜愉悦｜焦虑｜共情痛苦｜恐惧｜不屑｜感激｜嫉妒｜自豪｜轻松","感激","2","感激｜愉悦｜不屑","5｜5｜3","是","已作答","50.00","8.33","33.33","1.50","3.18","3"
"ZJ20260816A2D8D9D8","2026-08-16 11:28:52","13.43","20","ITEM-00137","69","音频","情绪识别","多选题","4.50","愤怒｜轻视｜渴望｜羡慕｜愁闷｜担忧｜失望｜羞耻｜感激｜愉悦","担忧","5","愤怒｜轻视","4｜4","未填写","已作答","0.00","0.00","0.00","0.00","1.79","2"
"ZJ20260816A2D8D9D8","2026-08-16 11:28:52","13.43","21","ITEM-00078","89","图像","情绪推理","多选题","4.50","焦虑｜悲伤｜兴奋｜嫉妒｜蔑视｜内疚｜共情痛苦｜崇拜｜惊讶｜自豪","兴奋","2","内疚｜悲伤","4｜3","未填写","已作答","0.00","0.00","0.00","0.00","5.34","4"
"ZJ20260816A2D8D9D8","2026-08-16 11:28:52","13.43","22","ITEM-00142","68","文本","情绪推理","单选题","3.50","崇拜｜抑郁｜焦虑｜兴趣｜怀旧｜敌意｜内疚｜不屑｜绝望｜共情痛苦","内疚","2","敌意","4","是","已作答","0.00","0.00","0.00","0.00","4.69","3"
"ZJ20260816A2D8D9D8","2026-08-16 11:28:52","13.43","23","ITEM-00086","79","音频","情绪推理","多选题","4.50","释然｜崇拜｜满足｜羡慕｜共情痛苦｜轻松｜厌倦｜愤怒｜焦虑｜烦躁","轻松","3","烦躁｜厌倦","4｜4","未填写","已作答","0.00","0.00","0.00","0.00","1.70","1"
"ZJ20260816A2D8D9D8","2026-08-16 11:28:52","13.43","24","ITEM-00138","22","音频","情绪推理","多选题","4.50","不屑｜可惜｜兴趣｜厌恶｜恐惧｜震惊｜蔑视｜审美欣赏｜崇拜｜羡慕","蔑视","2","不屑｜可惜","4｜3","未填写","已作答","0.00","0.00","0.00","0.00","12.75","2"
"ZJ202608168C923637","2026-08-16 11:28:27","42.87","1","ITEM-00076","78","音频","情绪识别","多选题","4.50","嫉妒｜抑郁｜羞耻｜烦躁｜审美欣赏｜自满｜委屈｜感动｜愁闷｜共情痛苦","烦躁","4","羞耻｜烦躁","4｜5","是","已作答","66.67","37.50","55.00","2.47","29.63","3"
"ZJ202608168C923637","2026-08-16 11:28:27","42.87","2","ITEM-00110","59","文本","情绪推理","多选题","4.50","敌意｜失望｜不屑｜愉悦｜痛苦｜担忧｜抑郁｜渴望｜蔑视｜兴趣","失望｜痛苦","4｜5","痛苦｜抑郁","4｜4","是","已作答","50.00","37.50","45.00","2.02","23.02","5"
"ZJ202608168C923637","2026-08-16 11:28:27","42.87","3","ITEM-00093","75","音频","情绪识别","多选题","4.50","悲伤｜释然｜羡慕｜冷静｜委屈｜内疚｜紧张｜蔑视｜愉悦｜惊讶","悲伤｜委屈","3｜5","委屈｜悲伤","5｜5","否","已作答","100.00","75.00","90.00","4.05","19.41","4"
"ZJ202608168C923637","2026-08-16 11:28:27","42.87","4","ITEM-00047","90","图像","情绪识别","多选题","4.50","愉悦｜好奇｜蔑视｜自满｜轻松｜惊喜｜抑郁｜焦虑｜快乐｜爱","愉悦｜轻松","4｜5","惊喜｜快乐｜愉悦","5｜5｜5","是","已作答","40.00","25.00","34.00","1.53","16.40","5"
"ZJ202608168C923637","2026-08-16 11:28:27","42.87","5","ITEM-00002","6","视频","情绪推理","单选题","3.50","痛苦｜好奇｜希望｜震惊｜平静｜紧张｜委屈｜感动｜羞耻｜爱","爱","4","感动","3","否","已作答","0.00","0.00","0.00","0.00","15.89","3"
"ZJ202608168C923637","2026-08-16 11:28:27","42.87","6","ITEM-00112","35","图像","情绪识别","单选题","3.50","抑郁｜烦躁｜紧张｜厌恶｜感激｜不屑｜爱｜兴奋｜崇拜｜恐惧","厌恶","4","烦躁","4","是","已作答","0.00","0.00","0.00","0.00","16.04","3"
"ZJ202608168C923637","2026-08-16 11:28:27","42.87","7","ITEM-00079","61","视频","情绪推理","多选题","4.50","愤怒｜委屈｜兴趣｜困惑｜冷静｜满足｜悲伤｜愁闷｜羞耻｜不屑","冷静","3","委屈｜悲伤","3｜3","是","已作答","0.00","0.00","0.00","0.00","20.30","2"
"ZJ202608168C923637","2026-08-16 11:28:27","42.87","8","ITEM-00070","119","文本","情绪识别","多选题","4.50","失望｜委屈｜痛苦｜敌意｜紧张｜好奇｜困惑｜震惊｜愁闷｜兴奋","痛苦","4","困惑｜痛苦","4｜5","是","已作答","66.67","37.50","55.00","2.47","14.51","3"
"ZJ202608168C923637","2026-08-16 11:28:27","42.87","9","ITEM-00150","86","视频","情绪推理","多选题","4.50","共情痛苦｜自豪｜抑郁｜遗憾｜满足｜快乐｜绝望｜敌意｜内疚｜兴趣","快乐","4","满足｜快乐","4｜3","是","已作答","66.67","37.50","55.00","2.47","34.34","3"
"ZJ202608168C923637","2026-08-16 11:28:27","42.87","10","ITEM-00019","12","视频","情绪识别","单选题","3.50","崇拜｜烦躁｜委屈｜自满｜羡慕｜好奇｜痛苦｜敌意｜紧张｜冷静","烦躁","3","烦躁","4","否","已作答","100.00","75.00","90.00","3.15","19.38","3"
"ZJ202608168C923637","2026-08-16 11:28:27","42.87","11","ITEM-00124","22","音频","情绪识别","单选题","3.50","遗憾｜怀旧｜感激｜满足｜委屈｜共情痛苦｜释然｜厌倦｜尴尬｜敌意","感激","4","释然","3","是","已作答","0.00","0.00","0.00","0.00","11.23","3"
"ZJ202608168C923637","2026-08-16 11:28:27","42.87","12","ITEM-00062","23","文本","情绪识别","单选题","3.50","释然｜快乐｜冷静｜渴望｜痛苦｜担忧｜惊喜｜羡慕｜烦躁｜困惑","快乐","5","惊喜","5","是","已作答","0.00","0.00","0.00","0.00","18.81","3"
"ZJ202608168C923637","2026-08-16 11:28:27","42.87","13","ITEM-00078","89","图像","情绪推理","多选题","4.50","厌恶｜敌意｜愁闷｜震惊｜内疚｜委屈｜轻松｜兴趣｜悲伤｜怨恨","愁闷｜悲伤","3｜5","内疚｜悲伤","4｜3","是","已作答","50.00","25.00","40.00","1.80","11.82","4"
"ZJ202608168C923637","2026-08-16 11:28:27","42.87","14","ITEM-00127","87","视频","情绪识别","多选题","4.50","渴望｜抑郁｜同情｜愁闷｜震惊｜悲伤｜蔑视｜愤怒｜希望｜羞耻","同情","3","震惊｜蔑视｜同情","4｜4｜3","否","已作答","50.00","33.33","43.33","1.95","26.14","2"
"ZJ202608168C923637","2026-08-16 11:28:27","42.87","15","ITEM-00009","7","音频","情绪识别","单选题","3.50","自豪｜共情痛苦｜平静｜蔑视｜崇拜｜紧张｜愤怒｜希望｜困惑｜爱","紧张","4","紧张","2","是","已作答","100.00","50.00","80.00","2.80","23.16","3"
"ZJ202608168C923637","2026-08-16 11:28:27","42.87","16","ITEM-00034","43","图像","情绪识别","单选题","3.50","爱｜担忧｜感动｜悲伤｜困惑｜轻松｜痛苦｜自豪｜共情痛苦｜感激","爱","4","爱","5","是","已作答","100.00","75.00","90.00","3.15","14.11","3"
"ZJ202608168C923637","2026-08-16 11:28:27","42.87","17","ITEM-00146","118","文本","情绪识别","多选题","4.50","敌意｜失望｜共情痛苦｜委屈｜兴趣｜快乐｜烦躁｜愁闷｜恐惧｜厌倦","失望","4","烦躁｜失望","4｜4","是","已作答","66.67","50.00","60.00","2.70","43.59","3"
"ZJ202608168C923637","2026-08-16 11:28:27","42.87","18","ITEM-00109","88","音频","情绪推理","多选题","4.50","释然｜困惑｜轻松｜厌倦｜愤怒｜满足｜愉悦｜怨恨｜渴望｜惊讶","厌倦｜愤怒","3｜3","厌倦｜困惑","3｜3","否","已作答","50.00","50.00","50.00","2.25","55.26","4"
"ZJ202608168C923637","2026-08-16 11:28:27","42.87","19","ITEM-00086","79","音频","情绪推理","多选题","4.50","感动｜抑郁｜崇拜｜敌意｜委屈｜自豪｜厌倦｜好奇｜烦躁｜惊讶","烦躁","4","烦躁｜厌倦","4｜4","是","已作答","66.67","50.00","60.00","2.70","12.05","3"
"ZJ202608168C923637","2026-08-16 11:28:27","42.87","20","ITEM-00143","71","文本","情绪推理","单选题","3.50","烦躁｜不屑｜希望｜敌意｜尴尬｜痛苦｜担忧｜困惑｜感动｜自豪","痛苦","4","不屑","3","否","已作答","0.00","0.00","0.00","0.00","10.46","3"
"ZJ202608168C923637","2026-08-16 11:28:27","42.87","21","ITEM-00134","67","文本","情绪识别","多选题","4.50","蔑视｜敌意｜抑郁｜渴望｜冷静｜烦躁｜不屑｜轻松｜痛苦｜兴奋","敌意｜烦躁","4｜3","不屑｜敌意","5｜3","是","已作答","50.00","37.50","45.00","2.02","15.23","4"
"ZJ202608168C923637","2026-08-16 11:28:27","42.87","22","ITEM-00043","65","视频","情绪识别","多选题","4.50","失望｜愉悦｜惊喜｜感动｜渴望｜感激｜怀旧｜遗憾｜兴奋｜恐惧","怀旧","4","怀旧｜感动｜愉悦｜遗憾","5｜3｜3｜5","否","已作答","40.00","18.75","31.50","1.42","12.47","3"
"ZJ202608168C923637","2026-08-16 11:28:27","42.87","23","ITEM-00130","104","图像","情绪识别","多选题","4.50","困惑｜厌倦｜愁闷｜尴尬｜自豪｜惊讶｜自满｜愤怒｜震惊｜冷静","愤怒","4","愤怒｜震惊","5｜4","是","已作答","66.67","37.50","55.00","2.47","7.72","3"
"ZJ202608168C923637","2026-08-16 11:28:27","42.87","24","ITEM-00055","98","图像","情绪识别","多选题","4.50","自满｜烦躁｜担忧｜愉悦｜绝望｜快乐｜羞耻｜兴奋｜感动｜轻松","愉悦","4","兴奋｜轻松｜愉悦｜快乐","5｜5｜5｜5","是","已作答","40.00","18.75","31.50","1.42","14.26","3"
"ZJ20260816E188C8AB","2026-08-16 11:28:16","41.64","1","ITEM-00069","117","文本","情绪识别","多选题","4.50","惊讶｜审美欣赏｜愤怒｜爱｜羡慕｜愉悦｜感激｜敌意｜平静｜内疚","爱","3","感激｜爱｜愉悦","4｜4｜5","否","已作答","50.00","25.00","40.00","1.80","14.29","2"
"ZJ20260816E188C8AB","2026-08-16 11:28:16","41.64","2","ITEM-00078","89","图像","情绪推理","多选题","4.50","惊喜｜抑郁｜感动｜悲伤｜轻松｜愁闷｜自满｜怨恨｜羞耻｜内疚","内疚","3","内疚｜悲伤","4｜3","否","已作答","66.67","37.50","55.00","2.47","16.15","2"
"ZJ20260816E188C8AB","2026-08-16 11:28:16","41.64","3","ITEM-00091","59","音频","情绪识别","多选题","4.50","紧张｜恐惧｜满足｜内疚｜不屑｜敌意｜抑郁｜痛苦｜兴奋｜厌恶","紧张｜恐惧","3｜5","内疚｜痛苦","5｜5","否","已作答","0.00","0.00","0.00","0.00","20.87","5"
"ZJ20260816E188C8AB","2026-08-16 11:28:16","41.64","4","ITEM-00098","1","视频","情绪推理","多选题","4.50","遗憾｜释然｜敌意｜抑郁｜自豪｜快乐｜感激｜愤怒｜痛苦｜满足","自豪","4","感激｜自豪｜满足","4｜3｜4","否","已作答","50.00","25.00","40.00","1.80","36.58","3"
"ZJ20260816E188C8AB","2026-08-16 11:28:16","41.64","5","ITEM-00063","110","图像","情绪识别","多选题","4.50","愤怒｜愉悦｜轻松｜希望｜绝望｜担忧｜惊讶｜惊喜｜烦躁｜恐惧","希望｜轻松","2｜4","轻松｜愉悦","5｜4","否","已作答","50.00","37.50","45.00","2.02","27.95","5"
"ZJ20260816E188C8AB","2026-08-16 11:28:16","41.64","6","ITEM-00081","58","视频","情绪识别","多选题","4.50","审美欣赏｜失望｜愁闷｜厌恶｜羞耻｜怀旧｜震惊｜自豪｜共情痛苦｜好奇","审美欣赏｜怀旧","3｜5","审美欣赏｜怀旧","5｜3","未填写","已作答","100.00","50.00","80.00","3.60","69.55","4"
"ZJ20260816E188C8AB","2026-08-16 11:28:16","41.64","7","ITEM-00065","112","图像","情绪识别","多选题","4.50","感动｜厌倦｜遗憾｜释然｜尴尬｜不屑｜轻松｜悲伤｜嫉妒｜失望","感动｜释然","5｜3","悲伤｜遗憾｜感动｜释然","3｜4｜4｜4","是","已作答","66.67","37.50","55.00","2.47","31.27","5"
"ZJ20260816E188C8AB","2026-08-16 11:28:16","41.64","8","ITEM-00002","6","视频","情绪推理","单选题","3.50","惊讶｜渴望｜担忧｜兴趣｜轻松｜审美欣赏｜羞耻｜失望｜遗憾｜感动","感动","4","感动","3","否","已作答","100.00","75.00","90.00","3.15","38.21","5"
"ZJ20260816E188C8AB","2026-08-16 11:28:16","41.64","9","ITEM-00082","72","视频","情绪识别","多选题","4.50","悲伤｜兴奋｜紧张｜厌倦｜不屑｜焦虑｜冷静｜抑郁｜羞耻｜自豪","紧张","5","焦虑｜紧张","4｜5","否","已作答","66.67","50.00","60.00","2.70","55.68","6"
"ZJ20260816E188C8AB","2026-08-16 11:28:16","41.64","10","ITEM-00140","63","文本","情绪推理","多选题","4.50","惊喜｜愤怒｜崇拜｜敌意｜兴奋｜轻松｜尴尬｜委屈｜怀旧｜愁闷","兴奋","5","惊喜｜兴奋","4｜4","否","已作答","66.67","37.50","55.00","2.47","13.63","3"
"ZJ20260816E188C8AB","2026-08-16 11:28:16","41.64","11","ITEM-00084","78","音频","情绪推理","多选题","4.50","感激｜愉悦｜快乐｜烦躁｜嫉妒｜痛苦｜审美欣赏｜绝望｜羞耻｜自豪","烦躁","5","羞耻｜烦躁","4｜5","否","已作答","66.67","50.00","60.00","2.70","22.09","4"
"ZJ20260816E188C8AB","2026-08-16 11:28:16","41.64","12","ITEM-00138","22","音频","情绪推理","多选题","4.50","希望｜可惜｜羞耻｜恐惧｜厌恶｜失望｜共情痛苦｜兴趣｜不屑｜焦虑","失望","3","不屑｜可惜","4｜3","否","已作答","0.00","0.00","0.00","0.00","85.89","4"
"ZJ20260816E188C8AB","2026-08-16 11:28:16","41.64","13","ITEM-00077","79","音频","情绪识别","多选题","4.50","轻松｜愉悦｜愤怒｜焦虑｜厌倦｜烦躁｜感激｜痛苦｜惊讶｜感动","愤怒","3","烦躁｜厌倦","4｜4","否","已作答","0.00","0.00","0.00","0.00","28.77","4"
"ZJ20260816E188C8AB","2026-08-16 11:28:16","41.64","14","ITEM-00045","2","音频","情绪识别","单选题","3.50","希望｜委屈｜抑郁｜轻松｜震惊｜满足｜崇拜｜紧张｜失望｜愉悦","委屈","5","紧张","3","未填写","已作答","0.00","0.00","0.00","0.00","33.98","2"
"ZJ20260816E188C8AB","2026-08-16 11:28:16","41.64","15","ITEM-00080","65","视频","情绪推理","多选题","4.50","感动｜怀旧｜渴望｜兴奋｜愉悦｜惊喜｜担忧｜震惊｜愁闷｜遗憾","遗憾｜愁闷","2｜4","怀旧｜感动｜愉悦｜遗憾","5｜3｜3｜5","未填写","已作答","33.33","6.25","22.50","1.01","34.22","4"
"ZJ20260816E188C8AB","2026-08-16 11:28:16","41.64","16","ITEM-00049","17","音频","情绪识别","单选题","3.50","敌意｜怀旧｜平静｜担忧｜蔑视｜厌恶｜厌倦｜失望｜委屈｜羞耻","失望","4","敌意","4","否","已作答","0.00","0.00","0.00","0.00","59.75","3"
"ZJ20260816E188C8AB","2026-08-16 11:28:16","41.64","17","ITEM-00096","74","文本","情绪识别","多选题","4.50","不屑｜厌恶｜感激｜审美欣赏｜愤怒｜绝望｜痛苦｜愉悦｜嫉妒｜厌倦","审美欣赏｜愉悦","3｜5","审美欣赏｜愉悦","5｜5","否","已作答","100.00","75.00","90.00","4.05","12.80","5"
"ZJ20260816E188C8AB","2026-08-16 11:28:16","41.64","18","ITEM-00060","18","文本","情绪识别","单选题","3.50","共情痛苦｜羞耻｜担忧｜爱｜感激｜内疚｜烦躁｜自满｜怀旧｜不屑","担忧","3","感激","3","未填写","已作答","0.00","0.00","0.00","0.00","21.95","1"
"ZJ20260816E188C8AB","2026-08-16 11:28:16","41.64","19","ITEM-00118","48","图像","情绪识别","单选题","3.50","内疚｜困惑｜焦虑｜羞耻｜遗憾｜敌意｜不屑｜恐惧｜自豪｜烦躁","困惑","5","困惑","4","未填写","已作答","100.00","75.00","90.00","3.15","8.38","2"
"ZJ20260816E188C8AB","2026-08-16 11:28:16","41.64","20","ITEM-00051","93","图像","情绪识别","单选题","3.50","烦躁｜遗憾｜委屈｜震惊｜惊讶｜绝望｜蔑视｜兴趣｜悲伤｜爱","委屈","5","悲伤","4","未填写","已作答","0.00","0.00","0.00","0.00","17.61","2"
"ZJ20260816E188C8AB","2026-08-16 11:28:16","41.64","21","ITEM-00021","14","视频","情绪识别","单选题","3.50","希望｜怀旧｜快乐｜自满｜审美欣赏｜震惊｜羞耻｜愁闷｜担忧｜羡慕","快乐","4","怀旧","4","是","已作答","0.00","0.00","0.00","0.00","52.18","6"
"ZJ20260816E188C8AB","2026-08-16 11:28:16","41.64","22","ITEM-00142","68","文本","情绪推理","单选题","3.50","怀旧｜烦躁｜内疚｜满足｜愉悦｜困惑｜自满｜愁闷｜敌意｜快乐","敌意","4","敌意","4","未填写","已作答","100.00","100.00","100.00","3.50","32.77","2"
"ZJ20260816E188C8AB","2026-08-16 11:28:16","41.64","23","ITEM-00146","118","文本","情绪识别","多选题","4.50","冷静｜自豪｜感激｜烦躁｜焦虑｜感动｜失望｜怀旧｜抑郁｜怨恨","失望｜怨恨","4｜3","烦躁｜失望","4｜4","否","已作答","50.00","50.00","50.00","2.25","54.58","4"
"ZJ20260816E188C8AB","2026-08-16 11:28:16","41.64","24","ITEM-00050","92","图像","情绪识别","多选题","4.50","烦躁｜担忧｜羞耻｜敌意｜愉悦｜怨恨｜不屑｜焦虑｜平静｜冷静","怨恨","4","敌意｜怨恨","5｜5","未填写","已作答","66.67","37.50","55.00","2.47","16.85","2"
"ZJ20260816B48828FC","2026-08-16 11:28:02","31.00","1","ITEM-00109","88","音频","情绪推理","多选题","4.50","烦躁｜希望｜自豪｜厌倦｜悲伤｜感激｜厌恶｜困惑｜焦虑｜恐惧","希望｜感激｜困惑","3｜3｜3","厌倦｜困惑","3｜3","是","已作答","40.00","50.00","44.00","1.98","19.46","4"
"ZJ20260816B48828FC","2026-08-16 11:28:02","31.00","2","ITEM-00126","86","视频","情绪识别","多选题","4.50","兴趣｜惊讶｜愉悦｜自满｜厌恶｜希望｜蔑视｜恐惧｜困惑｜羞耻","愉悦｜兴趣｜惊讶","3｜3｜3","惊讶｜愉悦","4｜5","是","已作答","80.00","62.50","73.00","3.29","40.65","4"
"ZJ20260816B48828FC","2026-08-16 11:28:02","31.00","3","ITEM-00009","7","音频","情绪识别","单选题","3.50","抑郁｜释然｜紧张｜愤怒｜共情痛苦｜羡慕｜敌意｜平静｜内疚｜厌倦","紧张","3","紧张","2","是","已作答","100.00","75.00","90.00","3.15","31.34","2"
"ZJ20260816B48828FC","2026-08-16 11:28:02","31.00","4","ITEM-00060","18","文本","情绪识别","单选题","3.50","释然｜困惑｜绝望｜共情痛苦｜感激｜愁闷｜感动｜羞耻｜担忧｜愤怒","感动","4","感激","3","否","已作答","0.00","0.00","0.00","0.00","22.93","4"
"ZJ20260816B48828FC","2026-08-16 11:28:02","31.00","5","ITEM-00022","16","视频","情绪识别","单选题","3.50","羡慕｜厌恶｜担忧｜委屈｜痛苦｜怀旧｜抑郁｜震惊｜嫉妒｜轻松","震惊","3","震惊","5","是","已作答","100.00","50.00","80.00","2.80","29.29","3"
"ZJ20260816B48828FC","2026-08-16 11:28:02","31.00","6","ITEM-00102","57","视频","情绪推理","多选题","4.50","兴奋｜自豪｜怀旧｜烦躁｜厌恶｜愤怒｜审美欣赏｜抑郁｜感激｜不屑","愤怒","3","愤怒｜烦躁","5｜5","否","已作答","66.67","25.00","50.00","2.25","60.27","2"
"ZJ20260816B48828FC","2026-08-16 11:28:02","31.00","7","ITEM-00068","116","文本","情绪识别","多选题","4.50","尴尬｜紧张｜惊讶｜爱｜羡慕｜希望｜不屑｜惊喜｜绝望｜厌恶","紧张","3","厌恶｜不屑","4｜4","否","已作答","0.00","0.00","0.00","0.00","32.36","2"
"ZJ20260816B48828FC","2026-08-16 11:28:02","31.00","8","ITEM-00064","111","图像","情绪识别","多选题","4.50","惊讶｜愉悦｜轻松｜震惊｜释然｜不屑｜愤怒｜快乐｜厌倦｜审美欣赏","愉悦｜快乐","3｜3","释然｜愉悦","3｜5","否","已作答","50.00","25.00","40.00","1.80","14.92","3"
"ZJ20260816B48828FC","2026-08-16 11:28:02","31.00","9","ITEM-00139","37","图像","情绪推理","多选题","4.50","焦虑｜痛苦｜敬畏｜震惊｜释然｜满足｜共情痛苦｜愤怒｜抑郁｜冷静","满足","3","焦虑｜敬畏","3｜4","是","已作答","0.00","0.00","0.00","0.00","15.78","2"
"ZJ20260816B48828FC","2026-08-16 11:28:02","31.00","10","ITEM-00145","69","音频","情绪识别","多选题","4.50","释然｜愤怒｜抑郁｜愁闷｜烦躁｜震惊｜冷静｜好奇｜委屈｜轻松","愤怒","3","愤怒｜震惊","4｜3","是","已作答","66.67","37.50","55.00","2.47","40.40","2"
"ZJ20260816B48828FC","2026-08-16 11:28:02","31.00","11","ITEM-00093","75","音频","情绪识别","多选题","4.50","共情痛苦｜爱｜怨恨｜委屈｜轻松｜怀旧｜尴尬｜焦虑｜悲伤｜愁闷","委屈","3","委屈｜悲伤","5｜5","是","已作答","66.67","25.00","50.00","2.25","18.48","2"
"ZJ20260816B48828FC","2026-08-16 11:28:02","31.00","12","ITEM-00131","115","图像","情绪识别","多选题","4.50","委屈｜愉悦｜羡慕｜审美欣赏｜敌意｜遗憾｜兴奋｜痛苦｜悲伤｜尴尬","审美欣赏","3","兴奋｜愉悦","3｜4","否","已作答","0.00","0.00","0.00","0.00","7.93","2"
"ZJ20260816B48828FC","2026-08-16 11:28:02","31.00","13","ITEM-00002","6","视频","情绪推理","单选题","3.50","希望｜快乐｜内疚｜绝望｜共情痛苦｜兴奋｜感动｜好奇｜羡慕｜轻松","内疚","3","感动","3","是","已作答","0.00","0.00","0.00","0.00","18.45","2"
"ZJ20260816B48828FC","2026-08-16 11:28:02","31.00","14","ITEM-00142","68","文本","情绪推理","单选题","3.50","快乐｜担忧｜惊喜｜嫉妒｜不屑｜敌意｜委屈｜共情痛苦｜感激｜痛苦","嫉妒","3","敌意","4","否","已作答","0.00","0.00","0.00","0.00","22.74","2"
"ZJ20260816B48828FC","2026-08-16 11:28:02","31.00","15","ITEM-00116","46","图像","情绪识别","单选题","3.50","尴尬｜感动｜好奇｜羞耻｜蔑视｜审美欣赏｜委屈｜悲伤｜兴奋｜紧张","感动","3","悲伤","5","是","已作答","0.00","0.00","0.00","0.00","13.74","2"
"ZJ20260816B48828FC","2026-08-16 11:28:02","31.00","16","ITEM-00065","112","图像","情绪识别","多选题","4.50","烦躁｜好奇｜自豪｜渴望｜释然｜遗憾｜厌恶｜感动｜悲伤｜惊讶","悲伤","3","悲伤｜遗憾｜感动｜释然","3｜4｜4｜4","否","已作答","40.00","25.00","34.00","1.53","13.04","2"
"ZJ20260816B48828FC","2026-08-16 11:28:02","31.00","17","ITEM-00051","93","图像","情绪识别","单选题","3.50","羡慕｜敌意｜悲伤｜痛苦｜嫉妒｜厌恶｜内疚｜希望｜好奇｜怨恨","厌恶","3","悲伤","4","是","已作答","0.00","0.00","0.00","0.00","10.34","2"
"ZJ20260816B48828FC","2026-08-16 11:28:02","31.00","18","ITEM-00087","77","视频","情绪识别","多选题","4.50","快乐｜惊喜｜抑郁｜释然｜悲伤｜怀旧｜兴奋｜爱｜怨恨｜遗憾","爱","3","兴奋｜爱｜惊喜","5｜5｜5","未填写","已作答","50.00","16.67","36.67","1.65","16.26","1"
"ZJ20260816B48828FC","2026-08-16 11:28:02","31.00","19","ITEM-00134","67","文本","情绪识别","多选题","4.50","冷静｜内疚｜好奇｜尴尬｜蔑视｜渴望｜不屑｜敌意｜满足｜羡慕","蔑视","3","不屑｜敌意","5｜3","是","已作答","0.00","0.00","0.00","0.00","32.08","3"
"ZJ20260816B48828FC","2026-08-16 11:28:02","31.00","20","ITEM-00108","59","音频","情绪推理","多选题","4.50","惊喜｜好奇｜痛苦｜委屈｜敌意｜恐惧｜愤怒｜平静｜抑郁｜烦躁","痛苦｜好奇｜平静","3｜3｜3","痛苦｜抑郁","4｜4","是","已作答","40.00","37.50","39.00","1.75","22.64","4"
"ZJ20260816B48828FC","2026-08-16 11:28:02","31.00","21","ITEM-00146","118","文本","情绪识别","多选题","4.50","轻松｜失望｜烦躁｜好奇｜自满｜愉悦｜怀旧｜兴趣｜内疚｜敌意","烦躁｜愉悦","3｜3","烦躁｜失望","4｜4","是","已作答","50.00","37.50","45.00","2.02","26.14","3"
"ZJ20260816B48828FC","2026-08-16 11:28:02","31.00","22","ITEM-00101","55","视频","情绪推理","多选题","4.50","平静｜惊喜｜感激｜尴尬｜抑郁｜困惑｜爱｜释然｜遗憾｜内疚","惊喜｜释然","3｜3","尴尬｜困惑","4｜4","是","已作答","0.00","0.00","0.00","0.00","42.94","3"
"ZJ20260816B48828FC","2026-08-16 11:28:02","31.00","23","ITEM-00057","23","音频","情绪识别","单选题","3.50","困惑｜悲伤｜羞耻｜快乐｜担忧｜惊喜｜抑郁｜好奇｜烦躁｜痛苦","烦躁","3","惊喜","5","否","已作答","0.00","0.00","0.00","0.00","17.53","3"
"ZJ20260816B48828FC","2026-08-16 11:28:02","31.00","24","ITEM-00140","63","文本","情绪推理","多选题","4.50","审美欣赏｜震惊｜释然｜崇拜｜不屑｜爱｜担忧｜感激｜惊喜｜兴奋","兴奋｜惊喜","3｜3","惊喜｜兴奋","4｜4","是","已作答","100.00","75.00","90.00","4.05","25.14","3"
"ZJ20260816FA3B9E24","2026-08-16 11:27:17","47.20","1","ITEM-00137","69","音频","情绪识别","多选题","4.50","愉悦｜轻视｜厌倦｜感动｜嫉妒｜渴望｜愤怒｜抑郁｜痛苦｜烦躁","轻视｜愤怒","4｜5","愤怒｜轻视","4｜4","否","已作答","100.00","87.50","95.00","4.28","17.69","5"
"ZJ20260816FA3B9E24","2026-08-16 11:27:17","47.20","2","ITEM-00120","105","图像","情绪识别","单选题","3.50","怀旧｜兴奋｜抑郁｜惊喜｜紧张｜愉悦｜渴望｜快乐｜轻松｜困惑","紧张","4","紧张","3","否","已作答","100.00","75.00","90.00","3.15","11.75","3"
"ZJ20260816FA3B9E24","2026-08-16 11:27:17","47.20","3","ITEM-00035","96","图像","情绪识别","单选题","3.50","自豪｜悲伤｜自满｜爱｜怀旧｜惊讶｜共情痛苦｜渴望｜恐惧｜希望","恐惧","5","惊讶","5","否","已作答","0.00","0.00","0.00","0.00","12.65","5"
"ZJ20260816FA3B9E24","2026-08-16 11:27:17","47.20","4","ITEM-00097","82","文本","情绪识别","多选题","4.50","担忧｜焦虑｜轻松｜感动｜失望｜快乐｜怀旧｜希望｜蔑视｜恐惧","轻松｜希望｜蔑视｜恐惧｜怀旧","4｜3｜4｜2｜4","轻松｜快乐","4｜4","否","已作答","28.57","50.00","37.14","1.67","35.03","13"
"ZJ20260816FA3B9E24","2026-08-16 11:27:17","47.20","5","ITEM-00135","68","文本","情绪识别","多选题","4.50","满足｜紧张｜渴望｜爱｜不屑｜遗憾｜崇拜｜担忧｜惊吓｜嫉妒","不屑｜担忧","3｜5","不屑｜惊吓","5｜4","否","已作答","50.00","25.00","40.00","1.80","17.27","4"
"ZJ20260816FA3B9E24","2026-08-16 11:27:17","47.20","6","ITEM-00045","2","音频","情绪识别","单选题","3.50","紧张｜怀旧｜悲伤｜绝望｜蔑视｜冷静｜焦虑｜自豪｜羞耻｜愤怒","愤怒","5","紧张","3","否","已作答","0.00","0.00","0.00","0.00","17.93","3"
"ZJ20260816FA3B9E24","2026-08-16 11:27:17","47.20","7","ITEM-00050","92","图像","情绪识别","多选题","4.50","羡慕｜敌意｜轻松｜满足｜惊喜｜愉悦｜怨恨｜悲伤｜惊讶｜释然","敌意｜怨恨｜悲伤","5｜4｜5","敌意｜怨恨","5｜5","否","已作答","80.00","87.50","83.00","3.73","19.70","8"
"ZJ20260816FA3B9E24","2026-08-16 11:27:17","47.20","8","ITEM-00078","89","图像","情绪推理","多选题","4.50","悲伤｜烦躁｜自满｜渴望｜共情痛苦｜委屈｜内疚｜绝望｜满足｜自豪","悲伤｜绝望","5｜5","内疚｜悲伤","4｜3","否","已作答","50.00","25.00","40.00","1.80","15.19","5"
"ZJ20260816FA3B9E24","2026-08-16 11:27:17","47.20","9","ITEM-00074","121","文本","情绪识别","单选题","3.50","羡慕｜快乐｜感激｜绝望｜委屈｜怨恨｜自豪｜愉悦｜希望｜共情痛苦","共情痛苦","5","自豪","5","否","已作答","0.00","0.00","0.00","0.00","17.29","4"
"ZJ20260816FA3B9E24","2026-08-16 11:27:17","47.20","10","ITEM-00065","112","图像","情绪识别","多选题","4.50","悲伤｜感激｜感动｜释然｜羡慕｜审美欣赏｜怀旧｜怨恨｜厌倦｜遗憾","悲伤｜释然｜遗憾","5｜4｜5","悲伤｜遗憾｜感动｜释然","3｜4｜4｜4","否","已作答","85.71","56.25","73.93","3.33","9.89","7"
"ZJ20260816FA3B9E24","2026-08-16 11:27:17","47.20","11","ITEM-00096","74","文本","情绪识别","多选题","4.50","愉悦｜审美欣赏｜愤怒｜烦躁｜共情痛苦｜羡慕｜惊喜｜困惑｜快乐｜释然","愉悦｜审美欣赏｜惊喜｜快乐","5｜3｜4｜5","审美欣赏｜愉悦","5｜5","否","已作答","66.67","75.00","70.00","3.15","19.76","8"
"ZJ20260816FA3B9E24","2026-08-16 11:27:17","47.20","12","ITEM-00049","17","音频","情绪识别","单选题","3.50","委屈｜失望｜兴奋｜轻松｜愉悦｜惊讶｜平静｜敌意｜紧张｜怨恨","敌意","5","敌意","4","否","已作答","100.00","75.00","90.00","3.15","24.15","4"
"ZJ20260816FA3B9E24","2026-08-16 11:27:17","47.20","13","ITEM-00047","90","图像","情绪识别","多选题","4.50","不屑｜紧张｜兴奋｜爱｜惊喜｜愉悦｜蔑视｜快乐｜好奇｜冷静","兴奋｜快乐｜愉悦","4｜5｜5","惊喜｜快乐｜愉悦","5｜5｜5","否","已作答","66.67","66.67","66.67","3.00","14.49","7"
"ZJ20260816FA3B9E24","2026-08-16 11:27:17","47.20","14","ITEM-00102","57","视频","情绪推理","多选题","4.50","蔑视｜愤怒｜遗憾｜渴望｜震惊｜失望｜烦躁｜满足｜嫉妒｜感激","蔑视｜愤怒｜失望｜烦躁","4｜5｜5｜5","愤怒｜烦躁","5｜5","否","已作答","66.67","100.00","80.00","3.60","21.64","9"
"ZJ20260816FA3B9E24","2026-08-16 11:27:17","47.20","15","ITEM-00044","80","视频","情绪识别","多选题","4.50","担忧｜恐惧｜紧张｜兴奋｜内疚｜共情痛苦｜失望｜轻松｜惊讶｜感激","担忧｜恐惧","5｜4","紧张｜惊讶","4｜4","否","已作答","0.00","0.00","0.00","0.00","15.08","6"
"ZJ20260816FA3B9E24","2026-08-16 11:27:17","47.20","16","ITEM-00148","62","视频","情绪识别","单选题","3.50","羡慕｜担忧｜满足｜爱｜惊喜｜烦躁｜恐惧｜愉悦｜尴尬｜焦虑","尴尬","5","尴尬","3","否","已作答","100.00","50.00","80.00","2.80","21.15","3"
"ZJ20260816FA3B9E24","2026-08-16 11:27:17","47.20","17","ITEM-00140","63","文本","情绪推理","多选题","4.50","痛苦｜快乐｜失望｜冷静｜烦躁｜兴趣｜审美欣赏｜惊喜｜渴望｜兴奋","惊喜","4","惊喜｜兴奋","4｜4","否","已作答","66.67","50.00","60.00","2.70","12.08","3"
"ZJ20260816FA3B9E24","2026-08-16 11:27:17","47.20","18","ITEM-00084","78","音频","情绪推理","多选题","4.50","抑郁｜羞耻｜惊讶｜失望｜内疚｜烦躁｜尴尬｜担忧｜绝望｜感激","羞耻｜尴尬｜烦躁","5｜3｜4","羞耻｜烦躁","4｜5","否","已作答","80.00","75.00","78.00","3.51","18.38","6"
"ZJ20260816FA3B9E24","2026-08-16 11:27:17","47.20","19","ITEM-00127","87","视频","情绪识别","多选题","4.50","平静｜自豪｜绝望｜共情痛苦｜抑郁｜紧张｜蔑视｜厌倦｜同情｜震惊","平静｜同情","3｜4","震惊｜蔑视｜同情","4｜4｜3","否","已作答","40.00","25.00","34.00","1.53","28.32","4"
"ZJ20260816FA3B9E24","2026-08-16 11:27:17","47.20","20","ITEM-00150","86","视频","情绪推理","多选题","4.50","满足｜快乐｜爱｜冷静｜愤怒｜蔑视｜希望｜困惑｜委屈｜怀旧","满足｜冷静","5｜4","满足｜快乐","4｜3","否","已作答","50.00","37.50","45.00","2.02","21.69","5"
"ZJ20260816FA3B9E24","2026-08-16 11:27:17","47.20","21","ITEM-00108","59","音频","情绪推理","多选题","4.50","愉悦｜轻松｜痛苦｜释然｜抑郁｜焦虑｜悲伤｜内疚｜不屑｜愁闷","悲伤","5","痛苦｜抑郁","4｜4","否","已作答","0.00","0.00","0.00","0.00","18.13","3"
"ZJ20260816FA3B9E24","2026-08-16 11:27:17","47.20","22","ITEM-00143","71","文本","情绪推理","单选题","3.50","不屑｜厌倦｜悲伤｜崇拜｜羡慕｜满足｜怀旧｜兴趣｜蔑视｜委屈","蔑视","5","不屑","3","否","已作答","0.00","0.00","0.00","0.00","9.42","3"
"ZJ20260816FA3B9E24","2026-08-16 11:27:17","47.20","23","ITEM-00145","69","音频","情绪识别","多选题","4.50","蔑视｜厌恶｜抑郁｜震惊｜感动｜愤怒｜惊喜｜轻松｜恐惧｜自豪","蔑视｜厌恶｜愤怒","5｜4｜4","愤怒｜震惊","4｜3","否","已作答","40.00","50.00","44.00","1.98","23.57","7"
"ZJ20260816FA3B9E24","2026-08-16 11:27:17","47.20","24","ITEM-00002","6","视频","情绪推理","单选题","3.50","羡慕｜感动｜失望｜冷静｜恐惧｜好奇｜尴尬｜爱｜愤怒｜愉悦","爱","5","感动","3","否","已作答","0.00","0.00","0.00","0.00","38.31","3"
"ZJ20260816C2472380","2026-08-16 11:27:10","49.49","1","ITEM-00096","74","文本","情绪识别","多选题","4.50","释然｜失望｜痛苦｜共情痛苦｜抑郁｜满足｜好奇｜希望｜审美欣赏｜愉悦","满足｜好奇｜希望｜愉悦","4｜5｜3｜4","审美欣赏｜愉悦","5｜5","否","已作答","33.33","37.50","35.00","1.57","31.60","13"
"ZJ20260816C2472380","2026-08-16 11:27:10","49.49","2","ITEM-00137","69","音频","情绪识别","多选题","4.50","失望｜愤怒｜恐惧｜痛苦｜兴奋｜轻视｜厌恶｜悲伤｜希望｜怀旧","愤怒｜厌恶","5｜3","愤怒｜轻视","4｜4","是","已作答","50.00","37.50","45.00","2.02","24.23","7"
"ZJ20260816C2472380","2026-08-16 11:27:10","49.49","3","ITEM-00064","111","图像","情绪识别","多选题","4.50","渴望｜感激｜焦虑｜愉悦｜羡慕｜绝望｜担忧｜好奇｜希望｜释然","渴望｜感激｜羡慕｜好奇｜希望","5｜4｜4｜4｜5","释然｜愉悦","3｜5","否","已作答","0.00","0.00","0.00","0.00","29.71","15"
"ZJ20260816C2472380","2026-08-16 11:27:10","49.49","4","ITEM-00134","67","文本","情绪识别","多选题","4.50","怀旧｜遗憾｜惊讶｜轻松｜焦虑｜担忧｜绝望｜不屑｜敌意｜好奇","不屑｜敌意","5｜5","不屑｜敌意","5｜3","是","已作答","100.00","75.00","90.00","4.05","21.22","7"
"ZJ20260816C2472380","2026-08-16 11:27:10","49.49","5","ITEM-00139","37","图像","情绪推理","多选题","4.50","焦虑｜绝望｜委屈｜内疚｜敬畏｜遗憾｜恐惧｜困惑｜蔑视｜崇拜","敬畏｜恐惧｜崇拜","3｜4｜5","焦虑｜敬畏","3｜4","是","已作答","40.00","37.50","39.00","1.75","17.70","11"
"ZJ20260816C2472380","2026-08-16 11:27:10","49.49","6","ITEM-00126","86","视频","情绪识别","多选题","4.50","震惊｜愤怒｜崇拜｜困惑｜共情痛苦｜惊讶｜愉悦｜渴望｜委屈｜爱","震惊｜困惑","4｜5","惊讶｜愉悦","4｜5","否","已作答","0.00","0.00","0.00","0.00","27.75","6"
"ZJ20260816C2472380","2026-08-16 11:27:10","49.49","7","ITEM-00056","101","图像","情绪识别","单选题","3.50","担忧｜怀旧｜内疚｜焦虑｜共情痛苦｜紧张｜蔑视｜委屈｜失望｜兴趣","兴趣","5","担忧","4","否","已作答","0.00","0.00","0.00","0.00","40.86","9"
"ZJ20260816C2472380","2026-08-16 11:27:10","49.49","8","ITEM-00084","78","音频","情绪推理","多选题","4.50","兴奋｜内疚｜敌意｜羞耻｜释然｜快乐｜愁闷｜渴望｜爱｜烦躁","烦躁｜愁闷｜敌意","5｜5｜3","羞耻｜烦躁","4｜5","否","已作答","40.00","50.00","44.00","1.98","21.69","8"
"ZJ20260816C2472380","2026-08-16 11:27:10","49.49","9","ITEM-00024","57","视频","情绪识别","单选题","3.50","担忧｜痛苦｜怀旧｜兴奋｜抑郁｜释然｜愤怒｜紧张｜羞耻｜自豪","紧张","5","紧张","4","否","已作答","100.00","75.00","90.00","3.15","68.30","5"
"ZJ20260816C2472380","2026-08-16 11:27:10","49.49","10","ITEM-00149","60","视频","情绪推理","单选题","2.50","愁闷｜审美欣赏｜失望｜平静｜轻松｜愤怒｜担忧｜绝望｜震惊｜内疚","失望","4","担忧","4","否","已作答","0.00","0.00","0.00","0.00","78.66","3"
"ZJ20260816C2472380","2026-08-16 11:27:10","49.49","11","ITEM-00144","118","文本","情绪推理","单选题","3.50","失望｜痛苦｜焦虑｜惊喜｜紧张｜共情痛苦｜困惑｜轻松｜平静｜希望","失望","5","失望","4","否","已作答","100.00","75.00","90.00","3.15","53.67","6"
"ZJ20260816C2472380","2026-08-16 11:27:10","49.49","12","ITEM-00091","59","音频","情绪识别","多选题","4.50","满足｜内疚｜怨恨｜爱｜绝望｜痛苦｜兴趣｜平静｜自豪｜共情痛苦","痛苦｜绝望","5｜5","内疚｜痛苦","5｜5","否","已作答","50.00","50.00","50.00","2.25","38.62","9"
"ZJ20260816C2472380","2026-08-16 11:27:10","49.49","13","ITEM-00051","93","图像","情绪识别","单选题","3.50","绝望｜悲伤｜嫉妒｜惊讶｜烦躁｜自满｜蔑视｜困惑｜兴趣｜轻松","悲伤","4","悲伤","4","是","已作答","100.00","100.00","100.00","3.50","27.20","3"
"ZJ20260816C2472380","2026-08-16 11:27:10","49.49","14","ITEM-00055","98","图像","情绪识别","多选题","4.50","愉悦｜遗憾｜自满｜审美欣赏｜兴奋｜轻松｜快乐｜好奇｜担忧｜兴趣","愉悦｜轻松｜快乐","4｜5｜4","兴奋｜轻松｜愉悦｜快乐","5｜5｜5｜5","否","已作答","85.71","62.50","76.43","3.44","10.90","8"
"ZJ20260816C2472380","2026-08-16 11:27:10","49.49","15","ITEM-00140","63","文本","情绪推理","多选题","4.50","怨恨｜兴奋｜不屑｜感激｜惊讶｜好奇｜羡慕｜愉悦｜惊喜｜恐惧","好奇｜愉悦｜惊喜","5｜4｜4","惊喜｜兴奋","4｜4","否","已作答","40.00","50.00","44.00","1.98","21.02","8"
"ZJ20260816C2472380","2026-08-16 11:27:10","49.49","16","ITEM-00101","55","视频","情绪推理","多选题","4.50","快乐｜感激｜尴尬｜紧张｜自满｜困惑｜爱｜愤怒｜厌恶｜自豪","困惑｜尴尬｜紧张","4｜5｜4","尴尬｜困惑","4｜4","是","已作答","80.00","87.50","83.00","3.73","61.92","12"
"ZJ20260816C2472380","2026-08-16 11:27:10","49.49","17","ITEM-00037","50","文本","情绪识别","单选题","3.50","焦虑｜自豪｜怀旧｜自满｜嫉妒｜希望｜敌意｜紧张｜羡慕｜蔑视","蔑视","5","蔑视","3","否","已作答","100.00","50.00","80.00","2.80","14.69","4"
"ZJ20260816C2472380","2026-08-16 11:27:10","49.49","18","ITEM-00048","2","音频","情绪识别","单选题","3.50","遗憾｜惊讶｜愤怒｜释然｜担忧｜自豪｜抑郁｜崇拜｜厌倦｜怀旧","遗憾","4","愤怒","5","否","已作答","0.00","0.00","0.00","0.00","92.31","3"
"ZJ20260816C2472380","2026-08-16 11:27:10","49.49","19","ITEM-00138","22","音频","情绪推理","多选题","4.50","绝望｜怨恨｜尴尬｜厌恶｜感激｜兴奋｜不屑｜好奇｜遗憾｜可惜","遗憾｜可惜","4｜5","不屑｜可惜","4｜3","否","已作答","50.00","25.00","40.00","1.80","68.33","14"
"ZJ20260816C2472380","2026-08-16 11:27:10","49.49","20","ITEM-00049","17","音频","情绪识别","单选题","3.50","怀旧｜兴趣｜快乐｜轻松｜释然｜好奇｜共情痛苦｜困惑｜希望｜敌意","共情痛苦","5","敌意","4","是","已作答","0.00","0.00","0.00","0.00","65.84","4"
"ZJ20260816C2472380","2026-08-16 11:27:10","49.49","21","ITEM-00043","65","视频","情绪识别","多选题","4.50","希望｜悲伤｜怀旧｜感动｜愉悦｜遗憾｜嫉妒｜快乐｜兴奋｜愁闷","悲伤｜遗憾","4｜5","怀旧｜感动｜愉悦｜遗憾","5｜3｜3｜5","否","已作答","33.33","25.00","30.00","1.35","27.67","6"
"ZJ20260816C2472380","2026-08-16 11:27:10","49.49","22","ITEM-00054","97","图像","情绪识别","多选题","4.50","羞耻｜感动｜遗憾｜渴望｜轻松｜恐惧｜平静｜绝望｜愉悦｜希望","感动｜渴望｜轻松｜希望","5｜4｜3｜5","希望｜轻松｜愉悦","5｜5｜5","否","已作答","57.14","50.00","54.29","2.44","16.29","10"
"ZJ20260816C2472380","2026-08-16 11:27:10","49.49","23","ITEM-00100","10","视频","情绪推理","多选题","4.50","不屑｜自满｜内疚｜得意｜焦虑｜共情痛苦｜惊讶｜尴尬｜抑郁｜感动","不屑｜自满｜得意","4｜5｜5","不屑｜得意","4｜4","否","已作答","80.00","87.50","83.00","3.73","52.62","11"
"ZJ20260816C2472380","2026-08-16 11:27:10","49.49","24","ITEM-00068","116","文本","情绪识别","多选题","4.50","感激｜恐惧｜不屑｜愤怒｜快乐｜怨恨｜厌恶｜共情痛苦｜崇拜｜遗憾","不屑｜厌恶","5｜4","厌恶｜不屑","4｜4","否","已作答","100.00","87.50","95.00","4.28","18.92","6"
"ZJ20260816ABE6C84D","2026-08-16 11:27:00","46.24","1","ITEM-00100","10","视频","情绪推理","多选题","4.50","希望｜平静｜怀旧｜烦躁｜得意｜不屑｜爱｜痛苦｜兴奋｜震惊","震惊｜烦躁","4｜5","不屑｜得意","4｜4","否","已作答","0.00","0.00","0.00","0.00","82.83","6"
"ZJ20260816ABE6C84D","2026-08-16 11:27:00","46.24","2","ITEM-00048","2","音频","情绪识别","单选题","3.50","爱｜好奇｜渴望｜绝望｜兴奋｜愤怒｜敌意｜冷静｜惊讶｜轻松","愤怒","5","愤怒","5","否","已作答","100.00","100.00","100.00","3.50","42.78","6"
"ZJ20260816ABE6C84D","2026-08-16 11:27:00","46.24","3","ITEM-00075","108","图像","情绪识别","多选题","4.50","绝望｜审美欣赏｜爱｜愤怒｜震惊｜痛苦｜渴望｜厌恶｜紧张｜内疚","厌恶","5","震惊｜愤怒","5｜5","否","已作答","0.00","0.00","0.00","0.00","15.77","3"
"ZJ20260816ABE6C84D","2026-08-16 11:27:00","46.24","4","ITEM-00057","23","音频","情绪识别","单选题","3.50","内疚｜焦虑｜愁闷｜委屈｜痛苦｜审美欣赏｜好奇｜绝望｜惊喜｜困惑","焦虑","4","惊喜","5","否","已作答","0.00","0.00","0.00","0.00","33.36","3"
"ZJ20260816ABE6C84D","2026-08-16 11:27:00","46.24","5","ITEM-00090","56","音频","情绪识别","多选题","4.50","尴尬｜遗憾｜焦虑｜抑郁｜怨恨｜不屑｜内疚｜好奇｜羞耻｜失望","怨恨","5","怨恨｜失望","5｜5","否","已作答","66.67","50.00","60.00","2.70","34.07","3"
"ZJ20260816ABE6C84D","2026-08-16 11:27:00","46.24","6","ITEM-00143","71","文本","情绪推理","单选题","3.50","紧张｜不屑｜快乐｜失望｜渴望｜厌倦｜自满｜愁闷｜怨恨｜愤怒","愁闷","5","不屑","3","是","已作答","0.00","0.00","0.00","0.00","36.66","7"
"ZJ20260816ABE6C84D","2026-08-16 11:27:00","46.24","7","ITEM-00141","67","文本","情绪推理","多选题","4.50","惊讶｜愤怒｜羞耻｜敌意｜嫉妒｜惊喜｜内疚｜委屈｜愁闷｜焦虑","愤怒","5","愤怒｜惊讶","4｜3","否","已作答","66.67","37.50","55.00","2.47","51.92","4"
"ZJ20260816ABE6C84D","2026-08-16 11:27:00","46.24","8","ITEM-00138","22","音频","情绪推理","多选题","4.50","绝望｜嫉妒｜可惜｜崇拜｜怨恨｜不屑｜愉悦｜轻松｜恐惧｜痛苦","可惜｜轻松","4｜4","不屑｜可惜","4｜3","否","已作答","50.00","37.50","45.00","2.02","80.23","7"
"ZJ20260816ABE6C84D","2026-08-16 11:27:00","46.24","9","ITEM-00111","31","图像","情绪识别","单选题","3.50","委屈｜失望｜感激｜痛苦｜厌恶｜蔑视｜希望｜冷静｜无奈｜爱","蔑视","4","无奈","3","否","已作答","0.00","0.00","0.00","0.00","13.73","3"
"ZJ20260816ABE6C84D","2026-08-16 11:27:00","46.24","10","ITEM-00150","86","视频","情绪推理","多选题","4.50","快乐｜震惊｜愤怒｜满足｜嫉妒｜自满｜释然｜不屑｜厌倦｜担忧","满足","3","满足｜快乐","4｜3","否","已作答","66.67","37.50","55.00","2.47","29.70","2"
"ZJ20260816ABE6C84D","2026-08-16 11:27:00","46.24","11","ITEM-00084","78","音频","情绪推理","多选题","4.50","嫉妒｜轻松｜冷静｜紧张｜渴望｜审美欣赏｜烦躁｜愁闷｜羞耻｜共情痛苦","烦躁","5","羞耻｜烦躁","4｜5","否","已作答","66.67","50.00","60.00","2.70","21.74","3"
"ZJ20260816ABE6C84D","2026-08-16 11:27:00","46.24","12","ITEM-00106","77","视频","情绪推理","单选题","3.50","快乐｜痛苦｜敌意｜冷静｜兴奋｜紧张｜绝望｜委屈｜羡慕｜兴趣","快乐","5","快乐","5","是","已作答","100.00","100.00","100.00","3.50","15.67","5"
"ZJ20260816ABE6C84D","2026-08-16 11:27:00","46.24","13","ITEM-00035","96","图像","情绪识别","单选题","3.50","冷静｜惊讶｜厌倦｜痛苦｜愉悦｜轻松｜羞耻｜自满｜满足｜尴尬","惊讶","5","惊讶","5","否","已作答","100.00","100.00","100.00","3.50","14.54","4"
"ZJ20260816ABE6C84D","2026-08-16 11:27:00","46.24","14","ITEM-00139","37","图像","情绪推理","多选题","4.50","好奇｜惊喜｜释然｜怀旧｜敌意｜痛苦｜烦躁｜紧张｜敬畏｜焦虑","敬畏","5","焦虑｜敬畏","3｜4","否","已作答","66.67","37.50","55.00","2.47","11.83","3"
"ZJ20260816ABE6C84D","2026-08-16 11:27:00","46.24","15","ITEM-00065","112","图像","情绪识别","多选题","4.50","自满｜紧张｜惊讶｜遗憾｜冷静｜释然｜抑郁｜怀旧｜感动｜悲伤","遗憾","5","悲伤｜遗憾｜感动｜释然","3｜4｜4｜4","否","已作答","40.00","18.75","31.50","1.42","7.35","3"
"ZJ20260816ABE6C84D","2026-08-16 11:27:00","46.24","16","ITEM-00127","87","视频","情绪识别","多选题","4.50","同情｜共情痛苦｜冷静｜敌意｜紧张｜震惊｜烦躁｜蔑视｜自满｜嫉妒","震惊｜冷静","4｜5","震惊｜蔑视｜同情","4｜4｜3","否","已作答","40.00","33.33","37.33","1.68","46.05","6"
"ZJ20260816ABE6C84D","2026-08-16 11:27:00","46.24","17","ITEM-00148","62","视频","情绪识别","单选题","3.50","震惊｜内疚｜悲伤｜痛苦｜困惑｜尴尬｜委屈｜惊讶｜崇拜｜审美欣赏","震惊","5","尴尬","3","否","已作答","0.00","0.00","0.00","0.00","18.15","3"
"ZJ20260816ABE6C84D","2026-08-16 11:27:00","46.24","18","ITEM-00097","82","文本","情绪识别","多选题","4.50","快乐｜紧张｜释然｜敌意｜轻松｜愁闷｜恐惧｜怀旧｜愉悦｜羞耻","愉悦","5","轻松｜快乐","4｜4","是","已作答","0.00","0.00","0.00","0.00","17.61","3"
"ZJ20260816ABE6C84D","2026-08-16 11:27:00","46.24","19","ITEM-00050","92","图像","情绪识别","多选题","4.50","自豪｜震惊｜恐惧｜怨恨｜困惑｜满足｜焦虑｜敌意｜痛苦｜抑郁","怨恨","5","敌意｜怨恨","5｜5","否","已作答","66.67","50.00","60.00","2.70","8.54","3"
"ZJ20260816ABE6C84D","2026-08-16 11:27:00","46.24","20","ITEM-00039","52","文本","情绪识别","单选题","3.50","愉悦｜羞耻｜内疚｜轻松｜绝望｜怨恨｜恐惧｜痛苦｜释然｜不屑","痛苦","4","痛苦","4","否","已作答","100.00","100.00","100.00","3.50","15.63","4"
"ZJ20260816ABE6C84D","2026-08-16 11:27:00","46.24","21","ITEM-00072","120","文本","情绪识别","多选题","4.50","冷静｜希望｜失望｜满足｜自满｜嫉妒｜愉悦｜兴趣｜担忧｜轻松","满足","5","满足｜轻松｜愉悦｜希望｜兴趣","5｜5｜5｜5｜5","否","已作答","33.33","20.00","28.00","1.26","14.87","3"
"ZJ20260816ABE6C84D","2026-08-16 11:27:00","46.24","22","ITEM-00092","66","音频","情绪识别","多选题","4.50","悲伤｜渴望｜审美欣赏｜内疚｜烦躁｜担忧｜惊喜｜感激｜厌倦｜痛苦","悲伤｜痛苦","5｜5","内疚｜痛苦｜悲伤","5｜5｜5","否","已作答","80.00","66.67","74.67","3.36","21.93","6"
"ZJ20260816ABE6C84D","2026-08-16 11:27:00","46.24","23","ITEM-00044","80","视频","情绪识别","多选题","4.50","快乐｜羡慕｜崇拜｜平静｜蔑视｜悲伤｜惊讶｜怀旧｜渴望｜紧张","紧张","5","紧张｜惊讶","4｜4","是","已作答","66.67","37.50","55.00","2.47","18.69","3"
"ZJ20260816ABE6C84D","2026-08-16 11:27:00","46.24","24","ITEM-00095","59","文本","情绪识别","多选题","4.50","爱｜痛苦｜烦躁｜冷静｜困惑｜敌意｜轻松｜不屑｜释然｜内疚","内疚｜痛苦","5｜5","内疚｜痛苦","5｜5","否","已作答","100.00","100.00","100.00","4.50","35.83","6"
"ZJ202608160AAC199B","2026-08-16 11:26:44","49.31","1","ITEM-00110","59","文本","情绪推理","多选题","4.50","感激｜失望｜轻松｜痛苦｜羞耻｜满足｜尴尬｜敌意｜焦虑｜抑郁","痛苦｜尴尬","4｜3","痛苦｜抑郁","4｜4","否","已作答","50.00","50.00","50.00","2.25","56.24","6"
"ZJ202608160AAC199B","2026-08-16 11:26:44","49.31","2","ITEM-00090","56","音频","情绪识别","多选题","4.50","怨恨｜自豪｜满足｜惊喜｜担忧｜失望｜厌倦｜遗憾｜抑郁｜紧张","怨恨｜遗憾","4｜4","怨恨｜失望","5｜5","否","已作答","50.00","37.50","45.00","2.02","28.70","5"
"ZJ202608160AAC199B","2026-08-16 11:26:44","49.31","3","ITEM-00092","66","音频","情绪识别","多选题","4.50","冷静｜厌恶｜嫉妒｜快乐｜渴望｜震惊｜痛苦｜自满｜内疚｜悲伤","痛苦｜内疚｜悲伤","4｜4｜4","内疚｜痛苦｜悲伤","5｜5｜5","否","已作答","100.00","75.00","90.00","4.05","52.22","7"
"ZJ202608160AAC199B","2026-08-16 11:26:44","49.31","4","ITEM-00118","48","图像","情绪识别","单选题","3.50","困惑｜羡慕｜怨恨｜抑郁｜厌恶｜感动｜自豪｜烦躁｜惊喜｜悲伤","困惑","4","困惑","4","否","已作答","100.00","100.00","100.00","3.50","9.94","3"
"ZJ202608160AAC199B","2026-08-16 11:26:44","49.31","5","ITEM-00014","1","视频","情绪识别","单选题","3.50","担忧｜羞耻｜委屈｜兴趣｜震惊｜失望｜崇拜｜烦躁｜审美欣赏｜好奇","崇拜","3","崇拜","5","否","已作答","100.00","50.00","80.00","2.80","50.67","5"
"ZJ202608160AAC199B","2026-08-16 11:26:44","49.31","6","ITEM-00123","8","音频","情绪识别","单选题","3.50","满足｜抑郁｜感激｜烦躁｜厌倦｜绝望｜痛苦｜平静｜羞耻｜轻松","痛苦","4","绝望","4","否","已作答","0.00","0.00","0.00","0.00","21.51","3"
"ZJ202608160AAC199B","2026-08-16 11:26:44","49.31","7","ITEM-00128","100","图像","情绪识别","多选题","4.50","自豪｜兴奋｜抑郁｜焦虑｜羞耻｜期望｜嫉妒｜怀旧｜快乐｜兴趣","兴奋｜自豪","4｜4","兴奋｜期望","4｜4","否","已作答","50.00","50.00","50.00","2.25","13.34","5"
"ZJ202608160AAC199B","2026-08-16 11:26:44","49.31","8","ITEM-00133","99","图像","情绪识别","多选题","4.50","委屈｜期待｜厌倦｜愁闷｜愉悦｜释然｜爱｜崇拜｜平静｜失望","爱","3","平静｜期待","4｜4","否","已作答","0.00","0.00","0.00","0.00","19.24","2"
"ZJ202608160AAC199B","2026-08-16 11:26:44","49.31","9","ITEM-00007","29","图像","情绪识别","单选题","3.50","恐惧｜痛苦｜悲伤｜遗憾｜感动｜怨恨｜希望｜不屑｜崇拜｜惊讶","恐惧","2","惊讶","3","否","已作答","0.00","0.00","0.00","0.00","16.23","5"
"ZJ202608160AAC199B","2026-08-16 11:26:44","49.31","10","ITEM-00106","77","视频","情绪推理","单选题","3.50","渴望｜愉悦｜委屈｜快乐｜恐惧｜悲伤｜担忧｜兴奋｜抑郁｜怀旧","快乐","4","快乐","5","是","已作答","100.00","75.00","90.00","3.15","22.72","3"
"ZJ202608160AAC199B","2026-08-16 11:26:44","49.31","11","ITEM-00037","50","文本","情绪识别","单选题","3.50","希望｜不屑｜绝望｜平静｜愤怒｜惊喜｜感激｜蔑视｜失望｜厌恶","绝望","4","蔑视","3","否","已作答","0.00","0.00","0.00","0.00","16.50","3"
"ZJ202608160AAC199B","2026-08-16 11:26:44","49.31","12","ITEM-00083","73","视频","情绪识别","多选题","4.50","遗憾｜紧张｜感激｜爱｜敌意｜感动｜审美欣赏｜释然｜失望｜内疚","爱｜审美欣赏","4｜4","爱｜释然","5｜5","否","已作答","50.00","37.50","45.00","2.02","48.50","5"
"ZJ202608160AAC199B","2026-08-16 11:26:44","49.31","13","ITEM-00078","89","图像","情绪推理","多选题","4.50","悲伤｜内疚｜兴趣｜自豪｜厌恶｜爱｜兴奋｜释然｜恐惧｜绝望","悲伤","3","内疚｜悲伤","4｜3","否","已作答","66.67","50.00","60.00","2.70","8.91","2"
"ZJ202608160AAC199B","2026-08-16 11:26:44","49.31","14","ITEM-00068","116","文本","情绪识别","多选题","4.50","共情痛苦｜不屑｜希望｜感激｜怀旧｜羞耻｜蔑视｜兴奋｜震惊｜厌恶","不屑","3","厌恶｜不屑","4｜4","否","已作答","66.67","37.50","55.00","2.47","10.40","2"
"ZJ202608160AAC199B","2026-08-16 11:26:44","49.31","15","ITEM-00104","23","文本","情绪推理","单选题","3.50","不屑｜紧张｜平静｜困惑｜爱｜担忧｜兴奋｜满足｜崇拜｜绝望","兴奋","4","兴奋","5","否","已作答","100.00","75.00","90.00","3.15","20.75","3"
"ZJ202608160AAC199B","2026-08-16 11:26:44","49.31","16","ITEM-00061","109","图像","情绪识别","多选题","4.50","委屈｜烦躁｜不屑｜困惑｜快乐｜好奇｜希望｜兴奋｜愉悦｜感动","快乐","4","快乐｜愉悦","4｜4","否","已作答","66.67","50.00","60.00","2.70","11.45","3"
"ZJ202608160AAC199B","2026-08-16 11:26:44","49.31","17","ITEM-00109","88","音频","情绪推理","多选题","4.50","审美欣赏｜希望｜惊讶｜厌倦｜困惑｜兴奋｜敌意｜好奇｜蔑视｜满足","好奇","2","厌倦｜困惑","3｜3","否","已作答","0.00","0.00","0.00","0.00","65.93","3"
"ZJ202608160AAC199B","2026-08-16 11:26:44","49.31","18","ITEM-00125","85","视频","情绪识别","多选题","4.50","好奇｜爱｜愉悦｜不屑｜羡慕｜痛苦｜平静｜渴望｜感激｜担忧","不屑｜感激","4｜4","感激｜愉悦｜不屑","5｜5｜3","否","已作答","80.00","50.00","68.00","3.06","43.60","5"
"ZJ202608160AAC199B","2026-08-16 11:26:44","49.31","19","ITEM-00010","63","文本","情绪识别","多选题","4.50","崇拜｜震惊｜冷静｜自满｜惊喜｜遗憾｜兴奋｜愤怒｜担忧｜焦虑","兴奋","4","惊喜｜兴奋","4｜4","否","已作答","66.67","50.00","60.00","2.70","11.28","3"
"ZJ202608160AAC199B","2026-08-16 11:26:44","49.31","20","ITEM-00146","118","文本","情绪识别","多选题","4.50","烦躁｜爱｜愉悦｜愤怒｜绝望｜感动｜厌恶｜自豪｜羡慕｜失望","烦躁｜失望","4｜4","烦躁｜失望","4｜4","否","已作答","100.00","100.00","100.00","4.50","28.21","5"
"ZJ202608160AAC199B","2026-08-16 11:26:44","49.31","21","ITEM-00100","10","视频","情绪推理","多选题","4.50","尴尬｜不屑｜快乐｜抑郁｜失望｜羞耻｜愉悦｜惊讶｜得意｜惊喜","不屑","3","不屑｜得意","4｜4","否","已作答","66.67","37.50","55.00","2.47","46.94","2"
"ZJ202608160AAC199B","2026-08-16 11:26:44","49.31","22","ITEM-00150","86","视频","情绪推理","多选题","4.50","自满｜感激｜快乐｜抑郁｜平静｜遗憾｜厌倦｜担忧｜满足｜绝望","担忧","3","满足｜快乐","4｜3","否","已作答","0.00","0.00","0.00","0.00","40.02","2"
"ZJ202608160AAC199B","2026-08-16 11:26:44","49.31","23","ITEM-00048","2","音频","情绪识别","单选题","3.50","不屑｜委屈｜轻松｜遗憾｜失望｜愤怒｜羞耻｜尴尬｜惊喜｜困惑","愤怒","5","愤怒","5","否","已作答","100.00","100.00","100.00","3.50","27.84","4"
"ZJ202608160AAC199B","2026-08-16 11:26:44","49.31","24","ITEM-00084","78","音频","情绪推理","多选题","4.50","快乐｜怨恨｜轻松｜释然｜爱｜感激｜羞耻｜烦躁｜遗憾｜希望","怨恨","4","羞耻｜烦躁","4｜5","否","已作答","0.00","0.00","0.00","0.00","23.29","3"
"ZJ202608162EF0CB38","2026-08-16 11:25:54","45.02","1","ITEM-00093","75","音频","情绪识别","多选题","4.50","自满｜烦躁｜焦虑｜痛苦｜兴奋｜委屈｜愤怒｜绝望｜不屑｜悲伤","烦躁｜焦虑｜委屈｜绝望｜悲伤","1｜3｜3｜3｜4","委屈｜悲伤","5｜5","否","已作答","57.14","62.50","59.29","2.67","35.88","9"
"ZJ202608162EF0CB38","2026-08-16 11:25:54","45.02","2","ITEM-00061","109","图像","情绪识别","多选题","4.50","羡慕｜自豪｜委屈｜愉悦｜厌恶｜快乐｜愤怒｜渴望｜希望｜好奇","羡慕｜自豪｜愉悦｜快乐｜渴望","3｜2｜4｜2｜5","快乐｜愉悦","4｜4","是","已作答","57.14","75.00","64.29","2.89","19.82","11"
"ZJ202608162EF0CB38","2026-08-16 11:25:54","45.02","3","ITEM-00145","69","音频","情绪识别","多选题","4.50","厌恶｜希望｜释然｜怀旧｜震惊｜嫉妒｜惊喜｜愤怒｜共情痛苦｜快乐","厌恶｜震惊｜嫉妒｜愤怒｜快乐","4｜1｜3｜4｜3","愤怒｜震惊","4｜3","是","已作答","57.14","75.00","64.29","2.89","46.89","12"
"ZJ202608162EF0CB38","2026-08-16 11:25:54","45.02","4","ITEM-00070","119","文本","情绪识别","多选题","4.50","冷静｜蔑视｜困惑｜烦躁｜尴尬｜嫉妒｜敌意｜痛苦｜恐惧｜抑郁","冷静｜困惑｜烦躁｜蔑视｜敌意","4｜5｜1｜4｜4","困惑｜痛苦","4｜5","否","已作答","28.57","37.50","32.14","1.45","40.95","15"
"ZJ202608162EF0CB38","2026-08-16 11:25:54","45.02","5","ITEM-00049","17","音频","情绪识别","单选题","3.50","渴望｜兴趣｜感激｜敌意｜轻松｜委屈｜满足｜烦躁｜失望｜愉悦","轻松","3","敌意","4","否","已作答","0.00","0.00","0.00","0.00","34.91","2"
"ZJ202608162EF0CB38","2026-08-16 11:25:54","45.02","6","ITEM-00037","50","文本","情绪识别","单选题","3.50","蔑视｜委屈｜尴尬｜满足｜释然｜希望｜共情痛苦｜抑郁｜感激｜感动","蔑视","4","蔑视","3","否","已作答","100.00","75.00","90.00","3.15","14.19","3"
"ZJ202608162EF0CB38","2026-08-16 11:25:54","45.02","7","ITEM-00058","102","图像","情绪识别","多选题","4.50","愁闷｜兴奋｜遗憾｜愉悦｜感动｜惊喜｜焦虑｜困惑｜快乐｜厌倦","遗憾｜感动｜惊喜","3｜4｜4","感动｜愉悦","4｜4","否","已作答","40.00","50.00","44.00","1.98","19.73","6"
"ZJ202608162EF0CB38","2026-08-16 11:25:54","45.02","8","ITEM-00139","37","图像","情绪推理","多选题","4.50","厌倦｜不屑｜焦虑｜敬畏｜委屈｜平静｜自满｜失望｜震惊｜感激","敬畏","4","焦虑｜敬畏","3｜4","否","已作答","66.67","50.00","60.00","2.70","28.47","3"
"ZJ202608162EF0CB38","2026-08-16 11:25:54","45.02","9","ITEM-00128","100","图像","情绪识别","多选题","4.50","兴奋｜愁闷｜委屈｜烦躁｜爱｜焦虑｜痛苦｜绝望｜期望｜遗憾","愁闷｜委屈｜烦躁｜遗憾｜痛苦","4｜4｜5｜3｜5","兴奋｜期望","4｜4","否","已作答","0.00","0.00","0.00","0.00","22.82","16"
"ZJ202608162EF0CB38","2026-08-16 11:25:54","45.02","10","ITEM-00098","1","视频","情绪推理","多选题","4.50","自满｜尴尬｜希望｜快乐｜满足｜痛苦｜感激｜自豪｜敌意｜嫉妒","自满","4","感激｜自豪｜满足","4｜3｜4","是","已作答","0.00","0.00","0.00","0.00","25.84","3"
"ZJ202608162EF0CB38","2026-08-16 11:25:54","45.02","11","ITEM-00009","7","音频","情绪识别","单选题","3.50","嫉妒｜紧张｜愉悦｜痛苦｜蔑视｜恐惧｜平静｜内疚｜冷静｜愤怒","紧张","4","紧张","2","否","已作答","100.00","50.00","80.00","2.80","23.96","5"
"ZJ202608162EF0CB38","2026-08-16 11:25:54","45.02","12","ITEM-00134","67","文本","情绪识别","多选题","4.50","渴望｜羡慕｜遗憾｜冷静｜满足｜不屑｜愤怒｜紧张｜敌意｜快乐","敌意","5","不屑｜敌意","5｜3","否","已作答","66.67","25.00","50.00","2.25","28.33","4"
"ZJ202608162EF0CB38","2026-08-16 11:25:54","45.02","13","ITEM-00008","30","图像","情绪识别","单选题","3.50","焦虑｜爱｜共情痛苦｜兴奋｜烦躁｜渴望｜困惑｜痛苦｜绝望｜自满","兴奋","3","困惑","3","否","已作答","0.00","0.00","0.00","0.00","14.23","2"
"ZJ202608162EF0CB38","2026-08-16 11:25:54","45.02","14","ITEM-00005","70","视频","情绪识别","单选题","3.50","困惑｜惊讶｜审美欣赏｜厌倦｜感动｜愤怒｜轻松｜失望｜爱｜羡慕","审美欣赏","5","审美欣赏","5","是","已作答","100.00","100.00","100.00","3.50","23.64","8"
"ZJ202608162EF0CB38","2026-08-16 11:25:54","45.02","15","ITEM-00069","117","文本","情绪识别","多选题","4.50","厌恶｜恐惧｜愁闷｜羞耻｜焦虑｜愉悦｜委屈｜感激｜崇拜｜爱","爱","4","感激｜爱｜愉悦","4｜4｜5","否","已作答","50.00","33.33","43.33","1.95","10.95","3"
"ZJ202608162EF0CB38","2026-08-16 11:25:54","45.02","16","ITEM-00140","63","文本","情绪推理","多选题","4.50","轻松｜怀旧｜惊喜｜兴趣｜兴奋｜紧张｜惊讶｜满足｜好奇｜感动","惊讶","5","惊喜｜兴奋","4｜4","否","已作答","0.00","0.00","0.00","0.00","11.94","4"
"ZJ202608162EF0CB38","2026-08-16 11:25:54","45.02","17","ITEM-00108","59","音频","情绪推理","多选题","4.50","烦躁｜怀旧｜平静｜抑郁｜悲伤｜兴奋｜渴望｜痛苦｜愉悦｜焦虑","平静｜烦躁","4｜5","痛苦｜抑郁","4｜4","否","已作答","0.00","0.00","0.00","0.00","34.13","6"
"ZJ202608162EF0CB38","2026-08-16 11:25:54","45.02","18","ITEM-00082","72","视频","情绪识别","多选题","4.50","绝望｜惊讶｜厌恶｜爱｜嫉妒｜蔑视｜紧张｜焦虑｜羡慕｜愉悦","惊讶｜紧张｜焦虑","5｜5｜4","焦虑｜紧张","4｜5","是","已作答","80.00","100.00","88.00","3.96","33.06","9"
"ZJ202608162EF0CB38","2026-08-16 11:25:54","45.02","19","ITEM-00127","87","视频","情绪识别","多选题","4.50","羞耻｜震惊｜兴趣｜蔑视｜同情｜满足｜自满｜崇拜｜快乐｜不屑","自满｜震惊","5｜5","震惊｜蔑视｜同情","4｜4｜3","否","已作答","40.00","25.00","34.00","1.53","60.23","7"
"ZJ202608162EF0CB38","2026-08-16 11:25:54","45.02","20","ITEM-00105","2","音频","情绪推理","多选题","4.50","羡慕｜绝望｜审美欣赏｜内疚｜紧张｜困惑｜自满｜好奇｜愤怒｜焦虑","内疚","4","焦虑｜紧张｜内疚","4｜5｜4","否","已作答","50.00","33.33","43.33","1.95","39.11","3"
"ZJ202608162EF0CB38","2026-08-16 11:25:54","45.02","21","ITEM-00006","28","图像","情绪识别","单选题","3.50","崇拜｜释然｜平静｜满足｜怨恨｜蔑视｜烦躁｜惊喜｜紧张｜冷静","紧张","3","紧张","3","否","已作答","100.00","100.00","100.00","3.50","13.12","2"
"ZJ202608162EF0CB38","2026-08-16 11:25:54","45.02","22","ITEM-00142","68","文本","情绪推理","单选题","3.50","审美欣赏｜嫉妒｜快乐｜崇拜｜敌意｜愁闷｜怀旧｜平静｜怨恨｜兴奋","敌意","3","敌意","4","否","已作答","100.00","75.00","90.00","3.15","29.34","4"
"ZJ202608162EF0CB38","2026-08-16 11:25:54","45.02","23","ITEM-00080","65","视频","情绪推理","多选题","4.50","满足｜愤怒｜遗憾｜怀旧｜共情痛苦｜愉悦｜失望｜愁闷｜感动｜轻松","遗憾｜怀旧","5｜5","怀旧｜感动｜愉悦｜遗憾","5｜3｜3｜5","否","已作答","66.67","50.00","60.00","2.70","37.88","9"
"ZJ202608162EF0CB38","2026-08-16 11:25:54","45.02","24","ITEM-00106","77","视频","情绪推理","单选题","3.50","嫉妒｜审美欣赏｜困惑｜感动｜爱｜惊讶｜厌倦｜感激｜愁闷｜快乐","爱","5","快乐","5","是","已作答","0.00","0.00","0.00","0.00","28.78","4"
"ZJ20260816D2D9D713","2026-08-16 11:25:36","63.92","1","ITEM-00128","100","图像","情绪识别","多选题","4.50","恐惧｜厌恶｜期望｜感激｜崇拜｜担忧｜好奇｜敌意｜兴奋｜惊喜","期望｜感激｜担忧｜兴奋","4｜2｜5｜4","兴奋｜期望","4｜4","是","已作答","66.67","100.00","80.00","3.60","17.99","12"
"ZJ20260816D2D9D713","2026-08-16 11:25:36","63.92","2","ITEM-00079","61","视频","情绪推理","多选题","4.50","审美欣赏｜释然｜冷静｜嫉妒｜困惑｜怨恨｜满足｜委屈｜悲伤｜烦躁","冷静｜困惑｜怨恨｜委屈｜悲伤","2｜4｜4｜5｜4","委屈｜悲伤","3｜3","否","已作答","57.14","62.50","59.29","2.67","37.22","12"
"ZJ20260816D2D9D713","2026-08-16 11:25:36","63.92","3","ITEM-00049","17","音频","情绪识别","单选题","3.50","蔑视｜渴望｜希望｜痛苦｜担忧｜困惑｜快乐｜平静｜冷静｜敌意","敌意","5","敌意","4","否","已作答","100.00","75.00","90.00","3.15","32.34","3"
"ZJ20260816D2D9D713","2026-08-16 11:25:36","63.92","4","ITEM-00129","103","图像","情绪识别","多选题","4.50","遗憾｜好奇｜敌意｜愤怒｜嫉妒｜快乐｜烦躁｜震惊｜不屑｜渴望","快乐｜不屑｜震惊｜渴望","4｜5｜2｜2","不屑｜敌意","5｜3","否","已作答","33.33","50.00","40.00","1.80","19.20","12"
"ZJ20260816D2D9D713","2026-08-16 11:25:36","63.92","5","ITEM-00138","22","音频","情绪推理","多选题","4.50","平静｜烦躁｜希望｜不屑｜可惜｜愁闷｜审美欣赏｜释然｜厌恶｜敌意","释然｜可惜","4｜5","不屑｜可惜","4｜3","否","已作答","50.00","25.00","40.00","1.80","28.31","6"
"ZJ20260816D2D9D713","2026-08-16 11:25:36","63.92","6","ITEM-00059","15","文本","情绪识别","单选题","3.50","惊讶｜感激｜蔑视｜渴望｜惊喜｜震惊｜焦虑｜愉悦｜羞耻｜抑郁","羞耻","5","羞耻","5","否","已作答","100.00","100.00","100.00","3.50","12.68","3"
"ZJ20260816D2D9D713","2026-08-16 11:25:36","63.92","7","ITEM-00030","42","图像","情绪识别","单选题","3.50","痛苦｜感激｜厌恶｜遗憾｜内疚｜愤怒｜紧张｜共情痛苦｜困惑｜悲伤","困惑","4","困惑","4","是","已作答","100.00","100.00","100.00","3.50","15.21","6"
"ZJ20260816D2D9D713","2026-08-16 11:25:36","63.92","8","ITEM-00142","68","文本","情绪推理","单选题","3.50","愤怒｜敌意｜兴奋｜快乐｜爱｜自豪｜渴望｜自满｜惊喜｜尴尬","尴尬","4","敌意","4","否","已作答","0.00","0.00","0.00","0.00","15.32","6"
"ZJ20260816D2D9D713","2026-08-16 11:25:36","63.92","9","ITEM-00149","60","视频","情绪推理","单选题","2.50","怀旧｜担忧｜厌倦｜遗憾｜恐惧｜悲伤｜敌意｜快乐｜爱｜内疚","遗憾","5","担忧","4","否","已作答","0.00","0.00","0.00","0.00","76.71","4"
"ZJ20260816D2D9D713","2026-08-16 11:25:36","63.92","10","ITEM-00090","56","音频","情绪识别","多选题","4.50","冷静｜失望｜抑郁｜自豪｜感激｜兴奋｜绝望｜恐惧｜悲伤｜怨恨","失望｜怨恨｜恐惧｜绝望｜抑郁","5｜5｜2｜5｜4","怨恨｜失望","5｜5","否","已作答","57.14","100.00","74.29","3.34","26.54","13"
"ZJ20260816D2D9D713","2026-08-16 11:25:36","63.92","11","ITEM-00134","67","文本","情绪识别","多选题","4.50","感动｜委屈｜敌意｜不屑｜绝望｜崇拜｜困惑｜感激｜失望｜希望","困惑｜不屑｜敌意","4｜5｜2","不屑｜敌意","5｜3","否","已作答","80.00","87.50","83.00","3.73","26.86","10"
"ZJ20260816D2D9D713","2026-08-16 11:25:36","63.92","12","ITEM-00110","59","文本","情绪推理","多选题","4.50","惊喜｜痛苦｜紧张｜共情痛苦｜愤怒｜抑郁｜轻松｜蔑视｜遗憾｜困惑","痛苦｜共情痛苦｜抑郁｜遗憾","5｜4｜5｜4","痛苦｜抑郁","4｜4","否","已作答","66.67","75.00","70.00","3.15","21.07","12"
"ZJ20260816D2D9D713","2026-08-16 11:25:36","63.92","13","ITEM-00057","23","音频","情绪识别","单选题","3.50","平静｜不屑｜委屈｜惊喜｜羡慕｜渴望｜兴趣｜痛苦｜崇拜｜困惑","惊喜","5","惊喜","5","否","已作答","100.00","100.00","100.00","3.50","19.09","6"
"ZJ20260816D2D9D713","2026-08-16 11:25:36","63.92","14","ITEM-00070","119","文本","情绪识别","多选题","4.50","感动｜委屈｜焦虑｜担忧｜遗憾｜痛苦｜嫉妒｜困惑｜不屑｜怨恨","委屈｜痛苦｜困惑｜怨恨","5｜4｜2｜5","困惑｜痛苦","4｜5","否","已作答","66.67","62.50","65.00","2.92","18.76","11"
"ZJ20260816D2D9D713","2026-08-16 11:25:36","63.92","15","ITEM-00132","37","图像","情绪识别","多选题","4.50","愤怒｜痛苦｜烦躁｜平静｜委屈｜抑郁｜爱｜恭敬｜轻松｜困惑","平静｜恭敬｜轻松｜爱","4｜5｜4｜2","平静｜恭敬","5｜5","否","已作答","66.67","87.50","75.00","3.38","35.28","13"
"ZJ20260816D2D9D713","2026-08-16 11:25:36","63.92","16","ITEM-00148","62","视频","情绪识别","单选题","3.50","希望｜内疚｜痛苦｜自豪｜共情痛苦｜失望｜兴趣｜悲伤｜尴尬｜蔑视","尴尬","5","尴尬","3","是","已作答","100.00","50.00","80.00","2.80","25.20","6"
"ZJ20260816D2D9D713","2026-08-16 11:25:36","63.92","17","ITEM-00105","2","音频","情绪推理","多选题","4.50","自豪｜自满｜痛苦｜委屈｜共情痛苦｜焦虑｜紧张｜担忧｜内疚｜愁闷","担忧｜内疚｜焦虑｜共情痛苦","5｜4｜1｜2","焦虑｜紧张｜内疚","4｜5｜4","否","已作答","57.14","41.67","50.95","2.29","46.69","16"
"ZJ20260816D2D9D713","2026-08-16 11:25:36","63.92","18","ITEM-00078","89","图像","情绪推理","多选题","4.50","内疚｜希望｜委屈｜轻松｜绝望｜愤怒｜恐惧｜怀旧｜悲伤｜崇拜","委屈｜愤怒｜恐惧｜悲伤","5｜4｜2｜4","内疚｜悲伤","4｜3","否","已作答","33.33","37.50","35.00","1.57","23.68","11"
"ZJ20260816D2D9D713","2026-08-16 11:25:36","63.92","19","ITEM-00125","85","视频","情绪识别","多选题","4.50","怨恨｜内疚｜困惑｜担忧｜不屑｜感动｜失望｜震惊｜感激｜愉悦","不屑｜震惊｜感动｜困惑｜内疚","4｜5｜4｜5｜4","感激｜愉悦｜不屑","5｜5｜3","否","已作答","25.00","25.00","25.00","1.13","48.13","13"
"ZJ20260816D2D9D713","2026-08-16 11:25:36","63.92","20","ITEM-00044","80","视频","情绪识别","多选题","4.50","审美欣赏｜惊讶｜释然｜感激｜希望｜紧张｜蔑视｜好奇｜崇拜｜委屈","紧张｜好奇","5｜4","紧张｜惊讶","4｜4","否","已作答","50.00","37.50","45.00","2.02","18.29","8"
"ZJ20260816D2D9D713","2026-08-16 11:25:36","63.92","21","ITEM-00100","10","视频","情绪推理","多选题","4.50","绝望｜嫉妒｜委屈｜悲伤｜自豪｜得意｜希望｜惊讶｜不屑｜释然","不屑｜得意｜希望","5｜5｜3","不屑｜得意","4｜4","否","已作答","80.00","75.00","78.00","3.51","54.51","6"
"ZJ20260816D2D9D713","2026-08-16 11:25:36","63.92","22","ITEM-00013","27","图像","情绪识别","单选题","3.50","抑郁｜震惊｜爱｜困惑｜愤怒｜崇拜｜悲伤｜紧张｜渴望｜好奇","愤怒","5","愤怒","5","否","已作答","100.00","100.00","100.00","3.50","9.51","5"
"ZJ20260816D2D9D713","2026-08-16 11:25:36","63.92","23","ITEM-00094","88","音频","情绪识别","多选题","4.50","焦虑｜兴奋｜崇拜｜尴尬｜厌恶｜渴望｜兴趣｜好奇｜困惑｜冷静","尴尬｜渴望｜兴趣","4｜5｜4","渴望｜兴趣","4｜5","否","已作答","80.00","75.00","78.00","3.51","17.86","7"
"ZJ20260816D2D9D713","2026-08-16 11:25:36","63.92","24","ITEM-00010","63","文本","情绪识别","多选题","4.50","惊喜｜兴奋｜恐惧｜厌恶｜兴趣｜震惊｜好奇｜自满｜嫉妒｜遗憾","惊喜｜兴奋｜兴趣｜震惊｜自满","5｜5｜3｜4｜5","惊喜｜兴奋","4｜4","否","已作答","57.14","75.00","64.29","2.89","16.84","16"
"ZJ202608163FC20E16","2026-08-16 11:24:16","48.35","1","ITEM-00137","69","音频","情绪识别","多选题","4.50","绝望｜轻松｜感激｜共情痛苦｜轻视｜崇拜｜敌意｜怀旧｜悲伤｜愤怒","愤怒","4","愤怒｜轻视","4｜4","否","已作答","66.67","50.00","60.00","2.70","24.58","3"
"ZJ202608163FC20E16","2026-08-16 11:24:16","48.35","2","ITEM-00058","102","图像","情绪识别","多选题","4.50","内疚｜厌恶｜感动｜愉悦｜平静｜愁闷｜羡慕｜痛苦｜感激｜希望","愉悦","4","感动｜愉悦","4｜4","否","已作答","66.67","50.00","60.00","2.70","17.14","3"
"ZJ202608163FC20E16","2026-08-16 11:24:16","48.35","3","ITEM-00097","82","文本","情绪识别","多选题","4.50","惊喜｜共情痛苦｜快乐｜冷静｜羞耻｜失望｜兴趣｜厌倦｜抑郁｜轻松","厌倦","4","轻松｜快乐","4｜4","否","已作答","0.00","0.00","0.00","0.00","19.26","4"
"ZJ202608163FC20E16","2026-08-16 11:24:16","48.35","4","ITEM-00138","22","音频","情绪推理","多选题","4.50","内疚｜自豪｜不屑｜兴趣｜渴望｜可惜｜愉悦｜痛苦｜兴奋｜轻松","可惜｜内疚","5｜4","不屑｜可惜","4｜3","否","已作答","50.00","25.00","40.00","1.80","43.72","6"
"ZJ202608163FC20E16","2026-08-16 11:24:16","48.35","5","ITEM-00059","15","文本","情绪识别","单选题","3.50","内疚｜恐惧｜厌恶｜崇拜｜愉悦｜冷静｜羞耻｜敌意｜焦虑｜好奇","羞耻","5","羞耻","5","否","已作答","100.00","100.00","100.00","3.50","10.70","7"
"ZJ202608163FC20E16","2026-08-16 11:24:16","48.35","6","ITEM-00057","23","音频","情绪识别","单选题","3.50","释然｜惊喜｜敌意｜快乐｜厌恶｜失望｜自满｜好奇｜兴奋｜嫉妒","惊喜","4","惊喜","5","否","已作答","100.00","75.00","90.00","3.15","13.33","3"
"ZJ202608163FC20E16","2026-08-16 11:24:16","48.35","7","ITEM-00064","111","图像","情绪识别","多选题","4.50","愉悦｜蔑视｜满足｜轻松｜爱｜释然｜兴趣｜尴尬｜困惑｜平静","兴趣","5","释然｜愉悦","3｜5","否","已作答","0.00","0.00","0.00","0.00","8.05","3"
"ZJ202608163FC20E16","2026-08-16 11:24:16","48.35","8","ITEM-00116","46","图像","情绪识别","单选题","3.50","困惑｜悲伤｜怨恨｜平静｜尴尬｜惊讶｜感动｜羞耻｜紧张｜恐惧","悲伤","4","悲伤","5","否","已作答","100.00","75.00","90.00","3.15","7.77","3"
"ZJ202608163FC20E16","2026-08-16 11:24:16","48.35","9","ITEM-00043","65","视频","情绪识别","多选题","4.50","焦虑｜遗憾｜尴尬｜感动｜蔑视｜崇拜｜愉悦｜怀旧｜平静｜轻松","遗憾","5","怀旧｜感动｜愉悦｜遗憾","5｜3｜3｜5","否","已作答","40.00","25.00","34.00","1.53","24.17","3"
"ZJ202608163FC20E16","2026-08-16 11:24:16","48.35","10","ITEM-00135","68","文本","情绪识别","多选题","4.50","好奇｜不屑｜自豪｜委屈｜震惊｜愤怒｜爱｜惊吓｜厌倦｜冷静","不屑｜愤怒","5｜4","不屑｜惊吓","5｜4","否","已作答","50.00","50.00","50.00","2.25","10.52","5"
"ZJ202608163FC20E16","2026-08-16 11:24:16","48.35","11","ITEM-00134","67","文本","情绪识别","多选题","4.50","愤怒｜敌意｜不屑｜自满｜厌倦｜悲伤｜蔑视｜困惑｜怨恨｜审美欣赏","敌意｜蔑视","4｜5","不屑｜敌意","5｜3","否","已作答","50.00","37.50","45.00","2.02","12.36","5"
"ZJ202608163FC20E16","2026-08-16 11:24:16","48.35","12","ITEM-00107","81","视频","情绪推理","多选题","4.50","满足｜蔑视｜羞耻｜敌意｜感动｜快乐｜感激｜羡慕｜愤怒｜冷静","感动｜快乐","4｜5","快乐｜满足｜感动","5｜5｜5","否","已作答","80.00","58.33","71.33","3.21","35.20","7"
"ZJ202608163FC20E16","2026-08-16 11:24:16","48.35","13","ITEM-00089","84","视频","情绪识别","多选题","4.50","嫉妒｜惊喜｜审美欣赏｜厌恶｜同情｜厌倦｜悲伤｜自满｜爱｜担忧","担忧","3","担忧｜同情｜悲伤","5｜4｜5","否","已作答","50.00","16.67","36.67","1.65","77.58","4"
"ZJ202608163FC20E16","2026-08-16 11:24:16","48.35","14","ITEM-00123","8","音频","情绪识别","单选题","3.50","内疚｜释然｜绝望｜怨恨｜抑郁｜烦躁｜崇拜｜惊喜｜感激｜自豪","绝望","5","绝望","4","否","已作答","100.00","75.00","90.00","3.15","14.12","6"
"ZJ202608163FC20E16","2026-08-16 11:24:16","48.35","15","ITEM-00079","61","视频","情绪推理","多选题","4.50","爱｜困惑｜失望｜感动｜好奇｜委屈｜共情痛苦｜愁闷｜悲伤｜平静","悲伤｜愁闷","3｜4","委屈｜悲伤","3｜3","否","已作答","50.00","50.00","50.00","2.25","25.39","10"
"ZJ202608163FC20E16","2026-08-16 11:24:16","48.35","16","ITEM-00149","60","视频","情绪推理","单选题","2.50","轻松｜担忧｜失望｜困惑｜焦虑｜羞耻｜渴望｜震惊｜愤怒｜紧张","担忧","4","担忧","4","否","已作答","100.00","100.00","100.00","2.50","174.35","4"
"ZJ202608163FC20E16","2026-08-16 11:24:16","48.35","17","ITEM-00017","10","视频","情绪识别","单选题","3.50","担忧｜愁闷｜愤怒｜恐惧｜自满｜紧张｜兴奋｜厌倦｜遗憾｜愉悦","愤怒","4","愤怒","5","否","已作答","100.00","75.00","90.00","3.15","38.68","3"
"ZJ202608163FC20E16","2026-08-16 11:24:16","48.35","18","ITEM-00139","37","图像","情绪推理","多选题","4.50","释然｜敌意｜委屈｜惊喜｜焦虑｜烦躁｜蔑视｜感动｜敬畏｜绝望","蔑视","3","焦虑｜敬畏","3｜4","否","已作答","0.00","0.00","0.00","0.00","11.54","2"
"ZJ202608163FC20E16","2026-08-16 11:24:16","48.35","19","ITEM-00046","89","图像","情绪识别","多选题","4.50","共情痛苦｜愁闷｜感激｜悲伤｜崇拜｜审美欣赏｜平静｜内疚｜敌意｜烦躁","悲伤","5","内疚｜悲伤","4｜3","否","已作答","66.67","25.00","50.00","2.25","7.31","3"
"ZJ202608163FC20E16","2026-08-16 11:24:16","48.35","20","ITEM-00051","93","图像","情绪识别","单选题","3.50","兴奋｜崇拜｜震惊｜悲伤｜感激｜内疚｜蔑视｜不屑｜自满｜平静","兴奋","4","悲伤","4","否","已作答","0.00","0.00","0.00","0.00","6.49","3"
"ZJ202608163FC20E16","2026-08-16 11:24:16","48.35","21","ITEM-00086","79","音频","情绪推理","多选题","4.50","厌倦｜感动｜惊讶｜怀旧｜好奇｜遗憾｜崇拜｜不屑｜爱｜烦躁","烦躁","5","烦躁｜厌倦","4｜4","否","已作答","66.67","37.50","55.00","2.47","12.36","3"
"ZJ202608163FC20E16","2026-08-16 11:24:16","48.35","22","ITEM-00092","66","音频","情绪识别","多选题","4.50","好奇｜内疚｜敌意｜痛苦｜平静｜悲伤｜羡慕｜愁闷｜崇拜｜爱","悲伤","5","内疚｜痛苦｜悲伤","5｜5｜5","否","已作答","50.00","33.33","43.33","1.95","48.63","3"
"ZJ202608163FC20E16","2026-08-16 11:24:16","48.35","23","ITEM-00143","71","文本","情绪推理","单选题","3.50","快乐｜羞耻｜厌恶｜不屑｜惊喜｜愁闷｜自豪｜嫉妒｜羡慕｜轻松","厌恶","5","不屑","3","否","已作答","0.00","0.00","0.00","0.00","10.97","3"
"ZJ202608163FC20E16","2026-08-16 11:24:16","48.35","24","ITEM-00140","63","文本","情绪推理","多选题","4.50","爱｜兴趣｜尴尬｜审美欣赏｜失望｜冷静｜怀旧｜兴奋｜惊喜｜愉悦","惊喜","5","惊喜｜兴奋","4｜4","否","已作答","66.67","37.50","55.00","2.47","11.54","3"
"ZJ20260816CD36D1E8","2026-08-16 11:23:19","42.11","1","ITEM-00144","118","文本","情绪推理","单选题","3.50","平静｜兴奋｜失望｜崇拜｜尴尬｜冷静｜满足｜兴趣｜怨恨｜共情痛苦","平静","3","失望","4","否","已作答","0.00","0.00","0.00","0.00","36.41","4"
"ZJ20260816CD36D1E8","2026-08-16 11:23:19","42.11","2","ITEM-00024","57","视频","情绪识别","单选题","3.50","不屑｜紧张｜惊喜｜担忧｜快乐｜自豪｜惊讶｜震惊｜羞耻｜羡慕","不屑","4","紧张","4","未填写","已作答","0.00","0.00","0.00","0.00","33.32","4"
"ZJ20260816CD36D1E8","2026-08-16 11:23:19","42.11","3","ITEM-00070","119","文本","情绪识别","多选题","4.50","兴奋｜紧张｜痛苦｜渴望｜愉悦｜爱｜困惑｜绝望｜敌意｜愤怒","痛苦","3","困惑｜痛苦","4｜5","否","已作答","66.67","25.00","50.00","2.25","6.31","2"
"ZJ20260816CD36D1E8","2026-08-16 11:23:19","42.11","4","ITEM-00084","78","音频","情绪推理","多选题","4.50","羞耻｜烦躁｜希望｜惊讶｜怀旧｜自豪｜紧张｜绝望｜厌恶｜兴奋","厌恶","4","羞耻｜烦躁","4｜5","否","已作答","0.00","0.00","0.00","0.00","13.76","3"
"ZJ20260816CD36D1E8","2026-08-16 11:23:19","42.11","5","ITEM-00137","69","音频","情绪识别","多选题","4.50","内疚｜兴趣｜愤怒｜快乐｜感动｜惊喜｜轻松｜怨恨｜轻视｜崇拜","轻松｜愤怒","4｜3","愤怒｜轻视","4｜4","未填写","已作答","50.00","37.50","45.00","2.02","27.52","13"
"ZJ20260816CD36D1E8","2026-08-16 11:23:19","42.11","6","ITEM-00127","87","视频","情绪识别","多选题","4.50","同情｜紧张｜审美欣赏｜爱｜愉悦｜委屈｜平静｜不屑｜蔑视｜震惊","审美欣赏｜同情｜蔑视｜平静","4｜3｜5｜4","震惊｜蔑视｜同情","4｜4｜3","是","已作答","57.14","58.33","57.62","2.59","40.77","13"
"ZJ20260816CD36D1E8","2026-08-16 11:23:19","42.11","7","ITEM-00067","114","图像","情绪识别","单选题","3.50","绝望｜遗憾｜困惑｜感动｜希望｜内疚｜震惊｜惊喜｜怀旧｜蔑视","震惊","4","震惊","4","否","已作答","100.00","100.00","100.00","3.50","17.13","8"
"ZJ20260816CD36D1E8","2026-08-16 11:23:19","42.11","8","ITEM-00050","92","图像","情绪识别","多选题","4.50","怨恨｜敌意｜悲伤｜困惑｜快乐｜委屈｜冷静｜自豪｜尴尬｜遗憾","怨恨","5","敌意｜怨恨","5｜5","否","已作答","66.67","50.00","60.00","2.70","7.62","4"
"ZJ20260816CD36D1E8","2026-08-16 11:23:19","42.11","9","ITEM-00086","79","音频","情绪推理","多选题","4.50","崇拜｜嫉妒｜烦躁｜厌倦｜怀旧｜厌恶｜痛苦｜悲伤｜释然｜蔑视","厌恶｜厌倦｜烦躁｜释然","4｜4｜5｜4","烦躁｜厌倦","4｜4","否","已作答","66.67","87.50","75.00","3.38","22.99","11"
"ZJ20260816CD36D1E8","2026-08-16 11:23:19","42.11","10","ITEM-00078","89","图像","情绪推理","多选题","4.50","愉悦｜崇拜｜蔑视｜震惊｜怀旧｜担忧｜恐惧｜释然｜悲伤｜内疚","怀旧｜担忧","4｜4","内疚｜悲伤","4｜3","否","已作答","0.00","0.00","0.00","0.00","18.58","7"
"ZJ20260816CD36D1E8","2026-08-16 11:23:19","42.11","11","ITEM-00096","74","文本","情绪识别","多选题","4.50","释然｜快乐｜嫉妒｜审美欣赏｜惊喜｜焦虑｜悲伤｜抑郁｜愉悦｜尴尬","释然｜快乐｜审美欣赏","4｜4｜4","审美欣赏｜愉悦","5｜5","未填写","已作答","40.00","37.50","39.00","1.75","8.87","6"
"ZJ20260816CD36D1E8","2026-08-16 11:23:19","42.11","12","ITEM-00092","66","音频","情绪识别","多选题","4.50","紧张｜敌意｜内疚｜悲伤｜自豪｜怀旧｜担忧｜羞耻｜痛苦｜渴望","悲伤｜担忧｜痛苦","5｜4｜3","内疚｜痛苦｜悲伤","5｜5｜5","否","已作答","66.67","50.00","60.00","2.70","45.64","8"
"ZJ20260816CD36D1E8","2026-08-16 11:23:19","42.11","13","ITEM-00062","23","文本","情绪识别","单选题","3.50","平静｜怀旧｜释然｜烦躁｜悲伤｜惊喜｜绝望｜兴趣｜好奇｜焦虑","惊喜","5","惊喜","5","否","已作答","100.00","100.00","100.00","3.50","9.77","8"
"ZJ20260816CD36D1E8","2026-08-16 11:23:19","42.11","14","ITEM-00009","7","音频","情绪识别","单选题","3.50","困惑｜蔑视｜渴望｜失望｜愉悦｜敌意｜愤怒｜绝望｜爱｜紧张","紧张","4","紧张","2","是","已作答","100.00","50.00","80.00","2.80","18.70","3"
"ZJ20260816CD36D1E8","2026-08-16 11:23:19","42.11","15","ITEM-00150","86","视频","情绪推理","多选题","4.50","满足｜不屑｜爱｜快乐｜失望｜怀旧｜羞耻｜委屈｜困惑｜兴趣","失望｜委屈｜困惑","5｜4｜4","满足｜快乐","4｜3","否","已作答","0.00","0.00","0.00","0.00","36.47","7"
"ZJ20260816CD36D1E8","2026-08-16 11:23:19","42.11","16","ITEM-00116","46","图像","情绪识别","单选题","3.50","兴奋｜自满｜恐惧｜失望｜悲伤｜担忧｜羡慕｜冷静｜愁闷｜希望","兴奋","4","悲伤","5","否","已作答","0.00","0.00","0.00","0.00","11.59","5"
"ZJ20260816CD36D1E8","2026-08-16 11:23:19","42.11","17","ITEM-00135","68","文本","情绪识别","多选题","4.50","不屑｜渴望｜委屈｜愤怒｜惊吓｜蔑视｜担忧｜审美欣赏｜恐惧｜冷静","不屑｜蔑视｜愤怒","4｜4｜5","不屑｜惊吓","5｜4","否","已作答","40.00","37.50","39.00","1.75","16.94","10"
"ZJ20260816CD36D1E8","2026-08-16 11:23:19","42.11","18","ITEM-00075","108","图像","情绪识别","多选题","4.50","快乐｜释然｜感动｜震惊｜羡慕｜怨恨｜遗憾｜共情痛苦｜愤怒｜兴奋","怨恨｜愤怒","4｜5","震惊｜愤怒","5｜5","否","已作答","50.00","50.00","50.00","2.25","7.52","5"
"ZJ20260816CD36D1E8","2026-08-16 11:23:19","42.11","19","ITEM-00045","2","音频","情绪识别","单选题","3.50","烦躁｜共情痛苦｜紧张｜感激｜自满｜焦虑｜满足｜希望｜担忧｜抑郁","焦虑","4","紧张","3","否","已作答","0.00","0.00","0.00","0.00","11.05","4"
"ZJ20260816CD36D1E8","2026-08-16 11:23:19","42.11","20","ITEM-00110","59","文本","情绪推理","多选题","4.50","蔑视｜抑郁｜痛苦｜困惑｜尴尬｜内疚｜渴望｜崇拜｜惊喜｜绝望","痛苦｜抑郁｜困惑","4｜4｜5","痛苦｜抑郁","4｜4","否","已作答","80.00","100.00","88.00","3.96","10.17","8"
"ZJ20260816CD36D1E8","2026-08-16 11:23:19","42.11","21","ITEM-00100","10","视频","情绪推理","多选题","4.50","羡慕｜震惊｜担忧｜得意｜烦躁｜不屑｜轻松｜感激｜审美欣赏｜共情痛苦","烦躁｜不屑","4｜5","不屑｜得意","4｜4","否","已作答","50.00","37.50","45.00","2.02","15.97","10"
"ZJ20260816CD36D1E8","2026-08-16 11:23:19","42.11","22","ITEM-00132","37","图像","情绪识别","多选题","4.50","释然｜嫉妒｜恭敬｜惊讶｜怨恨｜自豪｜抑郁｜平静｜失望｜愤怒","恭敬","4","平静｜恭敬","5｜5","是","已作答","66.67","37.50","55.00","2.47","9.34","3"
"ZJ20260816CD36D1E8","2026-08-16 11:23:19","42.11","23","ITEM-00149","60","视频","情绪推理","单选题","2.50","担忧｜遗憾｜爱｜抑郁｜平静｜失望｜嫉妒｜感激｜羞耻｜痛苦","爱","4","担忧","4","未填写","已作答","0.00","0.00","0.00","0.00","15.76","5"
"ZJ20260816CD36D1E8","2026-08-16 11:23:19","42.11","24","ITEM-00081","58","视频","情绪识别","多选题","4.50","审美欣赏｜震惊｜惊喜｜厌倦｜怀旧｜羡慕｜抑郁｜愉悦｜兴趣｜内疚","怀旧｜内疚","4｜4","审美欣赏｜怀旧","5｜3","否","已作答","50.00","37.50","45.00","2.02","21.77","5"
"ZJ20260816922E063C","2026-08-16 11:23:09","51.17","1","ITEM-00021","14","视频","情绪识别","单选题","3.50","恐惧｜烦躁｜失望｜崇拜｜尴尬｜怀旧｜愁闷｜自满｜担忧｜困惑","愁闷","3","怀旧","4","否","已作答","0.00","0.00","0.00","0.00","56.14","2"
"ZJ20260816922E063C","2026-08-16 11:23:09","51.17","2","ITEM-00065","112","图像","情绪识别","多选题","4.50","愉悦｜共情痛苦｜感激｜好奇｜感动｜遗憾｜怀旧｜抑郁｜释然｜悲伤","共情痛苦｜感动｜遗憾｜抑郁｜悲伤","4｜3｜4｜3｜5","悲伤｜遗憾｜感动｜释然","3｜4｜4｜4","否","已作答","66.67","56.25","62.50","2.81","29.70","11"
"ZJ20260816922E063C","2026-08-16 11:23:09","51.17","3","ITEM-00078","89","图像","情绪推理","多选题","4.50","悲伤｜厌倦｜痛苦｜冷静｜共情痛苦｜不屑｜希望｜内疚｜愉悦｜震惊","悲伤｜痛苦｜内疚｜冷静｜厌倦","4｜3｜3｜3｜3","内疚｜悲伤","4｜3","否","已作答","57.14","75.00","64.29","2.89","40.61","13"
"ZJ20260816922E063C","2026-08-16 11:23:09","51.17","4","ITEM-00090","56","音频","情绪识别","多选题","4.50","恐惧｜尴尬｜遗憾｜困惑｜希望｜失望｜怨恨｜共情痛苦｜审美欣赏｜惊讶","困惑｜失望｜怨恨｜遗憾｜希望","3｜4｜3｜4｜4","怨恨｜失望","5｜5","否","已作答","57.14","62.50","59.29","2.67","38.20","9"
"ZJ20260816922E063C","2026-08-16 11:23:09","51.17","5","ITEM-00124","22","音频","情绪识别","单选题","3.50","愤怒｜不屑｜震惊｜渴望｜愉悦｜悲伤｜怀旧｜释然｜平静｜惊讶","释然","4","释然","3","否","已作答","100.00","75.00","90.00","3.15","27.11","6"
"ZJ20260816922E063C","2026-08-16 11:23:09","51.17","6","ITEM-00141","67","文本","情绪推理","多选题","4.50","愤怒｜愁闷｜平静｜抑郁｜惊讶｜自满｜感动｜好奇｜焦虑｜怀旧","愤怒｜惊讶｜好奇｜焦虑｜愁闷","5｜4｜4｜3｜3","愤怒｜惊讶","4｜3","否","已作答","57.14","75.00","64.29","2.89","49.31","10"
"ZJ20260816922E063C","2026-08-16 11:23:09","51.17","7","ITEM-00149","60","视频","情绪推理","单选题","2.50","崇拜｜怨恨｜紧张｜敌意｜恐惧｜羞耻｜担忧｜愤怒｜好奇｜焦虑","担忧","4","担忧","4","是","已作答","100.00","100.00","100.00","2.50","56.81","3"
"ZJ20260816922E063C","2026-08-16 11:23:09","51.17","8","ITEM-00108","59","音频","情绪推理","多选题","4.50","痛苦｜内疚｜崇拜｜不屑｜愉悦｜惊喜｜抑郁｜兴奋｜快乐｜烦躁","内疚｜愉悦｜快乐｜兴奋｜惊喜","3｜4｜4｜3｜3","痛苦｜抑郁","4｜4","否","已作答","0.00","0.00","0.00","0.00","46.27","14"
"ZJ20260816922E063C","2026-08-16 11:23:09","51.17","9","ITEM-00042","61","视频","情绪识别","多选题","4.50","释然｜审美欣赏｜崇拜｜蔑视｜委屈｜共情痛苦｜渴望｜失望｜快乐｜悲伤","委屈｜失望｜悲伤｜渴望","5｜4｜4｜3","委屈｜悲伤","3｜3","是","已作答","66.67","62.50","65.00","2.92","34.93","8"
"ZJ20260816922E063C","2026-08-16 11:23:09","51.17","10","ITEM-00007","29","图像","情绪识别","单选题","3.50","抑郁｜好奇｜满足｜恐惧｜愁闷｜惊讶｜不屑｜羞耻｜嫉妒｜紧张","愁闷","4","惊讶","3","是","已作答","0.00","0.00","0.00","0.00","11.34","3"
"ZJ20260816922E063C","2026-08-16 11:23:09","51.17","11","ITEM-00126","86","视频","情绪识别","多选题","4.50","烦躁｜惊讶｜担忧｜怨恨｜尴尬｜悲伤｜崇拜｜愉悦｜怀旧｜兴趣","烦躁｜悲伤｜惊讶","4｜4｜3","惊讶｜愉悦","4｜5","否","已作答","40.00","37.50","39.00","1.75","38.47","8"
"ZJ20260816922E063C","2026-08-16 11:23:09","51.17","12","ITEM-00048","2","音频","情绪识别","单选题","3.50","共情痛苦｜愤怒｜担忧｜敌意｜惊喜｜羞耻｜厌恶｜困惑｜好奇｜怨恨","愤怒","4","愤怒","5","否","已作答","100.00","75.00","90.00","3.15","30.39","7"
"ZJ20260816922E063C","2026-08-16 11:23:09","51.17","13","ITEM-00107","81","视频","情绪推理","多选题","4.50","感动｜平静｜抑郁｜自满｜惊讶｜尴尬｜满足｜紧张｜快乐｜好奇","感动｜惊讶｜尴尬｜紧张","4｜4｜5｜4","快乐｜满足｜感动","5｜5｜5","是","已作答","28.57","25.00","27.14","1.22","33.01","9"
"ZJ20260816922E063C","2026-08-16 11:23:09","51.17","14","ITEM-00063","110","图像","情绪识别","多选题","4.50","委屈｜渴望｜兴趣｜困惑｜恐惧｜失望｜愉悦｜怀旧｜羡慕｜轻松","愉悦｜渴望","4｜4","轻松｜愉悦","5｜4","是","已作答","50.00","50.00","50.00","2.25","17.28","5"
"ZJ20260816922E063C","2026-08-16 11:23:09","51.17","15","ITEM-00098","1","视频","情绪推理","多选题","4.50","释然｜自豪｜悲伤｜抑郁｜好奇｜满足｜感激｜失望｜不屑｜焦虑","自豪｜满足","4｜4","感激｜自豪｜满足","4｜3｜4","是","已作答","80.00","58.33","71.33","3.21","51.87","8"
"ZJ20260816922E063C","2026-08-16 11:23:09","51.17","16","ITEM-00059","15","文本","情绪识别","单选题","3.50","绝望｜满足｜焦虑｜羞耻｜震惊｜愉悦｜自豪｜冷静｜抑郁｜希望","羞耻","4","羞耻","5","否","已作答","100.00","75.00","90.00","3.15","12.53","3"
"ZJ20260816922E063C","2026-08-16 11:23:09","51.17","17","ITEM-00075","108","图像","情绪识别","多选题","4.50","不屑｜抑郁｜困惑｜委屈｜焦虑｜紧张｜渴望｜愤怒｜失望｜震惊","不屑","4","震惊｜愤怒","5｜5","否","已作答","0.00","0.00","0.00","0.00","9.67","3"
"ZJ20260816922E063C","2026-08-16 11:23:09","51.17","18","ITEM-00056","101","图像","情绪识别","单选题","3.50","审美欣赏｜痛苦｜愉悦｜自满｜渴望｜轻松｜冷静｜担忧｜恐惧｜释然","审美欣赏","4","担忧","4","是","已作答","0.00","0.00","0.00","0.00","15.73","3"
"ZJ20260816922E063C","2026-08-16 11:23:09","51.17","19","ITEM-00097","82","文本","情绪识别","多选题","4.50","尴尬｜希望｜敌意｜焦虑｜平静｜快乐｜轻松｜愉悦｜自满｜不屑","快乐｜愉悦｜轻松｜自满","4｜4｜4｜4","轻松｜快乐","4｜4","是","已作答","66.67","100.00","80.00","3.60","28.54","11"
"ZJ20260816922E063C","2026-08-16 11:23:09","51.17","20","ITEM-00010","63","文本","情绪识别","多选题","4.50","快乐｜冷静｜尴尬｜蔑视｜轻松｜委屈｜兴奋｜痛苦｜渴望｜惊喜","轻松｜快乐｜惊喜｜渴望｜兴奋","4｜4｜4｜4｜4","惊喜｜兴奋","4｜4","否","已作答","57.14","100.00","74.29","3.34","22.84","11"
"ZJ20260816922E063C","2026-08-16 11:23:09","51.17","21","ITEM-00143","71","文本","情绪推理","单选题","3.50","怨恨｜不屑｜兴奋｜冷静｜担忧｜嫉妒｜惊喜｜恐惧｜尴尬｜自豪","怨恨","5","不屑","3","是","已作答","0.00","0.00","0.00","0.00","18.35","4"
"ZJ20260816922E063C","2026-08-16 11:23:09","51.17","22","ITEM-00084","78","音频","情绪推理","多选题","4.50","怨恨｜感动｜羞耻｜自豪｜满足｜蔑视｜兴奋｜内疚｜烦躁｜担忧","怨恨｜内疚｜担忧｜烦躁","4｜4｜4｜4","羞耻｜烦躁","4｜5","否","已作答","33.33","37.50","35.00","1.57","40.94","9"
"ZJ20260816922E063C","2026-08-16 11:23:09","51.17","23","ITEM-00137","69","音频","情绪识别","多选题","4.50","抑郁｜蔑视｜轻视｜厌恶｜担忧｜愤怒｜冷静｜恐惧｜焦虑｜释然","轻视｜厌恶｜愤怒｜焦虑","4｜4｜4｜4","愤怒｜轻视","4｜4","否","已作答","66.67","100.00","80.00","3.60","40.28","9"
"ZJ20260816922E063C","2026-08-16 11:23:09","51.17","24","ITEM-00069","117","文本","情绪识别","多选题","4.50","嫉妒｜绝望｜爱｜敌意｜快乐｜愉悦｜感激｜抑郁｜怨恨｜失望","爱｜愉悦｜快乐｜感激","4｜4｜4｜4","感激｜爱｜愉悦","4｜4｜5","否","已作答","85.71","91.67","88.10","3.96","14.92","9"
"ZJ20260816400E816D","2026-08-16 11:22:37","54.53","1","ITEM-00144","118","文本","情绪推理","单选题","3.50","羡慕｜爱｜内疚｜惊喜｜惊讶｜抑郁｜怀旧｜愉悦｜失望｜兴趣","失望","4","失望","4","否","已作答","100.00","100.00","100.00","3.50","29.70","3"
"ZJ20260816400E816D","2026-08-16 11:22:37","54.53","2","ITEM-00053","95","图像","情绪识别","多选题","4.50","紧张｜不屑｜绝望｜快乐｜遗憾｜委屈｜羡慕｜焦虑｜爱｜悲伤","绝望｜委屈｜遗憾","4｜3｜3","悲伤｜委屈｜绝望","3｜3｜5","否","已作答","66.67","58.33","63.33","2.85","16.99","7"
"ZJ20260816400E816D","2026-08-16 11:22:37","54.53","3","ITEM-00094","88","音频","情绪识别","多选题","4.50","自满｜渴望｜兴趣｜尴尬｜厌恶｜愤怒｜感激｜轻松｜遗憾｜怨恨","厌恶｜愤怒","4｜3","渴望｜兴趣","4｜5","否","已作答","0.00","0.00","0.00","0.00","20.90","4"
"ZJ20260816400E816D","2026-08-16 11:22:37","54.53","4","ITEM-00114","38","图像","情绪识别","单选题","3.50","崇拜｜悲伤｜兴趣｜怀旧｜愁闷｜烦躁｜厌恶｜遗憾｜自满｜担忧","悲伤","5","遗憾","4","未填写","已作答","0.00","0.00","0.00","0.00","10.97","5"
"ZJ20260816400E816D","2026-08-16 11:22:37","54.53","5","ITEM-00041","54","文本","情绪识别","单选题","3.50","怨恨｜快乐｜自满｜共情痛苦｜兴趣｜焦虑｜紧张｜爱｜委屈｜遗憾","怨恨","3","自满","4","否","已作答","0.00","0.00","0.00","0.00","16.54","4"
"ZJ20260816400E816D","2026-08-16 11:22:37","54.53","6","ITEM-00150","86","视频","情绪推理","多选题","4.50","崇拜｜怀旧｜内疚｜自豪｜嫉妒｜满足｜轻松｜羡慕｜快乐｜共情痛苦","内疚｜共情痛苦","4｜2","满足｜快乐","4｜3","否","已作答","0.00","0.00","0.00","0.00","44.89","7"
"ZJ20260816400E816D","2026-08-16 11:22:37","54.53","7","ITEM-00145","69","音频","情绪识别","多选题","4.50","满足｜惊喜｜渴望｜蔑视｜羞耻｜愤怒｜怨恨｜自豪｜震惊｜冷静","愤怒｜蔑视","4｜3","愤怒｜震惊","4｜3","是","已作答","50.00","50.00","50.00","2.25","46.51","10"
"ZJ20260816400E816D","2026-08-16 11:22:37","54.53","8","ITEM-00097","82","文本","情绪识别","多选题","4.50","困惑｜好奇｜怀旧｜厌恶｜快乐｜自豪｜崇拜｜兴趣｜轻松｜感动","轻松｜怀旧","4｜3","轻松｜快乐","4｜4","否","已作答","50.00","50.00","50.00","2.25","23.02","4"
"ZJ20260816400E816D","2026-08-16 11:22:37","54.53","9","ITEM-00078","89","图像","情绪推理","多选题","4.50","厌倦｜焦虑｜不屑｜崇拜｜悲伤｜羞耻｜希望｜担忧｜爱｜内疚","悲伤｜担忧｜内疚","4｜4｜3","内疚｜悲伤","4｜3","否","已作答","80.00","75.00","78.00","3.51","21.19","6"
"ZJ20260816400E816D","2026-08-16 11:22:37","54.53","10","ITEM-00135","68","文本","情绪识别","多选题","4.50","悲伤｜厌倦｜惊讶｜抑郁｜羡慕｜困惑｜不屑｜快乐｜惊吓｜厌恶","厌恶｜不屑","2｜2","不屑｜惊吓","5｜4","否","已作答","50.00","12.50","35.00","1.57","42.83","10"
"ZJ20260816400E816D","2026-08-16 11:22:37","54.53","11","ITEM-00088","81","视频","情绪识别","多选题","4.50","焦虑｜不屑｜震惊｜愤怒｜爱｜兴奋｜惊喜｜紧张｜感激｜快乐","爱｜兴奋｜惊喜｜快乐","4｜3｜4｜3","快乐｜惊喜｜兴奋｜爱","5｜5｜5｜5","否","已作答","100.00","62.50","85.00","3.83","28.03","9"
"ZJ20260816400E816D","2026-08-16 11:22:37","54.53","12","ITEM-00110","59","文本","情绪推理","多选题","4.50","愁闷｜痛苦｜失望｜感动｜烦躁｜尴尬｜渴望｜抑郁｜审美欣赏｜内疚","愁闷｜痛苦","4｜3","痛苦｜抑郁","4｜4","未填写","已作答","50.00","37.50","45.00","2.02","28.59","5"
"ZJ20260816400E816D","2026-08-16 11:22:37","54.53","13","ITEM-00013","27","图像","情绪识别","单选题","3.50","惊讶｜愤怒｜好奇｜共情痛苦｜希望｜震惊｜怀旧｜渴望｜愁闷｜感激","愤怒","5","愤怒","5","未填写","已作答","100.00","100.00","100.00","3.50","5.82","2"
"ZJ20260816400E816D","2026-08-16 11:22:37","54.53","14","ITEM-00138","22","音频","情绪推理","多选题","4.50","不屑｜可惜｜冷静｜尴尬｜感激｜内疚｜怀旧｜烦躁｜失望｜困惑","内疚｜烦躁","3｜4","不屑｜可惜","4｜3","未填写","已作答","0.00","0.00","0.00","0.00","11.39","3"
"ZJ20260816400E816D","2026-08-16 11:22:37","54.53","15","ITEM-00098","1","视频","情绪推理","多选题","4.50","快乐｜好奇｜遗憾｜自豪｜满足｜绝望｜羞耻｜自满｜感激｜困惑","快乐｜满足｜自豪","3｜4｜5","感激｜自豪｜满足","4｜3｜4","未填写","已作答","66.67","50.00","60.00","2.70","17.10","7"
"ZJ20260816400E816D","2026-08-16 11:22:37","54.53","16","ITEM-00023","55","视频","情绪识别","单选题","3.50","释然｜痛苦｜烦躁｜愉悦｜敌意｜平静｜内疚｜委屈｜希望｜怀旧","敌意","4","敌意","4","未填写","已作答","100.00","100.00","100.00","3.50","27.46","5"
"ZJ20260816400E816D","2026-08-16 11:22:37","54.53","17","ITEM-00054","97","图像","情绪识别","多选题","4.50","轻松｜希望｜敌意｜愉悦｜蔑视｜平静｜兴趣｜烦躁｜不屑｜嫉妒","愉悦｜希望｜轻松","4｜3｜5","希望｜轻松｜愉悦","5｜5｜5","未填写","已作答","100.00","75.00","90.00","4.05","12.23","5"
"ZJ20260816400E816D","2026-08-16 11:22:37","54.53","18","ITEM-00002","6","视频","情绪推理","单选题","3.50","困惑｜尴尬｜崇拜｜嫉妒｜感动｜恐惧｜好奇｜厌倦｜爱｜悲伤","感动","5","感动","3","未填写","已作答","100.00","50.00","80.00","2.80","30.73","4"
"ZJ20260816400E816D","2026-08-16 11:22:37","54.53","19","ITEM-00048","2","音频","情绪识别","单选题","3.50","愤怒｜焦虑｜遗憾｜爱｜蔑视｜烦躁｜好奇｜抑郁｜敌意｜嫉妒","愤怒","4","愤怒","5","未填写","已作答","100.00","75.00","90.00","3.15","9.60","2"
"ZJ20260816400E816D","2026-08-16 11:22:37","54.53","20","ITEM-00064","111","图像","情绪识别","多选题","4.50","释然｜感动｜愁闷｜怨恨｜崇拜｜震惊｜冷静｜抑郁｜愉悦｜平静","感动｜释然｜震惊｜愉悦","4｜3｜3｜3","释然｜愉悦","3｜5","未填写","已作答","66.67","75.00","70.00","3.15","14.46","8"
"ZJ20260816400E816D","2026-08-16 11:22:37","54.53","21","ITEM-00070","119","文本","情绪识别","多选题","4.50","羡慕｜困惑｜抑郁｜内疚｜愉悦｜紧张｜痛苦｜兴奋｜渴望｜烦躁","困惑｜痛苦｜烦躁","4｜3｜4","困惑｜痛苦","4｜5","未填写","已作答","80.00","75.00","78.00","3.51","14.63","5"
"ZJ20260816400E816D","2026-08-16 11:22:37","54.53","22","ITEM-00086","79","音频","情绪推理","多选题","4.50","爱｜崇拜｜悲伤｜烦躁｜自满｜平静｜羞耻｜厌倦｜担忧｜审美欣赏","烦躁｜厌倦","3｜4","烦躁｜厌倦","4｜4","未填写","已作答","100.00","87.50","95.00","4.28","15.82","3"
"ZJ20260816400E816D","2026-08-16 11:22:37","54.53","23","ITEM-00043","65","视频","情绪识别","多选题","4.50","遗憾｜怀旧｜感动｜恐惧｜兴奋｜愉悦｜嫉妒｜烦躁｜担忧｜惊喜","遗憾｜怀旧｜担忧","4｜3｜2","怀旧｜感动｜愉悦｜遗憾","5｜3｜3｜5","未填写","已作答","57.14","31.25","46.79","2.11","27.20","10"
"ZJ20260816400E816D","2026-08-16 11:22:37","54.53","24","ITEM-00123","8","音频","情绪识别","单选题","3.50","怀旧｜震惊｜好奇｜共情痛苦｜抑郁｜绝望｜平静｜满足｜愁闷｜感动","抑郁","3","绝望","4","未填写","已作答","0.00","0.00","0.00","0.00","23.87","5"
"ZJ202608166158CFE8","2026-08-16 11:22:24","40.52","1","ITEM-00038","51","文本","情绪识别","单选题","3.50","惊喜｜自满｜兴奋｜敌意｜崇拜｜共情痛苦｜烦躁｜自豪｜尴尬｜冷静","烦躁","4","自满","3","否","已作答","0.00","0.00","0.00","0.00","26.71","3"
"ZJ202608166158CFE8","2026-08-16 11:22:24","40.52","2","ITEM-00056","101","图像","情绪识别","单选题","3.50","自豪｜担忧｜震惊｜审美欣赏｜蔑视｜感动｜快乐｜焦虑｜恐惧｜委屈","审美欣赏","3","担忧","4","否","已作答","0.00","0.00","0.00","0.00","23.40","2"
"ZJ202608166158CFE8","2026-08-16 11:22:24","40.52","3","ITEM-00124","22","音频","情绪识别","单选题","3.50","惊喜｜怨恨｜失望｜羡慕｜愤怒｜释然｜好奇｜共情痛苦｜崇拜｜焦虑","释然","4","释然","3","否","已作答","100.00","75.00","90.00","3.15","16.42","3"
"ZJ202608166158CFE8","2026-08-16 11:22:24","40.52","4","ITEM-00054","97","图像","情绪识别","多选题","4.50","兴奋｜希望｜愁闷｜厌倦｜轻松｜绝望｜冷静｜自满｜愉悦｜恐惧","轻松","4","希望｜轻松｜愉悦","5｜5｜5","否","已作答","50.00","25.00","40.00","1.80","10.25","3"
"ZJ202608166158CFE8","2026-08-16 11:22:24","40.52","5","ITEM-00096","74","文本","情绪识别","多选题","4.50","快乐｜兴趣｜感激｜敌意｜惊讶｜愉悦｜惊喜｜轻松｜感动｜审美欣赏","愉悦","5","审美欣赏｜愉悦","5｜5","否","已作答","66.67","50.00","60.00","2.70","13.10","3"
"ZJ202608166158CFE8","2026-08-16 11:22:24","40.52","6","ITEM-00002","6","视频","情绪推理","单选题","3.50","痛苦｜爱｜困惑｜感激｜抑郁｜羡慕｜震惊｜快乐｜轻松｜感动","感激","5","感动","3","是","已作答","0.00","0.00","0.00","0.00","23.35","4"
"ZJ202608166158CFE8","2026-08-16 11:22:24","40.52","7","ITEM-00077","79","音频","情绪识别","多选题","4.50","愤怒｜尴尬｜烦躁｜失望｜怨恨｜厌倦｜紧张｜平静｜兴趣｜希望","尴尬","4","烦躁｜厌倦","4｜4","是","已作答","0.00","0.00","0.00","0.00","18.45","5"
"ZJ202608166158CFE8","2026-08-16 11:22:24","40.52","8","ITEM-00052","94","图像","情绪识别","多选题","4.50","绝望｜惊讶｜委屈｜不屑｜爱｜痛苦｜好奇｜释然｜羡慕｜抑郁","绝望","4","绝望｜痛苦｜委屈","5｜5｜4","是","已作答","50.00","25.00","40.00","1.80","11.06","3"
"ZJ202608166158CFE8","2026-08-16 11:22:24","40.52","9","ITEM-00057","23","音频","情绪识别","单选题","3.50","紧张｜悲伤｜烦躁｜爱｜惊喜｜尴尬｜平静｜困惑｜痛苦｜自豪","惊喜","4","惊喜","5","否","已作答","100.00","75.00","90.00","3.15","24.70","3"
"ZJ202608166158CFE8","2026-08-16 11:22:24","40.52","10","ITEM-00075","108","图像","情绪识别","多选题","4.50","困惑｜敌意｜震惊｜愤怒｜厌恶｜烦躁｜平静｜怀旧｜遗憾｜审美欣赏","震惊｜愤怒｜敌意｜烦躁","5｜3｜4｜4","震惊｜愤怒","5｜5","否","已作答","66.67","75.00","70.00","3.15","28.00","8"
"ZJ202608166158CFE8","2026-08-16 11:22:24","40.52","11","ITEM-00082","72","视频","情绪识别","多选题","4.50","羡慕｜羞耻｜感动｜审美欣赏｜嫉妒｜焦虑｜痛苦｜不屑｜紧张｜怨恨","审美欣赏｜感动","3｜4","焦虑｜紧张","4｜5","否","已作答","0.00","0.00","0.00","0.00","51.73","4"
"ZJ202608166158CFE8","2026-08-16 11:22:24","40.52","12","ITEM-00108","59","音频","情绪推理","多选题","4.50","羞耻｜抑郁｜敌意｜愤怒｜不屑｜痛苦｜冷静｜困惑｜好奇｜尴尬","痛苦｜困惑","3｜2","痛苦｜抑郁","4｜4","否","已作答","50.00","37.50","45.00","2.02","18.27","6"
"ZJ202608166158CFE8","2026-08-16 11:22:24","40.52","13","ITEM-00140","63","文本","情绪推理","多选题","4.50","困惑｜兴奋｜内疚｜尴尬｜崇拜｜蔑视｜惊喜｜感动｜释然｜敌意","兴奋｜惊喜","4｜3","惊喜｜兴奋","4｜4","否","已作答","100.00","87.50","95.00","4.28","17.14","4"
"ZJ202608166158CFE8","2026-08-16 11:22:24","40.52","14","ITEM-00092","66","音频","情绪识别","多选题","4.50","痛苦｜敌意｜渴望｜好奇｜共情痛苦｜爱｜希望｜内疚｜失望｜悲伤","爱｜内疚｜痛苦｜悲伤","4｜5｜4｜5","内疚｜痛苦｜悲伤","5｜5｜5","否","已作答","85.71","91.67","88.10","3.96","51.13","9"
"ZJ202608166158CFE8","2026-08-16 11:22:24","40.52","15","ITEM-00025","60","视频","情绪识别","单选题","3.50","担忧｜轻松｜内疚｜困惑｜痛苦｜惊讶｜好奇｜感动｜爱｜怨恨","感动","5","痛苦","3","否","已作答","0.00","0.00","0.00","0.00","43.69","3"
"ZJ202608166158CFE8","2026-08-16 11:22:24","40.52","16","ITEM-00007","29","图像","情绪识别","单选题","3.50","好奇｜震惊｜悲伤｜惊讶｜委屈｜厌恶｜轻松｜自豪｜失望｜尴尬","好奇","4","惊讶","3","否","已作答","0.00","0.00","0.00","0.00","7.05","3"
"ZJ202608166158CFE8","2026-08-16 11:22:24","40.52","17","ITEM-00042","61","视频","情绪识别","多选题","4.50","委屈｜抑郁｜恐惧｜悲伤｜焦虑｜自满｜快乐｜内疚｜紧张｜愉悦","抑郁｜焦虑｜悲伤","4｜4｜4","委屈｜悲伤","3｜3","否","已作答","40.00","37.50","39.00","1.75","28.37","8"
"ZJ202608166158CFE8","2026-08-16 11:22:24","40.52","18","ITEM-00139","37","图像","情绪推理","多选题","4.50","尴尬｜审美欣赏｜快乐｜愉悦｜敬畏｜兴奋｜兴趣｜冷静｜焦虑｜委屈","敬畏｜尴尬","4｜5","焦虑｜敬畏","3｜4","否","已作答","50.00","50.00","50.00","2.25","18.48","6"
"ZJ202608166158CFE8","2026-08-16 11:22:24","40.52","19","ITEM-00100","10","视频","情绪推理","多选题","4.50","得意｜烦躁｜愁闷｜不屑｜满足｜厌恶｜痛苦｜担忧｜自豪｜快乐","烦躁｜担忧","4｜5","不屑｜得意","4｜4","否","已作答","0.00","0.00","0.00","0.00","26.72","5"
"ZJ202608166158CFE8","2026-08-16 11:22:24","40.52","20","ITEM-00107","81","视频","情绪推理","多选题","4.50","怨恨｜快乐｜愁闷｜满足｜感动｜抑郁｜羡慕｜爱｜希望｜轻松","快乐｜爱｜希望｜轻松｜满足","5｜4｜4｜2｜4","快乐｜满足｜感动","5｜5｜5","是","已作答","50.00","58.33","53.33","2.40","60.36","11"
"ZJ202608166158CFE8","2026-08-16 11:22:24","40.52","21","ITEM-00134","67","文本","情绪识别","多选题","4.50","怀旧｜希望｜渴望｜厌恶｜愁闷｜敌意｜愤怒｜遗憾｜不屑｜抑郁","敌意｜愤怒｜不屑｜怀旧","5｜4｜3｜2","不屑｜敌意","5｜3","否","已作答","66.67","50.00","60.00","2.70","26.91","9"
"ZJ202608166158CFE8","2026-08-16 11:22:24","40.52","22","ITEM-00109","88","音频","情绪推理","多选题","4.50","厌恶｜困惑｜失望｜释然｜冷静｜厌倦｜敌意｜委屈｜兴奋｜轻松","释然｜困惑","4｜3","厌倦｜困惑","3｜3","否","已作答","50.00","50.00","50.00","2.25","88.76","4"
"ZJ202608166158CFE8","2026-08-16 11:22:24","40.52","23","ITEM-00142","68","文本","情绪推理","单选题","3.50","希望｜恐惧｜好奇｜担忧｜冷静｜怀旧｜感激｜自满｜愉悦｜敌意","恐惧","5","敌意","4","否","已作答","0.00","0.00","0.00","0.00","19.23","3"
"ZJ202608166158CFE8","2026-08-16 11:22:24","40.52","24","ITEM-00097","82","文本","情绪识别","多选题","4.50","满足｜痛苦｜尴尬｜委屈｜快乐｜自满｜遗憾｜震惊｜平静｜轻松","满足｜快乐｜平静｜轻松","4｜2｜4｜4","轻松｜快乐","4｜4","是","已作答","66.67","75.00","70.00","3.15","25.98","9"
"ZJ2026081616754E08","2026-08-16 11:21:53","31.68","1","ITEM-00019","12","视频","情绪识别","单选题","3.50","渴望｜共情痛苦｜厌倦｜遗憾｜厌恶｜自豪｜冷静｜烦躁｜焦虑｜平静","厌倦","4","烦躁","4","否","已作答","0.00","0.00","0.00","0.00","34.32","4"
"ZJ2026081616754E08","2026-08-16 11:21:53","31.68","2","ITEM-00077","79","音频","情绪识别","多选题","4.50","羞耻｜烦躁｜崇拜｜绝望｜委屈｜厌倦｜兴奋｜渴望｜释然｜不屑","委屈","3","烦躁｜厌倦","4｜4","否","已作答","0.00","0.00","0.00","0.00","29.80","4"
"ZJ2026081616754E08","2026-08-16 11:21:53","31.68","3","ITEM-00130","104","图像","情绪识别","多选题","4.50","自满｜不屑｜平静｜审美欣赏｜厌倦｜爱｜震惊｜愤怒｜快乐｜敌意","震惊","4","愤怒｜震惊","5｜4","是","已作答","66.67","50.00","60.00","2.70","9.41","3"
"ZJ2026081616754E08","2026-08-16 11:21:53","31.68","4","ITEM-00012","26","图像","情绪识别","单选题","3.50","快乐｜痛苦｜共情痛苦｜委屈｜惊喜｜希望｜愤怒｜悲伤｜羡慕｜怨恨","悲伤","4","愤怒","4","否","已作答","0.00","0.00","0.00","0.00","25.36","3"
"ZJ2026081616754E08","2026-08-16 11:21:53","31.68","5","ITEM-00010","63","文本","情绪识别","多选题","4.50","惊讶｜不屑｜震惊｜担忧｜快乐｜遗憾｜恐惧｜失望｜兴奋｜惊喜","兴奋","2","惊喜｜兴奋","4｜4","否","已作答","66.67","25.00","50.00","2.25","21.05","3"
"ZJ2026081616754E08","2026-08-16 11:21:53","31.68","6","ITEM-00084","78","音频","情绪推理","多选题","4.50","尴尬｜震惊｜抑郁｜愤怒｜紧张｜烦躁｜满足｜羞耻｜兴趣｜爱","愤怒","4","羞耻｜烦躁","4｜5","是","已作答","0.00","0.00","0.00","0.00","17.88","3"
"ZJ2026081616754E08","2026-08-16 11:21:53","31.68","7","ITEM-00096","74","文本","情绪识别","多选题","4.50","担忧｜审美欣赏｜兴奋｜感激｜快乐｜遗憾｜委屈｜愉悦｜紧张｜嫉妒","审美欣赏","5","审美欣赏｜愉悦","5｜5","是","已作答","66.67","50.00","60.00","2.70","19.07","4"
"ZJ2026081616754E08","2026-08-16 11:21:53","31.68","8","ITEM-00110","59","文本","情绪推理","多选题","4.50","痛苦｜抑郁｜嫉妒｜爱｜冷静｜担忧｜平静｜悲伤｜自满｜愁闷","抑郁｜悲伤｜担忧","5｜4｜5","痛苦｜抑郁","4｜4","否","已作答","40.00","37.50","39.00","1.75","40.81","7"
"ZJ2026081616754E08","2026-08-16 11:21:53","31.68","9","ITEM-00138","22","音频","情绪推理","多选题","4.50","快乐｜可惜｜共情痛苦｜不屑｜震惊｜轻松｜紧张｜愉悦｜崇拜｜烦躁","共情痛苦｜烦躁｜不屑","5｜4｜4","不屑｜可惜","4｜3","否","已作答","40.00","50.00","44.00","1.98","57.07","9"
"ZJ2026081616754E08","2026-08-16 11:21:53","31.68","10","ITEM-00002","6","视频","情绪推理","单选题","3.50","感动｜自豪｜悲伤｜失望｜内疚｜抑郁｜绝望｜好奇｜尴尬｜震惊","内疚","5","感动","3","是","已作答","0.00","0.00","0.00","0.00","17.61","6"
"ZJ2026081616754E08","2026-08-16 11:21:53","31.68","11","ITEM-00145","69","音频","情绪识别","多选题","4.50","愤怒｜蔑视｜内疚｜好奇｜平静｜悲伤｜厌恶｜愉悦｜震惊｜释然","愤怒｜蔑视｜震惊","4｜3｜4","愤怒｜震惊","4｜3","是","已作答","80.00","87.50","83.00","3.73","25.25","6"
"ZJ2026081616754E08","2026-08-16 11:21:53","31.68","12","ITEM-00101","55","视频","情绪推理","多选题","4.50","嫉妒｜尴尬｜平静｜惊喜｜痛苦｜困惑｜绝望｜崇拜｜共情痛苦｜愁闷","痛苦｜困惑｜绝望","5｜4｜4","尴尬｜困惑","4｜4","是","已作答","40.00","50.00","44.00","1.98","18.41","7"
"ZJ2026081616754E08","2026-08-16 11:21:53","31.68","13","ITEM-00083","73","视频","情绪识别","多选题","4.50","绝望｜遗憾｜崇拜｜满足｜怨恨｜释然｜委屈｜爱｜羞耻｜兴奋","满足｜爱","4｜4","爱｜释然","5｜5","否","已作答","50.00","37.50","45.00","2.02","55.12","7"
"ZJ2026081616754E08","2026-08-16 11:21:53","31.68","14","ITEM-00008","30","图像","情绪识别","单选题","3.50","羞耻｜共情痛苦｜兴趣｜愁闷｜平静｜不屑｜困惑｜蔑视｜愤怒｜愉悦","兴趣","4","困惑","3","是","已作答","0.00","0.00","0.00","0.00","15.72","5"
"ZJ2026081616754E08","2026-08-16 11:21:53","31.68","15","ITEM-00100","10","视频","情绪推理","多选题","4.50","内疚｜烦躁｜自豪｜震惊｜惊讶｜羡慕｜惊喜｜不屑｜得意｜失望","烦躁｜得意｜震惊","3｜4｜4","不屑｜得意","4｜4","否","已作答","40.00","50.00","44.00","1.98","20.08","12"
"ZJ2026081616754E08","2026-08-16 11:21:53","31.68","16","ITEM-00135","68","文本","情绪识别","多选题","4.50","委屈｜失望｜绝望｜悲伤｜惊吓｜紧张｜怨恨｜爱｜不屑｜愤怒","紧张｜失望｜愤怒","4｜4｜5","不屑｜惊吓","5｜4","否","已作答","0.00","0.00","0.00","0.00","15.68","7"
"ZJ2026081616754E08","2026-08-16 11:21:53","31.68","17","ITEM-00040","53","文本","情绪识别","单选题","3.50","惊讶｜惊喜｜自满｜抑郁｜希望｜怀旧｜内疚｜痛苦｜怨恨｜敌意","敌意","4","怨恨","5","否","已作答","0.00","0.00","0.00","0.00","10.97","6"
"ZJ2026081616754E08","2026-08-16 11:21:53","31.68","18","ITEM-00139","37","图像","情绪推理","多选题","4.50","快乐｜焦虑｜愁闷｜满足｜厌恶｜怀旧｜嫉妒｜惊喜｜敬畏｜委屈","焦虑","4","焦虑｜敬畏","3｜4","否","已作答","66.67","37.50","55.00","2.47","40.71","3"
"ZJ2026081616754E08","2026-08-16 11:21:53","31.68","19","ITEM-00048","2","音频","情绪识别","单选题","3.50","困惑｜快乐｜愤怒｜爱｜愉悦｜轻松｜崇拜｜敌意｜自满｜焦虑","愤怒","4","愤怒","5","否","已作答","100.00","75.00","90.00","3.15","14.99","5"
"ZJ2026081616754E08","2026-08-16 11:21:53","31.68","20","ITEM-00057","23","音频","情绪识别","单选题","3.50","失望｜蔑视｜快乐｜绝望｜轻松｜共情痛苦｜烦躁｜感激｜崇拜｜惊喜","快乐","4","惊喜","5","是","已作答","0.00","0.00","0.00","0.00","24.86","3"
"ZJ2026081616754E08","2026-08-16 11:21:53","31.68","21","ITEM-00144","118","文本","情绪推理","单选题","3.50","不屑｜敌意｜遗憾｜悲伤｜兴趣｜失望｜厌倦｜愤怒｜羡慕｜内疚","厌倦","4","失望","4","是","已作答","0.00","0.00","0.00","0.00","16.28","3"
"ZJ2026081616754E08","2026-08-16 11:21:53","31.68","22","ITEM-00126","86","视频","情绪识别","多选题","4.50","焦虑｜释然｜烦躁｜愉悦｜惊讶｜兴奋｜爱｜嫉妒｜羡慕｜敌意","惊讶","4","惊讶｜愉悦","4｜5","是","已作答","66.67","50.00","60.00","2.70","17.20","4"
"ZJ2026081616754E08","2026-08-16 11:21:53","31.68","23","ITEM-00073","107","图像","情绪识别","多选题","4.50","快乐｜兴奋｜惊喜｜轻松｜震惊｜爱｜共情痛苦｜冷静｜兴趣｜感动","共情痛苦","4","感动｜爱","5｜5","是","已作答","0.00","0.00","0.00","0.00","10.82","3"
"ZJ2026081616754E08","2026-08-16 11:21:53","31.68","24","ITEM-00050","92","图像","情绪识别","多选题","4.50","好奇｜尴尬｜羞耻｜怀旧｜释然｜遗憾｜怨恨｜希望｜敌意｜绝望","怨恨","3","敌意｜怨恨","5｜5","否","已作答","66.67","25.00","50.00","2.25","7.58","3"
"ZJ2026081678851FE9","2026-08-16 11:20:48","40.63","1","ITEM-00142","68","文本","情绪推理","单选题","3.50","嫉妒｜敌意｜释然｜羞耻｜委屈｜自豪｜困惑｜共情痛苦｜不屑｜恐惧","不屑","3","敌意","4","否","已作答","0.00","0.00","0.00","0.00","49.45","2"
"ZJ2026081678851FE9","2026-08-16 11:20:48","40.63","2","ITEM-00137","69","音频","情绪识别","多选题","4.50","兴趣｜愤怒｜轻视｜焦虑｜愁闷｜绝望｜羞耻｜轻松｜委屈｜冷静","轻视","4","愤怒｜轻视","4｜4","是","已作答","66.67","50.00","60.00","2.70","27.56","3"
"ZJ2026081678851FE9","2026-08-16 11:20:48","40.63","3","ITEM-00150","86","视频","情绪推理","多选题","4.50","敌意｜希望｜惊喜｜困惑｜担忧｜共情痛苦｜满足｜快乐｜崇拜｜厌倦","惊喜｜快乐","4｜4","满足｜快乐","4｜3","否","已作答","50.00","37.50","45.00","2.02","38.58","5"
"ZJ2026081678851FE9","2026-08-16 11:20:48","40.63","4","ITEM-00044","80","视频","情绪识别","多选题","4.50","委屈｜惊讶｜烦躁｜遗憾｜紧张｜不屑｜尴尬｜怨恨｜愁闷｜自满","遗憾｜紧张｜烦躁｜惊讶","4｜4｜4｜4","紧张｜惊讶","4｜4","否","已作答","66.67","100.00","80.00","3.60","26.24","15"
"ZJ2026081678851FE9","2026-08-16 11:20:48","40.63","5","ITEM-00125","85","视频","情绪识别","多选题","4.50","平静｜审美欣赏｜怀旧｜尴尬｜快乐｜感激｜愉悦｜失望｜不屑｜惊喜","平静｜不屑｜感激","3｜4｜5","感激｜愉悦｜不屑","5｜5｜3","否","已作答","66.67","58.33","63.33","2.85","46.31","8"
"ZJ2026081678851FE9","2026-08-16 11:20:48","40.63","6","ITEM-00108","59","音频","情绪推理","多选题","4.50","轻松｜愉悦｜感激｜厌恶｜抑郁｜好奇｜失望｜恐惧｜兴奋｜痛苦","厌恶","3","痛苦｜抑郁","4｜4","否","已作答","0.00","0.00","0.00","0.00","27.48","4"
"ZJ2026081678851FE9","2026-08-16 11:20:48","40.63","7","ITEM-00004","62","视频","情绪推理","单选题","3.50","尴尬｜嫉妒｜失望｜紧张｜释然｜平静｜愤怒｜轻松｜渴望｜困惑","平静","4","尴尬","3","是","已作答","0.00","0.00","0.00","0.00","16.05","6"
"ZJ2026081678851FE9","2026-08-16 11:20:48","40.63","8","ITEM-00017","10","视频","情绪识别","单选题","3.50","羡慕｜自满｜悲伤｜爱｜失望｜焦虑｜恐惧｜冷静｜愤怒｜轻松","愤怒","5","愤怒","5","否","已作答","100.00","100.00","100.00","3.50","18.56","4"
"ZJ2026081678851FE9","2026-08-16 11:20:48","40.63","9","ITEM-00094","88","音频","情绪识别","多选题","4.50","感激｜遗憾｜愉悦｜冷静｜尴尬｜渴望｜委屈｜兴趣｜共情痛苦｜失望","愉悦","4","渴望｜兴趣","4｜5","否","已作答","0.00","0.00","0.00","0.00","19.02","3"
"ZJ2026081678851FE9","2026-08-16 11:20:48","40.63","10","ITEM-00072","120","文本","情绪识别","多选题","4.50","兴趣｜满足｜悲伤｜委屈｜困惑｜愉悦｜内疚｜轻松｜希望｜羡慕","满足｜希望｜轻松","3｜3｜3","满足｜轻松｜愉悦｜希望｜兴趣","5｜5｜5｜5｜5","否","已作答","75.00","30.00","57.00","2.56","11.62","4"
"ZJ2026081678851FE9","2026-08-16 11:20:48","40.63","11","ITEM-00124","22","音频","情绪识别","单选题","3.50","崇拜｜绝望｜失望｜好奇｜希望｜羞耻｜释然｜紧张｜愁闷｜惊讶","希望","4","释然","3","否","已作答","0.00","0.00","0.00","0.00","15.57","6"
"ZJ2026081678851FE9","2026-08-16 11:20:48","40.63","12","ITEM-00049","17","音频","情绪识别","单选题","3.50","敌意｜痛苦｜抑郁｜嫉妒｜自满｜怀旧｜满足｜焦虑｜厌恶｜共情痛苦","敌意","3","敌意","4","否","已作答","100.00","75.00","90.00","3.15","20.66","2"
"ZJ2026081678851FE9","2026-08-16 11:20:48","40.63","13","ITEM-00080","65","视频","情绪推理","多选题","4.50","委屈｜轻松｜遗憾｜怀旧｜绝望｜感激｜渴望｜惊讶｜愉悦｜感动","遗憾","3","怀旧｜感动｜愉悦｜遗憾","5｜3｜3｜5","否","已作答","40.00","12.50","29.00","1.30","18.09","2"
"ZJ2026081678851FE9","2026-08-16 11:20:48","40.63","14","ITEM-00140","63","文本","情绪推理","多选题","4.50","不屑｜嫉妒｜痛苦｜满足｜兴奋｜蔑视｜愁闷｜感激｜快乐｜惊喜","满足｜兴奋","3｜3","惊喜｜兴奋","4｜4","否","已作答","50.00","37.50","45.00","2.02","15.52","3"
"ZJ2026081678851FE9","2026-08-16 11:20:48","40.63","15","ITEM-00041","54","文本","情绪识别","单选题","3.50","自满｜感激｜崇拜｜惊讶｜焦虑｜羞耻｜自豪｜绝望｜紧张｜内疚","绝望","5","自满","4","否","已作答","0.00","0.00","0.00","0.00","15.01","6"
"ZJ2026081678851FE9","2026-08-16 11:20:48","40.63","16","ITEM-00136","71","文本","情绪识别","多选题","4.50","不屑｜释然｜愤怒｜怀旧｜爱｜好奇｜委屈｜感激｜内疚｜恐惧","不屑｜委屈","5｜5","委屈｜恐惧｜不屑","5｜4｜4","未填写","已作答","80.00","58.33","71.33","3.21","16.06","4"
"ZJ2026081678851FE9","2026-08-16 11:20:48","40.63","17","ITEM-00133","99","图像","情绪识别","多选题","4.50","平静｜烦躁｜爱｜愤怒｜紧张｜失望｜好奇｜期待｜崇拜｜绝望","平静｜崇拜｜期待","3｜3｜3","平静｜期待","4｜4","否","已作答","80.00","75.00","78.00","3.51","18.14","8"
"ZJ2026081678851FE9","2026-08-16 11:20:48","40.63","18","ITEM-00139","37","图像","情绪推理","多选题","4.50","感激｜共情痛苦｜尴尬｜自豪｜敬畏｜震惊｜悲伤｜焦虑｜崇拜｜不屑","不屑","5","焦虑｜敬畏","3｜4","否","已作答","0.00","0.00","0.00","0.00","11.90","5"
"ZJ2026081678851FE9","2026-08-16 11:20:48","40.63","19","ITEM-00075","108","图像","情绪识别","多选题","4.50","震惊｜怨恨｜厌恶｜兴趣｜厌倦｜崇拜｜审美欣赏｜感动｜愤怒｜释然","怨恨｜厌恶｜厌倦","3｜3｜3","震惊｜愤怒","5｜5","否","已作答","0.00","0.00","0.00","0.00","7.41","6"
"ZJ2026081678851FE9","2026-08-16 11:20:48","40.63","20","ITEM-00146","118","文本","情绪识别","多选题","4.50","紧张｜敌意｜好奇｜悲伤｜愉悦｜烦躁｜失望｜释然｜恐惧｜厌恶","烦躁｜厌恶","3｜3","烦躁｜失望","4｜4","否","已作答","50.00","37.50","45.00","2.02","18.32","9"
"ZJ2026081678851FE9","2026-08-16 11:20:48","40.63","21","ITEM-00061","109","图像","情绪识别","多选题","4.50","共情痛苦｜自豪｜痛苦｜愉悦｜紧张｜遗憾｜轻松｜渴望｜爱｜快乐","愉悦｜轻松｜爱｜快乐｜渴望","3｜3｜3｜3｜3","快乐｜愉悦","4｜4","未填写","已作答","57.14","75.00","64.29","2.89","10.29","5"
"ZJ2026081678851FE9","2026-08-16 11:20:48","40.63","22","ITEM-00118","48","图像","情绪识别","单选题","3.50","担忧｜抑郁｜恐惧｜厌恶｜蔑视｜释然｜兴奋｜内疚｜困惑｜敌意","担忧","3","困惑","4","否","已作答","0.00","0.00","0.00","0.00","9.79","5"
"ZJ2026081678851FE9","2026-08-16 11:20:48","40.63","23","ITEM-00086","79","音频","情绪推理","多选题","4.50","轻松｜紧张｜厌倦｜焦虑｜愁闷｜羡慕｜自满｜羞耻｜烦躁｜快乐","厌倦","3","烦躁｜厌倦","4｜4","否","已作答","66.67","37.50","55.00","2.47","4.97","2"
"ZJ2026081678851FE9","2026-08-16 11:20:48","40.63","24","ITEM-00121","106","图像","情绪识别","单选题","3.50","好奇｜敌意｜烦躁｜愤怒｜惊讶｜尴尬｜悲伤｜怀旧｜失望｜渴望","惊讶","3","惊讶","5","否","已作答","100.00","50.00","80.00","2.80","5.99","3"
"ZJ20260816136E1227","2026-08-16 11:20:47","13.80","1","ITEM-00026","64","视频","情绪识别","单选题","3.50","失望｜怨恨｜愤怒｜兴奋｜羡慕｜悲伤｜抑郁｜委屈｜满足｜冷静","悲伤","3","悲伤","5","未填写","已作答","100.00","50.00","80.00","2.80","3.99","2"
"ZJ20260816136E1227","2026-08-16 11:20:47","13.80","2","ITEM-00091","59","音频","情绪识别","多选题","4.50","羞耻｜敌意｜遗憾｜审美欣赏｜厌倦｜尴尬｜感动｜痛苦｜冷静｜内疚","痛苦","3","内疚｜痛苦","5｜5","未填写","已作答","66.67","25.00","50.00","2.25","2.20","1"
"ZJ20260816136E1227","2026-08-16 11:20:47","13.80","3","ITEM-00072","120","文本","情绪识别","多选题","4.50","蔑视｜愉悦｜感激｜兴趣｜希望｜困惑｜满足｜共情痛苦｜恐惧｜轻松","满足","3","满足｜轻松｜愉悦｜希望｜兴趣","5｜5｜5｜5｜5","未填写","已作答","33.33","10.00","24.00","1.08","1.51","1"
"ZJ20260816136E1227","2026-08-16 11:20:47","13.80","4","ITEM-00124","22","音频","情绪识别","单选题","3.50","震惊｜抑郁｜共情痛苦｜自满｜平静｜释然｜紧张｜尴尬｜审美欣赏｜渴望","尴尬","3","释然","3","未填写","已作答","0.00","0.00","0.00","0.00","3.53","2"
"ZJ20260816136E1227","2026-08-16 11:20:47","13.80","5","ITEM-00078","89","图像","情绪推理","多选题","4.50","满足｜怀旧｜内疚｜嫉妒｜自满｜羞耻｜厌恶｜悲伤｜共情痛苦｜惊讶","羞耻","3","内疚｜悲伤","4｜3","否","已作答","0.00","0.00","0.00","0.00","1.89","2"
"ZJ20260816136E1227","2026-08-16 11:20:47","13.80","6","ITEM-00049","17","音频","情绪识别","单选题","3.50","蔑视｜困惑｜悲伤｜嫉妒｜不屑｜冷静｜怀旧｜敌意｜平静｜失望","敌意","3","敌意","4","未填写","已作答","100.00","75.00","90.00","3.15","0.79","1"
"ZJ20260816136E1227","2026-08-16 11:20:47","13.80","7","ITEM-00115","39","图像","情绪识别","单选题","3.50","震惊｜崇拜｜渴望｜平静｜惊讶｜困惑｜希望｜满足｜释然｜冷静","惊讶","3","震惊","5","否","已作答","0.00","0.00","0.00","0.00","1.74","2"
"ZJ20260816136E1227","2026-08-16 11:20:47","13.80","8","ITEM-00080","65","视频","情绪推理","多选题","4.50","感动｜紧张｜平静｜自豪｜不屑｜羞耻｜愉悦｜怀旧｜满足｜遗憾","怀旧","3","怀旧｜感动｜愉悦｜遗憾","5｜3｜3｜5","未填写","已作答","40.00","12.50","29.00","1.30","0.87","1"
"ZJ20260816136E1227","2026-08-16 11:20:47","13.80","9","ITEM-00142","68","文本","情绪推理","单选题","3.50","羞耻｜蔑视｜内疚｜焦虑｜烦躁｜愤怒｜痛苦｜惊喜｜怨恨｜敌意","痛苦","3","敌意","4","未填写","已作答","0.00","0.00","0.00","0.00","0.97","1"
"ZJ20260816136E1227","2026-08-16 11:20:47","13.80","10","ITEM-00084","78","音频","情绪推理","多选题","4.50","尴尬｜羞耻｜厌倦｜惊喜｜满足｜愤怒｜焦虑｜烦躁｜内疚｜紧张","焦虑","3","羞耻｜烦躁","4｜5","未填写","已作答","0.00","0.00","0.00","0.00","0.82","1"
"ZJ20260816136E1227","2026-08-16 11:20:47","13.80","11","ITEM-00105","2","音频","情绪推理","多选题","4.50","满足｜厌倦｜羞耻｜自豪｜委屈｜焦虑｜恐惧｜担忧｜内疚｜紧张","担忧","3","焦虑｜紧张｜内疚","4｜5｜4","未填写","已作答","0.00","0.00","0.00","0.00","0.71","1"
"ZJ20260816136E1227","2026-08-16 11:20:47","13.80","12","ITEM-00127","87","视频","情绪识别","多选题","4.50","审美欣赏｜好奇｜蔑视｜担忧｜厌恶｜同情｜尴尬｜惊讶｜平静｜震惊","担忧","3","震惊｜蔑视｜同情","4｜4｜3","未填写","已作答","0.00","0.00","0.00","0.00","1.38","1"
"ZJ20260816136E1227","2026-08-16 11:20:47","13.80","13","ITEM-00073","107","图像","情绪识别","多选题","4.50","感动｜渴望｜羞耻｜失望｜轻松｜平静｜爱｜审美欣赏｜委屈｜悲伤","审美欣赏","3","感动｜爱","5｜5","未填写","已作答","0.00","0.00","0.00","0.00","0.85","1"
"ZJ20260816136E1227","2026-08-16 11:20:47","13.80","14","ITEM-00140","63","文本","情绪推理","多选题","4.50","兴趣｜自豪｜困惑｜嫉妒｜爱｜感动｜绝望｜失望｜惊喜｜兴奋","失望","3","惊喜｜兴奋","4｜4","未填写","已作答","0.00","0.00","0.00","0.00","1.78","1"
"ZJ20260816136E1227","2026-08-16 11:20:47","13.80","15","ITEM-00106","77","视频","情绪推理","单选题","3.50","平静｜快乐｜兴奋｜羞耻｜恐惧｜紧张｜尴尬｜爱｜渴望｜羡慕","爱","3","快乐","5","未填写","已作答","0.00","0.00","0.00","0.00","1.71","2"
"ZJ20260816136E1227","2026-08-16 11:20:47","13.80","16","ITEM-00065","112","图像","情绪识别","多选题","4.50","厌倦｜悲伤｜羞耻｜惊讶｜兴趣｜遗憾｜抑郁｜崇拜｜释然｜感动","释然","3","悲伤｜遗憾｜感动｜释然","3｜4｜4｜4","未填写","已作答","40.00","18.75","31.50","1.42","0.76","1"
"ZJ20260816136E1227","2026-08-16 11:20:47","13.80","17","ITEM-00150","86","视频","情绪推理","多选题","4.50","平静｜满足｜轻松｜羞耻｜快乐｜厌倦｜愤怒｜痛苦｜爱｜自豪","痛苦","3","满足｜快乐","4｜3","未填写","已作答","0.00","0.00","0.00","0.00","0.86","1"
"ZJ20260816136E1227","2026-08-16 11:20:47","13.80","18","ITEM-00136","71","文本","情绪识别","多选题","4.50","内疚｜痛苦｜嫉妒｜满足｜快乐｜不屑｜遗憾｜恐惧｜平静｜委屈","恐惧","3","委屈｜恐惧｜不屑","5｜4｜4","未填写","已作答","50.00","25.00","40.00","1.80","1.18","1"
"ZJ20260816136E1227","2026-08-16 11:20:47","13.80","19","ITEM-00094","88","音频","情绪识别","多选题","4.50","希望｜委屈｜兴趣｜渴望｜抑郁｜不屑｜爱｜崇拜｜紧张｜绝望","崇拜","3","渴望｜兴趣","4｜5","未填写","已作答","0.00","0.00","0.00","0.00","4.10","1"
"ZJ20260816136E1227","2026-08-16 11:20:47","13.80","20","ITEM-00035","96","图像","情绪识别","单选题","3.50","惊讶｜绝望｜焦虑｜自满｜怨恨｜敌意｜羡慕｜释然｜厌恶｜爱","敌意","3","惊讶","5","未填写","已作答","0.00","0.00","0.00","0.00","1.58","1"
"ZJ20260816136E1227","2026-08-16 11:20:47","13.80","21","ITEM-00040","53","文本","情绪识别","单选题","3.50","好奇｜感动｜怨恨｜愤怒｜愉悦｜惊喜｜嫉妒｜快乐｜羡慕｜兴奋","快乐","3","怨恨","5","未填写","已作答","0.00","0.00","0.00","0.00","0.89","1"
"ZJ20260816136E1227","2026-08-16 11:20:47","13.80","22","ITEM-00097","82","文本","情绪识别","多选题","4.50","抑郁｜轻松｜怀旧｜困惑｜恐惧｜怨恨｜烦躁｜绝望｜快乐｜紧张","绝望","3","轻松｜快乐","4｜4","未填写","已作答","0.00","0.00","0.00","0.00","1.11","1"
"ZJ20260816136E1227","2026-08-16 11:20:47","13.80","23","ITEM-00088","81","视频","情绪识别","多选题","4.50","惊喜｜快乐｜兴奋｜愁闷｜紧张｜爱｜冷静｜绝望｜共情痛苦｜嫉妒","冷静","3","快乐｜惊喜｜兴奋｜爱","5｜5｜5｜5","未填写","已作答","0.00","0.00","0.00","0.00","1.70","1"
"ZJ20260816136E1227","2026-08-16 11:20:47","13.80","24","ITEM-00071","91","图像","情绪识别","多选题","4.50","自满｜内疚｜担忧｜冷静｜震惊｜失望｜绝望｜审美欣赏｜兴趣｜共情痛苦","审美欣赏","3","失望｜震惊","5｜5","未填写","已作答","0.00","0.00","0.00","0.00","1.92","1"
"ZJ20260816C21D29DF","2026-08-16 11:20:21","46.89","1","ITEM-00075","108","图像","情绪识别","多选题","4.50","轻松｜感动｜委屈｜崇拜｜愤怒｜震惊｜厌倦｜担忧｜尴尬｜愁闷","愤怒","4","震惊｜愤怒","5｜5","否","已作答","66.67","37.50","55.00","2.47","17.93","3"
"ZJ20260816C21D29DF","2026-08-16 11:20:21","46.89","2","ITEM-00109","88","音频","情绪推理","多选题","4.50","愁闷｜愉悦｜紧张｜困惑｜厌倦｜愤怒｜恐惧｜快乐｜轻松｜不屑","厌倦","5","厌倦｜困惑","3｜3","否","已作答","66.67","25.00","50.00","2.25","59.78","3"
"ZJ20260816C21D29DF","2026-08-16 11:20:21","46.89","3","ITEM-00128","100","图像","情绪识别","多选题","4.50","轻松｜愁闷｜失望｜惊讶｜惊喜｜烦躁｜兴奋｜希望｜愤怒｜期望","兴奋","4","兴奋｜期望","4｜4","否","已作答","66.67","50.00","60.00","2.70","9.48","3"
"ZJ20260816C21D29DF","2026-08-16 11:20:21","46.89","4","ITEM-00123","8","音频","情绪识别","单选题","3.50","绝望｜厌倦｜好奇｜震惊｜愤怒｜兴奋｜怀旧｜痛苦｜抑郁｜自豪","绝望","3","绝望","4","是","已作答","100.00","75.00","90.00","3.15","21.14","4"
"ZJ20260816C21D29DF","2026-08-16 11:20:21","46.89","5","ITEM-00136","71","文本","情绪识别","多选题","4.50","焦虑｜恐惧｜好奇｜困惑｜失望｜委屈｜愉悦｜快乐｜不屑｜绝望","绝望","5","委屈｜恐惧｜不屑","5｜4｜4","是","已作答","0.00","0.00","0.00","0.00","14.08","3"
"ZJ20260816C21D29DF","2026-08-16 11:20:21","46.89","6","ITEM-00002","6","视频","情绪推理","单选题","3.50","焦虑｜爱｜绝望｜感动｜震惊｜兴趣｜希望｜共情痛苦｜自豪｜愁闷","感动","5","感动","3","是","已作答","100.00","50.00","80.00","2.80","30.29","4"
"ZJ20260816C21D29DF","2026-08-16 11:20:21","46.89","7","ITEM-00054","97","图像","情绪识别","多选题","4.50","兴奋｜震惊｜自满｜羡慕｜轻松｜抑郁｜厌恶｜感动｜希望｜愉悦","自满","4","希望｜轻松｜愉悦","5｜5｜5","否","已作答","0.00","0.00","0.00","0.00","8.89","3"
"ZJ20260816C21D29DF","2026-08-16 11:20:21","46.89","8","ITEM-00029","34","图像","情绪识别","单选题","3.50","轻松｜爱｜绝望｜愉悦｜厌恶｜冷静｜烦躁｜敌意｜痛苦｜担忧","痛苦","5","厌恶","5","否","已作答","0.00","0.00","0.00","0.00","11.79","6"
"ZJ20260816C21D29DF","2026-08-16 11:20:21","46.89","9","ITEM-00135","68","文本","情绪识别","多选题","4.50","遗憾｜羡慕｜惊吓｜渴望｜自豪｜不屑｜崇拜｜失望｜感动｜爱","不屑","4","不屑｜惊吓","5｜4","否","已作答","66.67","37.50","55.00","2.47","18.99","3"
"ZJ20260816C21D29DF","2026-08-16 11:20:21","46.89","10","ITEM-00140","63","文本","情绪推理","多选题","4.50","愁闷｜感激｜惊喜｜自豪｜感动｜嫉妒｜冷静｜敌意｜怀旧｜兴奋","自豪｜惊喜","3｜4","惊喜｜兴奋","4｜4","否","已作答","50.00","50.00","50.00","2.25","19.32","4"
"ZJ20260816C21D29DF","2026-08-16 11:20:21","46.89","11","ITEM-00091","59","音频","情绪识别","多选题","4.50","内疚｜羡慕｜冷静｜轻松｜委屈｜恐惧｜痛苦｜感激｜焦虑｜平静","委屈｜痛苦","5｜5","内疚｜痛苦","5｜5","否","已作答","50.00","50.00","50.00","2.25","36.06","7"
"ZJ20260816C21D29DF","2026-08-16 11:20:21","46.89","12","ITEM-00107","81","视频","情绪推理","多选题","4.50","羞耻｜愉悦｜感动｜困惑｜冷静｜满足｜烦躁｜快乐｜抑郁｜平静","愉悦｜感动｜快乐","4｜5｜5","快乐｜满足｜感动","5｜5｜5","否","已作答","66.67","66.67","66.67","3.00","28.25","7"
"ZJ20260816C21D29DF","2026-08-16 11:20:21","46.89","13","ITEM-00144","118","文本","情绪推理","单选题","3.50","焦虑｜希望｜渴望｜满足｜自豪｜失望｜抑郁｜愉悦｜震惊｜绝望","愉悦","4","失望","4","否","已作答","0.00","0.00","0.00","0.00","17.14","4"
"ZJ20260816C21D29DF","2026-08-16 11:20:21","46.89","14","ITEM-00042","61","视频","情绪识别","多选题","4.50","困惑｜感动｜愉悦｜感激｜渴望｜遗憾｜悲伤｜担忧｜委屈｜绝望","委屈｜绝望","4｜2","委屈｜悲伤","3｜3","否","已作答","50.00","37.50","45.00","2.02","32.85","7"
"ZJ20260816C21D29DF","2026-08-16 11:20:21","46.89","15","ITEM-00139","37","图像","情绪推理","多选题","4.50","敬畏｜满足｜痛苦｜释然｜绝望｜焦虑｜平静｜快乐｜委屈｜愁闷","平静｜满足","4｜4","焦虑｜敬畏","3｜4","否","已作答","0.00","0.00","0.00","0.00","16.53","7"
"ZJ20260816C21D29DF","2026-08-16 11:20:21","46.89","16","ITEM-00137","69","音频","情绪识别","多选题","4.50","绝望｜满足｜焦虑｜嫉妒｜感动｜愤怒｜厌倦｜轻视｜恐惧｜好奇","愤怒｜轻视","4｜5","愤怒｜轻视","4｜4","否","已作答","100.00","87.50","95.00","4.28","21.09","5"
"ZJ20260816C21D29DF","2026-08-16 11:20:21","46.89","17","ITEM-00121","106","图像","情绪识别","单选题","3.50","愤怒｜震惊｜爱｜烦躁｜感动｜审美欣赏｜感激｜惊讶｜内疚｜失望","震惊","5","惊讶","5","否","已作答","0.00","0.00","0.00","0.00","8.32","3"
"ZJ20260816C21D29DF","2026-08-16 11:20:21","46.89","18","ITEM-00134","67","文本","情绪识别","多选题","4.50","敌意｜共情痛苦｜愉悦｜兴奋｜惊喜｜困惑｜不屑｜怨恨｜惊讶｜满足","敌意｜不屑｜怨恨","5｜4｜5","不屑｜敌意","5｜3","否","已作答","80.00","62.50","73.00","3.29","27.41","7"
"ZJ20260816C21D29DF","2026-08-16 11:20:21","46.89","19","ITEM-00037","50","文本","情绪识别","单选题","3.50","审美欣赏｜厌恶｜愁闷｜兴奋｜兴趣｜快乐｜内疚｜蔑视｜愤怒｜感动","蔑视","4","蔑视","3","否","已作答","100.00","75.00","90.00","3.15","15.00","5"
"ZJ20260816C21D29DF","2026-08-16 11:20:21","46.89","20","ITEM-00014","1","视频","情绪识别","单选题","3.50","厌恶｜失望｜不屑｜愁闷｜自豪｜共情痛苦｜崇拜｜恐惧｜愤怒｜平静","崇拜","5","崇拜","5","否","已作答","100.00","100.00","100.00","3.50","30.99","4"
"ZJ20260816C21D29DF","2026-08-16 11:20:21","46.89","21","ITEM-00126","86","视频","情绪识别","多选题","4.50","尴尬｜悲伤｜冷静｜愉悦｜平静｜不屑｜羞耻｜兴趣｜羡慕｜惊讶","惊讶","5","惊讶｜愉悦","4｜5","否","已作答","66.67","37.50","55.00","2.47","17.77","5"
"ZJ20260816C21D29DF","2026-08-16 11:20:21","46.89","22","ITEM-00105","2","音频","情绪推理","多选题","4.50","紧张｜绝望｜悲伤｜惊讶｜内疚｜焦虑｜快乐｜兴趣｜惊喜｜渴望","紧张｜悲伤","5｜2","焦虑｜紧张｜内疚","4｜5｜4","否","已作答","40.00","33.33","37.33","1.68","21.60","5"
"ZJ20260816C21D29DF","2026-08-16 11:20:21","46.89","23","ITEM-00124","22","音频","情绪识别","单选题","3.50","紧张｜惊讶｜敌意｜释然｜厌恶｜爱｜希望｜厌倦｜抑郁｜感动","释然","4","释然","3","否","已作答","100.00","75.00","90.00","3.15","40.58","3"
"ZJ20260816C21D29DF","2026-08-16 11:20:21","46.89","24","ITEM-00101","55","视频","情绪推理","多选题","4.50","共情痛苦｜羡慕｜困惑｜敌意｜满足｜审美欣赏｜担忧｜惊讶｜感激｜尴尬","敌意｜惊讶","5｜4","尴尬｜困惑","4｜4","否","已作答","0.00","0.00","0.00","0.00","44.67","5"
"ZJ2026081352E21FDB","2026-08-16 11:06:42","60.25","1","ITEM-00043","65","视频","情绪识别","多选题","4.50","痛苦｜感动｜爱｜怀旧｜崇拜｜遗憾｜愉悦｜厌恶｜冷静｜厌倦","遗憾｜爱","4｜4","怀旧｜感动｜愉悦｜遗憾","5｜3｜3｜5","否","已作答","33.33","18.75","27.50","1.24","47.41","6"
"ZJ2026081352E21FDB","2026-08-16 11:06:42","60.25","2","ITEM-00110","59","文本","情绪推理","多选题","4.50","愉悦｜遗憾｜困惑｜抑郁｜惊讶｜愤怒｜担忧｜兴奋｜愁闷｜痛苦","痛苦｜愁闷｜惊讶","3｜4｜4","痛苦｜抑郁","4｜4","否","已作答","40.00","37.50","39.00","1.75","58.98","7"
"ZJ2026081352E21FDB","2026-08-16 11:06:42","60.25","3","ITEM-00069","117","文本","情绪识别","多选题","4.50","爱｜感激｜抑郁｜愉悦｜不屑｜审美欣赏｜羡慕｜怨恨｜冷静｜震惊","爱｜愉悦","4｜4","感激｜爱｜愉悦","4｜4｜5","否","已作答","80.00","58.33","71.33","3.21","23.18","5"
"ZJ2026081352E21FDB","2026-08-16 11:06:42","60.25","4","ITEM-00097","82","文本","情绪识别","多选题","4.50","崇拜｜恐惧｜愤怒｜不屑｜快乐｜抑郁｜担忧｜厌恶｜冷静｜轻松","快乐｜轻松","3｜4","轻松｜快乐","4｜4","是","已作答","100.00","87.50","95.00","4.28","30.38","6"
"ZJ2026081352E21FDB","2026-08-16 11:06:42","60.25","5","ITEM-00076","78","音频","情绪识别","多选题","4.50","困惑｜厌恶｜烦躁｜渴望｜震惊｜绝望｜感激｜羞耻｜痛苦｜厌倦","烦躁｜厌恶｜痛苦","3｜4｜1","羞耻｜烦躁","4｜5","否","已作答","40.00","25.00","34.00","1.53","35.71","6"
"ZJ2026081352E21FDB","2026-08-16 11:06:42","60.25","6","ITEM-00108","59","音频","情绪推理","多选题","4.50","好奇｜痛苦｜敌意｜焦虑｜烦躁｜兴趣｜悲伤｜愤怒｜抑郁｜感动","痛苦｜悲伤｜抑郁","4｜4｜4","痛苦｜抑郁","4｜4","否","已作答","80.00","100.00","88.00","3.96","63.94","7"
"ZJ2026081352E21FDB","2026-08-16 11:06:42","60.25","7","ITEM-00070","119","文本","情绪识别","多选题","4.50","失望｜怀旧｜困惑｜怨恨｜愉悦｜痛苦｜羞耻｜冷静｜愁闷｜不屑","痛苦｜怨恨｜困惑","3｜2｜2","困惑｜痛苦","4｜5","否","已作答","80.00","50.00","68.00","3.06","23.20","7"
"ZJ2026081352E21FDB","2026-08-16 11:06:42","60.25","8","ITEM-00105","2","音频","情绪推理","多选题","4.50","兴奋｜愤怒｜痛苦｜紧张｜内疚｜厌恶｜怀旧｜焦虑｜抑郁｜恐惧","紧张｜内疚｜恐惧","3｜4｜1","焦虑｜紧张｜内疚","4｜5｜4","否","已作答","66.67","50.00","60.00","2.70","52.37","6"
"ZJ2026081352E21FDB","2026-08-16 11:06:42","60.25","9","ITEM-00123","8","音频","情绪识别","单选题","3.50","自豪｜释然｜满足｜爱｜尴尬｜自满｜愤怒｜绝望｜蔑视｜共情痛苦","绝望","4","绝望","4","否","已作答","100.00","100.00","100.00","3.50","21.20","3"
"ZJ2026081352E21FDB","2026-08-16 11:06:42","60.25","10","ITEM-00094","88","音频","情绪识别","多选题","4.50","爱｜渴望｜兴趣｜困惑｜失望｜自豪｜紧张｜震惊｜兴奋｜共情痛苦","爱｜渴望｜兴趣｜紧张","3｜4｜3｜2","渴望｜兴趣","4｜5","是","已作答","66.67","75.00","70.00","3.15","44.52","7"
"ZJ2026081352E21FDB","2026-08-16 11:06:42","60.25","11","ITEM-00139","37","图像","情绪推理","多选题","4.50","遗憾｜厌恶｜怀旧｜自豪｜嫉妒｜共情痛苦｜焦虑｜希望｜敬畏｜审美欣赏","嫉妒","3","焦虑｜敬畏","3｜4","否","已作答","0.00","0.00","0.00","0.00","13.09","2"
"ZJ2026081352E21FDB","2026-08-16 11:06:42","60.25","12","ITEM-00144","118","文本","情绪推理","单选题","3.50","爱｜希望｜紧张｜羡慕｜抑郁｜痛苦｜快乐｜不屑｜嫉妒｜失望","不屑","2","失望","4","是","已作答","0.00","0.00","0.00","0.00","66.61","3"
"ZJ2026081352E21FDB","2026-08-16 11:06:42","60.25","13","ITEM-00044","80","视频","情绪识别","多选题","4.50","烦躁｜愁闷｜兴奋｜轻松｜紧张｜遗憾｜嫉妒｜敌意｜惊讶｜自满","紧张｜惊讶｜敌意","4｜2｜3","紧张｜惊讶","4｜4","是","已作答","80.00","75.00","78.00","3.51","22.51","6"
"ZJ2026081352E21FDB","2026-08-16 11:06:42","60.25","14","ITEM-00061","109","图像","情绪识别","多选题","4.50","嫉妒｜惊讶｜愉悦｜轻松｜愤怒｜快乐｜困惑｜释然｜羞耻｜审美欣赏","愉悦｜快乐","4｜4","快乐｜愉悦","4｜4","否","已作答","100.00","100.00","100.00","4.50","14.07","5"
"ZJ2026081352E21FDB","2026-08-16 11:06:42","60.25","15","ITEM-00036","45","图像","情绪识别","单选题","3.50","厌恶｜内疚｜震惊｜兴奋｜困惑｜惊喜｜羡慕｜愁闷｜兴趣｜抑郁","震惊","3","兴趣","4","否","已作答","0.00","0.00","0.00","0.00","16.97","2"
"ZJ2026081352E21FDB","2026-08-16 11:06:42","60.25","16","ITEM-00124","22","音频","情绪识别","单选题","3.50","震惊｜愤怒｜轻松｜满足｜释然｜怨恨｜焦虑｜悲伤｜恐惧｜内疚","释然","2","释然","3","否","已作答","100.00","75.00","90.00","3.15","62.14","4"
"ZJ2026081352E21FDB","2026-08-16 11:06:42","60.25","17","ITEM-00063","110","图像","情绪识别","多选题","4.50","愁闷｜委屈｜崇拜｜感动｜惊喜｜蔑视｜兴趣｜愉悦｜轻松｜共情痛苦","感动｜轻松","2｜4","轻松｜愉悦","5｜4","否","已作答","50.00","37.50","45.00","2.02","28.61","7"
"ZJ2026081352E21FDB","2026-08-16 11:06:42","60.25","18","ITEM-00060","18","文本","情绪识别","单选题","3.50","愁闷｜感激｜渴望｜兴趣｜抑郁｜怨恨｜好奇｜焦虑｜嫉妒｜怀旧","感激","5","感激","3","否","已作答","100.00","50.00","80.00","2.80","38.45","3"
"ZJ2026081352E21FDB","2026-08-16 11:06:42","60.25","19","ITEM-00020","13","视频","情绪识别","单选题","3.50","平静｜震惊｜感激｜好奇｜遗憾｜厌倦｜嫉妒｜感动｜尴尬｜不屑","尴尬","4","尴尬","3","否","已作答","100.00","75.00","90.00","3.15","36.95","3"
"ZJ2026081352E21FDB","2026-08-16 11:06:42","60.25","20","ITEM-00002","6","视频","情绪推理","单选题","3.50","羡慕｜感动｜自满｜崇拜｜渴望｜蔑视｜轻松｜担忧｜惊讶｜嫉妒","感动","4","感动","3","否","已作答","100.00","75.00","90.00","3.15","38.80","3"
"ZJ2026081352E21FDB","2026-08-16 11:06:42","60.25","21","ITEM-00079","61","视频","情绪推理","多选题","4.50","悲伤｜委屈｜蔑视｜厌恶｜审美欣赏｜希望｜厌倦｜紧张｜怨恨｜内疚","委屈｜紧张","4｜2","委屈｜悲伤","3｜3","否","已作答","50.00","37.50","45.00","2.02","31.16","5"
"ZJ2026081352E21FDB","2026-08-16 11:06:42","60.25","22","ITEM-00128","100","图像","情绪识别","多选题","4.50","遗憾｜惊喜｜期望｜惊讶｜嫉妒｜兴奋｜崇拜｜释然｜内疚｜羡慕","兴奋｜期望","2｜4","兴奋｜期望","4｜4","否","已作答","100.00","75.00","90.00","4.05","22.01","5"
"ZJ2026081352E21FDB","2026-08-16 11:06:42","60.25","23","ITEM-00120","105","图像","情绪识别","单选题","3.50","痛苦｜好奇｜紧张｜担忧｜怨恨｜冷静｜尴尬｜怀旧｜希望｜快乐","担忧","3","紧张","3","否","已作答","0.00","0.00","0.00","0.00","14.52","2"
"ZJ2026081352E21FDB","2026-08-16 11:06:42","60.25","24","ITEM-00102","57","视频","情绪推理","多选题","4.50","释然｜紧张｜困惑｜愤怒｜敌意｜愉悦｜绝望｜快乐｜兴奋｜烦躁","愤怒｜烦躁｜敌意","4｜4｜2","愤怒｜烦躁","5｜5","是","已作答","80.00","75.00","78.00","3.51","103.54","7"
"ZJ20260813F0E0F1B6","2026-08-16 11:03:33","36.25","1","ITEM-00120","105","图像","情绪识别","单选题","3.50","羞耻｜希望｜好奇｜恐惧｜困惑｜紧张｜满足｜抑郁｜敌意｜自豪","好奇","5","紧张","3","否","已作答","0.00","0.00","0.00","0.00","41.04","4"
"ZJ20260813F0E0F1B6","2026-08-16 11:03:33","36.25","2","ITEM-00065","112","图像","情绪识别","多选题","4.50","焦虑｜遗憾｜自豪｜轻松｜绝望｜平静｜释然｜烦躁｜感动｜悲伤","悲伤","4","悲伤｜遗憾｜感动｜释然","3｜4｜4｜4","是","已作答","40.00","18.75","31.50","1.42","12.23","3"
"ZJ20260813F0E0F1B6","2026-08-16 11:03:33","36.25","3","ITEM-00042","61","视频","情绪识别","多选题","4.50","好奇｜遗憾｜平静｜审美欣赏｜烦躁｜惊讶｜悲伤｜轻松｜委屈｜渴望","悲伤","3","委屈｜悲伤","3｜3","否","已作答","66.67","50.00","60.00","2.70","23.01","2"
"ZJ20260813F0E0F1B6","2026-08-16 11:03:33","36.25","4","ITEM-00090","56","音频","情绪识别","多选题","4.50","惊喜｜快乐｜厌恶｜平静｜悲伤｜怨恨｜怀旧｜委屈｜羡慕｜失望","怨恨","5","怨恨｜失望","5｜5","否","已作答","66.67","50.00","60.00","2.70","20.70","4"
"ZJ20260813F0E0F1B6","2026-08-16 11:03:33","36.25","5","ITEM-00105","2","音频","情绪推理","多选题","4.50","崇拜｜震惊｜紧张｜兴趣｜惊讶｜焦虑｜内疚｜抑郁｜冷静｜快乐","焦虑","3","焦虑｜紧张｜内疚","4｜5｜4","否","已作答","50.00","25.00","40.00","1.80","24.43","4"
"ZJ20260813F0E0F1B6","2026-08-16 11:03:33","36.25","6","ITEM-00050","92","图像","情绪识别","多选题","4.50","烦躁｜怨恨｜好奇｜愤怒｜抑郁｜感动｜敌意｜委屈｜轻松｜失望","敌意","3","敌意｜怨恨","5｜5","否","已作答","66.67","25.00","50.00","2.25","16.91","6"
"ZJ20260813F0E0F1B6","2026-08-16 11:03:33","36.25","7","ITEM-00062","23","文本","情绪识别","单选题","3.50","爱｜平静｜羞耻｜委屈｜蔑视｜愁闷｜敌意｜尴尬｜惊喜｜抑郁","爱","4","惊喜","5","否","已作答","0.00","0.00","0.00","0.00","37.97","3"
"ZJ20260813F0E0F1B6","2026-08-16 11:03:33","36.25","8","ITEM-00003","21","视频","情绪识别","单选题","3.50","爱｜内疚｜遗憾｜怨恨｜崇拜｜惊喜｜自满｜厌恶｜嫉妒｜震惊","遗憾","4","遗憾","3","否","已作答","100.00","75.00","90.00","3.15","18.93","3"
"ZJ20260813F0E0F1B6","2026-08-16 11:03:33","36.25","9","ITEM-00110","59","文本","情绪推理","多选题","4.50","烦躁｜抑郁｜悲伤｜崇拜｜痛苦｜自满｜羞耻｜尴尬｜焦虑｜羡慕","痛苦｜烦躁","3｜2","痛苦｜抑郁","4｜4","否","已作答","50.00","37.50","45.00","2.02","39.05","4"
"ZJ20260813F0E0F1B6","2026-08-16 11:03:33","36.25","10","ITEM-00049","17","音频","情绪识别","单选题","3.50","爱｜审美欣赏｜冷静｜惊喜｜痛苦｜感激｜厌恶｜满足｜敌意｜抑郁","痛苦","3","敌意","4","是","已作答","0.00","0.00","0.00","0.00","35.08","5"
"ZJ20260813F0E0F1B6","2026-08-16 11:03:33","36.25","11","ITEM-00009","7","音频","情绪识别","单选题","3.50","自满｜紧张｜好奇｜惊喜｜惊讶｜愁闷｜内疚｜审美欣赏｜怀旧｜爱","惊喜","3","紧张","2","是","已作答","0.00","0.00","0.00","0.00","19.83","5"
"ZJ20260813F0E0F1B6","2026-08-16 11:03:33","36.25","12","ITEM-00138","22","音频","情绪推理","多选题","4.50","羡慕｜厌倦｜困惑｜不屑｜感动｜焦虑｜遗憾｜尴尬｜愉悦｜可惜","遗憾","2","不屑｜可惜","4｜3","否","已作答","0.00","0.00","0.00","0.00","56.22","4"
"ZJ20260813F0E0F1B6","2026-08-16 11:03:33","36.25","13","ITEM-00072","120","文本","情绪识别","多选题","4.50","轻松｜怨恨｜感动｜愉悦｜满足｜审美欣赏｜自豪｜内疚｜希望｜兴趣","满足","4","满足｜轻松｜愉悦｜希望｜兴趣","5｜5｜5｜5｜5","否","已作答","33.33","15.00","26.00","1.17","33.10","3"
"ZJ20260813F0E0F1B6","2026-08-16 11:03:33","36.25","14","ITEM-00107","81","视频","情绪推理","多选题","4.50","抑郁｜怨恨｜不屑｜感动｜羡慕｜愁闷｜快乐｜委屈｜愤怒｜满足","感动","4","快乐｜满足｜感动","5｜5｜5","否","已作答","50.00","25.00","40.00","1.80","23.73","3"
"ZJ20260813F0E0F1B6","2026-08-16 11:03:33","36.25","15","ITEM-00075","108","图像","情绪识别","多选题","4.50","自满｜愤怒｜好奇｜怨恨｜紧张｜惊喜｜感动｜震惊｜焦虑｜兴趣","愤怒","5","震惊｜愤怒","5｜5","是","已作答","66.67","50.00","60.00","2.70","7.15","3"
"ZJ20260813F0E0F1B6","2026-08-16 11:03:33","36.25","16","ITEM-00144","118","文本","情绪推理","单选题","3.50","快乐｜抑郁｜悲伤｜渴望｜愁闷｜自满｜愉悦｜爱｜紧张｜失望","愁闷","3","失望","4","否","已作答","0.00","0.00","0.00","0.00","22.20","2"
"ZJ20260813F0E0F1B6","2026-08-16 11:03:33","36.25","17","ITEM-00004","62","视频","情绪推理","单选题","3.50","兴趣｜愤怒｜抑郁｜愁闷｜冷静｜愉悦｜尴尬｜悲伤｜嫉妒｜希望","尴尬","4","尴尬","3","否","已作答","100.00","75.00","90.00","3.15","44.80","3"
"ZJ20260813F0E0F1B6","2026-08-16 11:03:33","36.25","18","ITEM-00102","57","视频","情绪推理","多选题","4.50","怨恨｜敌意｜兴趣｜感激｜焦虑｜烦躁｜愤怒｜爱｜渴望｜审美欣赏","烦躁｜焦虑｜愤怒","4｜2｜5","愤怒｜烦躁","5｜5","否","已作答","80.00","87.50","83.00","3.73","117.38","7"
"ZJ20260813F0E0F1B6","2026-08-16 11:03:33","36.25","19","ITEM-00093","75","音频","情绪识别","多选题","4.50","轻松｜共情痛苦｜不屑｜厌恶｜悲伤｜委屈｜希望｜愤怒｜羞耻｜愉悦","悲伤","4","委屈｜悲伤","5｜5","否","已作答","66.67","37.50","55.00","2.47","34.76","3"
"ZJ20260813F0E0F1B6","2026-08-16 11:03:33","36.25","20","ITEM-00115","39","图像","情绪识别","单选题","3.50","愁闷｜痛苦｜烦躁｜怀旧｜震惊｜羡慕｜愉悦｜渴望｜遗憾｜释然","震惊","4","震惊","5","是","已作答","100.00","75.00","90.00","3.15","12.22","3"
"ZJ20260813F0E0F1B6","2026-08-16 11:03:33","36.25","21","ITEM-00097","82","文本","情绪识别","多选题","4.50","快乐｜平静｜羞耻｜愤怒｜怨恨｜轻松｜冷静｜蔑视｜厌倦｜惊讶","平静","3","轻松｜快乐","4｜4","否","已作答","0.00","0.00","0.00","0.00","22.60","2"
"ZJ20260813F0E0F1B6","2026-08-16 11:03:33","36.25","22","ITEM-00069","117","文本","情绪识别","多选题","4.50","感激｜爱｜委屈｜愉悦｜兴趣｜羞耻｜蔑视｜自豪｜遗憾｜恐惧","遗憾","5","感激｜爱｜愉悦","4｜4｜5","否","已作答","0.00","0.00","0.00","0.00","16.21","3"
"ZJ20260813F0E0F1B6","2026-08-16 11:03:33","36.25","23","ITEM-00139","37","图像","情绪推理","多选题","4.50","敬畏｜焦虑｜蔑视｜平静｜满足｜担忧｜释然｜审美欣赏｜嫉妒｜共情痛苦","蔑视","2","焦虑｜敬畏","3｜4","是","已作答","0.00","0.00","0.00","0.00","23.73","4"
"ZJ20260813F0E0F1B6","2026-08-16 11:03:33","36.25","24","ITEM-00083","73","视频","情绪识别","多选题","4.50","紧张｜惊讶｜兴奋｜释然｜轻松｜爱｜失望｜自豪｜感激｜嫉妒","爱｜轻松","4｜3","爱｜释然","5｜5","否","已作答","50.00","37.50","45.00","2.02","51.83","6"
"ZJ20260816F9FDFC36","2026-08-16 10:45:44","37.08","1","ITEM-00057","23","音频","情绪识别","单选题","3.50","崇拜｜惊喜｜蔑视｜感动｜愤怒｜失望｜悲伤｜满足｜痛苦｜希望","惊喜","3","惊喜","5","否","已作答","100.00","50.00","80.00","2.80","23.00","2"
"ZJ20260816F9FDFC36","2026-08-16 10:45:44","37.08","2","ITEM-00143","71","文本","情绪推理","单选题","3.50","轻松｜快乐｜共情痛苦｜绝望｜惊讶｜震惊｜困惑｜厌恶｜不屑｜烦躁","厌恶","3","不屑","3","否","已作答","0.00","0.00","0.00","0.00","18.34","4"
"ZJ20260816F9FDFC36","2026-08-16 10:45:44","37.08","3","ITEM-00043","65","视频","情绪识别","多选题","4.50","遗憾｜审美欣赏｜自豪｜释然｜敌意｜委屈｜感动｜愉悦｜怀旧｜尴尬","遗憾","3","怀旧｜感动｜愉悦｜遗憾","5｜3｜3｜5","否","已作答","40.00","12.50","29.00","1.30","17.59","2"
"ZJ20260816F9FDFC36","2026-08-16 10:45:44","37.08","4","ITEM-00079","61","视频","情绪推理","多选题","4.50","震惊｜悲伤｜愁闷｜痛苦｜感激｜冷静｜委屈｜平静｜兴奋｜内疚","委屈","3","委屈｜悲伤","3｜3","是","已作答","66.67","50.00","60.00","2.70","18.03","3"
"ZJ20260816F9FDFC36","2026-08-16 10:45:44","37.08","5","ITEM-00052","94","图像","情绪识别","多选题","4.50","释然｜悲伤｜痛苦｜绝望｜厌倦｜嫉妒｜委屈｜轻松｜紧张｜厌恶","释然","3","绝望｜痛苦｜委屈","5｜5｜4","否","已作答","0.00","0.00","0.00","0.00","13.43","2"
"ZJ20260816F9FDFC36","2026-08-16 10:45:44","37.08","6","ITEM-00072","120","文本","情绪识别","多选题","4.50","兴趣｜轻松｜绝望｜审美欣赏｜愉悦｜担忧｜快乐｜希望｜烦躁｜满足","满足｜轻松","3｜3","满足｜轻松｜愉悦｜希望｜兴趣","5｜5｜5｜5｜5","否","已作答","57.14","20.00","42.29","1.90","13.26","3"
"ZJ20260816F9FDFC36","2026-08-16 10:45:44","37.08","7","ITEM-00027","83","视频","情绪识别","单选题","3.50","委屈｜崇拜｜审美欣赏｜自豪｜敌意｜自满｜感激｜好奇｜快乐｜释然","好奇","3","快乐","4","否","已作答","0.00","0.00","0.00","0.00","30.37","4"
"ZJ20260816F9FDFC36","2026-08-16 10:45:44","37.08","8","ITEM-00041","54","文本","情绪识别","单选题","3.50","恐惧｜紧张｜担忧｜委屈｜愁闷｜自满｜绝望｜愤怒｜共情痛苦｜轻松","委屈","4","自满","4","否","已作答","0.00","0.00","0.00","0.00","13.50","3"
"ZJ20260816F9FDFC36","2026-08-16 10:45:44","37.08","9","ITEM-00068","116","文本","情绪识别","多选题","4.50","厌恶｜烦躁｜不屑｜蔑视｜绝望｜满足｜焦虑｜爱｜愁闷｜兴奋","不屑｜蔑视","3｜3","厌恶｜不屑","4｜4","否","已作答","50.00","37.50","45.00","2.02","11.29","3"
"ZJ20260816F9FDFC36","2026-08-16 10:45:44","37.08","10","ITEM-00010","63","文本","情绪识别","多选题","4.50","愉悦｜兴奋｜遗憾｜快乐｜平静｜嫉妒｜担忧｜厌恶｜自豪｜惊喜","兴奋｜惊喜","3｜3","惊喜｜兴奋","4｜4","未填写","已作答","100.00","75.00","90.00","4.05","9.39","2"
"ZJ20260816F9FDFC36","2026-08-16 10:45:44","37.08","11","ITEM-00009","7","音频","情绪识别","单选题","3.50","共情痛苦｜怀旧｜羡慕｜愁闷｜紧张｜希望｜烦躁｜兴趣｜羞耻｜内疚","紧张","3","紧张","2","否","已作答","100.00","75.00","90.00","3.15","17.10","2"
"ZJ20260816F9FDFC36","2026-08-16 10:45:44","37.08","12","ITEM-00139","37","图像","情绪推理","多选题","4.50","敌意｜爱｜失望｜崇拜｜好奇｜感动｜不屑｜敬畏｜焦虑｜悲伤","崇拜","3","焦虑｜敬畏","3｜4","未填写","已作答","0.00","0.00","0.00","0.00","17.89","1"
"ZJ20260816F9FDFC36","2026-08-16 10:45:44","37.08","13","ITEM-00081","58","视频","情绪识别","多选题","4.50","审美欣赏｜担忧｜兴奋｜蔑视｜怨恨｜满足｜困惑｜怀旧｜自豪｜不屑","审美欣赏｜满足","2｜3","审美欣赏｜怀旧","5｜3","未填写","已作答","50.00","12.50","35.00","1.57","10.16","3"
"ZJ20260816F9FDFC36","2026-08-16 10:45:44","37.08","14","ITEM-00076","78","音频","情绪识别","多选题","4.50","惊讶｜遗憾｜失望｜兴奋｜满足｜愁闷｜羡慕｜敌意｜羞耻｜烦躁","失望｜敌意","3｜3","羞耻｜烦躁","4｜5","未填写","已作答","0.00","0.00","0.00","0.00","11.85","2"
"ZJ20260816F9FDFC36","2026-08-16 10:45:44","37.08","15","ITEM-00086","79","音频","情绪推理","多选题","4.50","羡慕｜担忧｜共情痛苦｜厌倦｜悲伤｜烦躁｜惊喜｜敌意｜崇拜｜满足","敌意｜烦躁｜厌倦","3｜3｜3","烦躁｜厌倦","4｜4","未填写","已作答","80.00","75.00","78.00","3.51","20.07","3"
"ZJ20260816F9FDFC36","2026-08-16 10:45:44","37.08","16","ITEM-00106","77","视频","情绪推理","单选题","3.50","困惑｜羞耻｜满足｜惊喜｜快乐｜痛苦｜怨恨｜愤怒｜尴尬｜怀旧","满足","3","快乐","5","是","已作答","0.00","0.00","0.00","0.00","13.45","2"
"ZJ20260816F9FDFC36","2026-08-16 10:45:44","37.08","17","ITEM-00121","106","图像","情绪识别","单选题","3.50","敌意｜自豪｜厌倦｜失望｜烦躁｜感动｜惊讶｜绝望｜愤怒｜羞耻","惊讶","3","惊讶","5","未填写","已作答","100.00","50.00","80.00","2.80","8.44","1"
"ZJ20260816F9FDFC36","2026-08-16 10:45:44","37.08","18","ITEM-00115","39","图像","情绪识别","单选题","3.50","怨恨｜审美欣赏｜希望｜震惊｜冷静｜焦虑｜痛苦｜不屑｜怀旧｜好奇","震惊","3","震惊","5","否","已作答","100.00","50.00","80.00","2.80","6.13","2"
"ZJ20260816F9FDFC36","2026-08-16 10:45:44","37.08","19","ITEM-00109","88","音频","情绪推理","多选题","4.50","厌恶｜怀旧｜冷静｜愤怒｜恐惧｜紧张｜厌倦｜烦躁｜满足｜困惑","厌恶","3","厌倦｜困惑","3｜3","未填写","已作答","0.00","0.00","0.00","0.00","26.91","3"
"ZJ20260816F9FDFC36","2026-08-16 10:45:44","37.08","20","ITEM-00131","115","图像","情绪识别","多选题","4.50","恐惧｜兴奋｜怀旧｜渴望｜满足｜惊喜｜愉悦｜轻松｜尴尬｜烦躁","兴奋","3","兴奋｜愉悦","3｜4","未填写","已作答","66.67","50.00","60.00","2.70","5.47","1"
"ZJ20260816F9FDFC36","2026-08-16 10:45:44","37.08","21","ITEM-00046","89","图像","情绪识别","多选题","4.50","冷静｜悲伤｜兴趣｜自满｜内疚｜怨恨｜愉悦｜抑郁｜自豪｜嫉妒","悲伤","3","内疚｜悲伤","4｜3","否","已作答","66.67","50.00","60.00","2.70","15.18","2"
"ZJ20260816F9FDFC36","2026-08-16 10:45:44","37.08","22","ITEM-00110","59","文本","情绪推理","多选题","4.50","羡慕｜愤怒｜痛苦｜不屑｜抑郁｜蔑视｜敌意｜嫉妒｜怀旧｜厌倦","厌倦","3","痛苦｜抑郁","4｜4","未填写","已作答","0.00","0.00","0.00","0.00","9.24","1"
"ZJ20260816F9FDFC36","2026-08-16 10:45:44","37.08","23","ITEM-00093","75","音频","情绪识别","多选题","4.50","绝望｜渴望｜感动｜轻松｜自豪｜失望｜悲伤｜委屈｜愤怒｜厌倦","委屈｜悲伤｜失望","3｜3｜4","委屈｜悲伤","5｜5","未填写","已作答","80.00","50.00","68.00","3.06","19.64","4"
"ZJ20260816F9FDFC36","2026-08-16 10:45:44","37.08","24","ITEM-00107","81","视频","情绪推理","多选题","4.50","痛苦｜快乐｜满足｜不屑｜抑郁｜担忧｜感动｜厌倦｜共情痛苦｜尴尬","尴尬","3","快乐｜满足｜感动","5｜5｜5","是","已作答","0.00","0.00","0.00","0.00","22.28","2"
"ZJ20260815F9E52787","2026-08-16 10:44:52","50.59","1","ITEM-00150","86","视频","情绪推理","多选题","4.50","遗憾｜担忧｜满足｜绝望｜快乐｜尴尬｜恐惧｜悲伤｜委屈｜自豪","遗憾｜尴尬｜委屈","4｜2｜1","满足｜快乐","4｜3","否","已作答","0.00","0.00","0.00","0.00","66.31","8"
"ZJ20260815F9E52787","2026-08-16 10:44:52","50.59","2","ITEM-00038","51","文本","情绪识别","单选题","3.50","敌意｜平静｜震惊｜惊讶｜自豪｜蔑视｜厌倦｜释然｜绝望｜自满","自豪","4","自满","3","否","已作答","0.00","0.00","0.00","0.00","34.19","3"
"ZJ20260815F9E52787","2026-08-16 10:44:52","50.59","3","ITEM-00088","81","视频","情绪识别","多选题","4.50","爱｜愁闷｜兴奋｜羡慕｜惊喜｜快乐｜好奇｜自豪｜厌恶｜烦躁","爱｜惊喜｜快乐","4｜4｜5","快乐｜惊喜｜兴奋｜爱","5｜5｜5｜5","否","已作答","85.71","62.50","76.43","3.44","32.90","7"
"ZJ20260815F9E52787","2026-08-16 10:44:52","50.59","4","ITEM-00004","62","视频","情绪推理","单选题","3.50","嫉妒｜渴望｜好奇｜愉悦｜蔑视｜紧张｜共情痛苦｜尴尬｜怨恨｜审美欣赏","渴望","3","尴尬","3","否","已作答","0.00","0.00","0.00","0.00","48.75","2"
"ZJ20260815F9E52787","2026-08-16 10:44:52","50.59","5","ITEM-00090","56","音频","情绪识别","多选题","4.50","轻松｜怨恨｜自满｜感动｜兴趣｜兴奋｜厌恶｜敌意｜希望｜失望","怨恨｜敌意｜失望","5｜4｜4","怨恨｜失望","5｜5","否","已作答","80.00","87.50","83.00","3.73","57.99","7"
"ZJ20260815F9E52787","2026-08-16 10:44:52","50.59","6","ITEM-00095","59","文本","情绪识别","多选题","4.50","希望｜快乐｜痛苦｜自满｜愁闷｜内疚｜焦虑｜失望｜自豪｜感激","内疚｜痛苦","5｜5","内疚｜痛苦","5｜5","否","已作答","100.00","100.00","100.00","4.50","54.35","5"
"ZJ20260815F9E52787","2026-08-16 10:44:52","50.59","7","ITEM-00137","69","音频","情绪识别","多选题","4.50","满足｜愤怒｜释然｜绝望｜轻视｜不屑｜冷静｜悲伤｜厌恶｜羡慕","愤怒｜轻视｜不屑","4｜4｜4","愤怒｜轻视","4｜4","否","已作答","80.00","100.00","88.00","3.96","30.59","7"
"ZJ20260815F9E52787","2026-08-16 10:44:52","50.59","8","ITEM-00118","48","图像","情绪识别","单选题","3.50","冷静｜平静｜愉悦｜困惑｜厌恶｜委屈｜自满｜烦躁｜爱｜敌意","厌恶","5","困惑","4","否","已作答","0.00","0.00","0.00","0.00","11.20","3"
"ZJ20260815F9E52787","2026-08-16 10:44:52","50.59","9","ITEM-00033","44","图像","情绪识别","单选题","3.50","羞耻｜委屈｜焦虑｜惊讶｜惊喜｜自豪｜敌意｜渴望｜感激｜烦躁","惊讶","5","惊讶","5","否","已作答","100.00","100.00","100.00","3.50","7.38","3"
"ZJ20260815F9E52787","2026-08-16 10:44:52","50.59","10","ITEM-00101","55","视频","情绪推理","多选题","4.50","共情痛苦｜委屈｜自豪｜怀旧｜尴尬｜痛苦｜渴望｜震惊｜担忧｜困惑","困惑","4","尴尬｜困惑","4｜4","否","已作答","66.67","50.00","60.00","2.70","121.61","5"
"ZJ20260815F9E52787","2026-08-16 10:44:52","50.59","11","ITEM-00123","8","音频","情绪识别","单选题","3.50","绝望｜愤怒｜厌倦｜烦躁｜蔑视｜好奇｜羞耻｜震惊｜困惑｜紧张","绝望","5","绝望","4","否","已作答","100.00","75.00","90.00","3.15","25.83","5"
"ZJ20260815F9E52787","2026-08-16 10:44:52","50.59","12","ITEM-00078","89","图像","情绪推理","多选题","4.50","不屑｜渴望｜恐惧｜共情痛苦｜敌意｜愁闷｜震惊｜悲伤｜感激｜内疚","悲伤","4","内疚｜悲伤","4｜3","否","已作答","66.67","37.50","55.00","2.47","14.98","3"
"ZJ20260815F9E52787","2026-08-16 10:44:52","50.59","13","ITEM-00058","102","图像","情绪识别","多选题","4.50","愉悦｜怀旧｜惊讶｜痛苦｜震惊｜感动｜满足｜审美欣赏｜共情痛苦｜蔑视","怀旧","4","感动｜愉悦","4｜4","否","已作答","0.00","0.00","0.00","0.00","13.09","3"
"ZJ20260815F9E52787","2026-08-16 10:44:52","50.59","14","ITEM-00129","103","图像","情绪识别","多选题","4.50","不屑｜尴尬｜敌意｜希望｜快乐｜愁闷｜遗憾｜怨恨｜惊讶｜内疚","不屑","3","不屑｜敌意","5｜3","未填写","已作答","66.67","25.00","50.00","2.25","10.72","1"
"ZJ20260815F9E52787","2026-08-16 10:44:52","50.59","15","ITEM-00104","23","文本","情绪推理","单选题","3.50","不屑｜内疚｜痛苦｜嫉妒｜兴奋｜遗憾｜紧张｜释然｜好奇｜自豪","兴奋","4","兴奋","5","否","已作答","100.00","75.00","90.00","3.15","26.82","3"
"ZJ20260815F9E52787","2026-08-16 10:44:52","50.59","16","ITEM-00072","120","文本","情绪识别","多选题","4.50","尴尬｜快乐｜恐惧｜兴趣｜愉悦｜轻松｜震惊｜希望｜羡慕｜满足","轻松","4","满足｜轻松｜愉悦｜希望｜兴趣","5｜5｜5｜5｜5","否","已作答","33.33","15.00","26.00","1.17","15.09","3"
"ZJ20260815F9E52787","2026-08-16 10:44:52","50.59","17","ITEM-00019","12","视频","情绪识别","单选题","3.50","自豪｜轻松｜焦虑｜敌意｜惊讶｜渴望｜抑郁｜烦躁｜释然｜失望","烦躁","5","烦躁","4","否","已作答","100.00","75.00","90.00","3.15","27.00","3"
"ZJ20260815F9E52787","2026-08-16 10:44:52","50.59","18","ITEM-00105","2","音频","情绪推理","多选题","4.50","崇拜｜担忧｜焦虑｜紧张｜蔑视｜兴奋｜轻松｜怀旧｜内疚｜遗憾","紧张","4","焦虑｜紧张｜内疚","4｜5｜4","否","已作答","50.00","25.00","40.00","1.80","32.93","3"
"ZJ20260815F9E52787","2026-08-16 10:44:52","50.59","19","ITEM-00083","73","视频","情绪识别","多选题","4.50","担忧｜崇拜｜希望｜愤怒｜焦虑｜愉悦｜释然｜嫉妒｜怨恨｜爱","释然｜愉悦｜爱","4｜3｜5","爱｜释然","5｜5","否","已作答","80.00","87.50","83.00","3.73","46.72","6"
"ZJ20260815F9E52787","2026-08-16 10:44:52","50.59","20","ITEM-00141","67","文本","情绪推理","多选题","4.50","渴望｜怀旧｜审美欣赏｜惊讶｜惊喜｜烦躁｜内疚｜感动｜愤怒｜痛苦","愤怒","5","愤怒｜惊讶","4｜3","否","已作答","66.67","37.50","55.00","2.47","34.83","3"
"ZJ20260815F9E52787","2026-08-16 10:44:52","50.59","21","ITEM-00010","63","文本","情绪识别","多选题","4.50","惊讶｜遗憾｜恐惧｜平静｜焦虑｜惊喜｜敌意｜兴奋｜愉悦｜好奇","惊讶｜惊喜｜兴奋｜愉悦","4｜5｜4｜3","惊喜｜兴奋","4｜4","否","已作答","66.67","87.50","75.00","3.38","18.82","8"
"ZJ20260815F9E52787","2026-08-16 10:44:52","50.59","22","ITEM-00063","110","图像","情绪识别","多选题","4.50","担忧｜快乐｜内疚｜愉悦｜烦躁｜不屑｜平静｜遗憾｜羡慕｜轻松","轻松｜快乐","4｜4","轻松｜愉悦","5｜4","否","已作答","50.00","37.50","45.00","2.02","16.17","5"
"ZJ20260815F9E52787","2026-08-16 10:44:52","50.59","23","ITEM-00009","7","音频","情绪识别","单选题","3.50","厌恶｜轻松｜愁闷｜抑郁｜快乐｜紧张｜不屑｜悲伤｜困惑｜羞耻","轻松","5","紧张","2","未填写","已作答","0.00","0.00","0.00","0.00","19.06","2"
"ZJ20260815F9E52787","2026-08-16 10:44:52","50.59","24","ITEM-00138","22","音频","情绪推理","多选题","4.50","紧张｜自满｜兴趣｜可惜｜感动｜尴尬｜悲伤｜不屑｜平静｜自豪","平静","4","不屑｜可惜","4｜3","否","已作答","0.00","0.00","0.00","0.00","30.31","3"
"ZJ202608156B6462DB","2026-08-16 09:30:18","5.76","1","ITEM-00054","97","图像","情绪识别","多选题","4.50","抑郁｜焦虑｜震惊｜愉悦｜委屈｜烦躁｜绝望｜轻松｜希望｜平静","轻松｜愉悦｜平静","3｜4｜3","希望｜轻松｜愉悦","5｜5｜5","否","已作答","66.67","41.67","56.67","2.55","27.80","7"
"ZJ202608156B6462DB","2026-08-16 09:30:18","5.76","2","ITEM-00091","59","音频","情绪识别","多选题","4.50","痛苦｜恐惧｜尴尬｜冷静｜好奇｜悲伤｜愤怒｜爱｜内疚｜感激","痛苦｜悲伤｜爱｜感激","3｜3｜3｜3","内疚｜痛苦","5｜5","未填写","已作答","33.33","25.00","30.00","1.35","35.76","4"
"ZJ202608156B6462DB","2026-08-16 09:30:18","5.76","3","ITEM-00133","99","图像","情绪识别","多选题","4.50","期待｜羡慕｜感动｜内疚｜失望｜惊喜｜遗憾｜平静｜紧张｜不屑","内疚","3","平静｜期待","4｜4","未填写","已作答","0.00","0.00","0.00","0.00","3.15","1"
"ZJ202608156B6462DB","2026-08-16 09:30:18","5.76","4","ITEM-00040","53","文本","情绪识别","单选题","3.50","悲伤｜蔑视｜释然｜兴趣｜满足｜怨恨｜渴望｜惊喜｜愉悦｜紧张","惊喜","3","怨恨","5","未填写","已作答","0.00","0.00","0.00","0.00","3.85","2"
"ZJ202608156B6462DB","2026-08-16 09:30:18","5.76","5","ITEM-00045","2","音频","情绪识别","单选题","3.50","审美欣赏｜愤怒｜惊讶｜嫉妒｜怨恨｜紧张｜恐惧｜委屈｜平静｜震惊","恐惧","3","紧张","3","未填写","已作答","0.00","0.00","0.00","0.00","3.79","2"
"ZJ202608156B6462DB","2026-08-16 09:30:18","5.76","6","ITEM-00005","70","视频","情绪识别","单选题","3.50","希望｜审美欣赏｜痛苦｜焦虑｜兴奋｜蔑视｜怀旧｜快乐｜兴趣｜冷静","快乐","3","审美欣赏","5","未填写","已作答","0.00","0.00","0.00","0.00","3.61","1"
"ZJ202608156B6462DB","2026-08-16 09:30:18","5.76","7","ITEM-00043","65","视频","情绪识别","多选题","4.50","愉悦｜怀旧｜紧张｜感动｜自满｜敌意｜担忧｜厌倦｜遗憾｜失望","厌倦","3","怀旧｜感动｜愉悦｜遗憾","5｜3｜3｜5","未填写","已作答","0.00","0.00","0.00","0.00","2.13","1"
"ZJ202608156B6462DB","2026-08-16 09:30:18","5.76","8","ITEM-00142","68","文本","情绪推理","单选题","3.50","委屈｜审美欣赏｜失望｜敌意｜悲伤｜尴尬｜羡慕｜愤怒｜感激｜自满","自满","3","敌意","4","未填写","已作答","0.00","0.00","0.00","0.00","1.23","1"
"ZJ202608156B6462DB","2026-08-16 09:30:18","5.76","9","ITEM-00081","58","视频","情绪识别","多选题","4.50","抑郁｜嫉妒｜兴奋｜紧张｜审美欣赏｜遗憾｜渴望｜烦躁｜怀旧｜焦虑","渴望","3","审美欣赏｜怀旧","5｜3","未填写","已作答","0.00","0.00","0.00","0.00","1.06","1"
"ZJ202608156B6462DB","2026-08-16 09:30:18","5.76","10","ITEM-00149","60","视频","情绪推理","单选题","2.50","释然｜满足｜委屈｜自豪｜感动｜愤怒｜震惊｜担忧｜遗憾｜快乐","愤怒","4","担忧","4","未填写","已作答","0.00","0.00","0.00","0.00","1.97","2"
"ZJ202608156B6462DB","2026-08-16 09:30:18","5.76","11","ITEM-00109","88","音频","情绪推理","多选题","4.50","羞耻｜快乐｜嫉妒｜困惑｜痛苦｜内疚｜自满｜厌倦｜抑郁｜惊讶","内疚","3","厌倦｜困惑","3｜3","未填写","已作答","0.00","0.00","0.00","0.00","5.78","1"
"ZJ202608156B6462DB","2026-08-16 09:30:18","5.76","12","ITEM-00139","37","图像","情绪推理","多选题","4.50","焦虑｜羞耻｜轻松｜蔑视｜恐惧｜爱｜痛苦｜敬畏｜怨恨｜惊喜","爱｜轻松","3｜4","焦虑｜敬畏","3｜4","未填写","已作答","0.00","0.00","0.00","0.00","6.97","2"
"ZJ202608156B6462DB","2026-08-16 09:30:18","5.76","13","ITEM-00140","63","文本","情绪推理","多选题","4.50","内疚｜好奇｜困惑｜平静｜兴奋｜惊喜｜厌恶｜厌倦｜恐惧｜尴尬","厌倦","3","惊喜｜兴奋","4｜4","未填写","已作答","0.00","0.00","0.00","0.00","3.29","1"
"ZJ202608156B6462DB","2026-08-16 09:30:18","5.76","14","ITEM-00136","71","文本","情绪识别","多选题","4.50","悲伤｜抑郁｜感动｜委屈｜怨恨｜愉悦｜不屑｜恐惧｜感激｜兴趣","不屑","3","委屈｜恐惧｜不屑","5｜4｜4","未填写","已作答","50.00","25.00","40.00","1.80","3.88","1"
"ZJ202608156B6462DB","2026-08-16 09:30:18","5.76","15","ITEM-00070","119","文本","情绪识别","多选题","4.50","痛苦｜尴尬｜震惊｜怨恨｜困惑｜兴奋｜感动｜烦躁｜快乐｜抑郁","抑郁","3","困惑｜痛苦","4｜5","未填写","已作答","0.00","0.00","0.00","0.00","2.58","1"
"ZJ202608156B6462DB","2026-08-16 09:30:18","5.76","16","ITEM-00107","81","视频","情绪推理","多选题","4.50","感动｜痛苦｜愉悦｜快乐｜崇拜｜厌恶｜满足｜蔑视｜自满｜希望","厌恶","3","快乐｜满足｜感动","5｜5｜5","未填写","已作答","0.00","0.00","0.00","0.00","2.94","1"
"ZJ202608156B6462DB","2026-08-16 09:30:18","5.76","17","ITEM-00072","120","文本","情绪识别","多选题","4.50","轻松｜愉悦｜兴趣｜遗憾｜满足｜希望｜紧张｜委屈｜怨恨｜担忧","委屈","3","满足｜轻松｜愉悦｜希望｜兴趣","5｜5｜5｜5｜5","未填写","已作答","0.00","0.00","0.00","0.00","6.69","1"
"ZJ202608156B6462DB","2026-08-16 09:30:18","5.76","18","ITEM-00093","75","音频","情绪识别","多选题","4.50","希望｜惊讶｜羞耻｜愁闷｜嫉妒｜委屈｜兴趣｜怀旧｜失望｜悲伤","兴趣","3","委屈｜悲伤","5｜5","未填写","已作答","0.00","0.00","0.00","0.00","3.10","1"
"ZJ202608156B6462DB","2026-08-16 09:30:18","5.76","19","ITEM-00084","78","音频","情绪推理","多选题","4.50","嫉妒｜怀旧｜羡慕｜厌恶｜困惑｜惊讶｜失望｜绝望｜烦躁｜羞耻","失望","3","羞耻｜烦躁","4｜5","否","已作答","0.00","0.00","0.00","0.00","2.56","2"
"ZJ202608156B6462DB","2026-08-16 09:30:18","5.76","20","ITEM-00009","7","音频","情绪识别","单选题","3.50","自满｜担忧｜羡慕｜自豪｜厌倦｜紧张｜不屑｜震惊｜兴奋｜怨恨","怨恨","3","紧张","2","未填写","已作答","0.00","0.00","0.00","0.00","2.15","1"
"ZJ202608156B6462DB","2026-08-16 09:30:18","5.76","21","ITEM-00100","10","视频","情绪推理","多选题","4.50","嫉妒｜得意｜感激｜紧张｜厌恶｜满足｜失望｜不屑｜尴尬｜震惊","紧张","4","不屑｜得意","4｜4","未填写","已作答","0.00","0.00","0.00","0.00","2.77","2"
"ZJ202608156B6462DB","2026-08-16 09:30:18","5.76","22","ITEM-00046","89","图像","情绪识别","多选题","4.50","内疚｜紧张｜尴尬｜厌倦｜惊喜｜悲伤｜失望｜共情痛苦｜委屈｜痛苦","痛苦","3","内疚｜悲伤","4｜3","未填写","已作答","0.00","0.00","0.00","0.00","2.92","1"
"ZJ202608156B6462DB","2026-08-16 09:30:18","5.76","23","ITEM-00111","31","图像","情绪识别","单选题","3.50","惊喜｜羞耻｜无奈｜愤怒｜审美欣赏｜烦躁｜兴趣｜遗憾｜焦虑｜厌倦","厌倦","3","无奈","3","未填写","已作答","0.00","0.00","0.00","0.00","2.71","1"
"ZJ202608156B6462DB","2026-08-16 09:30:18","5.76","24","ITEM-00012","26","图像","情绪识别","单选题","3.50","惊喜｜自豪｜震惊｜怨恨｜不屑｜兴趣｜痛苦｜愤怒｜羞耻｜内疚","痛苦","4","愤怒","4","未填写","已作答","0.00","0.00","0.00","0.00","1.57","2"
"ZJ202608165B75EE9F","2026-08-16 08:38:30","45.60","1","ITEM-00041","54","文本","情绪识别","单选题","3.50","尴尬｜希望｜烦躁｜委屈｜敌意｜紧张｜自满｜震惊｜好奇｜兴趣","烦躁","2","自满","4","否","已作答","0.00","0.00","0.00","0.00","34.14","3"
"ZJ202608165B75EE9F","2026-08-16 08:38:30","45.60","2","ITEM-00027","83","视频","情绪识别","单选题","3.50","冷静｜满足｜内疚｜震惊｜失望｜快乐｜崇拜｜释然｜恐惧｜羡慕","快乐","4","快乐","4","否","已作答","100.00","100.00","100.00","3.50","64.88","3"
"ZJ202608165B75EE9F","2026-08-16 08:38:30","45.60","3","ITEM-00033","44","图像","情绪识别","单选题","3.50","震惊｜惊讶｜羡慕｜共情痛苦｜嫉妒｜抑郁｜愁闷｜感激｜审美欣赏｜委屈","震惊","5","惊讶","5","否","已作答","0.00","0.00","0.00","0.00","10.61","4"
"ZJ202608165B75EE9F","2026-08-16 08:38:30","45.60","4","ITEM-00078","89","图像","情绪推理","多选题","4.50","恐惧｜悲伤｜不屑｜满足｜自豪｜厌倦｜内疚｜冷静｜平静｜感激","感激","3","内疚｜悲伤","4｜3","否","已作答","0.00","0.00","0.00","0.00","54.68","2"
"ZJ202608165B75EE9F","2026-08-16 08:38:30","45.60","5","ITEM-00129","103","图像","情绪识别","多选题","4.50","敌意｜不屑｜羡慕｜紧张｜自豪｜惊讶｜尴尬｜轻松｜爱｜痛苦","轻松｜敌意","2｜4","不屑｜敌意","5｜3","否","已作答","50.00","37.50","45.00","2.02","42.24","10"
"ZJ202608165B75EE9F","2026-08-16 08:38:30","45.60","6","ITEM-00105","2","音频","情绪推理","多选题","4.50","自满｜紧张｜焦虑｜内疚｜羡慕｜痛苦｜失望｜冷静｜恐惧｜厌恶","内疚｜焦虑｜痛苦","4｜2｜3","焦虑｜紧张｜内疚","4｜5｜4","否","已作答","66.67","50.00","60.00","2.70","44.75","6"
"ZJ202608165B75EE9F","2026-08-16 08:38:30","45.60","7","ITEM-00098","1","视频","情绪推理","多选题","4.50","共情痛苦｜满足｜怨恨｜震惊｜嫉妒｜自豪｜焦虑｜失望｜感激｜困惑","满足｜震惊｜自豪｜感激","5｜2｜4｜2","感激｜自豪｜满足","4｜3｜4","否","已作答","85.71","66.67","78.10","3.51","74.03","12"
"ZJ202608165B75EE9F","2026-08-16 08:38:30","45.60","8","ITEM-00077","79","音频","情绪识别","多选题","4.50","抑郁｜不屑｜尴尬｜快乐｜崇拜｜烦躁｜怨恨｜厌倦｜感激｜惊讶","烦躁｜怨恨｜厌倦","4｜5｜3","烦躁｜厌倦","4｜4","否","已作答","80.00","87.50","83.00","3.73","81.29","6"
"ZJ202608165B75EE9F","2026-08-16 08:38:30","45.60","9","ITEM-00092","66","音频","情绪识别","多选题","4.50","痛苦｜满足｜嫉妒｜羡慕｜不屑｜冷静｜兴奋｜内疚｜悲伤｜敌意","痛苦｜悲伤","1｜4","内疚｜痛苦｜悲伤","5｜5｜5","否","已作答","80.00","25.00","58.00","2.61","37.47","6"
"ZJ202608165B75EE9F","2026-08-16 08:38:30","45.60","10","ITEM-00032","41","图像","情绪识别","单选题","3.50","羡慕｜平静｜悲伤｜渴望｜自满｜兴趣｜愤怒｜失望｜愉悦｜厌倦","平静","4","愉悦","4","未填写","已作答","0.00","0.00","0.00","0.00","19.40","2"
"ZJ202608165B75EE9F","2026-08-16 08:38:30","45.60","11","ITEM-00146","118","文本","情绪识别","多选题","4.50","怨恨｜爱｜蔑视｜愉悦｜内疚｜不屑｜烦躁｜好奇｜失望｜共情痛苦","爱｜不屑","5｜5","烦躁｜失望","4｜4","否","已作答","0.00","0.00","0.00","0.00","53.02","7"
"ZJ202608165B75EE9F","2026-08-16 08:38:30","45.60","12","ITEM-00102","57","视频","情绪推理","多选题","4.50","愤怒｜满足｜怀旧｜爱｜烦躁｜失望｜羞耻｜敌意｜自豪｜希望","希望","4","愤怒｜烦躁","5｜5","否","已作答","0.00","0.00","0.00","0.00","31.69","3"
"ZJ202608165B75EE9F","2026-08-16 08:38:30","45.60","13","ITEM-00071","91","图像","情绪识别","多选题","4.50","惊喜｜释然｜担忧｜失望｜快乐｜厌恶｜怨恨｜震惊｜痛苦｜兴趣","释然｜担忧｜失望｜痛苦","2｜4｜5｜4","失望｜震惊","5｜5","否","已作答","33.33","50.00","40.00","1.80","61.38","12"
"ZJ202608165B75EE9F","2026-08-16 08:38:30","45.60","14","ITEM-00124","22","音频","情绪识别","单选题","3.50","怀旧｜不屑｜怨恨｜绝望｜愉悦｜兴奋｜崇拜｜释然｜惊喜｜羞耻","释然","5","释然","3","未填写","已作答","100.00","50.00","80.00","2.80","50.21","6"
"ZJ202608165B75EE9F","2026-08-16 08:38:30","45.60","15","ITEM-00109","88","音频","情绪推理","多选题","4.50","惊讶｜感激｜兴趣｜自满｜绝望｜困惑｜厌倦｜厌恶｜愤怒｜烦躁","兴趣","5","厌倦｜困惑","3｜3","未填写","已作答","0.00","0.00","0.00","0.00","48.80","3"
"ZJ202608165B75EE9F","2026-08-16 08:38:30","45.60","16","ITEM-00044","80","视频","情绪识别","多选题","4.50","恐惧｜愉悦｜不屑｜惊讶｜自满｜怀旧｜冷静｜感动｜紧张｜兴趣","恐惧｜惊讶｜紧张","2｜4｜5","紧张｜惊讶","4｜4","否","已作答","80.00","87.50","83.00","3.73","26.82","10"
"ZJ202608165B75EE9F","2026-08-16 08:38:30","45.60","17","ITEM-00049","17","音频","情绪识别","单选题","3.50","敌意｜厌恶｜蔑视｜快乐｜共情痛苦｜愉悦｜尴尬｜感动｜悲伤｜怨恨","蔑视","5","敌意","4","未填写","已作答","0.00","0.00","0.00","0.00","40.30","4"
"ZJ202608165B75EE9F","2026-08-16 08:38:30","45.60","18","ITEM-00081","58","视频","情绪识别","多选题","4.50","审美欣赏｜遗憾｜释然｜轻松｜担忧｜兴奋｜羡慕｜恐惧｜怀旧｜希望","审美欣赏｜怀旧｜遗憾","5｜3｜4","审美欣赏｜怀旧","5｜3","未填写","已作答","80.00","100.00","88.00","3.96","43.69","8"
"ZJ202608165B75EE9F","2026-08-16 08:38:30","45.60","19","ITEM-00143","71","文本","情绪推理","单选题","3.50","冷静｜快乐｜愤怒｜自满｜感激｜不屑｜困惑｜爱｜希望｜担忧","愤怒","5","不屑","3","未填写","已作答","0.00","0.00","0.00","0.00","19.66","3"
"ZJ202608165B75EE9F","2026-08-16 08:38:30","45.60","20","ITEM-00110","59","文本","情绪推理","多选题","4.50","痛苦｜震惊｜抑郁｜怨恨｜蔑视｜内疚｜绝望｜快乐｜审美欣赏｜愁闷","痛苦｜抑郁｜内疚｜愁闷","5｜1｜1｜5","痛苦｜抑郁","4｜4","未填写","已作答","66.67","50.00","60.00","2.70","32.18","14"
"ZJ202608165B75EE9F","2026-08-16 08:38:30","45.60","21","ITEM-00072","120","文本","情绪识别","多选题","4.50","轻松｜希望｜愉悦｜满足｜羞耻｜尴尬｜快乐｜厌恶｜兴趣｜怨恨","轻松｜愉悦｜满足｜快乐","5｜5｜5｜5","满足｜轻松｜愉悦｜希望｜兴趣","5｜5｜5｜5｜5","未填写","已作答","66.67","60.00","64.00","2.88","28.06","20"
"ZJ202608165B75EE9F","2026-08-16 08:38:30","45.60","22","ITEM-00047","90","图像","情绪识别","多选题","4.50","愉悦｜悲伤｜恐惧｜失望｜满足｜快乐｜惊喜｜内疚｜好奇｜紧张","愉悦｜满足｜快乐｜惊喜","5｜2｜5｜5","惊喜｜快乐｜愉悦","5｜5｜5","否","已作答","85.71","100.00","91.43","4.11","24.88","18"
"ZJ202608165B75EE9F","2026-08-16 08:38:30","45.60","23","ITEM-00106","77","视频","情绪推理","单选题","3.50","兴奋｜崇拜｜满足｜快乐｜敌意｜羞耻｜自满｜共情痛苦｜羡慕｜厌恶","快乐","5","快乐","5","未填写","已作答","100.00","100.00","100.00","3.50","102.31","4"
"ZJ202608165B75EE9F","2026-08-16 08:38:30","45.60","24","ITEM-00135","68","文本","情绪识别","多选题","4.50","厌倦｜愤怒｜怀旧｜嫉妒｜不屑｜惊吓｜释然｜渴望｜自豪｜抑郁","惊吓｜愤怒","5｜5","不屑｜惊吓","5｜4","未填写","已作答","50.00","37.50","45.00","2.02","32.48","5"
"ZJ202608158EB550CF","2026-08-16 07:50:45","57.39","1","ITEM-00009","7","音频","情绪识别","单选题","3.50","厌倦｜兴奋｜痛苦｜兴趣｜冷静｜震惊｜怨恨｜自豪｜愤怒｜紧张","兴奋","4","紧张","2","否","已作答","0.00","0.00","0.00","0.00","53.27","3"
"ZJ202608158EB550CF","2026-08-16 07:50:45","57.39","2","ITEM-00148","62","视频","情绪识别","单选题","3.50","感激｜痛苦｜兴趣｜担忧｜恐惧｜失望｜尴尬｜自豪｜释然｜希望","尴尬","4","尴尬","3","否","已作答","100.00","75.00","90.00","3.15","28.74","3"
"ZJ202608158EB550CF","2026-08-16 07:50:45","57.39","3","ITEM-00105","2","音频","情绪推理","多选题","4.50","痛苦｜好奇｜绝望｜愤怒｜紧张｜愉悦｜困惑｜内疚｜满足｜焦虑","紧张","3","焦虑｜紧张｜内疚","4｜5｜4","否","已作答","50.00","16.67","36.67","1.65","117.56","2"
"ZJ202608158EB550CF","2026-08-16 07:50:45","57.39","4","ITEM-00070","119","文本","情绪识别","多选题","4.50","困惑｜爱｜自满｜希望｜审美欣赏｜兴奋｜尴尬｜痛苦｜满足｜紧张","痛苦","3","困惑｜痛苦","4｜5","否","已作答","66.67","25.00","50.00","2.25","41.81","2"
"ZJ202608158EB550CF","2026-08-16 07:50:45","57.39","5","ITEM-00110","59","文本","情绪推理","多选题","4.50","自满｜内疚｜痛苦｜愤怒｜尴尬｜崇拜｜抑郁｜快乐｜厌倦｜自豪","痛苦｜内疚｜抑郁","3｜3｜3","痛苦｜抑郁","4｜4","否","已作答","80.00","75.00","78.00","3.51","38.35","4"
"ZJ202608158EB550CF","2026-08-16 07:50:45","57.39","6","ITEM-00150","86","视频","情绪推理","多选题","4.50","满足｜快乐｜冷静｜痛苦｜愁闷｜平静｜好奇｜释然｜惊喜｜轻松","满足｜快乐","3｜3","满足｜快乐","4｜3","否","已作答","100.00","87.50","95.00","4.28","31.05","3"
"ZJ202608158EB550CF","2026-08-16 07:50:45","57.39","7","ITEM-00060","18","文本","情绪识别","单选题","3.50","轻松｜失望｜嫉妒｜抑郁｜满足｜愉悦｜自满｜感激｜惊讶｜厌倦","轻松","3","感激","3","否","已作答","0.00","0.00","0.00","0.00","62.38","2"
"ZJ202608158EB550CF","2026-08-16 07:50:45","57.39","8","ITEM-00066","113","图像","情绪识别","多选题","4.50","痛苦｜渴望｜焦虑｜轻松｜厌恶｜悲伤｜希望｜满足｜委屈｜绝望","痛苦｜焦虑｜悲伤｜绝望","3｜3｜3｜3","渴望｜痛苦｜悲伤｜绝望","4｜5｜5｜5","否","已作答","75.00","37.50","60.00","2.70","11.88","5"
"ZJ202608158EB550CF","2026-08-16 07:50:45","57.39","9","ITEM-00068","116","文本","情绪识别","多选题","4.50","不屑｜悲伤｜敌意｜怀旧｜蔑视｜审美欣赏｜恐惧｜失望｜羡慕｜厌恶","不屑｜敌意｜蔑视｜厌恶","3｜3｜1｜3","厌恶｜不屑","4｜4","否","已作答","66.67","75.00","70.00","3.15","73.21","6"
"ZJ202608158EB550CF","2026-08-16 07:50:45","57.39","10","ITEM-00119","49","图像","情绪识别","单选题","3.50","失望｜内疚｜愉悦｜自满｜释然｜快乐｜惊喜｜崇拜｜厌倦｜尴尬","自满","3","厌倦","3","否","已作答","0.00","0.00","0.00","0.00","48.00","2"
"ZJ202608158EB550CF","2026-08-16 07:50:45","57.39","11","ITEM-00063","110","图像","情绪识别","多选题","4.50","怨恨｜紧张｜敌意｜恐惧｜惊讶｜愉悦｜抑郁｜轻松｜兴奋｜惊喜","愉悦｜轻松","3｜3","轻松｜愉悦","5｜4","是","已作答","100.00","62.50","85.00","3.83","19.65","3"
"ZJ202608158EB550CF","2026-08-16 07:50:45","57.39","12","ITEM-00121","106","图像","情绪识别","单选题","3.50","震惊｜不屑｜羡慕｜恐惧｜满足｜渴望｜焦虑｜担忧｜惊讶｜轻松","震惊","3","惊讶","5","是","已作答","0.00","0.00","0.00","0.00","24.22","2"
"ZJ202608158EB550CF","2026-08-16 07:50:45","57.39","13","ITEM-00079","61","视频","情绪推理","多选题","4.50","悲伤｜快乐｜痛苦｜羞耻｜冷静｜担忧｜愁闷｜委屈｜审美欣赏｜渴望","委屈｜担忧","3｜3","委屈｜悲伤","3｜3","否","已作答","50.00","50.00","50.00","2.25","67.70","3"
"ZJ202608158EB550CF","2026-08-16 07:50:45","57.39","14","ITEM-00123","8","音频","情绪识别","单选题","3.50","恐惧｜释然｜愉悦｜快乐｜痛苦｜自满｜嫉妒｜绝望｜遗憾｜愁闷","绝望","3","绝望","4","否","已作答","100.00","75.00","90.00","3.15","21.14","4"
"ZJ202608158EB550CF","2026-08-16 07:50:45","57.39","15","ITEM-00139","37","图像","情绪推理","多选题","4.50","希望｜不屑｜感动｜尴尬｜满足｜敬畏｜怨恨｜蔑视｜好奇｜焦虑","敬畏｜希望","3｜3","焦虑｜敬畏","3｜4","否","已作答","50.00","37.50","45.00","2.02","36.83","3"
"ZJ202608158EB550CF","2026-08-16 07:50:45","57.39","16","ITEM-00084","78","音频","情绪推理","多选题","4.50","尴尬｜希望｜羞耻｜烦躁｜震惊｜爱｜痛苦｜快乐｜嫉妒｜共情痛苦","痛苦｜嫉妒｜烦躁｜震惊","3｜3｜3｜3","羞耻｜烦躁","4｜5","否","已作答","33.33","25.00","30.00","1.35","36.89","5"
"ZJ202608158EB550CF","2026-08-16 07:50:45","57.39","17","ITEM-00064","111","图像","情绪识别","多选题","4.50","兴趣｜抑郁｜释然｜愉悦｜担忧｜厌恶｜困惑｜冷静｜蔑视｜审美欣赏","释然｜愉悦","3｜3","释然｜愉悦","3｜5","否","已作答","100.00","75.00","90.00","4.05","20.94","3"
"ZJ202608158EB550CF","2026-08-16 07:50:45","57.39","18","ITEM-00043","65","视频","情绪识别","多选题","4.50","震惊｜怀旧｜焦虑｜感动｜愉悦｜遗憾｜平静｜失望｜厌恶｜痛苦","怀旧｜遗憾｜痛苦","3｜3｜3","怀旧｜感动｜愉悦｜遗憾","5｜3｜3｜5","否","已作答","57.14","25.00","44.29","1.99","38.89","4"
"ZJ202608158EB550CF","2026-08-16 07:50:45","57.39","19","ITEM-00149","60","视频","情绪推理","单选题","2.50","兴趣｜崇拜｜厌恶｜愉悦｜惊喜｜渴望｜担忧｜怀旧｜兴奋｜羞耻","担忧","3","担忧","4","否","已作答","100.00","75.00","90.00","2.25","58.81","3"
"ZJ202608158EB550CF","2026-08-16 07:50:45","57.39","20","ITEM-00093","75","音频","情绪识别","多选题","4.50","紧张｜失望｜委屈｜满足｜嫉妒｜释然｜悲伤｜冷静｜渴望｜希望","委屈｜紧张","3｜3","委屈｜悲伤","5｜5","否","已作答","50.00","25.00","40.00","1.80","44.36","3"
"ZJ202608158EB550CF","2026-08-16 07:50:45","57.39","21","ITEM-00145","69","音频","情绪识别","多选题","4.50","厌恶｜遗憾｜兴奋｜释然｜震惊｜羡慕｜痛苦｜委屈｜愤怒｜好奇","愤怒｜震惊｜厌恶","3｜3｜3","愤怒｜震惊","4｜3","否","已作答","80.00","87.50","83.00","3.73","41.42","4"
"ZJ202608158EB550CF","2026-08-16 07:50:45","57.39","22","ITEM-00088","81","视频","情绪识别","多选题","4.50","失望｜羞耻｜惊讶｜爱｜满足｜兴奋｜蔑视｜快乐｜惊喜｜尴尬","爱｜惊喜｜兴奋","3｜3｜3","快乐｜惊喜｜兴奋｜爱","5｜5｜5｜5","否","已作答","85.71","37.50","66.43","2.99","49.81","4"
"ZJ202608158EB550CF","2026-08-16 07:50:45","57.39","23","ITEM-00069","117","文本","情绪识别","多选题","4.50","爱｜兴趣｜渴望｜厌恶｜绝望｜不屑｜怨恨｜感激｜惊喜｜愉悦","爱｜愉悦","4｜4","感激｜爱｜愉悦","4｜4｜5","否","已作答","80.00","58.33","71.33","3.21","19.42","5"
"ZJ202608158EB550CF","2026-08-16 07:50:45","57.39","24","ITEM-00104","23","文本","情绪推理","单选题","3.50","快乐｜兴奋｜惊喜｜审美欣赏｜遗憾｜烦躁｜震惊｜抑郁｜平静｜不屑","兴奋","5","兴奋","5","否","已作答","100.00","100.00","100.00","3.50","28.75","7"
"ZJ202608151F3346B5","2026-08-16 06:45:20","59.18","1","ITEM-00079","61","视频","情绪推理","多选题","4.50","悲伤｜痛苦｜委屈｜希望｜感激｜平静｜愁闷｜释然｜好奇｜自豪","委屈","5","委屈｜悲伤","3｜3","是","已作答","66.67","25.00","50.00","2.25","27.24","4"
"ZJ202608151F3346B5","2026-08-16 06:45:20","59.18","2","ITEM-00012","26","图像","情绪识别","单选题","3.50","厌倦｜嫉妒｜羡慕｜遗憾｜愤怒｜蔑视｜愉悦｜敌意｜自豪｜焦虑","愤怒","5","愤怒","4","否","已作答","100.00","75.00","90.00","3.15","13.69","4"
"ZJ202608151F3346B5","2026-08-16 06:45:20","59.18","3","ITEM-00092","66","音频","情绪识别","多选题","4.50","兴趣｜痛苦｜厌恶｜不屑｜愉悦｜惊讶｜惊喜｜渴望｜内疚｜悲伤","痛苦｜内疚｜悲伤","5｜5｜5","内疚｜痛苦｜悲伤","5｜5｜5","否","已作答","100.00","100.00","100.00","4.50","53.02","10"
"ZJ202608151F3346B5","2026-08-16 06:45:20","59.18","4","ITEM-00088","81","视频","情绪识别","多选题","4.50","悲伤｜爱｜兴奋｜快乐｜审美欣赏｜嫉妒｜蔑视｜惊喜｜希望｜感激","爱｜兴奋｜快乐｜惊喜","5｜5｜5｜5","快乐｜惊喜｜兴奋｜爱","5｜5｜5｜5","是","已作答","100.00","100.00","100.00","4.50","40.61","15"
"ZJ202608151F3346B5","2026-08-16 06:45:20","59.18","5","ITEM-00054","97","图像","情绪识别","多选题","4.50","希望｜烦躁｜轻松｜尴尬｜抑郁｜愁闷｜愉悦｜绝望｜自豪｜平静","轻松｜平静｜自豪｜愉悦","5｜5｜5｜5","希望｜轻松｜愉悦","5｜5｜5","否","已作答","57.14","66.67","60.95","2.74","27.28","13"
"ZJ202608151F3346B5","2026-08-16 06:45:20","59.18","6","ITEM-00086","79","音频","情绪推理","多选题","4.50","困惑｜崇拜｜愁闷｜愉悦｜平静｜好奇｜委屈｜感动｜厌倦｜烦躁","烦躁｜委屈｜厌倦","4｜3｜4","烦躁｜厌倦","4｜4","否","已作答","80.00","100.00","88.00","3.96","27.79","14"
"ZJ202608151F3346B5","2026-08-16 06:45:20","59.18","7","ITEM-00129","103","图像","情绪识别","多选题","4.50","自豪｜敌意｜担忧｜审美欣赏｜愉悦｜愤怒｜蔑视｜绝望｜共情痛苦｜不屑","自豪｜蔑视｜不屑","5｜5｜5","不屑｜敌意","5｜3","是","已作答","40.00","50.00","44.00","1.98","11.89","10"
"ZJ202608151F3346B5","2026-08-16 06:45:20","59.18","8","ITEM-00141","67","文本","情绪推理","多选题","4.50","自满｜恐惧｜渴望｜惊讶｜焦虑｜审美欣赏｜尴尬｜愤怒｜委屈｜不屑","愤怒","3","愤怒｜惊讶","4｜3","是","已作答","66.67","37.50","55.00","2.47","77.36","6"
"ZJ202608151F3346B5","2026-08-16 06:45:20","59.18","9","ITEM-00061","109","图像","情绪识别","多选题","4.50","愉悦｜共情痛苦｜不屑｜兴奋｜羞耻｜感动｜快乐｜满足｜担忧｜委屈","愉悦｜快乐｜满足｜兴奋","5｜5｜4｜5","快乐｜愉悦","4｜4","否","已作答","66.67","75.00","70.00","3.15","29.83","14"
"ZJ202608151F3346B5","2026-08-16 06:45:20","59.18","10","ITEM-00027","83","视频","情绪识别","单选题","3.50","厌倦｜兴趣｜悲伤｜快乐｜震惊｜平静｜焦虑｜羡慕｜困惑｜羞耻","快乐","5","快乐","4","是","已作答","100.00","75.00","90.00","3.15","45.09","4"
"ZJ202608151F3346B5","2026-08-16 06:45:20","59.18","11","ITEM-00093","75","音频","情绪识别","多选题","4.50","痛苦｜烦躁｜羡慕｜敌意｜蔑视｜悲伤｜冷静｜崇拜｜委屈｜满足","痛苦｜悲伤｜委屈","5｜5｜5","委屈｜悲伤","5｜5","否","已作答","80.00","100.00","88.00","3.96","21.57","12"
"ZJ202608151F3346B5","2026-08-16 06:45:20","59.18","12","ITEM-00068","116","文本","情绪识别","多选题","4.50","感激｜自豪｜自满｜不屑｜厌倦｜困惑｜紧张｜厌恶｜烦躁｜怀旧","不屑｜厌恶｜烦躁","5｜5｜5","厌恶｜不屑","4｜4","否","已作答","80.00","75.00","78.00","3.51","21.00","10"
"ZJ202608151F3346B5","2026-08-16 06:45:20","59.18","13","ITEM-00115","39","图像","情绪识别","单选题","3.50","愤怒｜好奇｜震惊｜尴尬｜感激｜悲伤｜爱｜焦虑｜痛苦｜烦躁","震惊","5","震惊","5","是","已作答","100.00","100.00","100.00","3.50","24.12","8"
"ZJ202608151F3346B5","2026-08-16 06:45:20","59.18","14","ITEM-00009","7","音频","情绪识别","单选题","3.50","崇拜｜平静｜共情痛苦｜痛苦｜愤怒｜紧张｜厌倦｜兴奋｜释然｜烦躁","兴奋","4","紧张","2","是","已作答","0.00","0.00","0.00","0.00","22.20","5"
"ZJ202608151F3346B5","2026-08-16 06:45:20","59.18","15","ITEM-00144","118","文本","情绪推理","单选题","3.50","委屈｜尴尬｜兴奋｜悲伤｜快乐｜共情痛苦｜失望｜烦躁｜兴趣｜自满","失望","5","失望","4","否","已作答","100.00","75.00","90.00","3.15","54.53","5"
"ZJ202608151F3346B5","2026-08-16 06:45:20","59.18","16","ITEM-00049","17","音频","情绪识别","单选题","3.50","厌恶｜内疚｜兴奋｜不屑｜轻松｜绝望｜怨恨｜敌意｜嫉妒｜愉悦","厌恶","5","敌意","4","是","已作答","0.00","0.00","0.00","0.00","94.49","6"
"ZJ202608151F3346B5","2026-08-16 06:45:20","59.18","17","ITEM-00149","60","视频","情绪推理","单选题","2.50","失望｜悲伤｜恐惧｜紧张｜兴趣｜蔑视｜绝望｜担忧｜崇拜｜厌恶","悲伤","5","担忧","4","否","已作答","0.00","0.00","0.00","0.00","56.93","4"
"ZJ202608151F3346B5","2026-08-16 06:45:20","59.18","18","ITEM-00078","89","图像","情绪推理","多选题","4.50","悲伤｜敌意｜轻松｜自豪｜内疚｜痛苦｜震惊｜失望｜嫉妒｜惊讶","悲伤｜痛苦","5｜5","内疚｜悲伤","4｜3","否","已作答","50.00","25.00","40.00","1.80","19.14","7"
"ZJ202608151F3346B5","2026-08-16 06:45:20","59.18","19","ITEM-00105","2","音频","情绪推理","多选题","4.50","不屑｜释然｜共情痛苦｜内疚｜焦虑｜怨恨｜惊讶｜失望｜紧张｜怀旧","惊讶｜失望","5｜5","焦虑｜紧张｜内疚","4｜5｜4","否","已作答","0.00","0.00","0.00","0.00","31.91","9"
"ZJ202608151F3346B5","2026-08-16 06:45:20","59.18","20","ITEM-00060","18","文本","情绪识别","单选题","3.50","羞耻｜抑郁｜厌倦｜轻松｜渴望｜好奇｜感激｜审美欣赏｜痛苦｜崇拜","感激","5","感激","3","否","已作答","100.00","50.00","80.00","2.80","20.10","5"
"ZJ202608151F3346B5","2026-08-16 06:45:20","59.18","21","ITEM-00126","86","视频","情绪识别","多选题","4.50","痛苦｜困惑｜惊讶｜担忧｜恐惧｜绝望｜好奇｜内疚｜抑郁｜愉悦","担忧","5","惊讶｜愉悦","4｜5","否","已作答","0.00","0.00","0.00","0.00","24.06","4"
"ZJ202608151F3346B5","2026-08-16 06:45:20","59.18","22","ITEM-00070","119","文本","情绪识别","多选题","4.50","嫉妒｜痛苦｜困惑｜怀旧｜惊讶｜抑郁｜愤怒｜怨恨｜厌恶｜恐惧","怨恨｜痛苦｜嫉妒","5｜5｜5","困惑｜痛苦","4｜5","否","已作答","40.00","50.00","44.00","1.98","29.36","10"
"ZJ202608151F3346B5","2026-08-16 06:45:20","59.18","23","ITEM-00095","59","文本","情绪识别","多选题","4.50","厌恶｜怨恨｜担忧｜兴奋｜痛苦｜平静｜自满｜震惊｜冷静｜内疚","内疚｜痛苦","5｜5","内疚｜痛苦","5｜5","否","已作答","100.00","100.00","100.00","4.50","44.16","7"
"ZJ202608151F3346B5","2026-08-16 06:45:20","59.18","24","ITEM-00080","65","视频","情绪推理","多选题","4.50","焦虑｜愉悦｜感动｜遗憾｜好奇｜震惊｜怀旧｜渴望｜自豪｜抑郁","遗憾","5","怀旧｜感动｜愉悦｜遗憾","5｜3｜3｜5","否","已作答","40.00","25.00","34.00","1.53","34.87","4"
"ZJ202608158B3191E7","2026-08-16 00:30:47","51.54","1","ITEM-00091","59","音频","情绪识别","多选题","4.50","紧张｜内疚｜自满｜兴趣｜好奇｜担忧｜痛苦｜烦躁｜委屈｜崇拜","内疚｜紧张｜委屈｜烦躁｜痛苦","5｜5｜4｜2｜5","内疚｜痛苦","5｜5","否","已作答","57.14","100.00","74.29","3.34","94.04","15"
"ZJ202608158B3191E7","2026-08-16 00:30:47","51.54","2","ITEM-00148","62","视频","情绪识别","单选题","3.50","敌意｜愤怒｜怨恨｜抑郁｜焦虑｜尴尬｜快乐｜震惊｜厌恶｜蔑视","尴尬","5","尴尬","3","否","已作答","100.00","50.00","80.00","2.80","23.27","3"
"ZJ202608158B3191E7","2026-08-16 00:30:47","51.54","3","ITEM-00098","1","视频","情绪推理","多选题","4.50","满足｜紧张｜兴奋｜遗憾｜自豪｜震惊｜愉悦｜恐惧｜痛苦｜感激","自豪｜满足｜愉悦","5｜4｜4","感激｜自豪｜满足","4｜3｜4","否","已作答","66.67","50.00","60.00","2.70","37.30","7"
"ZJ202608158B3191E7","2026-08-16 00:30:47","51.54","4","ITEM-00047","90","图像","情绪识别","多选题","4.50","冷静｜快乐｜厌倦｜嫉妒｜惊喜｜愁闷｜羡慕｜愉悦｜平静｜痛苦","惊喜","5","惊喜｜快乐｜愉悦","5｜5｜5","未填写","已作答","50.00","33.33","43.33","1.95","17.52","2"
"ZJ202608158B3191E7","2026-08-16 00:30:47","51.54","5","ITEM-00085","76","视频","情绪识别","多选题","4.50","困惑｜不屑｜感激｜兴奋｜羡慕｜感动｜释然｜自豪｜渴望｜悲伤","兴奋｜感动｜自豪","5｜5｜4","自豪｜兴奋","5｜5","未填写","已作答","80.00","87.50","83.00","3.73","35.63","15"
"ZJ202608158B3191E7","2026-08-16 00:30:47","51.54","6","ITEM-00109","88","音频","情绪推理","多选题","4.50","惊喜｜担忧｜释然｜内疚｜紧张｜平静｜愤怒｜困惑｜惊讶｜厌倦","平静","5","厌倦｜困惑","3｜3","未填写","已作答","0.00","0.00","0.00","0.00","24.00","2"
"ZJ202608158B3191E7","2026-08-16 00:30:47","51.54","7","ITEM-00042","61","视频","情绪识别","多选题","4.50","委屈｜痛苦｜遗憾｜震惊｜紧张｜自豪｜悲伤｜嫉妒｜审美欣赏｜羞耻","紧张｜委屈","4｜4","委屈｜悲伤","3｜3","未填写","已作答","50.00","37.50","45.00","2.02","23.66","4"
"ZJ202608158B3191E7","2026-08-16 00:30:47","51.54","8","ITEM-00029","34","图像","情绪识别","单选题","3.50","委屈｜焦虑｜愤怒｜感激｜惊讶｜厌恶｜羞耻｜希望｜愉悦｜好奇","焦虑","5","厌恶","5","未填写","已作答","0.00","0.00","0.00","0.00","9.97","2"
"ZJ202608158B3191E7","2026-08-16 00:30:47","51.54","9","ITEM-00057","23","音频","情绪识别","单选题","3.50","快乐｜惊喜｜不屑｜困惑｜内疚｜羡慕｜感激｜崇拜｜自满｜满足","惊喜","5","惊喜","5","未填写","已作答","100.00","100.00","100.00","3.50","25.40","2"
"ZJ202608158B3191E7","2026-08-16 00:30:47","51.54","10","ITEM-00068","116","文本","情绪识别","多选题","4.50","蔑视｜满足｜厌倦｜失望｜冷静｜崇拜｜怨恨｜不屑｜厌恶｜困惑","不屑｜蔑视","5｜5","厌恶｜不屑","4｜4","未填写","已作答","50.00","37.50","45.00","2.02","16.86","4"
"ZJ202608158B3191E7","2026-08-16 00:30:47","51.54","11","ITEM-00133","99","图像","情绪识别","多选题","4.50","羞耻｜厌恶｜快乐｜自满｜紧张｜内疚｜担忧｜平静｜期待｜嫉妒","厌恶","5","平静｜期待","4｜4","未填写","已作答","0.00","0.00","0.00","0.00","14.10","2"
"ZJ202608158B3191E7","2026-08-16 00:30:47","51.54","12","ITEM-00072","120","文本","情绪识别","多选题","4.50","感动｜轻松｜愉悦｜兴趣｜焦虑｜希望｜厌恶｜委屈｜释然｜满足","轻松｜释然","5｜5","满足｜轻松｜愉悦｜希望｜兴趣","5｜5｜5｜5｜5","未填写","已作答","28.57","20.00","25.14","1.13","13.40","4"
"ZJ202608158B3191E7","2026-08-16 00:30:47","51.54","13","ITEM-00092","66","音频","情绪识别","多选题","4.50","遗憾｜悲伤｜内疚｜自豪｜羡慕｜痛苦｜感动｜委屈｜好奇｜感激","悲伤｜内疚｜痛苦","5｜5｜5","内疚｜痛苦｜悲伤","5｜5｜5","未填写","已作答","100.00","100.00","100.00","4.50","26.98","6"
"ZJ202608158B3191E7","2026-08-16 00:30:47","51.54","14","ITEM-00105","2","音频","情绪推理","多选题","4.50","愁闷｜内疚｜兴趣｜渴望｜焦虑｜失望｜爱｜羡慕｜紧张｜感动","内疚｜紧张","5｜5","焦虑｜紧张｜内疚","4｜5｜4","未填写","已作答","80.00","58.33","71.33","3.21","34.68","4"
"ZJ202608158B3191E7","2026-08-16 00:30:47","51.54","15","ITEM-00069","117","文本","情绪识别","多选题","4.50","平静｜共情痛苦｜轻松｜羞耻｜爱｜焦虑｜感激｜愤怒｜嫉妒｜愉悦","爱","5","感激｜爱｜愉悦","4｜4｜5","未填写","已作答","50.00","25.00","40.00","1.80","14.90","3"
"ZJ202608158B3191E7","2026-08-16 00:30:47","51.54","16","ITEM-00124","22","音频","情绪识别","单选题","3.50","担忧｜焦虑｜感动｜怨恨｜厌恶｜内疚｜快乐｜烦躁｜失望｜释然","释然","5","释然","3","未填写","已作答","100.00","50.00","80.00","2.80","32.89","2"
"ZJ202608158B3191E7","2026-08-16 00:30:47","51.54","17","ITEM-00040","53","文本","情绪识别","单选题","3.50","怀旧｜悲伤｜抑郁｜释然｜渴望｜快乐｜羡慕｜厌倦｜痛苦｜怨恨","怨恨","5","怨恨","5","否","已作答","100.00","100.00","100.00","3.50","12.62","3"
"ZJ202608158B3191E7","2026-08-16 00:30:47","51.54","18","ITEM-00139","37","图像","情绪推理","多选题","4.50","爱｜焦虑｜厌恶｜惊讶｜恐惧｜怀旧｜尴尬｜感动｜嫉妒｜敬畏","敬畏","4","焦虑｜敬畏","3｜4","未填写","已作答","66.67","50.00","60.00","2.70","13.30","2"
"ZJ202608158B3191E7","2026-08-16 00:30:47","51.54","19","ITEM-00101","55","视频","情绪推理","多选题","4.50","愁闷｜释然｜恐惧｜困惑｜绝望｜羡慕｜尴尬｜快乐｜蔑视｜满足","愁闷","4","尴尬｜困惑","4｜4","未填写","已作答","0.00","0.00","0.00","0.00","49.27","2"
"ZJ202608158B3191E7","2026-08-16 00:30:47","51.54","20","ITEM-00051","93","图像","情绪识别","单选题","3.50","紧张｜悲伤｜恐惧｜惊讶｜兴趣｜怀旧｜渴望｜厌倦｜轻松｜委屈","惊讶","3","悲伤","4","未填写","已作答","0.00","0.00","0.00","0.00","16.39","4"
"ZJ202608158B3191E7","2026-08-16 00:30:47","51.54","21","ITEM-00142","68","文本","情绪推理","单选题","3.50","嫉妒｜平静｜绝望｜困惑｜敌意｜审美欣赏｜愁闷｜焦虑｜快乐｜渴望","敌意","4","敌意","4","否","已作答","100.00","100.00","100.00","3.50","18.87","3"
"ZJ202608158B3191E7","2026-08-16 00:30:47","51.54","22","ITEM-00066","113","图像","情绪识别","多选题","4.50","感动｜渴望｜痛苦｜愤怒｜绝望｜羡慕｜审美欣赏｜悲伤｜抑郁｜敌意","痛苦｜悲伤｜绝望","4｜4｜4","渴望｜痛苦｜悲伤｜绝望","4｜5｜5｜5","未填写","已作答","85.71","56.25","73.93","3.33","15.37","8"
"ZJ202608158B3191E7","2026-08-16 00:30:47","51.54","23","ITEM-00149","60","视频","情绪推理","单选题","2.50","希望｜担忧｜紧张｜审美欣赏｜遗憾｜恐惧｜绝望｜蔑视｜惊喜｜愁闷","恐惧","5","担忧","4","未填写","已作答","0.00","0.00","0.00","0.00","44.27","3"
"ZJ202608158B3191E7","2026-08-16 00:30:47","51.54","24","ITEM-00141","67","文本","情绪推理","多选题","4.50","渴望｜惊讶｜感动｜愤怒｜审美欣赏｜怀旧｜好奇｜愉悦｜共情痛苦｜羡慕","愤怒","5","愤怒｜惊讶","4｜3","未填写","已作答","66.67","37.50","55.00","2.47","18.70","2"
"ZJ202608155BC8BE7D","2026-08-16 00:28:56","63.62","1","ITEM-00051","93","图像","情绪识别","单选题","3.50","焦虑｜释然｜敌意｜遗憾｜恐惧｜惊喜｜尴尬｜绝望｜感动｜悲伤","绝望","3","悲伤","4","是","已作答","0.00","0.00","0.00","0.00","27.89","3"
"ZJ202608155BC8BE7D","2026-08-16 00:28:56","63.62","2","ITEM-00009","7","音频","情绪识别","单选题","3.50","痛苦｜释然｜惊喜｜紧张｜嫉妒｜绝望｜希望｜惊讶｜审美欣赏｜失望","紧张","4","紧张","2","是","已作答","100.00","50.00","80.00","2.80","22.98","3"
"ZJ202608155BC8BE7D","2026-08-16 00:28:56","63.62","3","ITEM-00069","117","文本","情绪识别","多选题","4.50","内疚｜好奇｜烦躁｜愁闷｜尴尬｜希望｜爱｜愉悦｜感激｜惊讶","爱｜感激","5｜5","感激｜爱｜愉悦","4｜4｜5","否","已作答","80.00","50.00","68.00","3.06","22.71","5"
"ZJ202608155BC8BE7D","2026-08-16 00:28:56","63.62","4","ITEM-00063","110","图像","情绪识别","多选题","4.50","内疚｜好奇｜轻松｜崇拜｜愉悦｜遗憾｜自豪｜兴趣｜焦虑｜不屑","自豪｜轻松","2｜5","轻松｜愉悦","5｜4","否","已作答","50.00","50.00","50.00","2.25","15.21","5"
"ZJ202608155BC8BE7D","2026-08-16 00:28:56","63.62","5","ITEM-00148","62","视频","情绪识别","单选题","3.50","不屑｜悲伤｜愁闷｜惊喜｜绝望｜尴尬｜担忧｜羡慕｜厌恶｜好奇","尴尬","5","尴尬","3","否","已作答","100.00","50.00","80.00","2.80","25.53","4"
"ZJ202608155BC8BE7D","2026-08-16 00:28:56","63.62","6","ITEM-00059","15","文本","情绪识别","单选题","3.50","绝望｜羞耻｜审美欣赏｜委屈｜焦虑｜冷静｜渴望｜困惑｜平静｜兴趣","羞耻","5","羞耻","5","未填写","已作答","100.00","100.00","100.00","3.50","10.90","3"
"ZJ202608155BC8BE7D","2026-08-16 00:28:56","63.62","7","ITEM-00094","88","音频","情绪识别","多选题","4.50","兴趣｜遗憾｜担忧｜自满｜内疚｜感动｜释然｜渴望｜委屈｜失望","兴趣","3","渴望｜兴趣","4｜5","否","已作答","66.67","25.00","50.00","2.25","32.57","2"
"ZJ202608155BC8BE7D","2026-08-16 00:28:56","63.62","8","ITEM-00087","77","视频","情绪识别","多选题","4.50","惊喜｜悲伤｜紧张｜嫉妒｜愉悦｜兴奋｜爱｜自满｜共情痛苦｜担忧","惊喜｜愉悦｜兴奋","5｜4｜3","兴奋｜爱｜惊喜","5｜5｜5","是","已作答","66.67","50.00","60.00","2.70","24.18","9"
"ZJ202608155BC8BE7D","2026-08-16 00:28:56","63.62","9","ITEM-00104","23","文本","情绪推理","单选题","3.50","绝望｜厌恶｜嫉妒｜怨恨｜委屈｜遗憾｜怀旧｜兴奋｜羡慕｜自满","兴奋","5","兴奋","5","否","已作答","100.00","100.00","100.00","3.50","29.98","4"
"ZJ202608155BC8BE7D","2026-08-16 00:28:56","63.62","10","ITEM-00146","118","文本","情绪识别","多选题","4.50","震惊｜失望｜兴奋｜共情痛苦｜羞耻｜厌恶｜自豪｜烦躁｜快乐｜审美欣赏","烦躁","5","烦躁｜失望","4｜4","否","已作答","66.67","37.50","55.00","2.47","22.11","3"
"ZJ202608155BC8BE7D","2026-08-16 00:28:56","63.62","11","ITEM-00140","63","文本","情绪推理","多选题","4.50","兴奋｜好奇｜失望｜渴望｜抑郁｜烦躁｜惊喜｜愤怒｜共情痛苦｜悲伤","惊喜｜兴奋｜好奇","5｜3｜2","惊喜｜兴奋","4｜4","未填写","已作答","80.00","75.00","78.00","3.51","29.50","7"
"ZJ202608155BC8BE7D","2026-08-16 00:28:56","63.62","12","ITEM-00149","60","视频","情绪推理","单选题","2.50","满足｜感动｜爱｜轻松｜愁闷｜审美欣赏｜崇拜｜好奇｜担忧｜抑郁","愁闷","5","担忧","4","否","已作答","0.00","0.00","0.00","0.00","68.43","4"
"ZJ202608155BC8BE7D","2026-08-16 00:28:56","63.62","13","ITEM-00081","58","视频","情绪识别","多选题","4.50","审美欣赏｜兴趣｜感动｜平静｜烦躁｜爱｜焦虑｜愤怒｜怀旧｜厌倦","怀旧","4","审美欣赏｜怀旧","5｜3","未填写","已作答","66.67","37.50","55.00","2.47","20.43","3"
"ZJ202608155BC8BE7D","2026-08-16 00:28:56","63.62","14","ITEM-00101","55","视频","情绪推理","多选题","4.50","愁闷｜渴望｜困惑｜尴尬｜厌倦｜平静｜自豪｜绝望｜愤怒｜失望","尴尬｜愤怒｜愁闷｜困惑","5｜3｜4｜2","尴尬｜困惑","4｜4","是","已作答","66.67","62.50","65.00","2.92","62.51","10"
"ZJ202608155BC8BE7D","2026-08-16 00:28:56","63.62","15","ITEM-00048","2","音频","情绪识别","单选题","3.50","感激｜快乐｜兴趣｜希望｜愤怒｜敌意｜愉悦｜恐惧｜自豪｜自满","愤怒","5","愤怒","5","未填写","已作答","100.00","100.00","100.00","3.50","44.84","3"
"ZJ202608155BC8BE7D","2026-08-16 00:28:56","63.62","16","ITEM-00072","120","文本","情绪识别","多选题","4.50","愉悦｜满足｜渴望｜轻松｜希望｜自满｜嫉妒｜不屑｜兴趣｜好奇","满足｜轻松｜愉悦","5｜4｜4","满足｜轻松｜愉悦｜希望｜兴趣","5｜5｜5｜5｜5","否","已作答","75.00","50.00","65.00","2.92","18.16","7"
"ZJ202608155BC8BE7D","2026-08-16 00:28:56","63.62","17","ITEM-00084","78","音频","情绪推理","多选题","4.50","委屈｜烦躁｜尴尬｜不屑｜好奇｜愉悦｜平静｜愁闷｜释然｜羞耻","委屈｜烦躁｜尴尬","5｜5｜5","羞耻｜烦躁","4｜5","否","已作答","40.00","50.00","44.00","1.98","31.86","8"
"ZJ202608155BC8BE7D","2026-08-16 00:28:56","63.62","18","ITEM-00139","37","图像","情绪推理","多选题","4.50","悲伤｜蔑视｜羡慕｜感动｜快乐｜兴奋｜焦虑｜敌意｜审美欣赏｜敬畏","敬畏｜敌意｜焦虑","5｜3｜2","焦虑｜敬畏","3｜4","是","已作答","80.00","75.00","78.00","3.51","22.43","8"
"ZJ202608155BC8BE7D","2026-08-16 00:28:56","63.62","19","ITEM-00133","99","图像","情绪识别","多选题","4.50","平静｜期待｜审美欣赏｜释然｜轻松｜共情痛苦｜抑郁｜愤怒｜悲伤｜厌恶","抑郁｜厌恶｜共情痛苦","2｜4｜2","平静｜期待","4｜4","未填写","已作答","0.00","0.00","0.00","0.00","43.18","6"
"ZJ202608155BC8BE7D","2026-08-16 00:28:56","63.62","20","ITEM-00117","47","图像","情绪识别","单选题","3.50","自豪｜困惑｜兴奋｜满足｜崇拜｜震惊｜惊喜｜焦虑｜厌恶｜自满","焦虑","4","焦虑","4","未填写","已作答","100.00","100.00","100.00","3.50","13.76","3"
"ZJ202608155BC8BE7D","2026-08-16 00:28:56","63.62","21","ITEM-00102","57","视频","情绪推理","多选题","4.50","悲伤｜失望｜羞耻｜尴尬｜惊讶｜共情痛苦｜愤怒｜烦躁｜感动｜紧张","愤怒｜烦躁｜失望","5｜5｜2","愤怒｜烦躁","5｜5","未填写","已作答","80.00","100.00","88.00","3.96","50.42","7"
"ZJ202608155BC8BE7D","2026-08-16 00:28:56","63.62","22","ITEM-00091","59","音频","情绪识别","多选题","4.50","好奇｜担忧｜内疚｜敌意｜烦躁｜快乐｜恐惧｜痛苦｜感动｜自豪","痛苦｜担忧｜内疚｜烦躁","5｜5｜3｜4","内疚｜痛苦","5｜5","未填写","已作答","66.67","75.00","70.00","3.15","27.59","7"
"ZJ202608155BC8BE7D","2026-08-16 00:28:56","63.62","23","ITEM-00086","79","音频","情绪推理","多选题","4.50","厌倦｜兴趣｜悲伤｜困惑｜烦躁｜平静｜审美欣赏｜痛苦｜委屈｜不屑","厌倦｜烦躁｜不屑","4｜5｜5","烦躁｜厌倦","4｜4","否","已作答","80.00","87.50","83.00","3.73","28.91","7"
"ZJ202608155BC8BE7D","2026-08-16 00:28:56","63.62","24","ITEM-00130","104","图像","情绪识别","多选题","4.50","审美欣赏｜平静｜希望｜震惊｜感动｜紧张｜遗憾｜愤怒｜愁闷｜烦躁","震惊","5","愤怒｜震惊","5｜4","未填写","已作答","66.67","37.50","55.00","2.47","9.55","2"
"ZJ20260815904AC83A","2026-08-16 00:08:16","39.37","1","ITEM-00137","69","音频","情绪识别","多选题","4.50","愉悦｜愤怒｜遗憾｜崇拜｜共情痛苦｜内疚｜担忧｜轻视｜嫉妒｜愁闷","愤怒｜轻视｜崇拜｜愉悦","2｜5｜2｜4","愤怒｜轻视","4｜4","是","已作答","66.67","62.50","65.00","2.92","32.14","10"
"ZJ20260815904AC83A","2026-08-16 00:08:16","39.37","2","ITEM-00066","113","图像","情绪识别","多选题","4.50","怀旧｜绝望｜渴望｜痛苦｜羞耻｜悲伤｜崇拜｜自豪｜愉悦｜共情痛苦","绝望｜痛苦","3｜5","渴望｜痛苦｜悲伤｜绝望","4｜5｜5｜5","否","已作答","66.67","37.50","55.00","2.47","13.25","6"
"ZJ20260815904AC83A","2026-08-16 00:08:16","39.37","3","ITEM-00101","55","视频","情绪推理","多选题","4.50","共情痛苦｜尴尬｜惊讶｜希望｜好奇｜困惑｜焦虑｜厌恶｜自豪｜怨恨","尴尬｜惊讶｜困惑｜焦虑","5｜4｜3｜3","尴尬｜困惑","4｜4","否","已作答","66.67","75.00","70.00","3.15","37.04","8"
"ZJ20260815904AC83A","2026-08-16 00:08:16","39.37","4","ITEM-00045","2","音频","情绪识别","单选题","3.50","委屈｜自豪｜痛苦｜敌意｜失望｜惊讶｜紧张｜希望｜绝望｜冷静","痛苦","2","紧张","3","未填写","已作答","0.00","0.00","0.00","0.00","13.87","5"
"ZJ20260815904AC83A","2026-08-16 00:08:16","39.37","5","ITEM-00011","25","图像","情绪识别","单选题","3.50","兴趣｜担忧｜困惑｜审美欣赏｜羡慕｜怀旧｜希望｜敌意｜厌倦｜愤怒","担忧","4","担忧","4","否","已作答","100.00","100.00","100.00","3.50","16.29","8"
"ZJ20260815904AC83A","2026-08-16 00:08:16","39.37","6","ITEM-00072","120","文本","情绪识别","多选题","4.50","轻松｜审美欣赏｜满足｜共情痛苦｜希望｜兴趣｜恐惧｜敌意｜愉悦｜尴尬","轻松｜愉悦","4｜4","满足｜轻松｜愉悦｜希望｜兴趣","5｜5｜5｜5｜5","否","已作答","57.14","30.00","46.29","2.08","13.20","5"
"ZJ20260815904AC83A","2026-08-16 00:08:16","39.37","7","ITEM-00075","108","图像","情绪识别","多选题","4.50","羡慕｜抑郁｜痛苦｜自豪｜震惊｜感激｜紧张｜失望｜愤怒｜怀旧","紧张｜失望","5｜3","震惊｜愤怒","5｜5","否","已作答","0.00","0.00","0.00","0.00","10.21","7"
"ZJ20260815904AC83A","2026-08-16 00:08:16","39.37","8","ITEM-00059","15","文本","情绪识别","单选题","3.50","蔑视｜羞耻｜释然｜自满｜冷静｜抑郁｜紧张｜怀旧｜自豪｜审美欣赏","羞耻","5","羞耻","5","否","已作答","100.00","100.00","100.00","3.50","10.13","4"
"ZJ20260815904AC83A","2026-08-16 00:08:16","39.37","9","ITEM-00135","68","文本","情绪识别","多选题","4.50","失望｜爱｜遗憾｜惊吓｜担忧｜轻松｜蔑视｜不屑｜紧张｜羡慕","担忧｜不屑","3｜4","不屑｜惊吓","5｜4","否","已作答","50.00","37.50","45.00","2.02","17.38","4"
"ZJ20260815904AC83A","2026-08-16 00:08:16","39.37","10","ITEM-00065","112","图像","情绪识别","多选题","4.50","释然｜兴奋｜感动｜绝望｜遗憾｜审美欣赏｜自满｜悲伤｜感激｜自豪","遗憾","5","悲伤｜遗憾｜感动｜释然","3｜4｜4｜4","否","已作答","40.00","18.75","31.50","1.42","7.57","4"
"ZJ20260815904AC83A","2026-08-16 00:08:16","39.37","11","ITEM-00057","23","音频","情绪识别","单选题","3.50","崇拜｜兴趣｜满足｜紧张｜厌恶｜惊喜｜困惑｜好奇｜释然｜担忧","紧张","4","惊喜","5","否","已作答","0.00","0.00","0.00","0.00","13.33","5"
"ZJ20260815904AC83A","2026-08-16 00:08:16","39.37","12","ITEM-00127","87","视频","情绪识别","多选题","4.50","怀旧｜兴趣｜感激｜痛苦｜轻松｜同情｜恐惧｜蔑视｜震惊｜担忧","担忧｜震惊","3｜4","震惊｜蔑视｜同情","4｜4｜3","否","已作答","40.00","33.33","37.33","1.68","19.70","4"
"ZJ20260815904AC83A","2026-08-16 00:08:16","39.37","13","ITEM-00116","46","图像","情绪识别","单选题","3.50","嫉妒｜紧张｜焦虑｜好奇｜轻松｜蔑视｜绝望｜冷静｜悲伤｜尴尬","悲伤","5","悲伤","5","否","已作答","100.00","100.00","100.00","3.50","10.90","3"
"ZJ20260815904AC83A","2026-08-16 00:08:16","39.37","14","ITEM-00143","71","文本","情绪推理","单选题","3.50","震惊｜惊讶｜释然｜抑郁｜痛苦｜审美欣赏｜困惑｜悲伤｜不屑｜厌倦","厌倦","5","不屑","3","否","已作答","0.00","0.00","0.00","0.00","16.89","4"
"ZJ20260815904AC83A","2026-08-16 00:08:16","39.37","15","ITEM-00098","1","视频","情绪推理","多选题","4.50","感激｜担忧｜满足｜内疚｜不屑｜敌意｜烦躁｜自豪｜快乐｜抑郁","担忧｜烦躁｜快乐","3｜3｜3","感激｜自豪｜满足","4｜3｜4","否","已作答","0.00","0.00","0.00","0.00","15.87","8"
"ZJ20260815904AC83A","2026-08-16 00:08:16","39.37","16","ITEM-00093","75","音频","情绪识别","多选题","4.50","羞耻｜自满｜不屑｜怀旧｜兴趣｜痛苦｜委屈｜希望｜紧张｜悲伤","委屈","4","委屈｜悲伤","5｜5","否","已作答","66.67","37.50","55.00","2.47","10.07","3"
"ZJ20260815904AC83A","2026-08-16 00:08:16","39.37","17","ITEM-00018","11","视频","情绪识别","单选题","3.50","崇拜｜怨恨｜震惊｜共情痛苦｜尴尬｜自满｜愉悦｜渴望｜兴奋｜悲伤","共情痛苦","5","共情痛苦","5","否","已作答","100.00","100.00","100.00","3.50","16.09","5"
"ZJ20260815904AC83A","2026-08-16 00:08:16","39.37","18","ITEM-00139","37","图像","情绪推理","多选题","4.50","烦躁｜渴望｜震惊｜蔑视｜平静｜困惑｜敬畏｜焦虑｜痛苦｜共情痛苦","蔑视","3","焦虑｜敬畏","3｜4","否","已作答","0.00","0.00","0.00","0.00","10.75","2"
"ZJ20260815904AC83A","2026-08-16 00:08:16","39.37","19","ITEM-00085","76","视频","情绪识别","多选题","4.50","兴奋｜自满｜自豪｜羞耻｜希望｜爱｜轻松｜释然｜敌意｜遗憾","兴奋｜自豪","3｜5","自豪｜兴奋","5｜5","是","已作答","100.00","75.00","90.00","4.05","12.12","6"
"ZJ20260815904AC83A","2026-08-16 00:08:16","39.37","20","ITEM-00149","60","视频","情绪推理","单选题","2.50","内疚｜希望｜嫉妒｜不屑｜兴奋｜尴尬｜愤怒｜快乐｜蔑视｜担忧","内疚","4","担忧","4","未填写","已作答","0.00","0.00","0.00","0.00","15.48","2"
"ZJ20260815904AC83A","2026-08-16 00:08:16","39.37","21","ITEM-00109","88","音频","情绪推理","多选题","4.50","内疚｜兴趣｜惊喜｜困惑｜厌倦｜自满｜悲伤｜嫉妒｜不屑｜厌恶","悲伤","4","厌倦｜困惑","3｜3","否","已作答","0.00","0.00","0.00","0.00","12.97","3"
"ZJ20260815904AC83A","2026-08-16 00:08:16","39.37","22","ITEM-00110","59","文本","情绪推理","多选题","4.50","恐惧｜悲伤｜痛苦｜自豪｜困惑｜愁闷｜内疚｜抑郁｜渴望｜惊喜","内疚","5","痛苦｜抑郁","4｜4","否","已作答","0.00","0.00","0.00","0.00","11.04","4"
"ZJ20260815904AC83A","2026-08-16 00:08:16","39.37","23","ITEM-00086","79","音频","情绪推理","多选题","4.50","自满｜震惊｜羞耻｜轻松｜愤怒｜厌倦｜冷静｜绝望｜烦躁｜快乐","烦躁","4","烦躁｜厌倦","4｜4","否","已作答","66.67","50.00","60.00","2.70","11.84","3"
"ZJ20260815904AC83A","2026-08-16 00:08:16","39.37","24","ITEM-00068","116","文本","情绪识别","多选题","4.50","抑郁｜不屑｜冷静｜厌恶｜愉悦｜嫉妒｜审美欣赏｜烦躁｜感激｜遗憾","烦躁","5","厌恶｜不屑","4｜4","否","已作答","0.00","0.00","0.00","0.00","11.72","3"
"ZJ20260815082581AF","2026-08-15 23:58:14","62.12","1","ITEM-00059","15","文本","情绪识别","单选题","3.50","释然｜共情痛苦｜冷静｜感动｜快乐｜愉悦｜震惊｜羞耻｜满足｜兴趣","羞耻","4","羞耻","5","未填写","已作答","100.00","75.00","90.00","3.15","44.68","2"
"ZJ20260815082581AF","2026-08-15 23:58:14","62.12","2","ITEM-00090","56","音频","情绪识别","多选题","4.50","爱｜满足｜自豪｜崇拜｜怨恨｜共情痛苦｜厌倦｜失望｜感动｜好奇","失望","4","怨恨｜失望","5｜5","未填写","已作答","66.67","37.50","55.00","2.47","33.79","2"
"ZJ20260815082581AF","2026-08-15 23:58:14","62.12","3","ITEM-00140","63","文本","情绪推理","多选题","4.50","紧张｜兴奋｜惊喜｜悲伤｜崇拜｜蔑视｜痛苦｜审美欣赏｜恐惧｜轻松","惊喜｜审美欣赏｜兴奋｜轻松｜崇拜","4｜4｜4｜3｜2","惊喜｜兴奋","4｜4","未填写","已作答","57.14","100.00","74.29","3.34","53.29","9"
"ZJ20260815082581AF","2026-08-15 23:58:14","62.12","4","ITEM-00130","104","图像","情绪识别","多选题","4.50","厌倦｜冷静｜恐惧｜震惊｜爱｜愤怒｜担忧｜蔑视｜绝望｜紧张","震惊｜紧张｜恐惧｜担忧","4｜4｜3｜3","愤怒｜震惊","5｜4","未填写","已作答","33.33","50.00","40.00","1.80","30.76","8"
"ZJ20260815082581AF","2026-08-15 23:58:14","62.12","5","ITEM-00124","22","音频","情绪识别","单选题","3.50","满足｜绝望｜愤怒｜释然｜自满｜委屈｜平静｜兴奋｜内疚｜困惑","释然","5","释然","3","未填写","已作答","100.00","50.00","80.00","2.80","49.72","3"
"ZJ20260815082581AF","2026-08-15 23:58:14","62.12","6","ITEM-00005","70","视频","情绪识别","单选题","3.50","悲伤｜崇拜｜绝望｜好奇｜抑郁｜焦虑｜审美欣赏｜厌倦｜愤怒｜困惑","好奇","5","审美欣赏","5","未填写","已作答","0.00","0.00","0.00","0.00","23.94","5"
"ZJ20260815082581AF","2026-08-15 23:58:14","62.12","7","ITEM-00058","102","图像","情绪识别","多选题","4.50","快乐｜崇拜｜惊讶｜厌倦｜兴奋｜震惊｜愉悦｜感动｜愤怒｜希望","惊讶｜震惊｜愉悦｜希望","3｜4｜3｜4","感动｜愉悦","4｜4","未填写","已作答","33.33","37.50","35.00","1.57","26.70","8"
"ZJ20260815082581AF","2026-08-15 23:58:14","62.12","8","ITEM-00048","2","音频","情绪识别","单选题","3.50","好奇｜厌倦｜嫉妒｜羡慕｜不屑｜希望｜自豪｜愤怒｜困惑｜烦躁","愤怒","5","愤怒","5","未填写","已作答","100.00","100.00","100.00","3.50","44.65","5"
"ZJ20260815082581AF","2026-08-15 23:58:14","62.12","9","ITEM-00121","106","图像","情绪识别","单选题","3.50","审美欣赏｜感动｜羞耻｜满足｜悲伤｜惊喜｜烦躁｜羡慕｜兴趣｜惊讶","惊讶","5","惊讶","5","未填写","已作答","100.00","100.00","100.00","3.50","11.36","3"
"ZJ20260815082581AF","2026-08-15 23:58:14","62.12","10","ITEM-00150","86","视频","情绪推理","多选题","4.50","羡慕｜崇拜｜爱｜快乐｜感动｜满足｜困惑｜平静｜愁闷｜焦虑","困惑｜爱｜平静｜愁闷","3｜3｜4｜4","满足｜快乐","4｜3","否","已作答","0.00","0.00","0.00","0.00","56.00","9"
"ZJ20260815082581AF","2026-08-15 23:58:14","62.12","11","ITEM-00089","84","视频","情绪识别","多选题","4.50","渴望｜不屑｜担忧｜崇拜｜厌恶｜尴尬｜悲伤｜同情｜紧张｜震惊","悲伤｜震惊｜担忧｜同情｜厌恶","5｜5｜5｜5｜5","担忧｜同情｜悲伤","5｜4｜5","未填写","已作答","75.00","91.67","81.67","3.67","87.15","15"
"ZJ20260815082581AF","2026-08-15 23:58:14","62.12","12","ITEM-00131","115","图像","情绪识别","多选题","4.50","失望｜兴奋｜满足｜审美欣赏｜厌恶｜愉悦｜尴尬｜惊喜｜担忧｜快乐","兴奋｜愉悦｜快乐｜满足｜惊喜","5｜4｜4｜4｜3","兴奋｜愉悦","3｜4","未填写","已作答","57.14","75.00","64.29","2.89","26.41","14"
"ZJ20260815082581AF","2026-08-15 23:58:14","62.12","13","ITEM-00076","78","音频","情绪识别","多选题","4.50","烦躁｜快乐｜审美欣赏｜释然｜尴尬｜困惑｜遗憾｜绝望｜抑郁｜羞耻","烦躁｜尴尬｜遗憾｜羞耻｜绝望","5｜3｜3｜2｜2","羞耻｜烦躁","4｜5","未填写","已作答","57.14","75.00","64.29","2.89","44.60","17"
"ZJ20260815082581AF","2026-08-15 23:58:14","62.12","14","ITEM-00107","81","视频","情绪推理","多选题","4.50","恐惧｜厌倦｜紧张｜快乐｜兴奋｜感动｜满足｜抑郁｜释然｜渴望","兴奋｜渴望｜感动｜快乐｜满足","5｜4｜4｜5｜5","快乐｜满足｜感动","5｜5｜5","否","已作答","75.00","91.67","81.67","3.67","58.15","16"
"ZJ20260815082581AF","2026-08-15 23:58:14","62.12","15","ITEM-00146","118","文本","情绪识别","多选题","4.50","嫉妒｜焦虑｜悲伤｜蔑视｜失望｜烦躁｜困惑｜委屈｜遗憾｜希望","失望｜烦躁｜困惑｜焦虑","4｜3｜3｜4","烦躁｜失望","4｜4","未填写","已作答","66.67","87.50","75.00","3.38","46.73","8"
"ZJ20260815082581AF","2026-08-15 23:58:14","62.12","16","ITEM-00011","25","图像","情绪识别","单选题","3.50","担忧｜希望｜羡慕｜痛苦｜惊讶｜冷静｜尴尬｜自满｜怀旧｜渴望","担忧","3","担忧","4","是","已作答","100.00","75.00","90.00","3.15","19.55","4"
"ZJ20260815082581AF","2026-08-15 23:58:14","62.12","17","ITEM-00109","88","音频","情绪推理","多选题","4.50","紧张｜快乐｜失望｜遗憾｜厌倦｜兴奋｜困惑｜羡慕｜震惊｜不屑","厌倦｜不屑｜失望","5｜5｜3","厌倦｜困惑","3｜3","未填写","已作答","40.00","25.00","34.00","1.53","63.19","7"
"ZJ20260815082581AF","2026-08-15 23:58:14","62.12","18","ITEM-00086","79","音频","情绪推理","多选题","4.50","绝望｜烦躁｜感激｜厌倦｜敌意｜悲伤｜厌恶｜兴奋｜希望｜焦虑","烦躁｜厌恶｜敌意｜厌倦","5｜5｜2｜4","烦躁｜厌倦","4｜4","是","已作答","66.67","87.50","75.00","3.38","44.10","13"
"ZJ20260815082581AF","2026-08-15 23:58:14","62.12","19","ITEM-00125","85","视频","情绪识别","多选题","4.50","愉悦｜怨恨｜悲伤｜嫉妒｜烦躁｜感激｜共情痛苦｜不屑｜爱｜厌恶","感激｜厌恶｜爱｜烦躁｜愉悦","5｜5｜5｜5｜2","感激｜愉悦｜不屑","5｜5｜3","是","已作答","50.00","41.67","46.67","2.10","65.97","19"
"ZJ20260815082581AF","2026-08-15 23:58:14","62.12","20","ITEM-00134","67","文本","情绪识别","多选题","4.50","满足｜厌倦｜敌意｜内疚｜恐惧｜兴奋｜平静｜感动｜绝望｜不屑","不屑｜敌意","5｜5","不屑｜敌意","5｜3","未填写","已作答","100.00","75.00","90.00","4.05","59.25","8"
"ZJ20260815082581AF","2026-08-15 23:58:14","62.12","21","ITEM-00095","59","文本","情绪识别","多选题","4.50","内疚｜自满｜失望｜感动｜悲伤｜兴趣｜希望｜审美欣赏｜痛苦｜轻松","痛苦｜内疚｜悲伤","5｜5｜5","内疚｜痛苦","5｜5","未填写","已作答","80.00","100.00","88.00","3.96","36.29","11"
"ZJ20260815082581AF","2026-08-15 23:58:14","62.12","22","ITEM-00106","77","视频","情绪推理","单选题","3.50","轻松｜怀旧｜遗憾｜恐惧｜感激｜快乐｜自豪｜担忧｜释然｜厌恶","快乐","5","快乐","5","是","已作答","100.00","100.00","100.00","3.50","43.65","4"
"ZJ20260815082581AF","2026-08-15 23:58:14","62.12","23","ITEM-00139","37","图像","情绪推理","多选题","4.50","紧张｜震惊｜厌倦｜敬畏｜怨恨｜失望｜惊讶｜渴望｜焦虑｜兴奋","敬畏｜渴望｜紧张｜怨恨","4｜2｜4｜5","焦虑｜敬畏","3｜4","未填写","已作答","33.33","50.00","40.00","1.80","35.72","11"
"ZJ20260815082581AF","2026-08-15 23:58:14","62.12","24","ITEM-00142","68","文本","情绪推理","单选题","3.50","委屈｜尴尬｜愁闷｜厌倦｜震惊｜敌意｜羡慕｜失望｜厌恶｜担忧","尴尬","5","敌意","4","未填写","已作答","0.00","0.00","0.00","0.00","30.34","3"
"ZJ2026081555E6E754","2026-08-15 23:44:39","19.09","1","ITEM-00134","67","文本","情绪识别","多选题","4.50","好奇｜厌恶｜震惊｜渴望｜敌意｜平静｜自满｜不屑｜怨恨｜困惑","不屑｜敌意","5｜5","不屑｜敌意","5｜3","否","已作答","100.00","75.00","90.00","4.05","32.99","7"
"ZJ2026081555E6E754","2026-08-15 23:44:39","19.09","2","ITEM-00137","69","音频","情绪识别","多选题","4.50","烦躁｜怀旧｜崇拜｜愤怒｜快乐｜感激｜轻视｜羡慕｜爱｜轻松","愤怒","4","愤怒｜轻视","4｜4","否","已作答","66.67","50.00","60.00","2.70","13.24","3"
"ZJ2026081555E6E754","2026-08-15 23:44:39","19.09","3","ITEM-00095","59","文本","情绪识别","多选题","4.50","不屑｜内疚｜愤怒｜痛苦｜失望｜紧张｜释然｜兴奋｜尴尬｜蔑视","痛苦｜内疚","3｜3","内疚｜痛苦","5｜5","否","已作答","100.00","50.00","80.00","3.60","20.29","5"
"ZJ2026081555E6E754","2026-08-15 23:44:39","19.09","4","ITEM-00098","1","视频","情绪推理","多选题","4.50","满足｜感激｜共情痛苦｜担忧｜蔑视｜自满｜兴奋｜厌倦｜羡慕｜自豪","自满｜兴奋","3｜3","感激｜自豪｜满足","4｜3｜4","是","已作答","0.00","0.00","0.00","0.00","23.59","3"
"ZJ2026081555E6E754","2026-08-15 23:44:39","19.09","5","ITEM-00088","81","视频","情绪识别","多选题","4.50","快乐｜紧张｜羡慕｜爱｜困惑｜震惊｜厌恶｜兴奋｜惊喜｜悲伤","快乐｜爱","5｜5","快乐｜惊喜｜兴奋｜爱","5｜5｜5｜5","否","已作答","66.67","50.00","60.00","2.70","21.63","7"
"ZJ2026081555E6E754","2026-08-15 23:44:39","19.09","6","ITEM-00051","93","图像","情绪识别","单选题","3.50","内疚｜悲伤｜羡慕｜审美欣赏｜希望｜平静｜敌意｜愤怒｜好奇｜尴尬","悲伤","5","悲伤","4","是","已作答","100.00","75.00","90.00","3.15","9.38","6"
"ZJ2026081555E6E754","2026-08-15 23:44:39","19.09","7","ITEM-00018","11","视频","情绪识别","单选题","3.50","委屈｜嫉妒｜共情痛苦｜愁闷｜爱｜冷静｜蔑视｜悲伤｜遗憾｜快乐","爱","4","共情痛苦","5","否","已作答","0.00","0.00","0.00","0.00","15.37","3"
"ZJ2026081555E6E754","2026-08-15 23:44:39","19.09","8","ITEM-00150","86","视频","情绪推理","多选题","4.50","释然｜满足｜快乐｜自豪｜审美欣赏｜痛苦｜失望｜崇拜｜感激｜惊讶","失望","3","满足｜快乐","4｜3","否","已作答","0.00","0.00","0.00","0.00","5.83","2"
"ZJ2026081555E6E754","2026-08-15 23:44:39","19.09","9","ITEM-00074","121","文本","情绪识别","单选题","3.50","烦躁｜渴望｜自豪｜羞耻｜希望｜愁闷｜怀旧｜崇拜｜好奇｜快乐","愁闷","3","自豪","5","未填写","已作答","0.00","0.00","0.00","0.00","8.74","1"
"ZJ2026081555E6E754","2026-08-15 23:44:39","19.09","10","ITEM-00138","22","音频","情绪推理","多选题","4.50","不屑｜可惜｜紧张｜羡慕｜轻松｜焦虑｜愉悦｜怀旧｜震惊｜悲伤","轻松","3","不屑｜可惜","4｜3","未填写","已作答","0.00","0.00","0.00","0.00","15.29","1"
"ZJ2026081555E6E754","2026-08-15 23:44:39","19.09","11","ITEM-00076","78","音频","情绪识别","多选题","4.50","恐惧｜羡慕｜希望｜厌倦｜羞耻｜敌意｜惊讶｜紧张｜烦躁｜感激","厌倦","3","羞耻｜烦躁","4｜5","未填写","已作答","0.00","0.00","0.00","0.00","3.62","1"
"ZJ2026081555E6E754","2026-08-15 23:44:39","19.09","12","ITEM-00096","74","文本","情绪识别","多选题","4.50","感动｜尴尬｜冷静｜释然｜兴趣｜惊讶｜愉悦｜厌恶｜审美欣赏｜满足","兴趣","3","审美欣赏｜愉悦","5｜5","未填写","已作答","0.00","0.00","0.00","0.00","2.18","1"
"ZJ2026081555E6E754","2026-08-15 23:44:39","19.09","13","ITEM-00123","8","音频","情绪识别","单选题","3.50","震惊｜不屑｜自满｜怨恨｜绝望｜尴尬｜烦躁｜恐惧｜兴趣｜紧张","怨恨","4","绝望","4","未填写","已作答","0.00","0.00","0.00","0.00","2.00","2"
"ZJ2026081555E6E754","2026-08-15 23:44:39","19.09","14","ITEM-00139","37","图像","情绪推理","多选题","4.50","紧张｜愉悦｜审美欣赏｜希望｜焦虑｜尴尬｜愁闷｜蔑视｜敬畏｜渴望","紧张","3","焦虑｜敬畏","3｜4","未填写","已作答","0.00","0.00","0.00","0.00","5.15","1"
"ZJ2026081555E6E754","2026-08-15 23:44:39","19.09","15","ITEM-00149","60","视频","情绪推理","单选题","2.50","担忧｜平静｜震惊｜紧张｜困惑｜渴望｜自满｜焦虑｜悲伤｜绝望","震惊","3","担忧","4","未填写","已作答","0.00","0.00","0.00","0.00","3.68","1"
"ZJ2026081555E6E754","2026-08-15 23:44:39","19.09","16","ITEM-00140","63","文本","情绪推理","多选题","4.50","尴尬｜自满｜怨恨｜担忧｜羡慕｜紧张｜惊喜｜烦躁｜兴奋｜厌倦","羡慕","3","惊喜｜兴奋","4｜4","未填写","已作答","0.00","0.00","0.00","0.00","5.15","1"
"ZJ2026081555E6E754","2026-08-15 23:44:39","19.09","17","ITEM-00071","91","图像","情绪识别","多选题","4.50","震惊｜平静｜紧张｜失望｜感动｜共情痛苦｜羡慕｜愤怒｜嫉妒｜羞耻","共情痛苦","3","失望｜震惊","5｜5","未填写","已作答","0.00","0.00","0.00","0.00","2.09","1"
"ZJ2026081555E6E754","2026-08-15 23:44:39","19.09","18","ITEM-00104","23","文本","情绪推理","单选题","3.50","痛苦｜不屑｜审美欣赏｜兴奋｜绝望｜愉悦｜厌倦｜愁闷｜冷静｜快乐","快乐","3","兴奋","5","未填写","已作答","0.00","0.00","0.00","0.00","15.91","3"
"ZJ2026081555E6E754","2026-08-15 23:44:39","19.09","19","ITEM-00049","17","音频","情绪识别","单选题","3.50","困惑｜紧张｜共情痛苦｜好奇｜内疚｜委屈｜悲伤｜烦躁｜敌意｜绝望","烦躁","3","敌意","4","未填写","已作答","0.00","0.00","0.00","0.00","4.08","2"
"ZJ2026081555E6E754","2026-08-15 23:44:39","19.09","20","ITEM-00105","2","音频","情绪推理","多选题","4.50","蔑视｜尴尬｜兴趣｜轻松｜怀旧｜内疚｜紧张｜感激｜抑郁｜焦虑","兴趣","3","焦虑｜紧张｜内疚","4｜5｜4","未填写","已作答","0.00","0.00","0.00","0.00","2.33","1"
"ZJ2026081555E6E754","2026-08-15 23:44:39","19.09","21","ITEM-00063","110","图像","情绪识别","多选题","4.50","轻松｜愤怒｜失望｜紧张｜审美欣赏｜希望｜抑郁｜爱｜震惊｜愉悦","爱","3","轻松｜愉悦","5｜4","未填写","已作答","0.00","0.00","0.00","0.00","4.51","1"
"ZJ2026081555E6E754","2026-08-15 23:44:39","19.09","22","ITEM-00128","100","图像","情绪识别","多选题","4.50","不屑｜希望｜兴奋｜嫉妒｜感激｜烦躁｜愁闷｜担忧｜敌意｜期望","兴奋","4","兴奋｜期望","4｜4","未填写","已作答","66.67","50.00","60.00","2.70","11.85","4"
"ZJ2026081555E6E754","2026-08-15 23:44:39","19.09","23","ITEM-00127","87","视频","情绪识别","多选题","4.50","同情｜兴奋｜蔑视｜嫉妒｜自豪｜自满｜烦躁｜希望｜震惊｜释然","自豪","3","震惊｜蔑视｜同情","4｜4｜3","未填写","已作答","0.00","0.00","0.00","0.00","4.57","1"
"ZJ2026081555E6E754","2026-08-15 23:44:39","19.09","24","ITEM-00033","44","图像","情绪识别","单选题","3.50","希望｜兴趣｜抑郁｜不屑｜自豪｜惊讶｜惊喜｜羞耻｜尴尬｜自满","自豪","3","惊讶","5","未填写","已作答","0.00","0.00","0.00","0.00","2.35","1"
"ZJ2026081508C07905","2026-08-15 23:44:38","8.71","1","ITEM-00075","108","图像","情绪识别","多选题","4.50","审美欣赏｜平静｜自豪｜愁闷｜委屈｜震惊｜愤怒｜厌倦｜嫉妒｜焦虑","平静","3","震惊｜愤怒","5｜5","否","已作答","0.00","0.00","0.00","0.00","12.77","2"
"ZJ2026081508C07905","2026-08-15 23:44:38","8.71","2","ITEM-00101","55","视频","情绪推理","多选题","4.50","兴趣｜厌恶｜抑郁｜厌倦｜委屈｜困惑｜不屑｜渴望｜尴尬｜自满","兴趣","3","尴尬｜困惑","4｜4","是","已作答","0.00","0.00","0.00","0.00","11.02","2"
"ZJ2026081508C07905","2026-08-15 23:44:38","8.71","3","ITEM-00144","118","文本","情绪推理","单选题","3.50","委屈｜蔑视｜绝望｜羞耻｜厌倦｜困惑｜失望｜冷静｜愉悦｜共情痛苦","冷静","3","失望","4","是","已作答","0.00","0.00","0.00","0.00","6.11","3"
"ZJ2026081508C07905","2026-08-15 23:44:38","8.71","4","ITEM-00141","67","文本","情绪推理","多选题","4.50","遗憾｜释然｜痛苦｜愤怒｜兴奋｜崇拜｜兴趣｜惊讶｜蔑视｜爱","惊讶","3","愤怒｜惊讶","4｜3","是","已作答","66.67","50.00","60.00","2.70","3.93","2"
"ZJ2026081508C07905","2026-08-15 23:44:38","8.71","5","ITEM-00117","47","图像","情绪识别","单选题","3.50","羡慕｜自豪｜惊讶｜蔑视｜焦虑｜好奇｜感激｜愁闷｜平静｜恐惧","平静","3","焦虑","4","否","已作答","0.00","0.00","0.00","0.00","3.36","3"
"ZJ2026081508C07905","2026-08-15 23:44:38","8.71","6","ITEM-00069","117","文本","情绪识别","多选题","4.50","愁闷｜释然｜感激｜爱｜兴奋｜不屑｜羡慕｜渴望｜愉悦｜感动","愉悦","3","感激｜爱｜愉悦","4｜4｜5","否","已作答","50.00","16.67","36.67","1.65","2.74","2"
"ZJ2026081508C07905","2026-08-15 23:44:38","8.71","7","ITEM-00053","95","图像","情绪识别","多选题","4.50","自满｜渴望｜敌意｜痛苦｜委屈｜遗憾｜绝望｜平静｜悲伤｜共情痛苦","平静","3","悲伤｜委屈｜绝望","3｜3｜5","否","已作答","0.00","0.00","0.00","0.00","4.22","3"
"ZJ2026081508C07905","2026-08-15 23:44:38","8.71","8","ITEM-00068","116","文本","情绪识别","多选题","4.50","渴望｜内疚｜嫉妒｜冷静｜好奇｜不屑｜满足｜厌恶｜抑郁｜委屈","满足","3","厌恶｜不屑","4｜4","否","已作答","0.00","0.00","0.00","0.00","5.49","8"
"ZJ2026081508C07905","2026-08-15 23:44:38","8.71","9","ITEM-00123","8","音频","情绪识别","单选题","3.50","担忧｜抑郁｜平静｜嫉妒｜痛苦｜绝望｜烦躁｜冷静｜尴尬｜愁闷","平静","3","绝望","4","否","已作答","0.00","0.00","0.00","0.00","4.32","2"
"ZJ2026081508C07905","2026-08-15 23:44:38","8.71","10","ITEM-00062","23","文本","情绪识别","单选题","3.50","厌倦｜蔑视｜烦躁｜快乐｜平静｜惊喜｜惊讶｜怀旧｜审美欣赏｜羡慕","审美欣赏","4","惊喜","5","否","已作答","0.00","0.00","0.00","0.00","3.06","3"
"ZJ2026081508C07905","2026-08-15 23:44:38","8.71","11","ITEM-00126","86","视频","情绪识别","多选题","4.50","愉悦｜审美欣赏｜尴尬｜满足｜自豪｜渴望｜惊讶｜共情痛苦｜遗憾｜羞耻","羞耻｜愉悦","3｜3","惊讶｜愉悦","4｜5","未填写","已作答","50.00","25.00","40.00","1.80","8.55","2"
"ZJ2026081508C07905","2026-08-15 23:44:38","8.71","12","ITEM-00109","88","音频","情绪推理","多选题","4.50","羡慕｜困惑｜委屈｜抑郁｜紧张｜不屑｜快乐｜愉悦｜愤怒｜厌倦","愉悦","3","厌倦｜困惑","3｜3","否","已作答","0.00","0.00","0.00","0.00","3.08","4"
"ZJ2026081508C07905","2026-08-15 23:44:38","8.71","13","ITEM-00149","60","视频","情绪推理","单选题","2.50","冷静｜悲伤｜希望｜崇拜｜焦虑｜担忧｜羡慕｜抑郁｜爱｜内疚","爱","3","担忧","4","是","已作答","0.00","0.00","0.00","0.00","4.23","3"
"ZJ2026081508C07905","2026-08-15 23:44:38","8.71","14","ITEM-00085","76","视频","情绪识别","多选题","4.50","紧张｜兴奋｜内疚｜敌意｜崇拜｜尴尬｜平静｜羞耻｜自豪｜愤怒","羞耻","3","自豪｜兴奋","5｜5","是","已作答","0.00","0.00","0.00","0.00","4.37","2"
"ZJ2026081508C07905","2026-08-15 23:44:38","8.71","15","ITEM-00046","89","图像","情绪识别","多选题","4.50","冷静｜怀旧｜满足｜悲伤｜兴奋｜尴尬｜愁闷｜委屈｜嫉妒｜内疚","嫉妒","3","内疚｜悲伤","4｜3","否","已作答","0.00","0.00","0.00","0.00","6.37","4"
"ZJ2026081508C07905","2026-08-15 23:44:38","8.71","16","ITEM-00139","37","图像","情绪推理","多选题","4.50","焦虑｜尴尬｜烦躁｜怀旧｜不屑｜自满｜爱｜共情痛苦｜敬畏｜渴望","敬畏","3","焦虑｜敬畏","3｜4","否","已作答","66.67","37.50","55.00","2.47","2.04","2"
"ZJ2026081508C07905","2026-08-15 23:44:38","8.71","17","ITEM-00035","96","图像","情绪识别","单选题","3.50","轻松｜厌倦｜惊讶｜感激｜好奇｜冷静｜嫉妒｜平静｜渴望｜绝望","渴望","3","惊讶","5","未填写","已作答","0.00","0.00","0.00","0.00","0.98","1"
"ZJ2026081508C07905","2026-08-15 23:44:38","8.71","18","ITEM-00098","1","视频","情绪推理","多选题","4.50","绝望｜嫉妒｜渴望｜自豪｜困惑｜感激｜羞耻｜共情痛苦｜满足｜羡慕","共情痛苦","3","感激｜自豪｜满足","4｜3｜4","否","已作答","0.00","0.00","0.00","0.00","1.67","2"
"ZJ2026081508C07905","2026-08-15 23:44:38","8.71","19","ITEM-00147","6","视频","情绪识别","单选题","3.50","惊喜｜释然｜敌意｜羡慕｜烦躁｜蔑视｜感动｜厌倦｜好奇｜悲伤","悲伤","3","感动","3","否","已作答","0.00","0.00","0.00","0.00","2.42","3"
"ZJ2026081508C07905","2026-08-15 23:44:38","8.71","20","ITEM-00136","71","文本","情绪识别","多选题","4.50","羡慕｜冷静｜恐惧｜困惑｜委屈｜快乐｜好奇｜共情痛苦｜厌恶｜不屑","厌恶｜共情痛苦","4｜3","委屈｜恐惧｜不屑","5｜4｜4","否","已作答","0.00","0.00","0.00","0.00","3.46","4"
"ZJ2026081508C07905","2026-08-15 23:44:38","8.71","21","ITEM-00084","78","音频","情绪推理","多选题","4.50","烦躁｜羞耻｜怀旧｜不屑｜快乐｜希望｜共情痛苦｜厌倦｜羡慕｜惊喜","厌倦","3","羞耻｜烦躁","4｜5","否","已作答","0.00","0.00","0.00","0.00","3.08","2"
"ZJ2026081508C07905","2026-08-15 23:44:38","8.71","22","ITEM-00124","22","音频","情绪识别","单选题","3.50","自豪｜痛苦｜焦虑｜嫉妒｜释然｜愤怒｜平静｜羡慕｜自满｜崇拜","自满","3","释然","3","未填写","已作答","0.00","0.00","0.00","0.00","2.69","1"
"ZJ2026081508C07905","2026-08-15 23:44:38","8.71","23","ITEM-00093","75","音频","情绪识别","多选题","4.50","自满｜惊喜｜绝望｜崇拜｜悲伤｜羞耻｜委屈｜愤怒｜震惊｜好奇","绝望｜好奇","3｜3","委屈｜悲伤","5｜5","否","已作答","0.00","0.00","0.00","0.00","5.27","3"
"ZJ2026081508C07905","2026-08-15 23:44:38","8.71","24","ITEM-00090","56","音频","情绪识别","多选题","4.50","厌恶｜自豪｜兴奋｜委屈｜怨恨｜失望｜平静｜崇拜｜惊喜｜轻松","轻松","3","怨恨｜失望","5｜5","否","已作答","0.00","0.00","0.00","0.00","4.28","2"
"ZJ2026081530EFBB7A","2026-08-15 23:43:26","17.66","1","ITEM-00047","90","图像","情绪识别","多选题","4.50","愉悦｜快乐｜烦躁｜绝望｜惊喜｜痛苦｜失望｜崇拜｜冷静｜震惊","快乐｜愉悦｜惊喜","3｜5｜5","惊喜｜快乐｜愉悦","5｜5｜5","否","已作答","100.00","83.33","93.33","4.20","14.08","6"
"ZJ2026081530EFBB7A","2026-08-15 23:43:26","17.66","2","ITEM-00124","22","音频","情绪识别","单选题","3.50","遗憾｜兴奋｜冷静｜怨恨｜抑郁｜烦躁｜嫉妒｜释然｜好奇｜不屑","冷静","3","释然","3","否","已作答","0.00","0.00","0.00","0.00","32.71","4"
"ZJ2026081530EFBB7A","2026-08-15 23:43:26","17.66","3","ITEM-00086","79","音频","情绪推理","多选题","4.50","厌倦｜渴望｜烦躁｜感激｜审美欣赏｜希望｜困惑｜兴趣｜羡慕｜自豪","羡慕｜自豪","3｜3","烦躁｜厌倦","4｜4","未填写","已作答","0.00","0.00","0.00","0.00","10.53","6"
"ZJ2026081530EFBB7A","2026-08-15 23:43:26","17.66","4","ITEM-00139","37","图像","情绪推理","多选题","4.50","怀旧｜嫉妒｜敬畏｜愁闷｜焦虑｜怨恨｜爱｜痛苦｜平静｜快乐","焦虑｜怀旧","3｜3","焦虑｜敬畏","3｜4","未填写","已作答","50.00","50.00","50.00","2.25","15.53","4"
"ZJ2026081530EFBB7A","2026-08-15 23:43:26","17.66","5","ITEM-00068","116","文本","情绪识别","多选题","4.50","不屑｜厌倦｜惊喜｜羡慕｜内疚｜厌恶｜感动｜抑郁｜审美欣赏｜尴尬","不屑｜厌倦","3｜3","厌恶｜不屑","4｜4","未填写","已作答","50.00","37.50","45.00","2.02","10.13","2"
"ZJ2026081530EFBB7A","2026-08-15 23:43:26","17.66","6","ITEM-00080","65","视频","情绪推理","多选题","4.50","羞耻｜遗憾｜释然｜愉悦｜烦躁｜感激｜感动｜不屑｜怀旧｜愤怒","遗憾","3","怀旧｜感动｜愉悦｜遗憾","5｜3｜3｜5","未填写","已作答","40.00","12.50","29.00","1.30","4.31","1"
"ZJ2026081530EFBB7A","2026-08-15 23:43:26","17.66","7","ITEM-00023","55","视频","情绪识别","单选题","3.50","敌意｜蔑视｜共情痛苦｜愁闷｜释然｜担忧｜渴望｜痛苦｜自豪｜嫉妒","痛苦","3","敌意","4","未填写","已作答","0.00","0.00","0.00","0.00","1.78","1"
"ZJ2026081530EFBB7A","2026-08-15 23:43:26","17.66","8","ITEM-00093","75","音频","情绪识别","多选题","4.50","委屈｜悲伤｜失望｜痛苦｜平静｜崇拜｜审美欣赏｜共情痛苦｜焦虑｜嫉妒","嫉妒","3","委屈｜悲伤","5｜5","未填写","已作答","0.00","0.00","0.00","0.00","1.13","1"
"ZJ2026081530EFBB7A","2026-08-15 23:43:26","17.66","9","ITEM-00046","89","图像","情绪识别","多选题","4.50","不屑｜愤怒｜悲伤｜内疚｜愉悦｜委屈｜希望｜惊喜｜感激｜嫉妒","感激","3","内疚｜悲伤","4｜3","否","已作答","0.00","0.00","0.00","0.00","2.02","2"
"ZJ2026081530EFBB7A","2026-08-15 23:43:26","17.66","10","ITEM-00098","1","视频","情绪推理","多选题","4.50","焦虑｜自豪｜抑郁｜满足｜释然｜渴望｜怀旧｜感激｜愉悦｜痛苦","愉悦","3","感激｜自豪｜满足","4｜3｜4","未填写","已作答","0.00","0.00","0.00","0.00","1.17","1"
"ZJ2026081530EFBB7A","2026-08-15 23:43:26","17.66","11","ITEM-00094","88","音频","情绪识别","多选题","4.50","渴望｜尴尬｜爱｜惊讶｜烦躁｜共情痛苦｜快乐｜羡慕｜愁闷｜兴趣","兴趣","3","渴望｜兴趣","4｜5","未填写","已作答","66.67","25.00","50.00","2.25","1.25","1"
"ZJ2026081530EFBB7A","2026-08-15 23:43:26","17.66","12","ITEM-00140","63","文本","情绪推理","多选题","4.50","快乐｜好奇｜自豪｜怨恨｜焦虑｜兴奋｜崇拜｜困惑｜惊喜｜释然","惊喜","3","惊喜｜兴奋","4｜4","否","已作答","66.67","37.50","55.00","2.47","2.15","2"
"ZJ2026081530EFBB7A","2026-08-15 23:43:26","17.66","13","ITEM-00055","98","图像","情绪识别","多选题","4.50","快乐｜轻松｜满足｜震惊｜敌意｜恐惧｜愉悦｜兴奋｜失望｜尴尬","尴尬","3","兴奋｜轻松｜愉悦｜快乐","5｜5｜5｜5","未填写","已作答","0.00","0.00","0.00","0.00","1.18","1"
"ZJ2026081530EFBB7A","2026-08-15 23:43:26","17.66","14","ITEM-00044","80","视频","情绪识别","多选题","4.50","愉悦｜感激｜厌倦｜惊讶｜羞耻｜爱｜厌恶｜兴奋｜紧张｜快乐","快乐","3","紧张｜惊讶","4｜4","未填写","已作答","0.00","0.00","0.00","0.00","1.50","1"
"ZJ2026081530EFBB7A","2026-08-15 23:43:26","17.66","15","ITEM-00144","118","文本","情绪推理","单选题","3.50","感动｜厌倦｜困惑｜平静｜遗憾｜失望｜快乐｜尴尬｜好奇｜自豪","好奇","3","失望","4","未填写","已作答","0.00","0.00","0.00","0.00","1.89","1"
"ZJ2026081530EFBB7A","2026-08-15 23:43:26","17.66","16","ITEM-00097","82","文本","情绪识别","多选题","4.50","冷静｜失望｜爱｜轻松｜快乐｜震惊｜愉悦｜厌倦｜羡慕｜羞耻","羡慕","3","轻松｜快乐","4｜4","未填写","已作答","0.00","0.00","0.00","0.00","1.28","1"
"ZJ2026081530EFBB7A","2026-08-15 23:43:26","17.66","17","ITEM-00042","61","视频","情绪识别","多选题","4.50","悲伤｜怨恨｜困惑｜轻松｜紧张｜感动｜委屈｜共情痛苦｜羡慕｜愁闷","愁闷","3","委屈｜悲伤","3｜3","未填写","已作答","0.00","0.00","0.00","0.00","1.67","1"
"ZJ2026081530EFBB7A","2026-08-15 23:43:26","17.66","18","ITEM-00028","24","图像","情绪识别","单选题","3.50","审美欣赏｜羡慕｜绝望｜委屈｜恐惧｜爱｜厌恶｜悲伤｜平静｜困惑","平静","3","悲伤","4","未填写","已作答","0.00","0.00","0.00","0.00","2.18","1"
"ZJ2026081530EFBB7A","2026-08-15 23:43:26","17.66","19","ITEM-00106","77","视频","情绪推理","单选题","3.50","悲伤｜敌意｜快乐｜冷静｜怀旧｜共情痛苦｜好奇｜满足｜崇拜｜恐惧","恐惧","3","快乐","5","未填写","已作答","0.00","0.00","0.00","0.00","1.30","1"
"ZJ2026081530EFBB7A","2026-08-15 23:43:26","17.66","20","ITEM-00108","59","音频","情绪推理","多选题","4.50","感激｜尴尬｜委屈｜愤怒｜渴望｜抑郁｜兴趣｜满足｜怨恨｜痛苦","怨恨","3","痛苦｜抑郁","4｜4","未填写","已作答","0.00","0.00","0.00","0.00","4.73","1"
"ZJ2026081530EFBB7A","2026-08-15 23:43:26","17.66","21","ITEM-00069","117","文本","情绪识别","多选题","4.50","爱｜平静｜敌意｜自满｜内疚｜愤怒｜感激｜愉悦｜痛苦｜震惊","震惊","3","感激｜爱｜愉悦","4｜4｜5","未填写","已作答","0.00","0.00","0.00","0.00","2.40","1"
"ZJ2026081530EFBB7A","2026-08-15 23:43:26","17.66","22","ITEM-00045","2","音频","情绪识别","单选题","3.50","不屑｜厌倦｜快乐｜厌恶｜怀旧｜感动｜轻松｜紧张｜焦虑｜担忧","担忧","3","紧张","3","未填写","已作答","0.00","0.00","0.00","0.00","1.35","1"
"ZJ2026081530EFBB7A","2026-08-15 23:43:26","17.66","23","ITEM-00032","41","图像","情绪识别","单选题","3.50","自满｜感激｜自豪｜希望｜困惑｜爱｜愤怒｜快乐｜不屑｜愉悦","愉悦","3","愉悦","4","未填写","已作答","100.00","75.00","90.00","3.15","1.21","1"
"ZJ2026081530EFBB7A","2026-08-15 23:43:26","17.66","24","ITEM-00060","18","文本","情绪识别","单选题","3.50","释然｜崇拜｜感激｜自豪｜渴望｜敌意｜感动｜委屈｜羞耻｜审美欣赏","羞耻","5","感激","3","未填写","已作答","0.00","0.00","0.00","0.00","5.88","2"
"ZJ20260813A3553B82","2026-08-15 23:32:53","75.74","1","ITEM-00130","104","图像","情绪识别","多选题","4.50","内疚｜爱｜愤怒｜惊讶｜烦躁｜悲伤｜自满｜失望｜震惊｜担忧","震惊｜愤怒","4｜4","愤怒｜震惊","5｜4","是","已作答","100.00","87.50","95.00","4.28","22.72","6"
"ZJ20260813A3553B82","2026-08-15 23:32:53","75.74","2","ITEM-00127","87","视频","情绪识别","多选题","4.50","抑郁｜尴尬｜蔑视｜厌倦｜羞耻｜担忧｜感动｜不屑｜震惊｜同情","担忧｜震惊","3｜4","震惊｜蔑视｜同情","4｜4｜3","否","已作答","40.00","33.33","37.33","1.68","109.42","4"
"ZJ20260813A3553B82","2026-08-15 23:32:53","75.74","3","ITEM-00084","78","音频","情绪推理","多选题","4.50","不屑｜羞耻｜轻松｜焦虑｜厌倦｜烦躁｜抑郁｜审美欣赏｜困惑｜尴尬","羞耻｜烦躁","4｜5","羞耻｜烦躁","4｜5","否","已作答","100.00","100.00","100.00","4.50","17.93","5"
"ZJ20260813A3553B82","2026-08-15 23:32:53","75.74","4","ITEM-00039","52","文本","情绪识别","单选题","3.50","蔑视｜羞耻｜愤怒｜厌倦｜希望｜自豪｜内疚｜痛苦｜惊喜｜烦躁","痛苦","5","痛苦","4","未填写","已作答","100.00","75.00","90.00","3.15","9.72","2"
"ZJ20260813A3553B82","2026-08-15 23:32:53","75.74","5","ITEM-00004","62","视频","情绪推理","单选题","3.50","自豪｜轻松｜痛苦｜抑郁｜内疚｜不屑｜惊讶｜尴尬｜冷静｜愉悦","尴尬","4","尴尬","3","未填写","已作答","100.00","75.00","90.00","3.15","16.70","3"
"ZJ20260813A3553B82","2026-08-15 23:32:53","75.74","6","ITEM-00137","69","音频","情绪识别","多选题","4.50","兴趣｜愤怒｜感动｜悲伤｜崇拜｜满足｜自满｜遗憾｜敌意｜轻视","愤怒｜敌意","4｜4","愤怒｜轻视","4｜4","未填写","已作答","50.00","50.00","50.00","2.25","22.74","4"
"ZJ20260813A3553B82","2026-08-15 23:32:53","75.74","7","ITEM-00053","95","图像","情绪识别","多选题","4.50","绝望｜怨恨｜委屈｜悲伤｜紧张｜兴趣｜怀旧｜遗憾｜烦躁｜惊喜","悲伤｜绝望｜委屈","5｜5｜5","悲伤｜委屈｜绝望","3｜3｜5","未填写","已作答","100.00","66.67","86.67","3.90","67.91","8"
"ZJ20260813A3553B82","2026-08-15 23:32:53","75.74","8","ITEM-00135","68","文本","情绪识别","多选题","4.50","怨恨｜惊吓｜崇拜｜平静｜蔑视｜自豪｜不屑｜痛苦｜敌意｜冷静","敌意｜蔑视｜惊吓","5｜5｜4","不屑｜惊吓","5｜4","未填写","已作答","40.00","50.00","44.00","1.98","32.22","9"
"ZJ20260813A3553B82","2026-08-15 23:32:53","75.74","9","ITEM-00119","49","图像","情绪识别","单选题","3.50","愉悦｜冷静｜担忧｜惊讶｜愁闷｜快乐｜厌恶｜厌倦｜释然｜轻松","厌恶","4","厌倦","3","未填写","已作答","0.00","0.00","0.00","0.00","12.28","2"
"ZJ20260813A3553B82","2026-08-15 23:32:53","75.74","10","ITEM-00125","85","视频","情绪识别","多选题","4.50","恐惧｜兴奋｜感动｜爱｜冷静｜紧张｜快乐｜不屑｜愉悦｜感激","感激｜不屑｜愉悦","5｜4｜5","感激｜愉悦｜不屑","5｜5｜3","未填写","已作答","100.00","91.67","96.67","4.35","34.46","8"
"ZJ20260813A3553B82","2026-08-15 23:32:53","75.74","11","ITEM-00072","120","文本","情绪识别","多选题","4.50","焦虑｜希望｜抑郁｜愉悦｜惊讶｜满足｜兴奋｜轻松｜冷静｜兴趣","希望｜愉悦｜满足｜轻松","5｜4｜5｜4","满足｜轻松｜愉悦｜希望｜兴趣","5｜5｜5｜5｜5","未填写","已作答","88.89","70.00","81.33","3.66","14.96","8"
"ZJ20260813A3553B82","2026-08-15 23:32:53","75.74","12","ITEM-00067","114","图像","情绪识别","单选题","3.50","渴望｜嫉妒｜绝望｜希望｜震惊｜兴趣｜失望｜崇拜｜痛苦｜自满","震惊","5","震惊","4","未填写","已作答","100.00","75.00","90.00","3.15","11.29","3"
"ZJ20260813A3553B82","2026-08-15 23:32:53","75.74","13","ITEM-00058","102","图像","情绪识别","多选题","4.50","爱｜希望｜愉悦｜满足｜绝望｜轻松｜共情痛苦｜怀旧｜感动｜蔑视","愉悦｜感动｜爱","5｜5｜5","感动｜愉悦","4｜4","未填写","已作答","80.00","75.00","78.00","3.51","16.12","9"
"ZJ20260813A3553B82","2026-08-15 23:32:53","75.74","14","ITEM-00048","2","音频","情绪识别","单选题","3.50","平静｜自满｜愤怒｜释然｜快乐｜烦躁｜失望｜希望｜冷静｜抑郁","愤怒","5","愤怒","5","未填写","已作答","100.00","100.00","100.00","3.50","41.95","2"
"ZJ20260813A3553B82","2026-08-15 23:32:53","75.74","15","ITEM-00091","59","音频","情绪识别","多选题","4.50","惊喜｜感动｜愉悦｜痛苦｜审美欣赏｜敌意｜惊讶｜崇拜｜困惑｜内疚","内疚｜痛苦","5｜5","内疚｜痛苦","5｜5","未填写","已作答","100.00","100.00","100.00","4.50","31.12","5"
"ZJ20260813A3553B82","2026-08-15 23:32:53","75.74","16","ITEM-00101","55","视频","情绪推理","多选题","4.50","焦虑｜兴趣｜兴奋｜恐惧｜自满｜尴尬｜抑郁｜绝望｜困惑｜遗憾","尴尬","4","尴尬｜困惑","4｜4","未填写","已作答","66.67","50.00","60.00","2.70","27.08","2"
"ZJ20260813A3553B82","2026-08-15 23:32:53","75.74","17","ITEM-00110","59","文本","情绪推理","多选题","4.50","愁闷｜痛苦｜抑郁｜怨恨｜失望｜内疚｜崇拜｜自豪｜惊喜｜共情痛苦","内疚｜痛苦","5｜5","痛苦｜抑郁","4｜4","未填写","已作答","50.00","37.50","45.00","2.02","29.01","5"
"ZJ20260813A3553B82","2026-08-15 23:32:53","75.74","18","ITEM-00025","60","视频","情绪识别","单选题","3.50","怨恨｜快乐｜怀旧｜愤怒｜痛苦｜蔑视｜平静｜渴望｜紧张｜失望","痛苦","5","痛苦","3","未填写","已作答","100.00","50.00","80.00","2.80","69.55","2"
"ZJ20260813A3553B82","2026-08-15 23:32:53","75.74","19","ITEM-00104","23","文本","情绪推理","单选题","3.50","审美欣赏｜烦躁｜羞耻｜感动｜兴奋｜抑郁｜尴尬｜担忧｜自豪｜紧张","兴奋","5","兴奋","5","未填写","已作答","100.00","100.00","100.00","3.50","12.28","3"
"ZJ20260813A3553B82","2026-08-15 23:32:53","75.74","20","ITEM-00123","8","音频","情绪识别","单选题","3.50","快乐｜释然｜羞耻｜羡慕｜希望｜冷静｜绝望｜担忧｜紧张｜满足","绝望","3","绝望","4","未填写","已作答","100.00","75.00","90.00","3.15","12.43","3"
"ZJ20260813A3553B82","2026-08-15 23:32:53","75.74","21","ITEM-00139","37","图像","情绪推理","多选题","4.50","敬畏｜羡慕｜平静｜希望｜羞耻｜厌倦｜悲伤｜焦虑｜怨恨｜好奇","敬畏","5","焦虑｜敬畏","3｜4","未填写","已作答","66.67","37.50","55.00","2.47","10.64","2"
"ZJ20260813A3553B82","2026-08-15 23:32:53","75.74","22","ITEM-00086","79","音频","情绪推理","多选题","4.50","愉悦｜爱｜崇拜｜痛苦｜紧张｜共情痛苦｜羞耻｜厌倦｜愤怒｜烦躁","烦躁｜厌倦","5｜4","烦躁｜厌倦","4｜4","未填写","已作答","100.00","87.50","95.00","4.28","53.26","4"
"ZJ20260813A3553B82","2026-08-15 23:32:53","75.74","23","ITEM-00068","116","文本","情绪识别","多选题","4.50","愉悦｜轻松｜不屑｜嫉妒｜遗憾｜审美欣赏｜厌恶｜惊讶｜崇拜｜厌倦","不屑｜厌恶","5｜5","厌恶｜不屑","4｜4","未填写","已作答","100.00","75.00","90.00","4.05","12.43","5"
"ZJ20260813A3553B82","2026-08-15 23:32:53","75.74","24","ITEM-00098","1","视频","情绪推理","多选题","4.50","愤怒｜厌倦｜自豪｜内疚｜愁闷｜厌恶｜满足｜感激｜怨恨｜崇拜","自豪｜满足","3｜5","感激｜自豪｜满足","4｜3｜4","未填写","已作答","80.00","58.33","71.33","3.21","14.93","3"
"ZJ20260815F71A0DC4","2026-08-15 23:30:36","48.70","1","ITEM-00088","81","视频","情绪识别","多选题","4.50","释然｜快乐｜愁闷｜愤怒｜兴奋｜爱｜惊喜｜遗憾｜轻松｜惊讶","快乐｜兴奋｜爱｜惊喜｜惊讶","3｜2｜4｜3｜3","快乐｜惊喜｜兴奋｜爱","5｜5｜5｜5","否","已作答","88.89","50.00","73.33","3.30","64.15","13"
"ZJ20260815F71A0DC4","2026-08-15 23:30:36","48.70","2","ITEM-00086","79","音频","情绪推理","多选题","4.50","绝望｜烦躁｜渴望｜厌倦｜不屑｜恐惧｜遗憾｜担忧｜怨恨｜审美欣赏","烦躁｜厌倦｜怨恨","5｜3｜2","烦躁｜厌倦","4｜4","否","已作答","80.00","75.00","78.00","3.51","44.49","7"
"ZJ20260815F71A0DC4","2026-08-15 23:30:36","48.70","3","ITEM-00067","114","图像","情绪识别","单选题","3.50","感动｜惊讶｜震惊｜敌意｜兴趣｜平静｜兴奋｜怀旧｜恐惧｜自满","震惊","3","震惊","4","否","已作答","100.00","75.00","90.00","3.15","19.66","3"
"ZJ20260815F71A0DC4","2026-08-15 23:30:36","48.70","4","ITEM-00123","8","音频","情绪识别","单选题","3.50","自满｜蔑视｜感激｜厌恶｜厌倦｜羞耻｜痛苦｜绝望｜焦虑｜愁闷","绝望","3","绝望","4","否","已作答","100.00","75.00","90.00","3.15","26.22","4"
"ZJ20260815F71A0DC4","2026-08-15 23:30:36","48.70","5","ITEM-00084","78","音频","情绪推理","多选题","4.50","感激｜冷静｜轻松｜失望｜好奇｜羞耻｜困惑｜悲伤｜烦躁｜兴趣","困惑","4","羞耻｜烦躁","4｜5","否","已作答","0.00","0.00","0.00","0.00","27.11","3"
"ZJ20260815F71A0DC4","2026-08-15 23:30:36","48.70","6","ITEM-00106","77","视频","情绪推理","单选题","3.50","遗憾｜敌意｜悲伤｜紧张｜感动｜崇拜｜自豪｜内疚｜快乐｜震惊","快乐","5","快乐","5","否","已作答","100.00","100.00","100.00","3.50","111.25","7"
"ZJ20260815F71A0DC4","2026-08-15 23:30:36","48.70","7","ITEM-00045","2","音频","情绪识别","单选题","3.50","感激｜紧张｜困惑｜羡慕｜怀旧｜惊喜｜烦躁｜怨恨｜惊讶｜羞耻","烦躁","3","紧张","3","否","已作答","0.00","0.00","0.00","0.00","20.50","2"
"ZJ20260815F71A0DC4","2026-08-15 23:30:36","48.70","8","ITEM-00137","69","音频","情绪识别","多选题","4.50","审美欣赏｜自满｜震惊｜愤怒｜释然｜崇拜｜平静｜轻视｜爱｜紧张","愤怒｜紧张","4｜3","愤怒｜轻视","4｜4","否","已作答","50.00","50.00","50.00","2.25","30.12","8"
"ZJ20260815F71A0DC4","2026-08-15 23:30:36","48.70","9","ITEM-00134","67","文本","情绪识别","多选题","4.50","敌意｜不屑｜遗憾｜嫉妒｜羞耻｜审美欣赏｜烦躁｜冷静｜自豪｜内疚","不屑｜敌意｜烦躁","5｜3｜3","不屑｜敌意","5｜3","否","已作答","80.00","100.00","88.00","3.96","45.89","7"
"ZJ20260815F71A0DC4","2026-08-15 23:30:36","48.70","10","ITEM-00082","72","视频","情绪识别","多选题","4.50","担忧｜紧张｜兴趣｜愤怒｜绝望｜怀旧｜嫉妒｜敌意｜羞耻｜焦虑","担忧｜紧张","3｜3","焦虑｜紧张","4｜5","否","已作答","50.00","25.00","40.00","1.80","29.76","3"
"ZJ20260815F71A0DC4","2026-08-15 23:30:36","48.70","11","ITEM-00142","68","文本","情绪推理","单选题","3.50","愉悦｜自豪｜快乐｜冷静｜崇拜｜愁闷｜蔑视｜怀旧｜敌意｜紧张","紧张","3","敌意","4","否","已作答","0.00","0.00","0.00","0.00","34.58","2"
"ZJ20260815F71A0DC4","2026-08-15 23:30:36","48.70","12","ITEM-00050","92","图像","情绪识别","多选题","4.50","共情痛苦｜绝望｜敌意｜轻松｜厌倦｜兴趣｜恐惧｜愁闷｜愤怒｜怨恨","绝望","3","敌意｜怨恨","5｜5","否","已作答","0.00","0.00","0.00","0.00","17.99","2"
"ZJ20260815F71A0DC4","2026-08-15 23:30:36","48.70","13","ITEM-00078","89","图像","情绪推理","多选题","4.50","兴奋｜不屑｜希望｜怨恨｜痛苦｜震惊｜悲伤｜满足｜内疚｜快乐","悲伤","3","内疚｜悲伤","4｜3","否","已作答","66.67","50.00","60.00","2.70","14.74","4"
"ZJ20260815F71A0DC4","2026-08-15 23:30:36","48.70","14","ITEM-00023","55","视频","情绪识别","单选题","3.50","敌意｜兴奋｜惊喜｜好奇｜惊讶｜厌倦｜爱｜怨恨｜震惊｜平静","敌意","3","敌意","4","否","已作答","100.00","75.00","90.00","3.15","54.88","2"
"ZJ20260815F71A0DC4","2026-08-15 23:30:36","48.70","15","ITEM-00096","74","文本","情绪识别","多选题","4.50","平静｜共情痛苦｜蔑视｜感动｜愉悦｜惊讶｜感激｜审美欣赏｜担忧｜抑郁","愉悦｜审美欣赏","4｜3","审美欣赏｜愉悦","5｜5","否","已作答","100.00","62.50","85.00","3.83","26.01","10"
"ZJ20260815F71A0DC4","2026-08-15 23:30:36","48.70","16","ITEM-00098","1","视频","情绪推理","多选题","4.50","审美欣赏｜自豪｜好奇｜遗憾｜愤怒｜失望｜满足｜感激｜平静｜烦躁","自豪｜感激","3｜3","感激｜自豪｜满足","4｜3｜4","否","已作答","80.00","58.33","71.33","3.21","47.11","3"
"ZJ20260815F71A0DC4","2026-08-15 23:30:36","48.70","17","ITEM-00129","103","图像","情绪识别","多选题","4.50","烦躁｜焦虑｜震惊｜痛苦｜厌倦｜内疚｜不屑｜敌意｜绝望｜担忧","不屑","5","不屑｜敌意","5｜3","否","已作答","66.67","50.00","60.00","2.70","33.35","4"
"ZJ20260815F71A0DC4","2026-08-15 23:30:36","48.70","18","ITEM-00091","59","音频","情绪识别","多选题","4.50","担忧｜释然｜痛苦｜羞耻｜惊讶｜崇拜｜内疚｜兴趣｜快乐｜悲伤","悲伤","3","内疚｜痛苦","5｜5","否","已作答","0.00","0.00","0.00","0.00","10.56","2"
"ZJ20260815F71A0DC4","2026-08-15 23:30:36","48.70","19","ITEM-00140","63","文本","情绪推理","多选题","4.50","平静｜感激｜兴奋｜渴望｜不屑｜感动｜释然｜震惊｜惊喜｜冷静","兴奋｜惊喜","3｜3","惊喜｜兴奋","4｜4","否","已作答","100.00","75.00","90.00","4.05","23.39","3"
"ZJ20260815F71A0DC4","2026-08-15 23:30:36","48.70","20","ITEM-00052","94","图像","情绪识别","多选题","4.50","羞耻｜共情痛苦｜委屈｜恐惧｜绝望｜遗憾｜敌意｜冷静｜兴奋｜痛苦","绝望","3","绝望｜痛苦｜委屈","5｜5｜4","否","已作答","50.00","16.67","36.67","1.65","11.78","2"
"ZJ20260815F71A0DC4","2026-08-15 23:30:36","48.70","21","ITEM-00037","50","文本","情绪识别","单选题","3.50","蔑视｜爱｜焦虑｜感动｜兴趣｜烦躁｜尴尬｜希望｜遗憾｜渴望","烦躁","3","蔑视","3","否","已作答","0.00","0.00","0.00","0.00","16.52","2"
"ZJ20260815F71A0DC4","2026-08-15 23:30:36","48.70","22","ITEM-00116","46","图像","情绪识别","单选题","3.50","愤怒｜嫉妒｜蔑视｜担忧｜紧张｜抑郁｜烦躁｜焦虑｜厌恶｜悲伤","悲伤","3","悲伤","5","否","已作答","100.00","50.00","80.00","2.80","10.69","3"
"ZJ20260815F71A0DC4","2026-08-15 23:30:36","48.70","23","ITEM-00097","82","文本","情绪识别","多选题","4.50","快乐｜烦躁｜不屑｜内疚｜轻松｜自豪｜崇拜｜焦虑｜抑郁｜怀旧","怀旧","3","轻松｜快乐","4｜4","否","已作答","0.00","0.00","0.00","0.00","20.80","2"
"ZJ20260815F71A0DC4","2026-08-15 23:30:36","48.70","24","ITEM-00080","65","视频","情绪推理","多选题","4.50","感动｜震惊｜绝望｜恐惧｜愉悦｜轻松｜释然｜遗憾｜尴尬｜怀旧","尴尬","3","怀旧｜感动｜愉悦｜遗憾","5｜3｜3｜5","否","已作答","0.00","0.00","0.00","0.00","26.16","2"
"ZJ20260815B6992A82","2026-08-15 23:13:06","11.90","1","ITEM-00057","23","音频","情绪识别","单选题","3.50","羡慕｜尴尬｜愉悦｜不屑｜紧张｜担忧｜自豪｜内疚｜惊喜｜兴奋","羡慕","3","惊喜","5","否","已作答","0.00","0.00","0.00","0.00","8.13","2"
"ZJ20260815B6992A82","2026-08-15 23:13:06","11.90","2","ITEM-00010","63","文本","情绪识别","多选题","4.50","兴奋｜满足｜厌恶｜兴趣｜遗憾｜委屈｜紧张｜惊喜｜共情痛苦｜羡慕","共情痛苦","3","惊喜｜兴奋","4｜4","否","已作答","0.00","0.00","0.00","0.00","8.94","2"
"ZJ20260815B6992A82","2026-08-15 23:13:06","11.90","3","ITEM-00078","89","图像","情绪推理","多选题","4.50","好奇｜内疚｜愤怒｜冷静｜恐惧｜烦躁｜厌倦｜悲伤｜快乐｜惊喜","内疚｜好奇｜恐惧","3｜3｜3","内疚｜悲伤","4｜3","是","已作答","40.00","37.50","39.00","1.75","12.03","4"
"ZJ20260815B6992A82","2026-08-15 23:13:06","11.90","4","ITEM-00033","44","图像","情绪识别","单选题","3.50","快乐｜不屑｜敌意｜羞耻｜感激｜嫉妒｜失望｜绝望｜惊讶｜兴趣","感激","3","惊讶","5","否","已作答","0.00","0.00","0.00","0.00","11.36","4"
"ZJ20260815B6992A82","2026-08-15 23:13:06","11.90","5","ITEM-00037","50","文本","情绪识别","单选题","3.50","嫉妒｜自满｜恐惧｜释然｜惊喜｜委屈｜厌倦｜蔑视｜震惊｜自豪","蔑视","3","蔑视","3","否","已作答","100.00","100.00","100.00","3.50","4.83","2"
"ZJ20260815B6992A82","2026-08-15 23:13:06","11.90","6","ITEM-00063","110","图像","情绪识别","多选题","4.50","震惊｜羡慕｜轻松｜愉悦｜担忧｜愁闷｜痛苦｜共情痛苦｜嫉妒｜尴尬","尴尬｜嫉妒｜痛苦","3｜3｜3","轻松｜愉悦","5｜4","是","已作答","0.00","0.00","0.00","0.00","9.24","4"
"ZJ20260815B6992A82","2026-08-15 23:13:06","11.90","7","ITEM-00077","79","音频","情绪识别","多选题","4.50","羡慕｜厌倦｜烦躁｜感激｜冷静｜焦虑｜失望｜兴趣｜痛苦｜内疚","兴趣","4","烦躁｜厌倦","4｜4","是","已作答","0.00","0.00","0.00","0.00","21.88","3"
"ZJ20260815B6992A82","2026-08-15 23:13:06","11.90","8","ITEM-00096","74","文本","情绪识别","多选题","4.50","震惊｜自满｜审美欣赏｜平静｜崇拜｜好奇｜满足｜厌恶｜愉悦｜共情痛苦","共情痛苦","3","审美欣赏｜愉悦","5｜5","是","已作答","0.00","0.00","0.00","0.00","5.50","2"
"ZJ20260815B6992A82","2026-08-15 23:13:06","11.90","9","ITEM-00021","14","视频","情绪识别","单选题","3.50","渴望｜恐惧｜紧张｜厌倦｜委屈｜愉悦｜怨恨｜悲伤｜绝望｜怀旧","怀旧","3","怀旧","4","是","已作答","100.00","75.00","90.00","3.15","3.55","2"
"ZJ20260815B6992A82","2026-08-15 23:13:06","11.90","10","ITEM-00069","117","文本","情绪识别","多选题","4.50","愉悦｜愁闷｜愤怒｜羡慕｜失望｜爱｜感激｜满足｜担忧｜怀旧","满足","3","感激｜爱｜愉悦","4｜4｜5","是","已作答","0.00","0.00","0.00","0.00","3.54","2"
"ZJ20260815B6992A82","2026-08-15 23:13:06","11.90","11","ITEM-00082","72","视频","情绪识别","多选题","4.50","紧张｜愤怒｜渴望｜羞耻｜愉悦｜怀旧｜平静｜绝望｜焦虑｜羡慕","渴望","3","焦虑｜紧张","4｜5","是","已作答","0.00","0.00","0.00","0.00","4.12","2"
"ZJ20260815B6992A82","2026-08-15 23:13:06","11.90","12","ITEM-00143","71","文本","情绪推理","单选题","3.50","恐惧｜内疚｜震惊｜不屑｜怨恨｜悲伤｜感动｜失望｜惊讶｜自满","失望","3","不屑","3","是","已作答","0.00","0.00","0.00","0.00","7.99","2"
"ZJ20260815B6992A82","2026-08-15 23:13:06","11.90","13","ITEM-00107","81","视频","情绪推理","多选题","4.50","快乐｜尴尬｜满足｜释然｜紧张｜审美欣赏｜嫉妒｜愁闷｜感动｜委屈","愁闷","3","快乐｜满足｜感动","5｜5｜5","是","已作答","0.00","0.00","0.00","0.00","4.87","2"
"ZJ20260815B6992A82","2026-08-15 23:13:06","11.90","14","ITEM-00141","67","文本","情绪推理","多选题","4.50","共情痛苦｜痛苦｜兴奋｜蔑视｜渴望｜遗憾｜烦躁｜满足｜愤怒｜惊讶","蔑视","4","愤怒｜惊讶","4｜3","否","已作答","0.00","0.00","0.00","0.00","7.64","4"
"ZJ20260815B6992A82","2026-08-15 23:13:06","11.90","15","ITEM-00150","86","视频","情绪推理","多选题","4.50","厌恶｜崇拜｜自豪｜失望｜爱｜兴奋｜满足｜恐惧｜渴望｜快乐","渴望","4","满足｜快乐","4｜3","是","已作答","0.00","0.00","0.00","0.00","3.80","3"
"ZJ20260815B6992A82","2026-08-15 23:13:06","11.90","16","ITEM-00073","107","图像","情绪识别","多选题","4.50","怨恨｜愁闷｜内疚｜满足｜感动｜平静｜绝望｜震惊｜爱｜委屈","内疚","3","感动｜爱","5｜5","是","已作答","0.00","0.00","0.00","0.00","3.65","2"
"ZJ20260815B6992A82","2026-08-15 23:13:06","11.90","17","ITEM-00004","62","视频","情绪推理","单选题","3.50","感动｜好奇｜审美欣赏｜烦躁｜失望｜抑郁｜尴尬｜爱｜平静｜焦虑","尴尬","3","尴尬","3","是","已作答","100.00","100.00","100.00","3.50","4.02","2"
"ZJ20260815B6992A82","2026-08-15 23:13:06","11.90","18","ITEM-00105","2","音频","情绪推理","多选题","4.50","平静｜感动｜愤怒｜紧张｜焦虑｜震惊｜恐惧｜失望｜内疚｜嫉妒","失望","3","焦虑｜紧张｜内疚","4｜5｜4","是","已作答","0.00","0.00","0.00","0.00","3.27","2"
"ZJ20260815B6992A82","2026-08-15 23:13:06","11.90","19","ITEM-00044","80","视频","情绪识别","多选题","4.50","自豪｜崇拜｜担忧｜震惊｜爱｜焦虑｜悲伤｜惊讶｜蔑视｜紧张","悲伤","3","紧张｜惊讶","4｜4","是","已作答","0.00","0.00","0.00","0.00","5.94","2"
"ZJ20260815B6992A82","2026-08-15 23:13:06","11.90","20","ITEM-00108","59","音频","情绪推理","多选题","4.50","悲伤｜焦虑｜满足｜抑郁｜绝望｜羞耻｜审美欣赏｜痛苦｜委屈｜困惑","焦虑","4","痛苦｜抑郁","4｜4","未填写","已作答","0.00","0.00","0.00","0.00","4.49","2"
"ZJ20260815B6992A82","2026-08-15 23:13:06","11.90","21","ITEM-00053","95","图像","情绪识别","多选题","4.50","委屈｜好奇｜厌恶｜轻松｜渴望｜怨恨｜担忧｜绝望｜悲伤｜抑郁","怨恨","3","悲伤｜委屈｜绝望","3｜3｜5","否","已作答","0.00","0.00","0.00","0.00","6.08","3"
"ZJ20260815B6992A82","2026-08-15 23:13:06","11.90","22","ITEM-00137","69","音频","情绪识别","多选题","4.50","怀旧｜轻视｜厌倦｜羡慕｜愉悦｜愤怒｜平静｜冷静｜满足｜烦躁","烦躁","3","愤怒｜轻视","4｜4","是","已作答","0.00","0.00","0.00","0.00","4.18","2"
"ZJ20260815B6992A82","2026-08-15 23:13:06","11.90","23","ITEM-00124","22","音频","情绪识别","单选题","3.50","好奇｜冷静｜爱｜平静｜渴望｜快乐｜蔑视｜释然｜烦躁｜兴奋","蔑视","3","释然","3","是","已作答","0.00","0.00","0.00","0.00","3.62","2"
"ZJ20260815B6992A82","2026-08-15 23:13:06","11.90","24","ITEM-00067","114","图像","情绪识别","单选题","3.50","失望｜愁闷｜兴奋｜愉悦｜共情痛苦｜遗憾｜震惊｜担忧｜好奇｜感动","愁闷","3","震惊","4","是","已作答","0.00","0.00","0.00","0.00","4.77","2"
"ZJ202608151446AC9B","2026-08-15 23:10:56","45.22","1","ITEM-00068","116","文本","情绪识别","多选题","4.50","焦虑｜烦躁｜委屈｜满足｜震惊｜审美欣赏｜厌恶｜惊讶｜不屑｜轻松","不屑","3","厌恶｜不屑","4｜4","否","已作答","66.67","37.50","55.00","2.47","22.44","2"
"ZJ202608151446AC9B","2026-08-15 23:10:56","45.22","2","ITEM-00132","37","图像","情绪识别","多选题","4.50","厌恶｜满足｜羞耻｜嫉妒｜愉悦｜遗憾｜共情痛苦｜恭敬｜释然｜平静","恭敬","4","平静｜恭敬","5｜5","否","已作答","66.67","37.50","55.00","2.47","22.63","3"
"ZJ202608151446AC9B","2026-08-15 23:10:56","45.22","3","ITEM-00105","2","音频","情绪推理","多选题","4.50","遗憾｜愤怒｜紧张｜失望｜希望｜嫉妒｜焦虑｜愁闷｜羞耻｜内疚","愤怒｜焦虑","4｜2","焦虑｜紧张｜内疚","4｜5｜4","否","已作答","40.00","16.67","30.67","1.38","34.07","5"
"ZJ202608151446AC9B","2026-08-15 23:10:56","45.22","4","ITEM-00134","67","文本","情绪识别","多选题","4.50","愁闷｜委屈｜感动｜感激｜恐惧｜好奇｜嫉妒｜敌意｜绝望｜不屑","敌意｜不屑","4｜1","不屑｜敌意","5｜3","否","已作答","100.00","37.50","75.00","3.38","53.45","6"
"ZJ202608151446AC9B","2026-08-15 23:10:56","45.22","5","ITEM-00077","79","音频","情绪识别","多选题","4.50","嫉妒｜烦躁｜厌倦｜惊喜｜崇拜｜敌意｜好奇｜厌恶｜感激｜焦虑","烦躁｜厌恶","5｜4","烦躁｜厌倦","4｜4","否","已作答","50.00","37.50","45.00","2.02","26.38","6"
"ZJ202608151446AC9B","2026-08-15 23:10:56","45.22","6","ITEM-00009","7","音频","情绪识别","单选题","3.50","紧张｜不屑｜困惑｜委屈｜好奇｜失望｜渴望｜嫉妒｜遗憾｜痛苦","紧张","3","紧张","2","否","已作答","100.00","75.00","90.00","3.15","22.41","2"
"ZJ202608151446AC9B","2026-08-15 23:10:56","45.22","7","ITEM-00050","92","图像","情绪识别","多选题","4.50","困惑｜感激｜爱｜惊喜｜敌意｜抑郁｜不屑｜渴望｜兴奋｜怨恨","敌意｜怨恨","3｜4","敌意｜怨恨","5｜5","否","已作答","100.00","62.50","85.00","3.83","15.61","6"
"ZJ202608151446AC9B","2026-08-15 23:10:56","45.22","8","ITEM-00087","77","视频","情绪识别","多选题","4.50","爱｜内疚｜遗憾｜兴奋｜轻松｜感动｜愉悦｜惊喜｜烦躁｜痛苦","爱｜遗憾｜感动｜兴奋","2｜3｜4｜4","兴奋｜爱｜惊喜","5｜5｜5","是","已作答","57.14","33.33","47.62","2.14","32.80","11"
"ZJ202608151446AC9B","2026-08-15 23:10:56","45.22","9","ITEM-00080","65","视频","情绪推理","多选题","4.50","感激｜怀旧｜兴奋｜兴趣｜愤怒｜遗憾｜蔑视｜感动｜愉悦｜共情痛苦","遗憾｜共情痛苦","4｜3","怀旧｜感动｜愉悦｜遗憾","5｜3｜3｜5","否","已作答","33.33","18.75","27.50","1.24","28.30","4"
"ZJ202608151446AC9B","2026-08-15 23:10:56","45.22","10","ITEM-00127","87","视频","情绪识别","多选题","4.50","蔑视｜愁闷｜愉悦｜希望｜感动｜怨恨｜兴奋｜同情｜震惊｜羡慕","震惊","5","震惊｜蔑视｜同情","4｜4｜3","否","已作答","50.00","25.00","40.00","1.80","59.92","3"
"ZJ202608151446AC9B","2026-08-15 23:10:56","45.22","11","ITEM-00123","8","音频","情绪识别","单选题","3.50","审美欣赏｜惊讶｜抑郁｜绝望｜怀旧｜厌恶｜愁闷｜失望｜嫉妒｜冷静","绝望","5","绝望","4","是","已作答","100.00","75.00","90.00","3.15","16.39","3"
"ZJ202608151446AC9B","2026-08-15 23:10:56","45.22","12","ITEM-00052","94","图像","情绪识别","多选题","4.50","自满｜满足｜痛苦｜感动｜轻松｜内疚｜委屈｜绝望｜感激｜遗憾","痛苦｜绝望","4｜4","绝望｜痛苦｜委屈","5｜5｜4","是","已作答","80.00","50.00","68.00","3.06","8.64","5"
"ZJ202608151446AC9B","2026-08-15 23:10:56","45.22","13","ITEM-00026","64","视频","情绪识别","单选题","3.50","怨恨｜崇拜｜悲伤｜兴奋｜渴望｜自满｜羞耻｜嫉妒｜遗憾｜惊讶","渴望","5","悲伤","5","是","已作答","0.00","0.00","0.00","0.00","53.78","7"
"ZJ202608151446AC9B","2026-08-15 23:10:56","45.22","14","ITEM-00109","88","音频","情绪推理","多选题","4.50","羡慕｜惊喜｜困惑｜希望｜好奇｜敌意｜爱｜惊讶｜厌倦｜自豪","厌倦","4","厌倦｜困惑","3｜3","否","已作答","66.67","37.50","55.00","2.47","46.78","3"
"ZJ202608151446AC9B","2026-08-15 23:10:56","45.22","15","ITEM-00140","63","文本","情绪推理","多选题","4.50","轻松｜担忧｜冷静｜羞耻｜感动｜惊喜｜崇拜｜困惑｜恐惧｜兴奋","惊喜","4","惊喜｜兴奋","4｜4","否","已作答","66.67","50.00","60.00","2.70","11.15","3"
"ZJ202608151446AC9B","2026-08-15 23:10:56","45.22","16","ITEM-00142","68","文本","情绪推理","单选题","3.50","感激｜崇拜｜释然｜厌倦｜敌意｜自满｜担忧｜感动｜爱｜抑郁","抑郁","3","敌意","4","否","已作答","0.00","0.00","0.00","0.00","16.41","2"
"ZJ202608151446AC9B","2026-08-15 23:10:56","45.22","17","ITEM-00041","54","文本","情绪识别","单选题","3.50","感动｜厌倦｜烦躁｜遗憾｜平静｜不屑｜自满｜内疚｜担忧｜好奇","不屑","4","自满","4","否","已作答","0.00","0.00","0.00","0.00","12.78","6"
"ZJ202608151446AC9B","2026-08-15 23:10:56","45.22","18","ITEM-00051","93","图像","情绪识别","单选题","3.50","自满｜遗憾｜自豪｜惊讶｜悲伤｜绝望｜失望｜愉悦｜满足｜愤怒","愤怒","3","悲伤","4","否","已作答","0.00","0.00","0.00","0.00","9.26","2"
"ZJ202608151446AC9B","2026-08-15 23:10:56","45.22","19","ITEM-00078","89","图像","情绪推理","多选题","4.50","蔑视｜惊讶｜尴尬｜兴奋｜崇拜｜悲伤｜怨恨｜内疚｜感激｜愤怒","尴尬","3","内疚｜悲伤","4｜3","是","已作答","0.00","0.00","0.00","0.00","20.60","2"
"ZJ202608151446AC9B","2026-08-15 23:10:56","45.22","20","ITEM-00004","62","视频","情绪推理","单选题","3.50","尴尬｜绝望｜轻松｜蔑视｜羡慕｜共情痛苦｜烦躁｜敌意｜委屈｜感激","尴尬","4","尴尬","3","是","已作答","100.00","75.00","90.00","3.15","18.09","3"
"ZJ202608151446AC9B","2026-08-15 23:10:56","45.22","21","ITEM-00097","82","文本","情绪识别","多选题","4.50","共情痛苦｜紧张｜恐惧｜担忧｜厌倦｜快乐｜轻松｜兴奋｜痛苦｜抑郁","紧张｜担忧","4｜3","轻松｜快乐","4｜4","是","已作答","0.00","0.00","0.00","0.00","37.77","10"
"ZJ202608151446AC9B","2026-08-15 23:10:56","45.22","22","ITEM-00079","61","视频","情绪推理","多选题","4.50","满足｜希望｜震惊｜兴奋｜审美欣赏｜紧张｜烦躁｜委屈｜悲伤｜羞耻","委屈｜悲伤｜羞耻","4｜4｜2","委屈｜悲伤","3｜3","是","已作答","80.00","75.00","78.00","3.51","25.23","7"
"ZJ202608151446AC9B","2026-08-15 23:10:56","45.22","23","ITEM-00076","78","音频","情绪识别","多选题","4.50","烦躁｜恐惧｜平静｜厌恶｜焦虑｜惊喜｜内疚｜感动｜羞耻｜希望","烦躁｜厌恶｜羞耻","4｜3｜2","羞耻｜烦躁","4｜5","否","已作答","80.00","62.50","73.00","3.29","23.83","8"
"ZJ202608151446AC9B","2026-08-15 23:10:56","45.22","24","ITEM-00007","29","图像","情绪识别","单选题","3.50","惊讶｜感动｜痛苦｜羞耻｜爱｜嫉妒｜自满｜轻松｜羡慕｜平静","痛苦","4","惊讶","3","是","已作答","0.00","0.00","0.00","0.00","12.09","5"
"ZJ20260813FAF57D47","2026-08-15 21:53:35","45.08","1","ITEM-00150","86","视频","情绪推理","多选题","4.50","抑郁｜焦虑｜快乐｜满足｜惊讶｜不屑｜兴奋｜烦躁｜悲伤｜痛苦","悲伤","2","满足｜快乐","4｜3","未填写","已作答","0.00","0.00","0.00","0.00","39.13","2"
"ZJ20260813FAF57D47","2026-08-15 21:53:35","45.08","2","ITEM-00093","75","音频","情绪识别","多选题","4.50","痛苦｜困惑｜自豪｜渴望｜委屈｜恐惧｜兴趣｜审美欣赏｜惊讶｜悲伤","困惑｜委屈｜审美欣赏｜悲伤","3｜3｜3｜3","委屈｜悲伤","5｜5","是","已作答","66.67","50.00","60.00","2.70","29.94","5"
"ZJ20260813FAF57D47","2026-08-15 21:53:35","45.08","3","ITEM-00108","59","音频","情绪推理","多选题","4.50","快乐｜愉悦｜蔑视｜绝望｜失望｜满足｜怀旧｜释然｜抑郁｜痛苦","失望","4","痛苦｜抑郁","4｜4","未填写","已作答","0.00","0.00","0.00","0.00","37.47","2"
"ZJ20260813FAF57D47","2026-08-15 21:53:35","45.08","4","ITEM-00086","79","音频","情绪推理","多选题","4.50","嫉妒｜厌倦｜怀旧｜快乐｜烦躁｜愉悦｜悲伤｜崇拜｜委屈｜共情痛苦","烦躁","3","烦躁｜厌倦","4｜4","未填写","已作答","66.67","37.50","55.00","2.47","69.11","5"
"ZJ20260813FAF57D47","2026-08-15 21:53:35","45.08","5","ITEM-00050","92","图像","情绪识别","多选题","4.50","恐惧｜抑郁｜震惊｜惊喜｜怨恨｜崇拜｜审美欣赏｜委屈｜感动｜敌意","惊喜","3","敌意｜怨恨","5｜5","未填写","已作答","0.00","0.00","0.00","0.00","48.19","5"
"ZJ20260813FAF57D47","2026-08-15 21:53:35","45.08","6","ITEM-00040","53","文本","情绪识别","单选题","3.50","释然｜恐惧｜蔑视｜失望｜怨恨｜兴趣｜惊讶｜抑郁｜绝望｜崇拜","怨恨","5","怨恨","5","未填写","已作答","100.00","100.00","100.00","3.50","60.23","3"
"ZJ20260813FAF57D47","2026-08-15 21:53:35","45.08","7","ITEM-00033","44","图像","情绪识别","单选题","3.50","悲伤｜担忧｜烦躁｜惊喜｜厌恶｜怀旧｜惊讶｜快乐｜困惑｜平静","惊讶","4","惊讶","5","否","已作答","100.00","75.00","90.00","3.15","39.17","5"
"ZJ20260813FAF57D47","2026-08-15 21:53:35","45.08","8","ITEM-00083","73","视频","情绪识别","多选题","4.50","怨恨｜厌倦｜痛苦｜紧张｜渴望｜惊喜｜释然｜冷静｜爱｜怀旧","爱","3","爱｜释然","5｜5","否","已作答","66.67","25.00","50.00","2.25","129.63","2"
"ZJ20260813FAF57D47","2026-08-15 21:53:35","45.08","9","ITEM-00146","118","文本","情绪识别","多选题","4.50","蔑视｜平静｜失望｜审美欣赏｜渴望｜烦躁｜担忧｜怀旧｜惊喜｜困惑","失望｜烦躁","3｜3","烦躁｜失望","4｜4","否","已作答","100.00","75.00","90.00","4.05","61.13","9"
"ZJ20260813FAF57D47","2026-08-15 21:53:35","45.08","10","ITEM-00068","116","文本","情绪识别","多选题","4.50","平静｜不屑｜感动｜痛苦｜厌恶｜好奇｜悲伤｜羞耻｜愁闷｜恐惧","不屑","5","厌恶｜不屑","4｜4","未填写","已作答","66.67","37.50","55.00","2.47","84.79","3"
"ZJ20260813FAF57D47","2026-08-15 21:53:35","45.08","11","ITEM-00107","81","视频","情绪推理","多选题","4.50","担忧｜嫉妒｜怀旧｜满足｜遗憾｜厌倦｜感动｜快乐｜崇拜｜渴望","崇拜｜渴望","5｜5","快乐｜满足｜感动","5｜5｜5","否","已作答","0.00","0.00","0.00","0.00","77.00","7"
"ZJ20260813FAF57D47","2026-08-15 21:53:35","45.08","12","ITEM-00075","108","图像","情绪识别","多选题","4.50","爱｜释然｜痛苦｜失望｜愤怒｜惊喜｜震惊｜兴奋｜渴望｜平静","愤怒｜震惊｜失望","3｜4｜2","震惊｜愤怒","5｜5","否","已作答","80.00","62.50","73.00","3.29","95.89","6"
"ZJ20260813FAF57D47","2026-08-15 21:53:35","45.08","13","ITEM-00106","77","视频","情绪推理","单选题","3.50","悲伤｜冷静｜爱｜蔑视｜敌意｜厌倦｜烦躁｜释然｜震惊｜快乐","冷静","5","快乐","5","未填写","已作答","0.00","0.00","0.00","0.00","35.59","3"
"ZJ20260813FAF57D47","2026-08-15 21:53:35","45.08","14","ITEM-00070","119","文本","情绪识别","多选题","4.50","痛苦｜轻松｜内疚｜羞耻｜敌意｜感激｜快乐｜震惊｜焦虑｜困惑","敌意｜困惑｜痛苦","5｜4｜4","困惑｜痛苦","4｜5","否","已作答","80.00","87.50","83.00","3.73","55.55","8"
"ZJ20260813FAF57D47","2026-08-15 21:53:35","45.08","15","ITEM-00078","89","图像","情绪推理","多选题","4.50","尴尬｜惊喜｜审美欣赏｜悲伤｜好奇｜内疚｜满足｜厌恶｜愤怒｜委屈","尴尬｜悲伤｜委屈","3｜4｜5","内疚｜悲伤","4｜3","否","已作答","40.00","37.50","39.00","1.75","92.81","8"
"ZJ20260813FAF57D47","2026-08-15 21:53:35","45.08","16","ITEM-00148","62","视频","情绪识别","单选题","3.50","蔑视｜怨恨｜紧张｜委屈｜共情痛苦｜尴尬｜惊喜｜焦虑｜内疚｜恐惧","紧张","5","尴尬","3","否","已作答","0.00","0.00","0.00","0.00","64.20","4"
"ZJ20260813FAF57D47","2026-08-15 21:53:35","45.08","17","ITEM-00043","65","视频","情绪识别","多选题","4.50","愉悦｜怀旧｜困惑｜轻松｜内疚｜感动｜遗憾｜怨恨｜恐惧｜嫉妒","内疚｜遗憾","4｜5","怀旧｜感动｜愉悦｜遗憾","5｜3｜3｜5","否","已作答","33.33","25.00","30.00","1.35","139.80","8"
"ZJ20260813FAF57D47","2026-08-15 21:53:35","45.08","18","ITEM-00048","2","音频","情绪识别","单选题","3.50","自满｜兴奋｜失望｜羡慕｜共情痛苦｜希望｜嫉妒｜担忧｜审美欣赏｜愤怒","愤怒","3","愤怒","5","否","已作答","100.00","50.00","80.00","2.80","110.55","2"
"ZJ20260813FAF57D47","2026-08-15 21:53:35","45.08","19","ITEM-00141","67","文本","情绪推理","多选题","4.50","愤怒｜焦虑｜惊讶｜释然｜好奇｜抑郁｜烦躁｜快乐｜自豪｜冷静","愤怒","5","愤怒｜惊讶","4｜3","否","已作答","66.67","37.50","55.00","2.47","206.00","8"
"ZJ20260813FAF57D47","2026-08-15 21:53:35","45.08","20","ITEM-00009","7","音频","情绪识别","单选题","3.50","共情痛苦｜担忧｜委屈｜痛苦｜兴奋｜惊讶｜烦躁｜紧张｜羡慕｜好奇","兴奋","4","紧张","2","否","已作答","0.00","0.00","0.00","0.00","63.13","5"
"ZJ20260813FAF57D47","2026-08-15 21:53:35","45.08","21","ITEM-00118","48","图像","情绪识别","单选题","3.50","愉悦｜悲伤｜担忧｜困惑｜厌恶｜怨恨｜厌倦｜自满｜满足｜不屑","怨恨","5","困惑","4","否","已作答","0.00","0.00","0.00","0.00","65.79","4"
"ZJ20260813FAF57D47","2026-08-15 21:53:35","45.08","22","ITEM-00104","23","文本","情绪推理","单选题","3.50","烦躁｜崇拜｜敌意｜平静｜兴奋｜羞耻｜共情痛苦｜惊讶｜悲伤｜紧张","兴奋","5","兴奋","5","未填写","已作答","100.00","100.00","100.00","3.50","78.57","3"
"ZJ20260813FAF57D47","2026-08-15 21:53:35","45.08","23","ITEM-00055","98","图像","情绪识别","多选题","4.50","震惊｜厌恶｜快乐｜委屈｜愉悦｜轻松｜兴奋｜愤怒｜自豪｜恐惧","快乐｜愉悦｜轻松","5｜5｜4","兴奋｜轻松｜愉悦｜快乐","5｜5｜5｜5","否","已作答","85.71","68.75","78.93","3.55","32.50","11"
"ZJ20260813FAF57D47","2026-08-15 21:53:35","45.08","24","ITEM-00094","88","音频","情绪识别","多选题","4.50","担忧｜渴望｜快乐｜自豪｜震惊｜兴趣｜厌倦｜羡慕｜惊讶｜愉悦","渴望｜担忧","5｜2","渴望｜兴趣","4｜5","否","已作答","50.00","37.50","45.00","2.02","78.25","8"
"ZJ20260814AC289315","2026-08-14 17:40:38","87.00","1","ITEM-00100","10","视频","情绪推理","多选题","4.50","惊讶｜轻松｜羞耻｜渴望｜恐惧｜好奇｜感激｜得意｜怀旧｜不屑","得意｜不屑","4｜4","不屑｜得意","4｜4","否","已作答","100.00","100.00","100.00","4.50","70.88","7"
"ZJ20260814AC289315","2026-08-14 17:40:38","87.00","2","ITEM-00126","86","视频","情绪识别","多选题","4.50","委屈｜愉悦｜惊喜｜蔑视｜痛苦｜绝望｜惊讶｜厌倦｜渴望｜困惑","惊讶｜惊喜","4｜4","惊讶｜愉悦","4｜5","否","已作答","50.00","50.00","50.00","2.25","35.26","5"
"ZJ20260814AC289315","2026-08-14 17:40:38","87.00","3","ITEM-00027","83","视频","情绪识别","单选题","3.50","共情痛苦｜平静｜冷静｜抑郁｜惊讶｜烦躁｜不屑｜释然｜快乐｜爱","快乐","4","快乐","4","否","已作答","100.00","100.00","100.00","3.50","33.32","3"
"ZJ20260814AC289315","2026-08-14 17:40:38","87.00","4","ITEM-00143","71","文本","情绪推理","单选题","3.50","尴尬｜烦躁｜委屈｜怀旧｜羞耻｜快乐｜蔑视｜震惊｜不屑｜怨恨","不屑","5","不屑","3","否","已作答","100.00","50.00","80.00","2.80","27.57","3"
"ZJ20260814AC289315","2026-08-14 17:40:38","87.00","5","ITEM-00145","69","音频","情绪识别","多选题","4.50","愤怒｜遗憾｜委屈｜怨恨｜内疚｜烦躁｜厌倦｜震惊｜绝望｜痛苦","愤怒｜烦躁","4｜3","愤怒｜震惊","4｜3","否","已作答","50.00","50.00","50.00","2.25","60.61","4"
"ZJ20260814AC289315","2026-08-14 17:40:38","87.00","6","ITEM-00123","8","音频","情绪识别","单选题","3.50","释然｜绝望｜惊讶｜遗憾｜烦躁｜震惊｜兴趣｜好奇｜抑郁｜蔑视","绝望","5","绝望","4","否","已作答","100.00","75.00","90.00","3.15","29.55","3"
"ZJ20260814AC289315","2026-08-14 17:40:38","87.00","7","ITEM-00013","27","图像","情绪识别","单选题","3.50","痛苦｜遗憾｜羡慕｜尴尬｜绝望｜烦躁｜委屈｜兴奋｜共情痛苦｜愤怒","愤怒","5","愤怒","5","否","已作答","100.00","100.00","100.00","3.50","10.59","3"
"ZJ20260814AC289315","2026-08-14 17:40:38","87.00","8","ITEM-00062","23","文本","情绪识别","单选题","3.50","困惑｜尴尬｜希望｜爱｜委屈｜惊喜｜愁闷｜嫉妒｜内疚｜惊讶","惊喜","5","惊喜","5","否","已作答","100.00","100.00","100.00","3.50","19.47","3"
"ZJ20260814AC289315","2026-08-14 17:40:38","87.00","9","ITEM-00034","43","图像","情绪识别","单选题","3.50","内疚｜悲伤｜紧张｜平静｜厌恶｜兴趣｜委屈｜爱｜痛苦｜焦虑","爱","5","爱","5","是","已作答","100.00","100.00","100.00","3.50","8.44","3"
"ZJ20260814AC289315","2026-08-14 17:40:38","87.00","10","ITEM-00105","2","音频","情绪推理","多选题","4.50","紧张｜不屑｜内疚｜焦虑｜满足｜好奇｜愉悦｜遗憾｜担忧｜尴尬","紧张｜内疚｜焦虑","5｜3｜4","焦虑｜紧张｜内疚","4｜5｜4","否","已作答","100.00","91.67","96.67","4.35","52.87","6"
"ZJ20260814AC289315","2026-08-14 17:40:38","87.00","11","ITEM-00124","22","音频","情绪识别","单选题","3.50","轻松｜释然｜爱｜困惑｜紧张｜厌恶｜崇拜｜愤怒｜失望｜痛苦","释然","5","释然","3","否","已作答","100.00","50.00","80.00","2.80","27.92","3"
"ZJ20260814AC289315","2026-08-14 17:40:38","87.00","12","ITEM-00078","89","图像","情绪推理","多选题","4.50","共情痛苦｜敌意｜内疚｜焦虑｜怨恨｜满足｜怀旧｜绝望｜希望｜悲伤","悲伤｜内疚｜焦虑","5｜5｜4","内疚｜悲伤","4｜3","否","已作答","80.00","62.50","73.00","3.29","34.24","8"
"ZJ20260814AC289315","2026-08-14 17:40:38","87.00","13","ITEM-00083","73","视频","情绪识别","多选题","4.50","释然｜审美欣赏｜烦躁｜愉悦｜震惊｜愁闷｜爱｜抑郁｜厌倦｜冷静","释然｜爱","5｜4","爱｜释然","5｜5","是","已作答","100.00","87.50","95.00","4.28","57.63","5"
"ZJ20260814AC289315","2026-08-14 17:40:38","87.00","14","ITEM-00053","95","图像","情绪识别","多选题","4.50","共情痛苦｜内疚｜委屈｜自豪｜悲伤｜绝望｜失望｜紧张｜自满｜敌意","绝望｜悲伤","5｜4","悲伤｜委屈｜绝望","3｜3｜5","否","已作答","80.00","58.33","71.33","3.21","22.26","5"
"ZJ20260814AC289315","2026-08-14 17:40:38","87.00","15","ITEM-00096","74","文本","情绪识别","多选题","4.50","震惊｜平静｜崇拜｜好奇｜惊喜｜审美欣赏｜感激｜蔑视｜愉悦｜遗憾","审美欣赏｜愉悦","5｜5","审美欣赏｜愉悦","5｜5","是","已作答","100.00","100.00","100.00","4.50","14.78","5"
"ZJ20260814AC289315","2026-08-14 17:40:38","87.00","16","ITEM-00140","63","文本","情绪推理","多选题","4.50","遗憾｜轻松｜羡慕｜自豪｜兴奋｜惊喜｜恐惧｜厌恶｜敌意｜焦虑","兴奋｜惊喜","5｜5","惊喜｜兴奋","4｜4","否","已作答","100.00","75.00","90.00","4.05","15.54","5"
"ZJ20260814AC289315","2026-08-14 17:40:38","87.00","17","ITEM-00134","67","文本","情绪识别","多选题","4.50","愁闷｜感动｜冷静｜审美欣赏｜羡慕｜兴奋｜敌意｜焦虑｜不屑｜厌恶","敌意｜不屑｜厌恶","4｜4｜5","不屑｜敌意","5｜3","否","已作答","80.00","75.00","78.00","3.51","34.77","9"
"ZJ20260814AC289315","2026-08-14 17:40:38","87.00","18","ITEM-00004","62","视频","情绪推理","单选题","3.50","抑郁｜困惑｜厌倦｜愉悦｜轻松｜尴尬｜释然｜遗憾｜委屈｜愁闷","尴尬","3","尴尬","3","否","已作答","100.00","100.00","100.00","3.50","26.70","2"
"ZJ20260814AC289315","2026-08-14 17:40:38","87.00","19","ITEM-00058","102","图像","情绪识别","多选题","4.50","愉悦｜紧张｜内疚｜悲伤｜烦躁｜希望｜好奇｜自豪｜羡慕｜感动","感动｜愉悦｜希望","5｜4｜4","感动｜愉悦","4｜4","是","已作答","80.00","87.50","83.00","3.73","56.65","7"
"ZJ20260814AC289315","2026-08-14 17:40:38","87.00","20","ITEM-00097","82","文本","情绪识别","多选题","4.50","崇拜｜自豪｜快乐｜惊喜｜抑郁｜轻松｜委屈｜焦虑｜厌恶｜尴尬","快乐｜轻松","4｜5","轻松｜快乐","4｜4","否","已作答","100.00","87.50","95.00","4.28","19.34","7"
"ZJ20260814AC289315","2026-08-14 17:40:38","87.00","21","ITEM-00079","61","视频","情绪推理","多选题","4.50","抑郁｜快乐｜怨恨｜失望｜兴奋｜好奇｜委屈｜渴望｜悲伤｜不屑","委屈｜失望｜悲伤","5｜4｜4","委屈｜悲伤","3｜3","否","已作答","80.00","62.50","73.00","3.29","38.87","7"
"ZJ20260814AC289315","2026-08-14 17:40:38","87.00","22","ITEM-00129","103","图像","情绪识别","多选题","4.50","遗憾｜惊喜｜厌倦｜共情痛苦｜困惑｜敌意｜内疚｜绝望｜自豪｜不屑","敌意｜不屑","3｜4","不屑｜敌意","5｜3","否","已作答","100.00","87.50","95.00","4.28","12.26","4"
"ZJ20260814AC289315","2026-08-14 17:40:38","87.00","23","ITEM-00084","78","音频","情绪推理","多选题","4.50","震惊｜烦躁｜怀旧｜审美欣赏｜蔑视｜嫉妒｜紧张｜惊喜｜羞耻｜担忧","烦躁｜羞耻","5｜4","羞耻｜烦躁","4｜5","否","已作答","100.00","100.00","100.00","4.50","38.16","5"
"ZJ20260814AC289315","2026-08-14 17:40:38","87.00","24","ITEM-00091","59","音频","情绪识别","多选题","4.50","不屑｜嫉妒｜自满｜快乐｜崇拜｜紧张｜内疚｜震惊｜焦虑｜痛苦","痛苦｜内疚","5｜5","内疚｜痛苦","5｜5","否","已作答","100.00","100.00","100.00","4.50","26.84","5"
"ZJ202608135E4C7DD1","2026-08-13 23:31:46","29.78","1","ITEM-00143","71","文本","情绪推理","单选题","3.50","共情痛苦｜渴望｜怀旧｜委屈｜不屑｜烦躁｜希望｜震惊｜释然｜担忧","不屑","3","不屑","3","否","已作答","100.00","100.00","100.00","3.50","93.08","2"
"ZJ202608135E4C7DD1","2026-08-13 23:31:46","29.78","2","ITEM-00063","110","图像","情绪识别","多选题","4.50","厌恶｜轻松｜感动｜蔑视｜内疚｜审美欣赏｜绝望｜愉悦｜羞耻｜感激","审美欣赏","3","轻松｜愉悦","5｜4","是","已作答","0.00","0.00","0.00","0.00","32.62","2"
"ZJ202608135E4C7DD1","2026-08-13 23:31:46","29.78","3","ITEM-00149","60","视频","情绪推理","单选题","2.50","失望｜愁闷｜平静｜抑郁｜担忧｜愉悦｜怀旧｜困惑｜厌恶｜绝望","愁闷","3","担忧","4","否","已作答","0.00","0.00","0.00","0.00","126.88","2"
"ZJ202608135E4C7DD1","2026-08-13 23:31:46","29.78","4","ITEM-00102","57","视频","情绪推理","多选题","4.50","快乐｜愤怒｜怀旧｜怨恨｜遗憾｜抑郁｜担忧｜震惊｜烦躁｜冷静","愤怒｜担忧｜烦躁","3｜3｜3","愤怒｜烦躁","5｜5","否","已作答","80.00","50.00","68.00","3.06","98.32","4"
"ZJ202608135E4C7DD1","2026-08-13 23:31:46","29.78","5","ITEM-00052","94","图像","情绪识别","多选题","4.50","震惊｜审美欣赏｜厌恶｜绝望｜紧张｜委屈｜希望｜痛苦｜快乐｜愤怒","厌恶｜绝望｜委屈｜痛苦","3｜3｜3｜3","绝望｜痛苦｜委屈","5｜5｜4","是","已作答","85.71","58.33","74.76","3.36","15.99","5"
"ZJ202608135E4C7DD1","2026-08-13 23:31:46","29.78","6","ITEM-00140","63","文本","情绪推理","多选题","4.50","恐惧｜兴奋｜惊喜｜蔑视｜紧张｜失望｜遗憾｜快乐｜共情痛苦｜感动","蔑视","3","惊喜｜兴奋","4｜4","否","已作答","0.00","0.00","0.00","0.00","56.75","2"
"ZJ202608135E4C7DD1","2026-08-13 23:31:46","29.78","7","ITEM-00093","75","音频","情绪识别","多选题","4.50","失望｜渴望｜尴尬｜厌恶｜自豪｜委屈｜遗憾｜悲伤｜释然｜快乐","释然","3","委屈｜悲伤","5｜5","否","已作答","0.00","0.00","0.00","0.00","16.29","4"
"ZJ202608135E4C7DD1","2026-08-13 23:31:46","29.78","8","ITEM-00095","59","文本","情绪识别","多选题","4.50","焦虑｜遗憾｜痛苦｜自满｜委屈｜愉悦｜紧张｜平静｜内疚｜希望","焦虑｜紧张｜内疚","3｜3｜3","内疚｜痛苦","5｜5","否","已作答","40.00","25.00","34.00","1.53","45.68","4"
"ZJ202608135E4C7DD1","2026-08-13 23:31:46","29.78","9","ITEM-00029","34","图像","情绪识别","单选题","3.50","担忧｜敌意｜爱｜绝望｜紧张｜厌恶｜愤怒｜轻松｜羞耻｜痛苦","痛苦","3","厌恶","5","否","已作答","0.00","0.00","0.00","0.00","21.90","4"
"ZJ202608135E4C7DD1","2026-08-13 23:31:46","29.78","10","ITEM-00087","77","视频","情绪识别","多选题","4.50","兴奋｜蔑视｜失望｜尴尬｜希望｜平静｜好奇｜惊喜｜爱｜敌意","好奇｜爱","3｜3","兴奋｜爱｜惊喜","5｜5｜5","是","已作答","40.00","16.67","30.67","1.38","30.23","5"
"ZJ202608135E4C7DD1","2026-08-13 23:31:46","29.78","11","ITEM-00124","22","音频","情绪识别","单选题","3.50","平静｜释然｜满足｜困惑｜绝望｜轻松｜不屑｜厌倦｜渴望｜爱","轻松","3","释然","3","否","已作答","0.00","0.00","0.00","0.00","8.13","4"
"ZJ202608135E4C7DD1","2026-08-13 23:31:46","29.78","12","ITEM-00109","88","音频","情绪推理","多选题","4.50","平静｜厌倦｜自满｜惊讶｜抑郁｜委屈｜遗憾｜困惑｜尴尬｜审美欣赏","自满","3","厌倦｜困惑","3｜3","否","已作答","0.00","0.00","0.00","0.00","9.83","2"
"ZJ202608135E4C7DD1","2026-08-13 23:31:46","29.78","13","ITEM-00041","54","文本","情绪识别","单选题","3.50","震惊｜希望｜抑郁｜愤怒｜尴尬｜担忧｜崇拜｜自满｜紧张｜审美欣赏","愤怒","3","自满","4","否","已作答","0.00","0.00","0.00","0.00","26.53","4"
"ZJ202608135E4C7DD1","2026-08-13 23:31:46","29.78","14","ITEM-00009","7","音频","情绪识别","单选题","3.50","悲伤｜渴望｜惊讶｜失望｜紧张｜敌意｜怀旧｜绝望｜厌倦｜感激","惊讶","3","紧张","2","否","已作答","0.00","0.00","0.00","0.00","16.38","2"
"ZJ202608135E4C7DD1","2026-08-13 23:31:46","29.78","15","ITEM-00085","76","视频","情绪识别","多选题","4.50","怀旧｜内疚｜兴奋｜愉悦｜轻松｜自豪｜惊讶｜厌倦｜紧张｜焦虑","兴奋｜自豪","3｜3","自豪｜兴奋","5｜5","是","已作答","100.00","50.00","80.00","3.60","24.15","3"
"ZJ202608135E4C7DD1","2026-08-13 23:31:46","29.78","16","ITEM-00139","37","图像","情绪推理","多选题","4.50","感动｜快乐｜焦虑｜敬畏｜怀旧｜不屑｜共情痛苦｜愤怒｜震惊｜羡慕","敬畏","3","焦虑｜敬畏","3｜4","是","已作答","66.67","37.50","55.00","2.47","26.06","3"
"ZJ202608135E4C7DD1","2026-08-13 23:31:46","29.78","17","ITEM-00101","55","视频","情绪推理","多选题","4.50","渴望｜感激｜愤怒｜尴尬｜遗憾｜怀旧｜惊讶｜困惑｜蔑视｜委屈","委屈｜愤怒","3｜3","尴尬｜困惑","4｜4","是","已作答","0.00","0.00","0.00","0.00","60.02","7"
"ZJ202608135E4C7DD1","2026-08-13 23:31:46","29.78","18","ITEM-00017","10","视频","情绪识别","单选题","3.50","释然｜兴奋｜渴望｜困惑｜感激｜恐惧｜敌意｜痛苦｜愤怒｜怀旧","敌意","3","愤怒","5","否","已作答","0.00","0.00","0.00","0.00","47.18","3"
"ZJ202608135E4C7DD1","2026-08-13 23:31:46","29.78","19","ITEM-00086","79","音频","情绪推理","多选题","4.50","感激｜震惊｜厌倦｜烦躁｜平静｜希望｜困惑｜愉悦｜抑郁｜嫉妒","震惊｜嫉妒","3｜3","烦躁｜厌倦","4｜4","否","已作答","0.00","0.00","0.00","0.00","8.98","3"
"ZJ202608135E4C7DD1","2026-08-13 23:31:46","29.78","20","ITEM-00064","111","图像","情绪识别","多选题","4.50","愤怒｜自豪｜愉悦｜平静｜愁闷｜怨恨｜怀旧｜释然｜绝望｜遗憾","释然","3","释然｜愉悦","3｜5","否","已作答","66.67","50.00","60.00","2.70","21.05","4"
"ZJ202608135E4C7DD1","2026-08-13 23:31:46","29.78","21","ITEM-00067","114","图像","情绪识别","单选题","3.50","蔑视｜兴趣｜自豪｜震惊｜审美欣赏｜感动｜快乐｜崇拜｜愤怒｜遗憾","感动","3","震惊","4","否","已作答","0.00","0.00","0.00","0.00","24.72","3"
"ZJ202608135E4C7DD1","2026-08-13 23:31:46","29.78","22","ITEM-00134","67","文本","情绪识别","多选题","4.50","轻松｜紧张｜不屑｜快乐｜绝望｜困惑｜敌意｜遗憾｜尴尬｜惊喜","不屑｜敌意","3｜3","不屑｜敌意","5｜3","否","已作答","100.00","75.00","90.00","4.05","34.59","3"
"ZJ202608135E4C7DD1","2026-08-13 23:31:46","29.78","23","ITEM-00070","119","文本","情绪识别","多选题","4.50","自豪｜怀旧｜厌倦｜快乐｜释然｜遗憾｜恐惧｜兴趣｜困惑｜痛苦","困惑｜痛苦","3｜3","困惑｜痛苦","4｜5","否","已作答","100.00","62.50","85.00","3.83","50.85","3"
"ZJ202608135E4C7DD1","2026-08-13 23:31:46","29.78","24","ITEM-00076","78","音频","情绪识别","多选题","4.50","兴趣｜悲伤｜自满｜烦躁｜羞耻｜嫉妒｜厌恶｜怀旧｜敌意｜满足","悲伤","3","羞耻｜烦躁","4｜5","否","已作答","0.00","0.00","0.00","0.00","7.92","2"
"ZJ202608132A3CC2DB","2026-08-13 22:38:27","41.16","1","ITEM-00132","37","图像","情绪识别","多选题","4.50","平静｜不屑｜愁闷｜嫉妒｜紧张｜愤怒｜愉悦｜尴尬｜审美欣赏｜恭敬","不屑｜恭敬","3｜3","平静｜恭敬","5｜5","否","已作答","50.00","25.00","40.00","1.80","39.71","5"
"ZJ202608132A3CC2DB","2026-08-13 22:38:27","41.16","2","ITEM-00044","80","视频","情绪识别","多选题","4.50","爱｜痛苦｜遗憾｜惊讶｜惊喜｜愤怒｜紧张｜蔑视｜尴尬｜绝望","紧张","4","紧张｜惊讶","4｜4","否","已作答","66.67","50.00","60.00","2.70","16.80","3"
"ZJ202608132A3CC2DB","2026-08-13 22:38:27","41.16","3","ITEM-00078","89","图像","情绪推理","多选题","4.50","希望｜嫉妒｜审美欣赏｜失望｜厌恶｜悲伤｜平静｜惊喜｜内疚｜恐惧","失望｜厌恶｜悲伤","3｜3｜3","内疚｜悲伤","4｜3","否","已作答","40.00","50.00","44.00","1.98","23.27","4"
"ZJ202608132A3CC2DB","2026-08-13 22:38:27","41.16","4","ITEM-00123","8","音频","情绪识别","单选题","3.50","惊喜｜好奇｜恐惧｜希望｜渴望｜兴趣｜厌倦｜满足｜绝望｜失望","恐惧","3","绝望","4","未填写","已作答","0.00","0.00","0.00","0.00","23.63","1"
"ZJ202608132A3CC2DB","2026-08-13 22:38:27","41.16","5","ITEM-00004","62","视频","情绪推理","单选题","3.50","愤怒｜感激｜冷静｜好奇｜崇拜｜怨恨｜渴望｜不屑｜尴尬｜快乐","尴尬","4","尴尬","3","否","已作答","100.00","75.00","90.00","3.15","19.98","3"
"ZJ202608132A3CC2DB","2026-08-13 22:38:27","41.16","6","ITEM-00142","68","文本","情绪推理","单选题","3.50","厌恶｜遗憾｜内疚｜羡慕｜愉悦｜抑郁｜尴尬｜敌意｜快乐｜兴奋","敌意","4","敌意","4","未填写","已作答","100.00","100.00","100.00","3.50","19.96","2"
"ZJ202608132A3CC2DB","2026-08-13 22:38:27","41.16","7","ITEM-00095","59","文本","情绪识别","多选题","4.50","厌倦｜痛苦｜震惊｜感激｜满足｜内疚｜轻松｜尴尬｜愁闷｜嫉妒","内疚","5","内疚｜痛苦","5｜5","否","已作答","66.67","50.00","60.00","2.70","11.25","3"
"ZJ202608132A3CC2DB","2026-08-13 22:38:27","41.16","8","ITEM-00021","14","视频","情绪识别","单选题","3.50","厌倦｜怀旧｜渴望｜绝望｜内疚｜怨恨｜不屑｜愁闷｜惊喜｜悲伤","惊喜","3","怀旧","4","否","已作答","0.00","0.00","0.00","0.00","47.69","2"
"ZJ202608132A3CC2DB","2026-08-13 22:38:27","41.16","9","ITEM-00102","57","视频","情绪推理","多选题","4.50","惊讶｜震惊｜轻松｜担忧｜烦躁｜失望｜遗憾｜释然｜愤怒｜羡慕","烦躁｜失望","4｜3","愤怒｜烦躁","5｜5","未填写","已作答","50.00","37.50","45.00","2.02","31.01","3"
"ZJ202608132A3CC2DB","2026-08-13 22:38:27","41.16","10","ITEM-00122","5","文本","情绪识别","单选题","3.50","兴奋｜嫉妒｜痛苦｜感动｜羞耻｜内疚｜绝望｜惊喜｜羡慕｜审美欣赏","嫉妒","3","羡慕","4","否","已作答","0.00","0.00","0.00","0.00","18.72","6"
"ZJ202608132A3CC2DB","2026-08-13 22:38:27","41.16","11","ITEM-00141","67","文本","情绪推理","多选题","4.50","尴尬｜惊讶｜悲伤｜困惑｜愤怒｜怨恨｜敌意｜抑郁｜愁闷｜遗憾","愤怒","4","愤怒｜惊讶","4｜3","否","已作答","66.67","50.00","60.00","2.70","82.29","3"
"ZJ202608132A3CC2DB","2026-08-13 22:38:27","41.16","12","ITEM-00121","106","图像","情绪识别","单选题","3.50","委屈｜惊讶｜失望｜轻松｜怀旧｜审美欣赏｜担忧｜快乐｜平静｜抑郁","担忧","3","惊讶","5","否","已作答","0.00","0.00","0.00","0.00","12.83","2"
"ZJ202608132A3CC2DB","2026-08-13 22:38:27","41.16","13","ITEM-00010","63","文本","情绪识别","多选题","4.50","希望｜惊喜｜轻松｜惊讶｜平静｜审美欣赏｜兴奋｜恐惧｜委屈｜自满","惊喜","3","惊喜｜兴奋","4｜4","否","已作答","66.67","37.50","55.00","2.47","12.20","2"
"ZJ202608132A3CC2DB","2026-08-13 22:38:27","41.16","14","ITEM-00125","85","视频","情绪识别","多选题","4.50","蔑视｜爱｜痛苦｜嫉妒｜自豪｜困惑｜不屑｜感激｜感动｜愉悦","感激｜蔑视｜愉悦","3｜3｜3","感激｜愉悦｜不屑","5｜5｜3","否","已作答","66.67","33.33","53.33","2.40","43.92","6"
"ZJ202608132A3CC2DB","2026-08-13 22:38:27","41.16","15","ITEM-00007","29","图像","情绪识别","单选题","3.50","羡慕｜惊讶｜委屈｜惊喜｜绝望｜怀旧｜冷静｜共情痛苦｜敌意｜嫉妒","共情痛苦","3","惊讶","3","否","已作答","0.00","0.00","0.00","0.00","13.18","2"
"ZJ202608132A3CC2DB","2026-08-13 22:38:27","41.16","16","ITEM-00073","107","图像","情绪识别","多选题","4.50","爱｜怀旧｜感动｜困惑｜自满｜冷静｜愁闷｜兴趣｜羞耻｜焦虑","爱｜感动","4｜3","感动｜爱","5｜5","否","已作答","100.00","62.50","85.00","3.83","26.21","4"
"ZJ202608132A3CC2DB","2026-08-13 22:38:27","41.16","17","ITEM-00084","78","音频","情绪推理","多选题","4.50","烦躁｜绝望｜担忧｜嫉妒｜平静｜羞耻｜冷静｜释然｜震惊｜怀旧","嫉妒｜震惊","4｜3","羞耻｜烦躁","4｜5","否","已作答","0.00","0.00","0.00","0.00","19.41","4"
"ZJ202608132A3CC2DB","2026-08-13 22:38:27","41.16","18","ITEM-00094","88","音频","情绪识别","多选题","4.50","感激｜委屈｜希望｜震惊｜绝望｜渴望｜敌意｜遗憾｜厌恶｜兴趣","震惊","3","渴望｜兴趣","4｜5","否","已作答","0.00","0.00","0.00","0.00","24.72","2"
"ZJ202608132A3CC2DB","2026-08-13 22:38:27","41.16","19","ITEM-00057","23","音频","情绪识别","单选题","3.50","委屈｜烦躁｜羞耻｜惊喜｜平静｜厌恶｜尴尬｜震惊｜厌倦｜满足","烦躁","3","惊喜","5","未填写","已作答","0.00","0.00","0.00","0.00","14.80","1"
"ZJ202608132A3CC2DB","2026-08-13 22:38:27","41.16","20","ITEM-00137","69","音频","情绪识别","多选题","4.50","焦虑｜轻松｜尴尬｜怀旧｜渴望｜遗憾｜愤怒｜轻视｜震惊｜冷静","愤怒｜轻视","4｜3","愤怒｜轻视","4｜4","否","已作答","100.00","87.50","95.00","4.28","23.18","4"
"ZJ202608132A3CC2DB","2026-08-13 22:38:27","41.16","21","ITEM-00050","92","图像","情绪识别","多选题","4.50","释然｜紧张｜崇拜｜怨恨｜感激｜敌意｜自满｜愉悦｜不屑｜感动","怨恨｜敌意｜不屑","4｜3｜3","敌意｜怨恨","5｜5","未填写","已作答","80.00","62.50","73.00","3.29","8.50","4"
"ZJ202608132A3CC2DB","2026-08-13 22:38:27","41.16","22","ITEM-00079","61","视频","情绪推理","多选题","4.50","震惊｜委屈｜遗憾｜爱｜不屑｜厌倦｜惊喜｜悲伤｜感动｜兴趣","委屈","3","委屈｜悲伤","3｜3","否","已作答","66.67","50.00","60.00","2.70","27.47","2"
"ZJ202608132A3CC2DB","2026-08-13 22:38:27","41.16","23","ITEM-00105","2","音频","情绪推理","多选题","4.50","失望｜怨恨｜羡慕｜内疚｜平静｜羞耻｜紧张｜恐惧｜厌倦｜焦虑","紧张","3","焦虑｜紧张｜内疚","4｜5｜4","未填写","已作答","50.00","16.67","36.67","1.65","20.35","3"
"ZJ202608132A3CC2DB","2026-08-13 22:38:27","41.16","24","ITEM-00096","74","文本","情绪识别","多选题","4.50","嫉妒｜愁闷｜羞耻｜委屈｜好奇｜遗憾｜愉悦｜自满｜审美欣赏｜兴奋","自满｜兴奋","3｜4","审美欣赏｜愉悦","5｜5","否","已作答","0.00","0.00","0.00","0.00","14.23","4"
"ZJ20260813CE461F0E","2026-08-13 21:49:38","56.21","1","ITEM-00076","78","音频","情绪识别","多选题","4.50","感动｜震惊｜焦虑｜感激｜敌意｜怨恨｜烦躁｜担忧｜羞耻｜审美欣赏","烦躁｜敌意｜怨恨｜震惊","4｜4｜2｜1","羞耻｜烦躁","4｜5","否","已作答","33.33","37.50","35.00","1.57","96.72","13"
"ZJ20260813CE461F0E","2026-08-13 21:49:38","56.21","2","ITEM-00020","13","视频","情绪识别","单选题","3.50","怀旧｜紧张｜审美欣赏｜轻松｜尴尬｜好奇｜嫉妒｜震惊｜释然｜遗憾","紧张","4","尴尬","3","否","已作答","0.00","0.00","0.00","0.00","63.04","3"
"ZJ20260813CE461F0E","2026-08-13 21:49:38","56.21","3","ITEM-00100","10","视频","情绪推理","多选题","4.50","嫉妒｜痛苦｜感激｜紧张｜崇拜｜自满｜蔑视｜尴尬｜不屑｜得意","自满｜蔑视｜不屑｜得意","5｜4｜4｜5","不屑｜得意","4｜4","否","已作答","66.67","87.50","75.00","3.38","80.63","11"
"ZJ20260813CE461F0E","2026-08-13 21:49:38","56.21","4","ITEM-00144","118","文本","情绪推理","单选题","3.50","自豪｜轻松｜困惑｜尴尬｜嫉妒｜悲伤｜内疚｜失望｜羡慕｜平静","失望","4","失望","4","否","已作答","100.00","100.00","100.00","3.50","83.96","6"
"ZJ20260813CE461F0E","2026-08-13 21:49:38","56.21","5","ITEM-00049","17","音频","情绪识别","单选题","3.50","审美欣赏｜平静｜怀旧｜惊讶｜敌意｜共情痛苦｜尴尬｜不屑｜爱｜释然","共情痛苦","5","敌意","4","否","已作答","0.00","0.00","0.00","0.00","89.57","4"
"ZJ20260813CE461F0E","2026-08-13 21:49:38","56.21","6","ITEM-00098","1","视频","情绪推理","多选题","4.50","感动｜愤怒｜惊喜｜兴趣｜自豪｜失望｜满足｜审美欣赏｜感激｜担忧","满足","4","感激｜自豪｜满足","4｜3｜4","否","已作答","50.00","33.33","43.33","1.95","80.79","3"
"ZJ20260813CE461F0E","2026-08-13 21:49:38","56.21","7","ITEM-00105","2","音频","情绪推理","多选题","4.50","内疚｜自满｜厌恶｜崇拜｜紧张｜兴趣｜兴奋｜怨恨｜焦虑｜羡慕","内疚｜厌恶｜焦虑","4｜1｜3","焦虑｜紧张｜内疚","4｜5｜4","否","已作答","66.67","58.33","63.33","2.85","77.44","10"
"ZJ20260813CE461F0E","2026-08-13 21:49:38","56.21","8","ITEM-00061","109","图像","情绪识别","多选题","4.50","快乐｜烦躁｜共情痛苦｜愉悦｜痛苦｜兴趣｜惊讶｜希望｜审美欣赏｜遗憾","快乐｜愉悦｜兴趣","4｜4｜3","快乐｜愉悦","4｜4","否","已作答","80.00","100.00","88.00","3.96","31.80","6"
"ZJ20260813CE461F0E","2026-08-13 21:49:38","56.21","9","ITEM-00002","6","视频","情绪推理","单选题","3.50","羞耻｜感动｜怀旧｜烦躁｜快乐｜感激｜兴趣｜冷静｜自满｜惊讶","感激","4","感动","3","是","已作答","0.00","0.00","0.00","0.00","55.15","6"
"ZJ20260813CE461F0E","2026-08-13 21:49:38","56.21","10","ITEM-00141","67","文本","情绪推理","多选题","4.50","担忧｜崇拜｜怨恨｜抑郁｜不屑｜兴奋｜愤怒｜委屈｜兴趣｜惊讶","不屑｜兴趣","4｜4","愤怒｜惊讶","4｜3","否","已作答","0.00","0.00","0.00","0.00","104.63","7"
"ZJ20260813CE461F0E","2026-08-13 21:49:38","56.21","11","ITEM-00096","74","文本","情绪识别","多选题","4.50","嫉妒｜困惑｜爱｜愉悦｜感激｜蔑视｜惊讶｜审美欣赏｜烦躁｜委屈","愉悦｜感激｜审美欣赏｜爱","5｜5｜5｜5","审美欣赏｜愉悦","5｜5","否","已作答","66.67","100.00","80.00","3.60","27.75","10"
"ZJ20260813CE461F0E","2026-08-13 21:49:38","56.21","12","ITEM-00089","84","视频","情绪识别","多选题","4.50","震惊｜担忧｜羡慕｜困惑｜尴尬｜自满｜同情｜烦躁｜满足｜悲伤","震惊｜担忧｜困惑｜同情｜悲伤","4｜4｜5｜4｜4","担忧｜同情｜悲伤","5｜4｜5","否","已作答","75.00","83.33","78.33","3.53","75.91","17"
"ZJ20260813CE461F0E","2026-08-13 21:49:38","56.21","13","ITEM-00123","8","音频","情绪识别","单选题","3.50","遗憾｜感激｜愁闷｜厌恶｜感动｜爱｜烦躁｜绝望｜兴趣｜惊讶","绝望","4","绝望","4","是","已作答","100.00","100.00","100.00","3.50","32.71","7"
"ZJ20260813CE461F0E","2026-08-13 21:49:38","56.21","14","ITEM-00131","115","图像","情绪识别","多选题","4.50","担忧｜冷静｜愉悦｜惊讶｜遗憾｜紧张｜怀旧｜好奇｜震惊｜兴奋","愉悦｜兴奋","4｜5","兴奋｜愉悦","3｜4","否","已作答","100.00","75.00","90.00","4.05","26.49","7"
"ZJ20260813CE461F0E","2026-08-13 21:49:38","56.21","15","ITEM-00135","68","文本","情绪识别","多选题","4.50","惊吓｜不屑｜恐惧｜平静｜尴尬｜委屈｜抑郁｜兴趣｜感激｜厌恶","惊吓｜委屈｜厌恶｜恐惧","4｜4｜5｜3","不屑｜惊吓","5｜4","否","已作答","33.33","50.00","40.00","1.80","48.45","14"
"ZJ20260813CE461F0E","2026-08-13 21:49:38","56.21","16","ITEM-00091","59","音频","情绪识别","多选题","4.50","共情痛苦｜内疚｜担忧｜蔑视｜恐惧｜感动｜痛苦｜敌意｜希望｜绝望","内疚｜共情痛苦｜绝望","5｜4｜2","内疚｜痛苦","5｜5","否","已作答","40.00","50.00","44.00","1.98","29.12","10"
"ZJ20260813CE461F0E","2026-08-13 21:49:38","56.21","17","ITEM-00068","116","文本","情绪识别","多选题","4.50","困惑｜绝望｜厌恶｜渴望｜担忧｜羡慕｜厌倦｜焦虑｜不屑｜兴趣","厌恶｜厌倦｜不屑","5｜5｜5","厌恶｜不屑","4｜4","否","已作答","80.00","75.00","78.00","3.51","29.20","8"
"ZJ20260813CE461F0E","2026-08-13 21:49:38","56.21","18","ITEM-00139","37","图像","情绪推理","多选题","4.50","敌意｜烦躁｜敬畏｜不屑｜兴奋｜好奇｜愉悦｜焦虑｜满足｜尴尬","敬畏｜焦虑｜愉悦","5｜4｜4","焦虑｜敬畏","3｜4","否","已作答","80.00","75.00","78.00","3.51","37.62","7"
"ZJ20260813CE461F0E","2026-08-13 21:49:38","56.21","19","ITEM-00041","54","文本","情绪识别","单选题","3.50","愁闷｜感激｜自满｜困惑｜惊喜｜释然｜轻松｜厌恶｜抑郁｜绝望","愁闷","5","自满","4","否","已作答","0.00","0.00","0.00","0.00","20.75","5"
"ZJ20260813CE461F0E","2026-08-13 21:49:38","56.21","20","ITEM-00120","105","图像","情绪识别","单选题","3.50","紧张｜感激｜遗憾｜愉悦｜崇拜｜自豪｜愤怒｜羡慕｜共情痛苦｜蔑视","蔑视","5","紧张","3","否","已作答","0.00","0.00","0.00","0.00","12.43","3"
"ZJ20260813CE461F0E","2026-08-13 21:49:38","56.21","21","ITEM-00043","65","视频","情绪识别","多选题","4.50","紧张｜感激｜惊讶｜怀旧｜感动｜震惊｜遗憾｜愉悦｜失望｜悲伤","紧张｜怀旧｜遗憾｜悲伤","4｜4｜5｜5","怀旧｜感动｜愉悦｜遗憾","5｜3｜3｜5","否","已作答","50.00","43.75","47.50","2.14","40.80","11"
"ZJ20260813CE461F0E","2026-08-13 21:49:38","56.21","22","ITEM-00086","79","音频","情绪推理","多选题","4.50","烦躁｜敌意｜审美欣赏｜好奇｜厌倦｜紧张｜惊讶｜困惑｜悲伤｜恐惧","烦躁｜敌意｜厌倦","5｜4｜4","烦躁｜厌倦","4｜4","否","已作答","80.00","87.50","83.00","3.73","57.75","7"
"ZJ20260813CE461F0E","2026-08-13 21:49:38","56.21","23","ITEM-00012","26","图像","情绪识别","单选题","3.50","不屑｜冷静｜厌倦｜感激｜满足｜愤怒｜羡慕｜好奇｜羞耻｜快乐","愤怒","5","愤怒","4","否","已作答","100.00","75.00","90.00","3.15","15.25","4"
"ZJ20260813CE461F0E","2026-08-13 21:49:38","56.21","24","ITEM-00050","92","图像","情绪识别","多选题","4.50","惊喜｜烦躁｜怨恨｜轻松｜委屈｜恐惧｜羞耻｜内疚｜快乐｜敌意","怨恨｜敌意","5｜5","敌意｜怨恨","5｜5","否","已作答","100.00","100.00","100.00","4.50","29.06","7"
"ZJ20260813C88669C0","2026-08-13 21:16:32","48.56","1","ITEM-00080","65","视频","情绪推理","多选题","4.50","羞耻｜愉悦｜恐惧｜感动｜焦虑｜羡慕｜满足｜遗憾｜怀旧｜爱","羞耻｜愉悦","4｜3","怀旧｜感动｜愉悦｜遗憾","5｜3｜3｜5","未填写","已作答","33.33","25.00","30.00","1.35","167.68","3"
"ZJ20260813C88669C0","2026-08-13 21:16:32","48.56","2","ITEM-00049","17","音频","情绪识别","单选题","3.50","愉悦｜尴尬｜渴望｜快乐｜兴奋｜希望｜敌意｜羡慕｜担忧｜焦虑","敌意","5","敌意","4","未填写","已作答","100.00","75.00","90.00","3.15","80.96","3"
"ZJ20260813C88669C0","2026-08-13 21:16:32","48.56","3","ITEM-00127","87","视频","情绪识别","多选题","4.50","震惊｜释然｜困惑｜同情｜崇拜｜兴奋｜共情痛苦｜轻松｜愁闷｜蔑视","震惊｜蔑视｜困惑","4｜4｜4","震惊｜蔑视｜同情","4｜4｜3","未填写","已作答","66.67","66.67","66.67","3.00","188.32","6"
"ZJ20260813C88669C0","2026-08-13 21:16:32","48.56","4","ITEM-00135","68","文本","情绪识别","多选题","4.50","崇拜｜愁闷｜好奇｜不屑｜惊吓｜嫉妒｜共情痛苦｜烦躁｜抑郁｜愤怒","不屑｜惊吓","4｜5","不屑｜惊吓","5｜4","未填写","已作答","100.00","75.00","90.00","4.05","86.03","4"
"ZJ20260813C88669C0","2026-08-13 21:16:32","48.56","5","ITEM-00072","120","文本","情绪识别","多选题","4.50","愉悦｜满足｜绝望｜不屑｜希望｜遗憾｜恐惧｜兴趣｜轻松｜焦虑","满足｜轻松","4｜3","满足｜轻松｜愉悦｜希望｜兴趣","5｜5｜5｜5｜5","未填写","已作答","57.14","25.00","44.29","1.99","78.71","3"
"ZJ20260813C88669C0","2026-08-13 21:16:32","48.56","6","ITEM-00140","63","文本","情绪推理","多选题","4.50","委屈｜惊喜｜好奇｜希望｜厌倦｜释然｜焦虑｜冷静｜厌恶｜兴奋","惊喜｜兴奋","3｜4","惊喜｜兴奋","4｜4","未填写","已作答","100.00","87.50","95.00","4.28","51.12","7"
"ZJ20260813C88669C0","2026-08-13 21:16:32","48.56","7","ITEM-00137","69","音频","情绪识别","多选题","4.50","愉悦｜羡慕｜轻视｜愤怒｜轻松｜烦躁｜怀旧｜自满｜感动｜平静","轻视｜愤怒","3｜4","愤怒｜轻视","4｜4","未填写","已作答","100.00","87.50","95.00","4.28","54.44","3"
"ZJ20260813C88669C0","2026-08-13 21:16:32","48.56","8","ITEM-00111","31","图像","情绪识别","单选题","3.50","无奈｜愉悦｜抑郁｜绝望｜怨恨｜厌恶｜羞耻｜轻松｜羡慕｜冷静","冷静","3","无奈","3","未填写","已作答","0.00","0.00","0.00","0.00","29.18","1"
"ZJ20260813C88669C0","2026-08-13 21:16:32","48.56","9","ITEM-00108","59","音频","情绪推理","多选题","4.50","尴尬｜厌倦｜震惊｜抑郁｜痛苦｜惊喜｜感激｜恐惧｜快乐｜委屈","尴尬","4","痛苦｜抑郁","4｜4","未填写","已作答","0.00","0.00","0.00","0.00","151.58","2"
"ZJ20260813C88669C0","2026-08-13 21:16:32","48.56","10","ITEM-00001","3","视频","情绪识别","单选题","3.50","悲伤｜敌意｜不屑｜兴奋｜释然｜怨恨｜惊喜｜震惊｜平静｜希望","平静","4","震惊","3","未填写","已作答","0.00","0.00","0.00","0.00","65.73","2"
"ZJ20260813C88669C0","2026-08-13 21:16:32","48.56","11","ITEM-00078","89","图像","情绪推理","多选题","4.50","尴尬｜抑郁｜悲伤｜感动｜内疚｜崇拜｜愁闷｜渴望｜怨恨｜自豪","愁闷","3","内疚｜悲伤","4｜3","未填写","已作答","0.00","0.00","0.00","0.00","64.38","1"
"ZJ20260813C88669C0","2026-08-13 21:16:32","48.56","12","ITEM-00097","82","文本","情绪识别","多选题","4.50","失望｜共情痛苦｜惊讶｜嫉妒｜不屑｜审美欣赏｜轻松｜感激｜快乐｜释然","释然","3","轻松｜快乐","4｜4","未填写","已作答","0.00","0.00","0.00","0.00","137.03","1"
"ZJ20260813C88669C0","2026-08-13 21:16:32","48.56","13","ITEM-00090","56","音频","情绪识别","多选题","4.50","怨恨｜蔑视｜失望｜好奇｜感动｜烦躁｜痛苦｜尴尬｜内疚｜轻松","痛苦｜怨恨","3｜4","怨恨｜失望","5｜5","未填写","已作答","50.00","37.50","45.00","2.02","61.46","3"
"ZJ20260813C88669C0","2026-08-13 21:16:32","48.56","14","ITEM-00105","2","音频","情绪推理","多选题","4.50","困惑｜轻松｜嫉妒｜焦虑｜兴趣｜兴奋｜满足｜紧张｜内疚｜好奇","内疚","3","焦虑｜紧张｜内疚","4｜5｜4","未填写","已作答","50.00","25.00","40.00","1.80","50.52","1"
"ZJ20260813C88669C0","2026-08-13 21:16:32","48.56","15","ITEM-00042","61","视频","情绪识别","多选题","4.50","厌倦｜担忧｜委屈｜不屑｜冷静｜厌恶｜兴奋｜遗憾｜悲伤｜愉悦","冷静｜委屈","3｜3","委屈｜悲伤","3｜3","未填写","已作答","50.00","50.00","50.00","2.25","46.70","2"
"ZJ20260813C88669C0","2026-08-13 21:16:32","48.56","16","ITEM-00038","51","文本","情绪识别","单选题","3.50","敌意｜怀旧｜爱｜绝望｜共情痛苦｜自豪｜自满｜内疚｜嫉妒｜惊讶","自满","3","自满","3","未填写","已作答","100.00","100.00","100.00","3.50","74.41","1"
"ZJ20260813C88669C0","2026-08-13 21:16:32","48.56","17","ITEM-00123","8","音频","情绪识别","单选题","3.50","怀旧｜希望｜厌恶｜自豪｜审美欣赏｜烦躁｜愤怒｜满足｜不屑｜绝望","绝望","3","绝望","4","未填写","已作答","100.00","75.00","90.00","3.15","50.80","1"
"ZJ20260813C88669C0","2026-08-13 21:16:32","48.56","18","ITEM-00053","95","图像","情绪识别","多选题","4.50","愤怒｜嫉妒｜恐惧｜内疚｜爱｜悲伤｜怀旧｜抑郁｜委屈｜绝望","绝望｜抑郁","3｜3","悲伤｜委屈｜绝望","3｜3｜5","未填写","已作答","40.00","16.67","30.67","1.38","51.18","2"
"ZJ20260813C88669C0","2026-08-13 21:16:32","48.56","19","ITEM-00133","99","图像","情绪识别","多选题","4.50","震惊｜悲伤｜担忧｜愁闷｜困惑｜烦躁｜敌意｜平静｜厌倦｜期待","平静｜期待","3｜3","平静｜期待","4｜4","未填写","已作答","100.00","75.00","90.00","4.05","85.31","2"
"ZJ20260813C88669C0","2026-08-13 21:16:32","48.56","20","ITEM-00107","81","视频","情绪推理","多选题","4.50","困惑｜怀旧｜恐惧｜感动｜惊讶｜快乐｜感激｜震惊｜满足｜平静","快乐｜感动","3｜4","快乐｜满足｜感动","5｜5｜5","未填写","已作答","80.00","41.67","64.67","2.91","61.16","3"
"ZJ20260813C88669C0","2026-08-13 21:16:32","48.56","21","ITEM-00002","6","视频","情绪推理","单选题","3.50","恐惧｜崇拜｜厌恶｜嫉妒｜悲伤｜羡慕｜感动｜惊喜｜渴望｜怀旧","悲伤","3","感动","3","未填写","已作答","0.00","0.00","0.00","0.00","68.16","3"
"ZJ20260813C88669C0","2026-08-13 21:16:32","48.56","22","ITEM-00104","23","文本","情绪推理","单选题","3.50","愤怒｜痛苦｜爱｜烦躁｜感动｜兴奋｜紧张｜焦虑｜嫉妒｜委屈","兴奋","4","兴奋","5","未填写","已作答","100.00","75.00","90.00","3.15","53.25","2"
"ZJ20260813C88669C0","2026-08-13 21:16:32","48.56","23","ITEM-00066","113","图像","情绪识别","多选题","4.50","悲伤｜痛苦｜兴趣｜感动｜震惊｜担忧｜愉悦｜渴望｜好奇｜绝望","悲伤｜痛苦","3｜3","渴望｜痛苦｜悲伤｜绝望","4｜5｜5｜5","未填写","已作答","66.67","25.00","50.00","2.25","28.60","2"
"ZJ20260813C88669C0","2026-08-13 21:16:32","48.56","24","ITEM-00011","25","图像","情绪识别","单选题","3.50","平静｜困惑｜绝望｜感动｜嫉妒｜厌倦｜羞耻｜愁闷｜担忧｜愉悦","平静","3","担忧","4","未填写","已作答","0.00","0.00","0.00","0.00","24.53","1"
"ZJ20260813297B44F5","2026-08-13 20:54:10","43.77","1","ITEM-00125","85","视频","情绪识别","多选题","4.50","厌倦｜震惊｜痛苦｜不屑｜崇拜｜感激｜共情痛苦｜怨恨｜恐惧｜愉悦","崇拜｜感激｜不屑","5｜5｜2","感激｜愉悦｜不屑","5｜5｜3","否","已作答","66.67","58.33","63.33","2.85","20.99","11"
"ZJ20260813297B44F5","2026-08-13 20:54:10","43.77","2","ITEM-00078","89","图像","情绪推理","多选题","4.50","冷静｜痛苦｜平静｜内疚｜厌倦｜嫉妒｜感激｜自豪｜悲伤｜自满","痛苦｜悲伤","2｜2","内疚｜悲伤","4｜3","未填写","已作答","50.00","37.50","45.00","2.02","38.75","6"
"ZJ20260813297B44F5","2026-08-13 20:54:10","43.77","3","ITEM-00150","86","视频","情绪推理","多选题","4.50","厌倦｜爱｜抑郁｜内疚｜满足｜羡慕｜快乐｜怀旧｜焦虑｜好奇","满足","3","满足｜快乐","4｜3","否","已作答","66.67","37.50","55.00","2.47","33.91","2"
"ZJ20260813297B44F5","2026-08-13 20:54:10","43.77","4","ITEM-00109","88","音频","情绪推理","多选题","4.50","嫉妒｜满足｜愁闷｜羞耻｜困惑｜兴趣｜惊喜｜怨恨｜内疚｜厌倦","困惑｜厌倦","4｜4","厌倦｜困惑","3｜3","否","已作答","100.00","75.00","90.00","4.05","41.81","7"
"ZJ20260813297B44F5","2026-08-13 20:54:10","43.77","5","ITEM-00032","41","图像","情绪识别","单选题","3.50","冷静｜兴趣｜内疚｜困惑｜抑郁｜自满｜恐惧｜愉悦｜渴望｜担忧","兴趣","4","愉悦","4","未填写","已作答","0.00","0.00","0.00","0.00","32.07","2"
"ZJ20260813297B44F5","2026-08-13 20:54:10","43.77","6","ITEM-00065","112","图像","情绪识别","多选题","4.50","敌意｜抑郁｜紧张｜厌恶｜悲伤｜感动｜遗憾｜释然｜崇拜｜爱","抑郁｜悲伤","4｜2","悲伤｜遗憾｜感动｜释然","3｜4｜4｜4","否","已作答","33.33","18.75","27.50","1.24","17.46","9"
"ZJ20260813297B44F5","2026-08-13 20:54:10","43.77","7","ITEM-00069","117","文本","情绪识别","多选题","4.50","爱｜厌恶｜遗憾｜惊喜｜焦虑｜不屑｜愁闷｜愉悦｜共情痛苦｜感激","愉悦｜爱｜遗憾","4｜4｜4","感激｜爱｜愉悦","4｜4｜5","否","已作答","66.67","58.33","63.33","2.85","27.70","8"
"ZJ20260813297B44F5","2026-08-13 20:54:10","43.77","8","ITEM-00044","80","视频","情绪识别","多选题","4.50","紧张｜愤怒｜好奇｜烦躁｜惊讶｜审美欣赏｜怨恨｜抑郁｜感动｜平静","紧张｜烦躁","5｜4","紧张｜惊讶","4｜4","否","已作答","50.00","37.50","45.00","2.02","17.34","7"
"ZJ20260813297B44F5","2026-08-13 20:54:10","43.77","9","ITEM-00144","118","文本","情绪推理","单选题","3.50","冷静｜厌倦｜失望｜焦虑｜释然｜悲伤｜羞耻｜敌意｜烦躁｜兴趣","烦躁","4","失望","4","未填写","已作答","0.00","0.00","0.00","0.00","12.46","3"
"ZJ20260813297B44F5","2026-08-13 20:54:10","43.77","10","ITEM-00140","63","文本","情绪推理","多选题","4.50","兴奋｜不屑｜好奇｜怀旧｜快乐｜惊喜｜怨恨｜惊讶｜满足｜自满","兴奋｜好奇｜惊喜","4｜4｜4","惊喜｜兴奋","4｜4","未填写","已作答","80.00","100.00","88.00","3.96","17.48","8"
"ZJ20260813297B44F5","2026-08-13 20:54:10","43.77","11","ITEM-00033","44","图像","情绪识别","单选题","3.50","烦躁｜审美欣赏｜厌恶｜敌意｜震惊｜羡慕｜悲伤｜尴尬｜爱｜惊讶","震惊","4","惊讶","5","未填写","已作答","0.00","0.00","0.00","0.00","12.74","2"
"ZJ20260813297B44F5","2026-08-13 20:54:10","43.77","12","ITEM-00091","59","音频","情绪识别","多选题","4.50","感激｜困惑｜痛苦｜共情痛苦｜满足｜烦躁｜内疚｜羡慕｜冷静｜厌恶","共情痛苦｜痛苦","4｜4","内疚｜痛苦","5｜5","未填写","已作答","50.00","37.50","45.00","2.02","29.19","4"
"ZJ20260813297B44F5","2026-08-13 20:54:10","43.77","13","ITEM-00148","62","视频","情绪识别","单选题","3.50","感动｜烦躁｜厌恶｜渴望｜平静｜悲伤｜尴尬｜羞耻｜不屑｜困惑","尴尬","3","尴尬","3","未填写","已作答","100.00","100.00","100.00","3.50","19.21","1"
"ZJ20260813297B44F5","2026-08-13 20:54:10","43.77","14","ITEM-00079","61","视频","情绪推理","多选题","4.50","委屈｜痛苦｜恐惧｜感激｜蔑视｜怨恨｜惊喜｜担忧｜悲伤｜尴尬","担忧","3","委屈｜悲伤","3｜3","未填写","已作答","0.00","0.00","0.00","0.00","46.50","3"
"ZJ20260813297B44F5","2026-08-13 20:54:10","43.77","15","ITEM-00002","6","视频","情绪推理","单选题","3.50","崇拜｜厌倦｜希望｜爱｜紧张｜羡慕｜委屈｜不屑｜平静｜感动","感动","3","感动","3","未填写","已作答","100.00","100.00","100.00","3.50","40.15","3"
"ZJ20260813297B44F5","2026-08-13 20:54:10","43.77","16","ITEM-00097","82","文本","情绪识别","多选题","4.50","感动｜冷静｜震惊｜快乐｜崇拜｜审美欣赏｜厌恶｜蔑视｜轻松｜焦虑","轻松｜蔑视","4｜2","轻松｜快乐","4｜4","未填写","已作答","50.00","50.00","50.00","2.25","24.76","4"
"ZJ20260813297B44F5","2026-08-13 20:54:10","43.77","17","ITEM-00045","2","音频","情绪识别","单选题","3.50","恐惧｜惊讶｜遗憾｜愉悦｜紧张｜烦躁｜羞耻｜希望｜崇拜｜敌意","紧张","5","紧张","3","未填写","已作答","100.00","50.00","80.00","2.80","21.41","3"
"ZJ20260813297B44F5","2026-08-13 20:54:10","43.77","18","ITEM-00093","75","音频","情绪识别","多选题","4.50","绝望｜共情痛苦｜委屈｜自满｜好奇｜抑郁｜悲伤｜尴尬｜紧张｜羡慕","绝望｜紧张","4｜4","委屈｜悲伤","5｜5","未填写","已作答","0.00","0.00","0.00","0.00","34.07","4"
"ZJ20260813297B44F5","2026-08-13 20:54:10","43.77","19","ITEM-00134","67","文本","情绪识别","多选题","4.50","平静｜轻松｜不屑｜尴尬｜感激｜共情痛苦｜惊喜｜敌意｜好奇｜崇拜","敌意","4","不屑｜敌意","5｜3","未填写","已作答","66.67","37.50","55.00","2.47","40.29","2"
"ZJ20260813297B44F5","2026-08-13 20:54:10","43.77","20","ITEM-00123","8","音频","情绪识别","单选题","3.50","兴奋｜崇拜｜遗憾｜惊喜｜感激｜绝望｜担忧｜失望｜蔑视｜爱","担忧","4","绝望","4","未填写","已作答","0.00","0.00","0.00","0.00","15.04","2"
"ZJ20260813297B44F5","2026-08-13 20:54:10","43.77","21","ITEM-00071","91","图像","情绪识别","多选题","4.50","震惊｜焦虑｜悲伤｜不屑｜失望｜敌意｜遗憾｜审美欣赏｜恐惧｜自豪","焦虑｜悲伤","4｜4","失望｜震惊","5｜5","未填写","已作答","0.00","0.00","0.00","0.00","38.35","5"
"ZJ20260813297B44F5","2026-08-13 20:54:10","43.77","22","ITEM-00084","78","音频","情绪推理","多选题","4.50","困惑｜羞耻｜痛苦｜敌意｜共情痛苦｜惊喜｜烦躁｜怀旧｜好奇｜内疚","敌意｜痛苦","4｜4","羞耻｜烦躁","4｜5","未填写","已作答","0.00","0.00","0.00","0.00","23.94","4"
"ZJ20260813297B44F5","2026-08-13 20:54:10","43.77","23","ITEM-00062","23","文本","情绪识别","单选题","3.50","愉悦｜兴趣｜自满｜蔑视｜惊喜｜震惊｜希望｜愁闷｜厌恶｜厌倦","惊喜","5","惊喜","5","未填写","已作答","100.00","100.00","100.00","3.50","16.80","4"
"ZJ20260813297B44F5","2026-08-13 20:54:10","43.77","24","ITEM-00073","107","图像","情绪识别","多选题","4.50","烦躁｜内疚｜敌意｜愉悦｜共情痛苦｜焦虑｜嫉妒｜感动｜恐惧｜爱","感动｜内疚","5｜2","感动｜爱","5｜5","未填写","已作答","50.00","50.00","50.00","2.25","21.62","9"
"ZJ20260813E0D35121","2026-08-13 20:47:46","53.37","1","ITEM-00079","61","视频","情绪推理","多选题","4.50","尴尬｜厌恶｜委屈｜共情痛苦｜惊喜｜兴趣｜好奇｜悲伤｜平静｜愤怒","委屈｜尴尬｜好奇｜平静｜兴趣","3｜4｜2｜2｜3","委屈｜悲伤","3｜3","否","已作答","28.57","50.00","37.14","1.67","78.92","9"
"ZJ20260813E0D35121","2026-08-13 20:47:46","53.37","2","ITEM-00081","58","视频","情绪识别","多选题","4.50","审美欣赏｜焦虑｜兴奋｜自豪｜兴趣｜绝望｜羡慕｜痛苦｜满足｜怀旧","审美欣赏｜怀旧｜兴趣","4｜3｜3","审美欣赏｜怀旧","5｜3","是","已作答","80.00","87.50","83.00","3.73","104.45","5"
"ZJ20260813E0D35121","2026-08-13 20:47:46","53.37","3","ITEM-00136","71","文本","情绪识别","多选题","4.50","不屑｜悲伤｜恐惧｜委屈｜困惑｜崇拜｜爱｜审美欣赏｜感激｜愤怒","委屈｜困惑｜愤怒｜恐惧","4｜3｜3｜2","委屈｜恐惧｜不屑","5｜4｜4","是","已作答","57.14","41.67","50.95","2.29","42.70","7"
"ZJ20260813E0D35121","2026-08-13 20:47:46","53.37","4","ITEM-00112","35","图像","情绪识别","单选题","3.50","震惊｜烦躁｜惊喜｜紧张｜愉悦｜快乐｜恐惧｜怨恨｜审美欣赏｜焦虑","怨恨","3","烦躁","4","是","已作答","0.00","0.00","0.00","0.00","25.66","2"
"ZJ20260813E0D35121","2026-08-13 20:47:46","53.37","5","ITEM-00022","16","视频","情绪识别","单选题","3.50","怀旧｜自满｜恐惧｜烦躁｜释然｜快乐｜失望｜厌恶｜震惊｜紧张","震惊","4","震惊","5","否","已作答","100.00","75.00","90.00","3.15","31.96","4"
"ZJ20260813E0D35121","2026-08-13 20:47:46","53.37","6","ITEM-00057","23","音频","情绪识别","单选题","3.50","绝望｜蔑视｜自豪｜内疚｜愉悦｜惊喜｜痛苦｜自满｜紧张｜崇拜","蔑视","4","惊喜","5","否","已作答","0.00","0.00","0.00","0.00","34.39","3"
"ZJ20260813E0D35121","2026-08-13 20:47:46","53.37","7","ITEM-00046","89","图像","情绪识别","多选题","4.50","委屈｜绝望｜烦躁｜厌恶｜悲伤｜兴趣｜困惑｜好奇｜冷静｜内疚","委屈｜悲伤｜内疚","3｜3｜3","内疚｜悲伤","4｜3","否","已作答","80.00","87.50","83.00","3.73","18.40","4"
"ZJ20260813E0D35121","2026-08-13 20:47:46","53.37","8","ITEM-00096","74","文本","情绪识别","多选题","4.50","愉悦｜震惊｜羡慕｜审美欣赏｜满足｜焦虑｜悲伤｜崇拜｜紧张｜敌意","愉悦｜满足｜审美欣赏","3｜3｜3","审美欣赏｜愉悦","5｜5","否","已作答","80.00","50.00","68.00","3.06","20.07","4"
"ZJ20260813E0D35121","2026-08-13 20:47:46","53.37","9","ITEM-00065","112","图像","情绪识别","多选题","4.50","焦虑｜崇拜｜抑郁｜爱｜内疚｜悲伤｜释然｜感动｜愉悦｜遗憾","悲伤｜遗憾｜内疚","4｜3｜4","悲伤｜遗憾｜感动｜释然","3｜4｜4｜4","否","已作答","57.14","37.50","49.29","2.22","25.22","8"
"ZJ20260813E0D35121","2026-08-13 20:47:46","53.37","10","ITEM-00145","69","音频","情绪识别","多选题","4.50","爱｜惊喜｜感激｜痛苦｜震惊｜自满｜烦躁｜愤怒｜焦虑｜崇拜","自满｜愤怒","3｜4","愤怒｜震惊","4｜3","是","已作答","50.00","50.00","50.00","2.25","38.78","4"
"ZJ20260813E0D35121","2026-08-13 20:47:46","53.37","11","ITEM-00077","79","音频","情绪识别","多选题","4.50","尴尬｜感激｜震惊｜内疚｜爱｜厌倦｜烦躁｜崇拜｜希望｜敌意","烦躁｜厌倦｜敌意","4｜3｜2","烦躁｜厌倦","4｜4","否","已作答","80.00","87.50","83.00","3.73","22.41","6"
"ZJ20260813E0D35121","2026-08-13 20:47:46","53.37","12","ITEM-00109","88","音频","情绪推理","多选题","4.50","兴奋｜兴趣｜感动｜自豪｜困惑｜羡慕｜绝望｜厌倦｜愁闷｜冷静","困惑｜厌倦｜愁闷","3｜3｜4","厌倦｜困惑","3｜3","否","已作答","80.00","100.00","88.00","3.96","89.60","5"
"ZJ20260813E0D35121","2026-08-13 20:47:46","53.37","13","ITEM-00142","68","文本","情绪推理","单选题","3.50","痛苦｜恐惧｜崇拜｜敌意｜释然｜冷静｜焦虑｜厌恶｜感动｜爱","厌恶","3","敌意","4","否","已作答","0.00","0.00","0.00","0.00","24.73","2"
"ZJ20260813E0D35121","2026-08-13 20:47:46","53.37","14","ITEM-00139","37","图像","情绪推理","多选题","4.50","失望｜恐惧｜痛苦｜敬畏｜委屈｜平静｜怀旧｜敌意｜惊喜｜焦虑","敬畏","4","焦虑｜敬畏","3｜4","是","已作答","66.67","50.00","60.00","2.70","17.93","3"
"ZJ20260813E0D35121","2026-08-13 20:47:46","53.37","15","ITEM-00004","62","视频","情绪推理","单选题","3.50","尴尬｜遗憾｜震惊｜焦虑｜轻松｜审美欣赏｜委屈｜满足｜恐惧｜爱","震惊","3","尴尬","3","否","已作答","0.00","0.00","0.00","0.00","31.64","3"
"ZJ20260813E0D35121","2026-08-13 20:47:46","53.37","16","ITEM-00108","59","音频","情绪推理","多选题","4.50","绝望｜担忧｜抑郁｜愁闷｜困惑｜痛苦｜厌倦｜愉悦｜不屑｜共情痛苦","愁闷｜担忧","4｜3","痛苦｜抑郁","4｜4","否","已作答","0.00","0.00","0.00","0.00","69.95","4"
"ZJ20260813E0D35121","2026-08-13 20:47:46","53.37","17","ITEM-00121","106","图像","情绪识别","单选题","3.50","焦虑｜悲伤｜爱｜恐惧｜尴尬｜惊讶｜不屑｜遗憾｜惊喜｜愤怒","惊讶","5","惊讶","5","是","已作答","100.00","100.00","100.00","3.50","70.01","6"
"ZJ20260813E0D35121","2026-08-13 20:47:46","53.37","18","ITEM-00110","59","文本","情绪推理","多选题","4.50","紧张｜抑郁｜满足｜恐惧｜失望｜痛苦｜共情痛苦｜蔑视｜惊讶｜爱","紧张｜痛苦","3｜3","痛苦｜抑郁","4｜4","否","已作答","50.00","37.50","45.00","2.02","68.13","3"
"ZJ20260813E0D35121","2026-08-13 20:47:46","53.37","19","ITEM-00045","2","音频","情绪识别","单选题","3.50","失望｜怀旧｜嫉妒｜紧张｜蔑视｜自豪｜遗憾｜委屈｜痛苦｜不屑","委屈","4","紧张","3","否","已作答","0.00","0.00","0.00","0.00","54.05","4"
"ZJ20260813E0D35121","2026-08-13 20:47:46","53.37","20","ITEM-00102","57","视频","情绪推理","多选题","4.50","愁闷｜愤怒｜自豪｜烦躁｜审美欣赏｜紧张｜担忧｜尴尬｜恐惧｜平静","烦躁","4","愤怒｜烦躁","5｜5","是","已作答","66.67","37.50","55.00","2.47","37.57","3"
"ZJ20260813E0D35121","2026-08-13 20:47:46","53.37","21","ITEM-00068","116","文本","情绪识别","多选题","4.50","焦虑｜惊喜｜蔑视｜震惊｜自满｜感动｜感激｜不屑｜厌恶｜共情痛苦","蔑视｜不屑","3｜4","厌恶｜不屑","4｜4","否","已作答","50.00","50.00","50.00","2.25","13.65","4"
"ZJ20260813E0D35121","2026-08-13 20:47:46","53.37","22","ITEM-00047","90","图像","情绪识别","多选题","4.50","愤怒｜爱｜痛苦｜紧张｜自满｜快乐｜震惊｜惊喜｜平静｜愉悦","快乐｜惊喜｜愉悦","4｜2｜3","惊喜｜快乐｜愉悦","5｜5｜5","否","已作答","100.00","50.00","80.00","3.60","14.34","6"
"ZJ20260813E0D35121","2026-08-13 20:47:46","53.37","23","ITEM-00038","51","文本","情绪识别","单选题","3.50","愉悦｜希望｜焦虑｜兴趣｜嫉妒｜蔑视｜共情痛苦｜震惊｜自满｜委屈","自满","3","自满","3","否","已作答","100.00","100.00","100.00","3.50","15.83","2"
"ZJ20260813E0D35121","2026-08-13 20:47:46","53.37","24","ITEM-00044","80","视频","情绪识别","多选题","4.50","惊讶｜敌意｜困惑｜紧张｜悲伤｜平静｜厌恶｜怨恨｜释然｜愁闷","敌意｜紧张｜惊讶","3｜3｜3","紧张｜惊讶","4｜4","是","已作答","80.00","75.00","78.00","3.51","16.96","4"
"ZJ20260813DC44AC4B","2026-08-13 20:41:25","60.88","1","ITEM-00089","84","视频","情绪识别","多选题","4.50","同情｜紧张｜嫉妒｜困惑｜担忧｜痛苦｜悲伤｜审美欣赏｜怀旧｜焦虑","同情｜紧张｜困惑｜担忧｜悲伤","4｜3｜5｜4｜3","担忧｜同情｜悲伤","5｜4｜5","否","已作答","75.00","75.00","75.00","3.38","105.37","14"
"ZJ20260813DC44AC4B","2026-08-13 20:41:25","60.88","2","ITEM-00072","120","文本","情绪识别","多选题","4.50","愤怒｜轻松｜兴趣｜烦躁｜希望｜满足｜抑郁｜愉悦｜愁闷｜不屑","轻松｜兴趣｜希望｜满足｜愉悦","4｜5｜4｜5｜4","满足｜轻松｜愉悦｜希望｜兴趣","5｜5｜5｜5｜5","否","已作答","100.00","85.00","94.00","4.23","71.13","12"
"ZJ20260813DC44AC4B","2026-08-13 20:41:25","60.88","3","ITEM-00108","59","音频","情绪推理","多选题","4.50","委屈｜痛苦｜尴尬｜不屑｜释然｜抑郁｜羡慕｜兴奋｜恐惧｜好奇","委屈｜痛苦｜释然｜抑郁｜恐惧","5｜5｜4｜4｜2","痛苦｜抑郁","4｜4","否","已作答","57.14","87.50","69.29","3.12","79.94","12"
"ZJ20260813DC44AC4B","2026-08-13 20:41:25","60.88","4","ITEM-00109","88","音频","情绪推理","多选题","4.50","厌倦｜悲伤｜震惊｜敌意｜愉悦｜痛苦｜渴望｜困惑｜怀旧｜紧张","敌意｜震惊｜渴望｜困惑｜悲伤","5｜4｜3｜4｜1","厌倦｜困惑","3｜3","否","已作答","28.57","37.50","32.14","1.45","99.58","13"
"ZJ20260813DC44AC4B","2026-08-13 20:41:25","60.88","5","ITEM-00077","79","音频","情绪识别","多选题","4.50","恐惧｜惊讶｜烦躁｜释然｜厌倦｜担忧｜怀旧｜绝望｜失望｜内疚","烦躁｜厌倦｜绝望｜惊讶｜失望","5｜4｜2｜4｜1","烦躁｜厌倦","4｜4","否","已作答","57.14","87.50","69.29","3.12","79.50","12"
"ZJ20260813DC44AC4B","2026-08-13 20:41:25","60.88","6","ITEM-00080","65","视频","情绪推理","多选题","4.50","愉悦｜悲伤｜恐惧｜希望｜羞耻｜厌恶｜感动｜羡慕｜怀旧｜遗憾","悲伤｜怀旧｜遗憾｜希望｜感动","5｜5｜5｜3｜4","怀旧｜感动｜愉悦｜遗憾","5｜3｜3｜5","否","已作答","66.67","68.75","67.50","3.04","85.80","15"
"ZJ20260813DC44AC4B","2026-08-13 20:41:25","60.88","7","ITEM-00146","118","文本","情绪识别","多选题","4.50","厌恶｜渴望｜愤怒｜怨恨｜羡慕｜满足｜烦躁｜释然｜失望｜感动","厌恶｜愤怒｜怨恨｜失望｜烦躁","4｜5｜3｜4｜5","烦躁｜失望","4｜4","否","已作答","57.14","87.50","69.29","3.12","59.89","12"
"ZJ20260813DC44AC4B","2026-08-13 20:41:25","60.88","8","ITEM-00141","67","文本","情绪推理","多选题","4.50","愤怒｜惊讶｜平静｜愁闷｜希望｜感激｜敌意｜内疚｜羞耻｜痛苦","愤怒｜敌意｜羞耻｜痛苦｜愁闷","5｜4｜5｜4｜3","愤怒｜惊讶","4｜3","否","已作答","28.57","37.50","32.14","1.45","83.78","10"
"ZJ20260813DC44AC4B","2026-08-13 20:41:25","60.88","9","ITEM-00137","69","音频","情绪识别","多选题","4.50","愤怒｜敌意｜不屑｜轻视｜怀旧｜厌倦｜惊讶｜希望｜愉悦｜惊喜","愤怒｜不屑｜厌倦｜敌意｜轻视","5｜4｜4｜5｜5","愤怒｜轻视","4｜4","否","已作答","57.14","75.00","64.29","2.89","52.55","11"
"ZJ20260813DC44AC4B","2026-08-13 20:41:25","60.88","10","ITEM-00075","108","图像","情绪识别","多选题","4.50","痛苦｜惊讶｜震惊｜绝望｜羡慕｜轻松｜释然｜抑郁｜委屈｜愤怒","惊讶｜震惊｜绝望｜痛苦｜愤怒","5｜5｜5｜5｜4","震惊｜愤怒","5｜5","否","已作答","57.14","87.50","69.29","3.12","32.79","11"
"ZJ20260813DC44AC4B","2026-08-13 20:41:25","60.88","11","ITEM-00045","2","音频","情绪识别","单选题","3.50","渴望｜好奇｜怨恨｜愤怒｜内疚｜审美欣赏｜快乐｜兴趣｜自豪｜紧张","愤怒","5","紧张","3","否","已作答","0.00","0.00","0.00","0.00","64.86","6"
"ZJ20260813DC44AC4B","2026-08-13 20:41:25","60.88","12","ITEM-00002","6","视频","情绪推理","单选题","3.50","抑郁｜感动｜担忧｜轻松｜好奇｜羞耻｜恐惧｜敌意｜惊喜｜愉悦","感动","5","感动","3","否","已作答","100.00","50.00","80.00","2.80","47.67","5"
"ZJ20260813DC44AC4B","2026-08-13 20:41:25","60.88","13","ITEM-00068","116","文本","情绪识别","多选题","4.50","崇拜｜满足｜审美欣赏｜厌恶｜绝望｜不屑｜愁闷｜兴奋｜惊讶｜担忧","厌恶｜不屑｜兴奋｜满足｜审美欣赏","5｜5｜5｜4｜2","厌恶｜不屑","4｜4","否","已作答","57.14","75.00","64.29","2.89","47.06","12"
"ZJ20260813DC44AC4B","2026-08-13 20:41:25","60.88","14","ITEM-00139","37","图像","情绪推理","多选题","4.50","绝望｜敬畏｜希望｜失望｜委屈｜焦虑｜惊讶｜震惊｜平静｜悲伤","敬畏｜希望｜平静｜惊讶｜震惊","4｜5｜3｜2｜1","焦虑｜敬畏","3｜4","否","已作答","28.57","50.00","37.14","1.67","62.61","14"
"ZJ20260813DC44AC4B","2026-08-13 20:41:25","60.88","15","ITEM-00063","110","图像","情绪识别","多选题","4.50","渴望｜悲伤｜愉悦｜尴尬｜怀旧｜轻松｜厌恶｜希望｜崇拜｜羡慕","渴望｜崇拜｜愉悦｜希望｜羡慕","4｜4｜5｜5｜4","轻松｜愉悦","5｜4","否","已作答","28.57","37.50","32.14","1.45","44.62","13"
"ZJ20260813DC44AC4B","2026-08-13 20:41:25","60.88","16","ITEM-00051","93","图像","情绪识别","单选题","3.50","愤怒｜释然｜嫉妒｜羡慕｜爱｜怀旧｜快乐｜惊喜｜悲伤｜紧张","悲伤","5","悲伤","4","否","已作答","100.00","75.00","90.00","3.15","18.68","5"
"ZJ20260813DC44AC4B","2026-08-13 20:41:25","60.88","17","ITEM-00143","71","文本","情绪推理","单选题","3.50","羞耻｜失望｜怀旧｜焦虑｜担忧｜震惊｜不屑｜愤怒｜恐惧｜轻松","不屑","5","不屑","3","否","已作答","100.00","50.00","80.00","2.80","33.11","7"
"ZJ20260813DC44AC4B","2026-08-13 20:41:25","60.88","18","ITEM-00055","98","图像","情绪识别","多选题","4.50","快乐｜愉悦｜痛苦｜敌意｜冷静｜感激｜厌恶｜兴奋｜烦躁｜轻松","快乐｜愉悦｜兴奋｜轻松｜感激","5｜5｜5｜5｜4","兴奋｜轻松｜愉悦｜快乐","5｜5｜5｜5","否","已作答","88.89","100.00","93.33","4.20","28.06","11"
"ZJ20260813DC44AC4B","2026-08-13 20:41:25","60.88","19","ITEM-00049","17","音频","情绪识别","单选题","3.50","冷静｜悲伤｜震惊｜困惑｜爱｜敌意｜怀旧｜好奇｜不屑｜平静","爱","5","敌意","4","否","已作答","0.00","0.00","0.00","0.00","72.04","5"
"ZJ20260813DC44AC4B","2026-08-13 20:41:25","60.88","20","ITEM-00085","76","视频","情绪识别","多选题","4.50","轻松｜自豪｜好奇｜爱｜厌倦｜审美欣赏｜兴奋｜内疚｜希望｜委屈","自豪｜爱｜兴奋｜希望｜委屈","5｜5｜5｜5｜3","自豪｜兴奋","5｜5","是","已作答","57.14","100.00","74.29","3.34","42.34","12"
"ZJ20260813DC44AC4B","2026-08-13 20:41:25","60.88","21","ITEM-00116","46","图像","情绪识别","单选题","3.50","震惊｜平静｜敌意｜感激｜厌恶｜愁闷｜自满｜烦躁｜悲伤｜羡慕","感激","5","悲伤","5","否","已作答","0.00","0.00","0.00","0.00","23.61","5"
"ZJ20260813DC44AC4B","2026-08-13 20:41:25","60.88","22","ITEM-00037","50","文本","情绪识别","单选题","3.50","遗憾｜失望｜崇拜｜惊讶｜内疚｜焦虑｜羞耻｜抑郁｜不屑｜蔑视","蔑视","5","蔑视","3","否","已作答","100.00","50.00","80.00","2.80","15.03","4"
"ZJ20260813DC44AC4B","2026-08-13 20:41:25","60.88","23","ITEM-00098","1","视频","情绪推理","多选题","4.50","感激｜快乐｜愉悦｜委屈｜怀旧｜满足｜自豪｜希望｜渴望｜担忧","愉悦｜感激｜满足｜自豪｜渴望","5｜4｜5｜5｜3","感激｜自豪｜满足","4｜3｜4","否","已作答","75.00","75.00","75.00","3.38","65.13","12"
"ZJ20260813DC44AC4B","2026-08-13 20:41:25","60.88","24","ITEM-00005","70","视频","情绪识别","单选题","3.50","悲伤｜困惑｜怨恨｜绝望｜崇拜｜感激｜审美欣赏｜渴望｜嫉妒｜烦躁","审美欣赏","5","审美欣赏","5","否","已作答","100.00","100.00","100.00","3.50","22.92","3"
"ZJ2026081366DF977F","2026-08-13 20:35:32","47.58","1","ITEM-00108","59","音频","情绪推理","多选题","4.50","怀旧｜平静｜满足｜悲伤｜爱｜冷静｜自豪｜痛苦｜抑郁｜失望","悲伤｜痛苦｜失望｜抑郁","4｜5｜4｜3","痛苦｜抑郁","4｜4","否","已作答","66.67","75.00","70.00","3.15","81.24","8"
"ZJ2026081366DF977F","2026-08-13 20:35:32","47.58","2","ITEM-00057","23","音频","情绪识别","单选题","3.50","焦虑｜崇拜｜内疚｜不屑｜怀旧｜困惑｜羡慕｜惊喜｜委屈｜爱","困惑","3","惊喜","5","否","已作答","0.00","0.00","0.00","0.00","92.92","2"
"ZJ2026081366DF977F","2026-08-13 20:35:32","47.58","3","ITEM-00132","37","图像","情绪识别","多选题","4.50","平静｜羡慕｜遗憾｜烦躁｜抑郁｜嫉妒｜满足｜兴奋｜厌倦｜恭敬","恭敬｜羡慕｜满足｜平静｜兴奋","5｜2｜3｜2｜3","平静｜恭敬","5｜5","否","已作答","57.14","62.50","59.29","2.67","53.84","12"
"ZJ2026081366DF977F","2026-08-13 20:35:32","47.58","4","ITEM-00075","108","图像","情绪识别","多选题","4.50","抑郁｜愤怒｜愁闷｜尴尬｜审美欣赏｜厌倦｜平静｜遗憾｜震惊｜崇拜","震惊｜愁闷","4｜2","震惊｜愤怒","5｜5","否","已作答","50.00","37.50","45.00","2.02","27.89","5"
"ZJ2026081366DF977F","2026-08-13 20:35:32","47.58","5","ITEM-00070","119","文本","情绪识别","多选题","4.50","兴奋｜释然｜失望｜平静｜尴尬｜困惑｜痛苦｜快乐｜惊讶｜怀旧","困惑｜痛苦","3｜2","困惑｜痛苦","4｜5","否","已作答","100.00","50.00","80.00","3.60","43.31","4"
"ZJ2026081366DF977F","2026-08-13 20:35:32","47.58","6","ITEM-00100","10","视频","情绪推理","多选题","4.50","感动｜悲伤｜焦虑｜厌恶｜得意｜紧张｜委屈｜内疚｜感激｜不屑","厌恶｜内疚｜悲伤｜焦虑｜委屈","4｜5｜3｜2｜3","不屑｜得意","4｜4","否","已作答","0.00","0.00","0.00","0.00","104.70","10"
"ZJ2026081366DF977F","2026-08-13 20:35:32","47.58","7","ITEM-00039","52","文本","情绪识别","单选题","3.50","绝望｜失望｜轻松｜快乐｜悲伤｜满足｜痛苦｜困惑｜感动｜羡慕","痛苦","4","痛苦","4","否","已作答","100.00","100.00","100.00","3.50","20.54","5"
"ZJ2026081366DF977F","2026-08-13 20:35:32","47.58","8","ITEM-00126","86","视频","情绪识别","多选题","4.50","愉悦｜希望｜惊讶｜满足｜尴尬｜渴望｜担忧｜委屈｜愤怒｜兴趣","担忧｜惊讶｜希望｜尴尬｜渴望","4｜2｜2｜2｜2","惊讶｜愉悦","4｜5","否","已作答","28.57","25.00","27.14","1.22","51.48","13"
"ZJ2026081366DF977F","2026-08-13 20:35:32","47.58","9","ITEM-00026","64","视频","情绪识别","单选题","3.50","遗憾｜失望｜恐惧｜自满｜悲伤｜抑郁｜感动｜满足｜感激｜绝望","遗憾","4","悲伤","5","否","已作答","0.00","0.00","0.00","0.00","49.82","3"
"ZJ2026081366DF977F","2026-08-13 20:35:32","47.58","10","ITEM-00081","58","视频","情绪识别","多选题","4.50","兴奋｜内疚｜希望｜满足｜怨恨｜爱｜怀旧｜敌意｜自豪｜审美欣赏","怀旧｜内疚｜审美欣赏","4｜2｜2","审美欣赏｜怀旧","5｜3","否","已作答","80.00","50.00","68.00","3.06","88.01","7"
"ZJ2026081366DF977F","2026-08-13 20:35:32","47.58","11","ITEM-00047","90","图像","情绪识别","多选题","4.50","怀旧｜希望｜快乐｜怨恨｜兴奋｜困惑｜敌意｜愉悦｜惊喜｜烦躁","快乐｜兴奋｜惊喜｜愉悦","3｜3｜4｜3","惊喜｜快乐｜愉悦","5｜5｜5","否","已作答","85.71","58.33","74.76","3.36","22.00","6"
"ZJ2026081366DF977F","2026-08-13 20:35:32","47.58","12","ITEM-00045","2","音频","情绪识别","单选题","3.50","怨恨｜感激｜怀旧｜抑郁｜快乐｜委屈｜冷静｜轻松｜共情痛苦｜紧张","共情痛苦","3","紧张","3","否","已作答","0.00","0.00","0.00","0.00","65.44","4"
"ZJ2026081366DF977F","2026-08-13 20:35:32","47.58","13","ITEM-00080","65","视频","情绪推理","多选题","4.50","遗憾｜愉悦｜震惊｜抑郁｜怀旧｜爱｜共情痛苦｜释然｜感动｜绝望","遗憾","4","怀旧｜感动｜愉悦｜遗憾","5｜3｜3｜5","否","已作答","40.00","18.75","31.50","1.42","60.37","3"
"ZJ2026081366DF977F","2026-08-13 20:35:32","47.58","14","ITEM-00078","89","图像","情绪推理","多选题","4.50","悲伤｜焦虑｜恐惧｜爱｜嫉妒｜震惊｜内疚｜愁闷｜共情痛苦｜释然","悲伤","4","内疚｜悲伤","4｜3","否","已作答","66.67","37.50","55.00","2.47","30.21","3"
"ZJ2026081366DF977F","2026-08-13 20:35:32","47.58","15","ITEM-00119","49","图像","情绪识别","单选题","3.50","痛苦｜惊讶｜尴尬｜失望｜委屈｜厌倦｜羞耻｜抑郁｜满足｜恐惧","惊讶","3","厌倦","3","否","已作答","0.00","0.00","0.00","0.00","26.79","2"
"ZJ2026081366DF977F","2026-08-13 20:35:32","47.58","16","ITEM-00110","59","文本","情绪推理","多选题","4.50","恐惧｜平静｜蔑视｜焦虑｜怨恨｜抑郁｜敌意｜痛苦｜尴尬｜烦躁","痛苦｜焦虑｜恐惧","4｜3｜3","痛苦｜抑郁","4｜4","否","已作答","40.00","50.00","44.00","1.98","69.28","5"
"ZJ2026081366DF977F","2026-08-13 20:35:32","47.58","17","ITEM-00145","69","音频","情绪识别","多选题","4.50","困惑｜震惊｜恐惧｜轻松｜嫉妒｜羡慕｜担忧｜不屑｜释然｜愤怒","愤怒｜不屑｜震惊","3｜2｜2","愤怒｜震惊","4｜3","否","已作答","80.00","75.00","78.00","3.51","67.58","8"
"ZJ2026081366DF977F","2026-08-13 20:35:32","47.58","18","ITEM-00136","71","文本","情绪识别","多选题","4.50","不屑｜怀旧｜内疚｜崇拜｜自满｜满足｜委屈｜冷静｜恐惧｜共情痛苦","恐惧｜委屈｜不屑｜自满","4｜4｜3｜4","委屈｜恐惧｜不屑","5｜4｜4","否","已作答","85.71","83.33","84.76","3.81","23.41","8"
"ZJ2026081366DF977F","2026-08-13 20:35:32","47.58","19","ITEM-00137","69","音频","情绪识别","多选题","4.50","满足｜蔑视｜不屑｜厌倦｜轻视｜担忧｜好奇｜自豪｜愤怒｜渴望","轻视｜愤怒｜不屑｜蔑视","3｜3｜3｜3","愤怒｜轻视","4｜4","否","已作答","66.67","75.00","70.00","3.15","36.86","5"
"ZJ2026081366DF977F","2026-08-13 20:35:32","47.58","20","ITEM-00114","38","图像","情绪识别","单选题","3.50","愁闷｜痛苦｜怀旧｜惊喜｜尴尬｜轻松｜爱｜遗憾｜困惑｜兴奋","困惑","3","遗憾","4","否","已作答","0.00","0.00","0.00","0.00","13.16","2"
"ZJ2026081366DF977F","2026-08-13 20:35:32","47.58","21","ITEM-00069","117","文本","情绪识别","多选题","4.50","满足｜愉悦｜绝望｜爱｜感激｜内疚｜厌恶｜震惊｜共情痛苦｜嫉妒","感激｜爱｜满足｜愉悦","4｜2｜4｜3","感激｜爱｜愉悦","4｜4｜5","否","已作答","85.71","66.67","78.10","3.51","27.51","8"
"ZJ2026081366DF977F","2026-08-13 20:35:32","47.58","22","ITEM-00086","79","音频","情绪推理","多选题","4.50","紧张｜冷静｜厌倦｜蔑视｜震惊｜烦躁｜焦虑｜爱｜快乐｜自豪","烦躁｜震惊｜蔑视","4｜3｜2","烦躁｜厌倦","4｜4","否","已作答","40.00","50.00","44.00","1.98","34.76","6"
"ZJ2026081366DF977F","2026-08-13 20:35:32","47.58","23","ITEM-00106","77","视频","情绪推理","单选题","3.50","敌意｜审美欣赏｜厌恶｜快乐｜羞耻｜满足｜内疚｜自满｜感激｜冷静","满足","4","快乐","5","否","已作答","0.00","0.00","0.00","0.00","127.57","3"
"ZJ2026081366DF977F","2026-08-13 20:35:32","47.58","24","ITEM-00144","118","文本","情绪推理","单选题","3.50","震惊｜兴趣｜冷静｜兴奋｜烦躁｜轻松｜失望｜满足｜快乐｜厌恶","失望","3","失望","4","否","已作答","100.00","75.00","90.00","3.15","26.70","2"
"ZJ2026081369148C08","2026-08-13 20:34:09","68.56","1","ITEM-00038","51","文本","情绪识别","单选题","3.50","焦虑｜厌倦｜嫉妒｜怀旧｜共情痛苦｜怨恨｜痛苦｜快乐｜自满｜厌恶","自满","4","自满","3","未填写","已作答","100.00","75.00","90.00","3.15","52.15","2"
"ZJ2026081369148C08","2026-08-13 20:34:09","68.56","2","ITEM-00010","63","文本","情绪识别","多选题","4.50","失望｜嫉妒｜愉悦｜希望｜烦躁｜惊喜｜兴奋｜平静｜怀旧｜遗憾","兴奋｜愉悦｜惊喜","5｜4｜5","惊喜｜兴奋","4｜4","未填写","已作答","80.00","75.00","78.00","3.51","38.41","7"
"ZJ2026081369148C08","2026-08-13 20:34:09","68.56","3","ITEM-00131","115","图像","情绪识别","多选题","4.50","内疚｜惊喜｜震惊｜愤怒｜自满｜兴奋｜愉悦｜审美欣赏｜渴望｜轻松","愉悦｜轻松","3｜4","兴奋｜愉悦","3｜4","否","已作答","50.00","37.50","45.00","2.02","29.91","4"
"ZJ2026081369148C08","2026-08-13 20:34:09","68.56","4","ITEM-00138","22","音频","情绪推理","多选题","4.50","可惜｜平静｜不屑｜蔑视｜兴奋｜惊喜｜震惊｜失望｜愁闷｜快乐","可惜｜失望｜平静","4｜4｜3","不屑｜可惜","4｜3","否","已作答","40.00","37.50","39.00","1.75","74.14","6"
"ZJ2026081369148C08","2026-08-13 20:34:09","68.56","5","ITEM-00082","72","视频","情绪识别","多选题","4.50","兴奋｜抑郁｜怀旧｜厌恶｜焦虑｜冷静｜痛苦｜兴趣｜紧张｜蔑视","紧张｜焦虑｜痛苦","5｜4｜2","焦虑｜紧张","4｜5","否","已作答","80.00","100.00","88.00","3.96","72.70","8"
"ZJ2026081369148C08","2026-08-13 20:34:09","68.56","6","ITEM-00113","36","图像","情绪识别","单选题","3.50","困惑｜冷静｜不屑｜焦虑｜共情痛苦｜内疚｜羞耻｜感动｜自满｜怀旧","共情痛苦","4","共情痛苦","4","否","已作答","100.00","100.00","100.00","3.50","17.07","3"
"ZJ2026081369148C08","2026-08-13 20:34:09","68.56","7","ITEM-00076","78","音频","情绪识别","多选题","4.50","兴奋｜遗憾｜尴尬｜厌倦｜不屑｜惊喜｜羞耻｜烦躁｜快乐｜失望","烦躁｜失望","4｜5","羞耻｜烦躁","4｜5","否","已作答","50.00","37.50","45.00","2.02","68.45","9"
"ZJ2026081369148C08","2026-08-13 20:34:09","68.56","8","ITEM-00072","120","文本","情绪识别","多选题","4.50","兴趣｜失望｜释然｜轻松｜满足｜焦虑｜愉悦｜感激｜希望｜遗憾","满足｜感激｜释然｜希望","4｜3｜4｜4","满足｜轻松｜愉悦｜希望｜兴趣","5｜5｜5｜5｜5","未填写","已作答","44.44","30.00","38.67","1.74","43.17","9"
"ZJ2026081369148C08","2026-08-13 20:34:09","68.56","9","ITEM-00100","10","视频","情绪推理","多选题","4.50","惊喜｜愁闷｜释然｜内疚｜不屑｜焦虑｜嫉妒｜敌意｜烦躁｜得意","不屑｜得意","4｜4","不屑｜得意","4｜4","未填写","已作答","100.00","100.00","100.00","4.50","59.59","4"
"ZJ2026081369148C08","2026-08-13 20:34:09","68.56","10","ITEM-00143","71","文本","情绪推理","单选题","3.50","绝望｜嫉妒｜厌倦｜担忧｜释然｜不屑｜恐惧｜好奇｜自豪｜惊讶","绝望","5","不屑","3","否","已作答","0.00","0.00","0.00","0.00","23.86","5"
"ZJ2026081369148C08","2026-08-13 20:34:09","68.56","11","ITEM-00141","67","文本","情绪推理","多选题","4.50","委屈｜烦躁｜愉悦｜惊讶｜担忧｜羡慕｜焦虑｜愤怒｜释然｜爱","愤怒｜惊讶","4｜3","愤怒｜惊讶","4｜3","否","已作答","100.00","100.00","100.00","4.50","66.81","4"
"ZJ2026081369148C08","2026-08-13 20:34:09","68.56","12","ITEM-00078","89","图像","情绪推理","多选题","4.50","绝望｜羞耻｜崇拜｜爱｜焦虑｜悲伤｜担忧｜希望｜惊喜｜内疚","悲伤｜内疚｜担忧｜爱","3｜4｜4｜3","内疚｜悲伤","4｜3","是","已作答","66.67","100.00","80.00","3.60","39.94","7"
"ZJ2026081369148C08","2026-08-13 20:34:09","68.56","13","ITEM-00049","17","音频","情绪识别","单选题","3.50","惊讶｜崇拜｜敌意｜愤怒｜渴望｜愁闷｜爱｜感激｜羞耻｜困惑","敌意","4","敌意","4","未填写","已作答","100.00","100.00","100.00","3.50","75.79","2"
"ZJ2026081369148C08","2026-08-13 20:34:09","68.56","14","ITEM-00108","59","音频","情绪推理","多选题","4.50","抑郁｜内疚｜怀旧｜惊喜｜惊讶｜羞耻｜痛苦｜兴趣｜委屈｜恐惧","内疚","4","痛苦｜抑郁","4｜4","未填写","已作答","0.00","0.00","0.00","0.00","157.15","2"
"ZJ2026081369148C08","2026-08-13 20:34:09","68.56","15","ITEM-00014","1","视频","情绪识别","单选题","3.50","崇拜｜悲伤｜怀旧｜好奇｜愁闷｜担忧｜震惊｜尴尬｜释然｜自豪","崇拜","5","崇拜","5","未填写","已作答","100.00","100.00","100.00","3.50","33.84","3"
"ZJ2026081369148C08","2026-08-13 20:34:09","68.56","16","ITEM-00146","118","文本","情绪识别","多选题","4.50","失望｜惊喜｜痛苦｜焦虑｜愤怒｜好奇｜震惊｜兴奋｜烦躁｜抑郁","烦躁｜愤怒｜痛苦","4｜5｜2","烦躁｜失望","4｜4","未填写","已作答","40.00","50.00","44.00","1.98","51.63","6"
"ZJ2026081369148C08","2026-08-13 20:34:09","68.56","17","ITEM-00075","108","图像","情绪识别","多选题","4.50","快乐｜愤怒｜怨恨｜羡慕｜震惊｜愉悦｜厌倦｜轻松｜冷静｜自满","愤怒｜怨恨｜震惊","4｜4｜3","震惊｜愤怒","5｜5","未填写","已作答","80.00","62.50","73.00","3.29","16.56","5"
"ZJ2026081369148C08","2026-08-13 20:34:09","68.56","18","ITEM-00034","43","图像","情绪识别","单选题","3.50","羡慕｜爱｜释然｜嫉妒｜悲伤｜不屑｜自满｜感激｜冷静｜内疚","爱","5","爱","5","是","已作答","100.00","100.00","100.00","3.50","22.45","7"
"ZJ2026081369148C08","2026-08-13 20:34:09","68.56","19","ITEM-00042","61","视频","情绪识别","多选题","4.50","委屈｜焦虑｜愉悦｜共情痛苦｜崇拜｜悲伤｜感激｜审美欣赏｜兴奋｜好奇","悲伤｜共情痛苦","3｜3","委屈｜悲伤","3｜3","未填写","已作答","50.00","50.00","50.00","2.25","28.36","2"
"ZJ2026081369148C08","2026-08-13 20:34:09","68.56","20","ITEM-00132","37","图像","情绪识别","多选题","4.50","愁闷｜平静｜共情痛苦｜怀旧｜担忧｜敌意｜自豪｜渴望｜恭敬｜内疚","恭敬｜平静","4｜4","平静｜恭敬","5｜5","否","已作答","100.00","75.00","90.00","4.05","45.78","5"
"ZJ2026081369148C08","2026-08-13 20:34:09","68.56","21","ITEM-00045","2","音频","情绪识别","单选题","3.50","紧张｜厌恶｜好奇｜满足｜愁闷｜爱｜痛苦｜冷静｜轻松｜怀旧","紧张","5","紧张","3","未填写","已作答","100.00","50.00","80.00","2.80","68.39","2"
"ZJ2026081369148C08","2026-08-13 20:34:09","68.56","22","ITEM-00107","81","视频","情绪推理","多选题","4.50","羞耻｜尴尬｜担忧｜紧张｜感动｜兴趣｜爱｜快乐｜困惑｜满足","爱｜快乐｜满足","4｜5｜5","快乐｜满足｜感动","5｜5｜5","未填写","已作答","66.67","66.67","66.67","3.00","48.48","6"
"ZJ2026081369148C08","2026-08-13 20:34:09","68.56","23","ITEM-00090","56","音频","情绪识别","多选题","4.50","怀旧｜自满｜审美欣赏｜惊喜｜担忧｜痛苦｜失望｜满足｜感激｜怨恨","痛苦｜怨恨｜失望","5｜4｜3","怨恨｜失望","5｜5","未填写","已作答","80.00","62.50","73.00","3.29","38.48","6"
"ZJ2026081369148C08","2026-08-13 20:34:09","68.56","24","ITEM-00004","62","视频","情绪推理","单选题","3.50","紧张｜自满｜厌倦｜尴尬｜崇拜｜渴望｜感激｜冷静｜抑郁｜震惊","尴尬","4","尴尬","3","否","已作答","100.00","75.00","90.00","3.15","18.67","3"
"ZJ202608134F0B58AC","2026-08-13 20:31:45","64.25","1","ITEM-00080","65","视频","情绪推理","多选题","4.50","感动｜恐惧｜满足｜紧张｜怀旧｜愉悦｜冷静｜失望｜愤怒｜遗憾","紧张｜遗憾｜失望","4｜5｜3","怀旧｜感动｜愉悦｜遗憾","5｜3｜3｜5","否","已作答","28.57","25.00","27.14","1.22","62.08","8"
"ZJ202608134F0B58AC","2026-08-13 20:31:45","64.25","2","ITEM-00146","118","文本","情绪识别","多选题","4.50","怀旧｜烦躁｜羡慕｜爱｜委屈｜羞耻｜悲伤｜失望｜紧张｜怨恨","委屈｜悲伤｜失望｜烦躁｜怨恨","4｜3｜5｜4｜4","烦躁｜失望","4｜4","否","已作答","57.14","87.50","69.29","3.12","74.62","14"
"ZJ202608134F0B58AC","2026-08-13 20:31:45","64.25","3","ITEM-00055","98","图像","情绪识别","多选题","4.50","兴奋｜快乐｜不屑｜羡慕｜自满｜满足｜轻松｜愉悦｜审美欣赏｜感激","快乐｜轻松｜愉悦","5｜5｜5","兴奋｜轻松｜愉悦｜快乐","5｜5｜5｜5","否","已作答","85.71","75.00","81.43","3.66","18.96","7"
"ZJ202608134F0B58AC","2026-08-13 20:31:45","64.25","4","ITEM-00037","50","文本","情绪识别","单选题","3.50","绝望｜困惑｜崇拜｜蔑视｜好奇｜羞耻｜审美欣赏｜担忧｜冷静｜抑郁","蔑视","4","蔑视","3","否","已作答","100.00","75.00","90.00","3.15","18.44","5"
"ZJ202608134F0B58AC","2026-08-13 20:31:45","64.25","5","ITEM-00105","2","音频","情绪推理","多选题","4.50","内疚｜委屈｜痛苦｜愁闷｜怨恨｜释然｜焦虑｜紧张｜遗憾｜兴奋","焦虑｜紧张｜委屈｜内疚｜愁闷","4｜4｜3｜3｜3","焦虑｜紧张｜内疚","4｜5｜4","否","已作答","75.00","83.33","78.33","3.53","71.29","10"
"ZJ202608134F0B58AC","2026-08-13 20:31:45","64.25","6","ITEM-00142","68","文本","情绪推理","单选题","3.50","平静｜烦躁｜希望｜担忧｜敌意｜绝望｜遗憾｜惊讶｜惊喜｜满足","烦躁","5","敌意","4","否","已作答","0.00","0.00","0.00","0.00","38.40","3"
"ZJ202608134F0B58AC","2026-08-13 20:31:45","64.25","7","ITEM-00016","9","视频","情绪识别","单选题","3.50","不屑｜愤怒｜焦虑｜尴尬｜共情痛苦｜厌恶｜悲伤｜崇拜｜希望｜委屈","不屑","4","不屑","4","否","已作答","100.00","100.00","100.00","3.50","66.20","3"
"ZJ202608134F0B58AC","2026-08-13 20:31:45","64.25","8","ITEM-00140","63","文本","情绪推理","多选题","4.50","失望｜冷静｜痛苦｜惊喜｜尴尬｜兴奋｜快乐｜兴趣｜共情痛苦｜厌恶","惊喜","4","惊喜｜兴奋","4｜4","否","已作答","66.67","50.00","60.00","2.70","33.86","3"
"ZJ202608134F0B58AC","2026-08-13 20:31:45","64.25","9","ITEM-00100","10","视频","情绪推理","多选题","4.50","平静｜遗憾｜快乐｜得意｜羡慕｜绝望｜焦虑｜愤怒｜不屑｜爱","得意｜不屑｜快乐","5｜4｜3","不屑｜得意","4｜4","否","已作答","80.00","87.50","83.00","3.73","26.14","6"
"ZJ202608134F0B58AC","2026-08-13 20:31:45","64.25","10","ITEM-00068","116","文本","情绪识别","多选题","4.50","遗憾｜共情痛苦｜恐惧｜愉悦｜愁闷｜内疚｜惊喜｜怨恨｜厌恶｜不屑","不屑｜厌恶","5｜4","厌恶｜不屑","4｜4","否","已作答","100.00","87.50","95.00","4.28","26.18","5"
"ZJ202608134F0B58AC","2026-08-13 20:31:45","64.25","11","ITEM-00109","88","音频","情绪推理","多选题","4.50","烦躁｜厌倦｜好奇｜羞耻｜崇拜｜困惑｜震惊｜惊讶｜尴尬｜愉悦","烦躁｜厌倦｜困惑｜羞耻","4｜4｜3｜3","厌倦｜困惑","3｜3","否","已作答","66.67","87.50","75.00","3.38","67.43","7"
"ZJ202608134F0B58AC","2026-08-13 20:31:45","64.25","12","ITEM-00077","79","音频","情绪识别","多选题","4.50","烦躁｜惊喜｜委屈｜自满｜厌倦｜兴趣｜轻松｜抑郁｜困惑｜自豪","困惑｜厌倦｜烦躁","3｜4｜5","烦躁｜厌倦","4｜4","否","已作答","80.00","87.50","83.00","3.73","49.33","8"
"ZJ202608134F0B58AC","2026-08-13 20:31:45","64.25","13","ITEM-00093","75","音频","情绪识别","多选题","4.50","自满｜怀旧｜自豪｜痛苦｜委屈｜内疚｜悲伤｜崇拜｜惊喜｜满足","痛苦｜委屈｜悲伤","5｜5｜5","委屈｜悲伤","5｜5","是","已作答","80.00","100.00","88.00","3.96","31.56","7"
"ZJ202608134F0B58AC","2026-08-13 20:31:45","64.25","14","ITEM-00088","81","视频","情绪识别","多选题","4.50","痛苦｜不屑｜兴奋｜快乐｜爱｜平静｜惊喜｜渴望｜羡慕｜蔑视","兴奋｜快乐｜惊喜｜爱","4｜4｜4｜3","快乐｜惊喜｜兴奋｜爱","5｜5｜5｜5","否","已作答","100.00","68.75","87.50","3.94","27.79","8"
"ZJ202608134F0B58AC","2026-08-13 20:31:45","64.25","15","ITEM-00012","26","图像","情绪识别","单选题","3.50","感激｜厌恶｜绝望｜感动｜尴尬｜愤怒｜惊喜｜痛苦｜冷静｜敌意","愤怒","4","愤怒","4","否","已作答","100.00","100.00","100.00","3.50","12.11","6"
"ZJ202608134F0B58AC","2026-08-13 20:31:45","64.25","16","ITEM-00078","89","图像","情绪推理","多选题","4.50","担忧｜委屈｜平静｜抑郁｜羞耻｜内疚｜烦躁｜自豪｜审美欣赏｜悲伤","委屈｜悲伤｜羞耻","4｜4｜3","内疚｜悲伤","4｜3","否","已作答","40.00","37.50","39.00","1.75","32.38","6"
"ZJ202608134F0B58AC","2026-08-13 20:31:45","64.25","17","ITEM-00095","59","文本","情绪识别","多选题","4.50","厌恶｜悲伤｜内疚｜审美欣赏｜委屈｜快乐｜恐惧｜希望｜痛苦｜抑郁","内疚｜恐惧｜悲伤｜委屈｜痛苦","5｜4｜4｜3｜4","内疚｜痛苦","5｜5","否","已作答","57.14","87.50","69.29","3.12","42.66","10"
"ZJ202608134F0B58AC","2026-08-13 20:31:45","64.25","18","ITEM-00056","101","图像","情绪识别","单选题","3.50","困惑｜担忧｜平静｜愁闷｜委屈｜惊喜｜失望｜尴尬｜羞耻｜共情痛苦","共情痛苦","4","担忧","4","否","已作答","0.00","0.00","0.00","0.00","14.59","4"
"ZJ202608134F0B58AC","2026-08-13 20:31:45","64.25","19","ITEM-00124","22","音频","情绪识别","单选题","3.50","不屑｜厌恶｜兴奋｜失望｜震惊｜愤怒｜释然｜冷静｜痛苦｜渴望","释然","4","释然","3","否","已作答","100.00","75.00","90.00","3.15","56.65","3"
"ZJ202608134F0B58AC","2026-08-13 20:31:45","64.25","20","ITEM-00106","77","视频","情绪推理","单选题","3.50","悲伤｜恐惧｜失望｜崇拜｜自满｜满足｜困惑｜嫉妒｜渴望｜快乐","快乐","4","快乐","5","是","已作答","100.00","75.00","90.00","3.15","36.34","3"
"ZJ202608134F0B58AC","2026-08-13 20:31:45","64.25","21","ITEM-00123","8","音频","情绪识别","单选题","3.50","轻松｜抑郁｜羡慕｜好奇｜震惊｜平静｜怀旧｜痛苦｜绝望｜尴尬","痛苦","4","绝望","4","否","已作答","0.00","0.00","0.00","0.00","38.06","5"
"ZJ202608134F0B58AC","2026-08-13 20:31:45","64.25","22","ITEM-00130","104","图像","情绪识别","多选题","4.50","厌倦｜自豪｜审美欣赏｜感激｜惊喜｜愤怒｜敌意｜震惊｜冷静｜蔑视","愤怒｜震惊｜敌意","3｜5｜3","愤怒｜震惊","5｜4","否","已作答","80.00","62.50","73.00","3.29","31.17","5"
"ZJ202608134F0B58AC","2026-08-13 20:31:45","64.25","23","ITEM-00125","85","视频","情绪识别","多选题","4.50","爱｜痛苦｜感激｜蔑视｜愉悦｜审美欣赏｜惊喜｜愁闷｜悲伤｜不屑","感激｜惊喜｜爱","5｜4｜3","感激｜愉悦｜不屑","5｜5｜3","未填写","已作答","33.33","33.33","33.33","1.50","37.53","5"
"ZJ202608134F0B58AC","2026-08-13 20:31:45","64.25","24","ITEM-00065","112","图像","情绪识别","多选题","4.50","感动｜释然｜紧张｜遗憾｜惊喜｜平静｜悲伤｜焦虑｜担忧｜兴奋","悲伤｜焦虑｜担忧｜紧张","5｜4｜5｜3","悲伤｜遗憾｜感动｜释然","3｜4｜4｜4","否","已作答","25.00","12.50","20.00","0.90","20.66","8"
"ZJ2026081356B3B418","2026-08-13 20:23:36","56.36","1","ITEM-00048","2","音频","情绪识别","单选题","3.50","愤怒｜希望｜好奇｜释然｜厌恶｜敌意｜愁闷｜震惊｜快乐｜遗憾","愤怒","5","愤怒","5","否","已作答","100.00","100.00","100.00","3.50","56.79","3"
"ZJ2026081356B3B418","2026-08-13 20:23:36","56.36","2","ITEM-00084","78","音频","情绪推理","多选题","4.50","羞耻｜兴奋｜感激｜释然｜冷静｜愉悦｜烦躁｜惊喜｜焦虑｜抑郁","烦躁","3","羞耻｜烦躁","4｜5","否","已作答","66.67","25.00","50.00","2.25","17.90","4"
"ZJ2026081356B3B418","2026-08-13 20:23:36","56.36","3","ITEM-00139","37","图像","情绪推理","多选题","4.50","悲伤｜希望｜惊讶｜敬畏｜痛苦｜焦虑｜愤怒｜内疚｜羞耻｜恐惧","敬畏","2","焦虑｜敬畏","3｜4","否","已作答","66.67","25.00","50.00","2.25","25.26","3"
"ZJ2026081356B3B418","2026-08-13 20:23:36","56.36","4","ITEM-00054","97","图像","情绪识别","多选题","4.50","嫉妒｜厌恶｜希望｜羡慕｜轻松｜厌倦｜感激｜烦躁｜焦虑｜愉悦","希望","3","希望｜轻松｜愉悦","5｜5｜5","否","已作答","50.00","16.67","36.67","1.65","9.74","4"
"ZJ2026081356B3B418","2026-08-13 20:23:36","56.36","5","ITEM-00074","121","文本","情绪识别","单选题","3.50","不屑｜厌恶｜自豪｜渴望｜崇拜｜感激｜好奇｜惊喜｜冷静｜满足","自豪","4","自豪","5","否","已作答","100.00","75.00","90.00","3.15","13.52","3"
"ZJ2026081356B3B418","2026-08-13 20:23:36","56.36","6","ITEM-00093","75","音频","情绪识别","多选题","4.50","共情痛苦｜冷静｜羞耻｜悲伤｜遗憾｜困惑｜希望｜厌恶｜蔑视｜委屈","共情痛苦｜悲伤｜委屈","4｜3｜2","委屈｜悲伤","5｜5","否","已作答","80.00","37.50","63.00","2.83","59.31","6"
"ZJ2026081356B3B418","2026-08-13 20:23:36","56.36","7","ITEM-00027","83","视频","情绪识别","单选题","3.50","怀旧｜兴奋｜共情痛苦｜快乐｜愤怒｜厌倦｜敌意｜抑郁｜轻松｜自豪","轻松","3","快乐","4","是","已作答","0.00","0.00","0.00","0.00","38.66","4"
"ZJ2026081356B3B418","2026-08-13 20:23:36","56.36","8","ITEM-00124","22","音频","情绪识别","单选题","3.50","困惑｜内疚｜释然｜遗憾｜感动｜厌恶｜轻松｜担忧｜怨恨｜绝望","释然","2","释然","3","否","已作答","100.00","75.00","90.00","3.15","66.38","3"
"ZJ2026081356B3B418","2026-08-13 20:23:36","56.36","9","ITEM-00134","67","文本","情绪识别","多选题","4.50","不屑｜敌意｜抑郁｜爱｜厌恶｜渴望｜惊讶｜满足｜好奇｜自满","敌意","4","不屑｜敌意","5｜3","否","已作答","66.67","37.50","55.00","2.47","22.98","3"
"ZJ2026081356B3B418","2026-08-13 20:23:36","56.36","10","ITEM-00106","77","视频","情绪推理","单选题","3.50","满足｜嫉妒｜希望｜困惑｜惊讶｜快乐｜委屈｜释然｜愉悦｜平静","愉悦","5","快乐","5","是","已作答","0.00","0.00","0.00","0.00","32.98","7"
"ZJ2026081356B3B418","2026-08-13 20:23:36","56.36","11","ITEM-00008","30","图像","情绪识别","单选题","3.50","释然｜焦虑｜兴奋｜怨恨｜满足｜绝望｜困惑｜共情痛苦｜冷静｜自豪","绝望","3","困惑","3","否","已作答","0.00","0.00","0.00","0.00","14.51","2"
"ZJ2026081356B3B418","2026-08-13 20:23:36","56.36","12","ITEM-00146","118","文本","情绪识别","多选题","4.50","敌意｜抑郁｜爱｜羡慕｜烦躁｜困惑｜共情痛苦｜兴趣｜失望｜嫉妒","烦躁","4","烦躁｜失望","4｜4","否","已作答","66.67","50.00","60.00","2.70","12.49","3"
"ZJ2026081356B3B418","2026-08-13 20:23:36","56.36","13","ITEM-00135","68","文本","情绪识别","多选题","4.50","遗憾｜惊吓｜不屑｜感动｜感激｜渴望｜蔑视｜内疚｜兴趣｜怨恨","不屑｜蔑视｜怨恨","4｜5｜2","不屑｜惊吓","5｜4","否","已作答","40.00","37.50","39.00","1.75","20.29","9"
"ZJ2026081356B3B418","2026-08-13 20:23:36","56.36","14","ITEM-00042","61","视频","情绪识别","多选题","4.50","平静｜悲伤｜委屈｜崇拜｜遗憾｜愁闷｜审美欣赏｜焦虑｜冷静｜快乐","平静｜冷静｜审美欣赏","4｜4｜2","委屈｜悲伤","3｜3","否","已作答","0.00","0.00","0.00","0.00","27.54","7"
"ZJ2026081356B3B418","2026-08-13 20:23:36","56.36","15","ITEM-00150","86","视频","情绪推理","多选题","4.50","快乐｜惊喜｜羞耻｜满足｜冷静｜抑郁｜震惊｜尴尬｜焦虑｜遗憾","震惊｜尴尬｜冷静","3｜3｜3","满足｜快乐","4｜3","否","已作答","0.00","0.00","0.00","0.00","29.50","4"
"ZJ2026081356B3B418","2026-08-13 20:23:36","56.36","16","ITEM-00007","29","图像","情绪识别","单选题","3.50","焦虑｜悲伤｜惊讶｜释然｜委屈｜兴奋｜蔑视｜共情痛苦｜担忧｜恐惧","惊讶","3","惊讶","3","否","已作答","100.00","100.00","100.00","3.50","13.14","4"
"ZJ2026081356B3B418","2026-08-13 20:23:36","56.36","17","ITEM-00101","55","视频","情绪推理","多选题","4.50","自满｜厌倦｜遗憾｜感动｜震惊｜恐惧｜自豪｜尴尬｜困惑｜内疚","尴尬｜困惑","4｜3","尴尬｜困惑","4｜4","是","已作答","100.00","87.50","95.00","4.28","54.44","4"
"ZJ2026081356B3B418","2026-08-13 20:23:36","56.36","18","ITEM-00073","107","图像","情绪识别","多选题","4.50","感动｜失望｜愤怒｜担忧｜满足｜怀旧｜共情痛苦｜怨恨｜困惑｜爱","感动｜爱","4｜4","感动｜爱","5｜5","否","已作答","100.00","75.00","90.00","4.05","12.76","5"
"ZJ2026081356B3B418","2026-08-13 20:23:36","56.36","19","ITEM-00091","59","音频","情绪识别","多选题","4.50","内疚｜烦躁｜好奇｜担忧｜痛苦｜厌恶｜遗憾｜轻松｜愉悦｜抑郁","内疚｜痛苦｜抑郁","4｜5｜3","内疚｜痛苦","5｜5","否","已作答","80.00","87.50","83.00","3.73","34.42","6"
"ZJ2026081356B3B418","2026-08-13 20:23:36","56.36","20","ITEM-00109","88","音频","情绪推理","多选题","4.50","委屈｜共情痛苦｜内疚｜痛苦｜希望｜兴奋｜失望｜担忧｜厌倦｜困惑","厌倦｜失望","4｜2","厌倦｜困惑","3｜3","否","已作答","50.00","37.50","45.00","2.02","63.95","8"
"ZJ2026081356B3B418","2026-08-13 20:23:36","56.36","21","ITEM-00143","71","文本","情绪推理","单选题","3.50","希望｜担忧｜快乐｜烦躁｜不屑｜审美欣赏｜自豪｜惊讶｜感激｜悲伤","不屑","5","不屑","3","是","已作答","100.00","50.00","80.00","2.80","18.20","4"
"ZJ2026081356B3B418","2026-08-13 20:23:36","56.36","22","ITEM-00083","73","视频","情绪识别","多选题","4.50","自满｜不屑｜爱｜羡慕｜好奇｜释然｜尴尬｜轻松｜恐惧｜蔑视","爱｜轻松","5｜5","爱｜释然","5｜5","是","已作答","50.00","50.00","50.00","2.25","20.60","7"
"ZJ2026081356B3B418","2026-08-13 20:23:36","56.36","23","ITEM-00129","103","图像","情绪识别","多选题","4.50","焦虑｜轻松｜敌意｜希望｜尴尬｜崇拜｜失望｜不屑｜兴趣｜愤怒","敌意｜不屑","4｜5","不屑｜敌意","5｜3","是","已作答","100.00","87.50","95.00","4.28","12.00","9"
"ZJ2026081356B3B418","2026-08-13 20:23:36","56.36","24","ITEM-00140","63","文本","情绪推理","多选题","4.50","羞耻｜惊喜｜怀旧｜自满｜惊讶｜羡慕｜抑郁｜兴奋｜希望｜释然","惊喜｜兴奋｜希望","3｜4｜5","惊喜｜兴奋","4｜4","否","已作答","80.00","87.50","83.00","3.73","15.21","8"
"ZJ202608131494BDB9","2026-08-13 20:16:01","61.74","1","ITEM-00049","17","音频","情绪识别","单选题","3.50","轻松｜嫉妒｜满足｜敌意｜恐惧｜怀旧｜羡慕｜不屑｜兴趣｜自豪","不屑","4","敌意","4","否","已作答","0.00","0.00","0.00","0.00","100.75","3"
"ZJ202608131494BDB9","2026-08-13 20:16:01","61.74","2","ITEM-00139","37","图像","情绪推理","多选题","4.50","焦虑｜冷静｜感动｜愤怒｜感激｜惊讶｜审美欣赏｜敬畏｜遗憾｜羡慕","敬畏","4","焦虑｜敬畏","3｜4","否","已作答","66.67","50.00","60.00","2.70","32.31","3"
"ZJ202608131494BDB9","2026-08-13 20:16:01","61.74","3","ITEM-00052","94","图像","情绪识别","多选题","4.50","自满｜担忧｜惊喜｜痛苦｜紧张｜爱｜绝望｜失望｜不屑｜委屈","绝望｜失望","4｜5","绝望｜痛苦｜委屈","5｜5｜4","否","已作答","40.00","25.00","34.00","1.53","65.17","8"
"ZJ202608131494BDB9","2026-08-13 20:16:01","61.74","4","ITEM-00004","62","视频","情绪推理","单选题","3.50","厌恶｜惊讶｜内疚｜委屈｜感动｜尴尬｜兴奋｜满足｜冷静｜爱","尴尬","4","尴尬","3","否","已作答","100.00","75.00","90.00","3.15","23.04","6"
"ZJ202608131494BDB9","2026-08-13 20:16:01","61.74","5","ITEM-00111","31","图像","情绪识别","单选题","3.50","内疚｜焦虑｜感激｜烦躁｜怨恨｜冷静｜无奈｜爱｜自豪｜紧张","无奈","5","无奈","3","否","已作答","100.00","50.00","80.00","2.80","15.51","3"
"ZJ202608131494BDB9","2026-08-13 20:16:01","61.74","6","ITEM-00090","56","音频","情绪识别","多选题","4.50","共情痛苦｜委屈｜兴趣｜惊喜｜失望｜怨恨｜好奇｜希望｜厌恶｜渴望","委屈｜厌恶｜失望｜怨恨","2｜4｜2｜4","怨恨｜失望","5｜5","否","已作答","66.67","50.00","60.00","2.70","65.43","13"
"ZJ202608131494BDB9","2026-08-13 20:16:01","61.74","7","ITEM-00140","63","文本","情绪推理","多选题","4.50","绝望｜惊喜｜担忧｜平静｜烦躁｜感动｜崇拜｜好奇｜兴奋｜怀旧","惊喜｜担忧｜好奇｜怀旧","2｜3｜3｜5","惊喜｜兴奋","4｜4","否","已作答","33.33","25.00","30.00","1.35","42.44","10"
"ZJ202608131494BDB9","2026-08-13 20:16:01","61.74","8","ITEM-00109","88","音频","情绪推理","多选题","4.50","审美欣赏｜兴奋｜平静｜厌倦｜羞耻｜满足｜困惑｜愉悦｜愁闷｜抑郁","困惑｜厌倦｜愁闷","4｜3｜4","厌倦｜困惑","3｜3","否","已作答","80.00","87.50","83.00","3.73","50.31","9"
"ZJ202608131494BDB9","2026-08-13 20:16:01","61.74","9","ITEM-00128","100","图像","情绪识别","多选题","4.50","兴趣｜自满｜好奇｜惊讶｜期望｜兴奋｜绝望｜不屑｜悲伤｜羞耻","兴趣｜期望｜兴奋","5｜3｜4","兴奋｜期望","4｜4","否","已作答","80.00","87.50","83.00","3.73","14.54","6"
"ZJ202608131494BDB9","2026-08-13 20:16:01","61.74","10","ITEM-00046","89","图像","情绪识别","多选题","4.50","崇拜｜惊喜｜悲伤｜厌倦｜内疚｜痛苦｜满足｜快乐｜恐惧｜平静","悲伤｜痛苦｜内疚｜厌倦","5｜5｜5｜2","内疚｜悲伤","4｜3","否","已作答","66.67","62.50","65.00","2.92","25.33","9"
"ZJ202608131494BDB9","2026-08-13 20:16:01","61.74","11","ITEM-00100","10","视频","情绪推理","多选题","4.50","羞耻｜好奇｜不屑｜得意｜内疚｜轻松｜厌倦｜审美欣赏｜遗憾｜恐惧","得意｜轻松｜好奇｜不屑","5｜4｜1｜3","不屑｜得意","4｜4","否","已作答","66.67","75.00","70.00","3.15","61.72","13"
"ZJ202608131494BDB9","2026-08-13 20:16:01","61.74","12","ITEM-00069","117","文本","情绪识别","多选题","4.50","愤怒｜共情痛苦｜烦躁｜怀旧｜抑郁｜怨恨｜爱｜愉悦｜轻松｜感激","爱｜共情痛苦｜抑郁｜感激","5｜4｜4｜4","感激｜爱｜愉悦","4｜4｜5","否","已作答","57.14","58.33","57.62","2.59","31.94","9"
"ZJ202608131494BDB9","2026-08-13 20:16:01","61.74","13","ITEM-00087","77","视频","情绪识别","多选题","4.50","爱｜厌恶｜兴奋｜惊喜｜愉悦｜愤怒｜满足｜紧张｜绝望｜怨恨","爱｜愉悦｜惊喜｜满足｜兴奋","5｜4｜2｜5｜4","兴奋｜爱｜惊喜","5｜5｜5","是","已作答","75.00","66.67","71.67","3.23","37.59","11"
"ZJ202608131494BDB9","2026-08-13 20:16:01","61.74","14","ITEM-00134","67","文本","情绪识别","多选题","4.50","困惑｜绝望｜怨恨｜满足｜兴趣｜抑郁｜不屑｜敌意｜爱｜崇拜","怨恨｜敌意｜不屑｜兴趣","2｜3｜3｜1","不屑｜敌意","5｜3","否","已作答","66.67","75.00","70.00","3.15","66.81","13"
"ZJ202608131494BDB9","2026-08-13 20:16:01","61.74","15","ITEM-00032","41","图像","情绪识别","单选题","3.50","担忧｜嫉妒｜厌倦｜愉悦｜抑郁｜遗憾｜内疚｜烦躁｜自满｜蔑视","愉悦","4","愉悦","4","否","已作答","100.00","100.00","100.00","3.50","19.99","6"
"ZJ202608131494BDB9","2026-08-13 20:16:01","61.74","16","ITEM-00136","71","文本","情绪识别","多选题","4.50","恐惧｜不屑｜委屈｜自满｜烦躁｜惊讶｜兴奋｜嫉妒｜敌意｜抑郁","委屈｜烦躁｜恐惧","5｜3｜3","委屈｜恐惧｜不屑","5｜4｜4","否","已作答","66.67","58.33","63.33","2.85","27.24","6"
"ZJ202608131494BDB9","2026-08-13 20:16:01","61.74","17","ITEM-00150","86","视频","情绪推理","多选题","4.50","愤怒｜满足｜不屑｜绝望｜怀旧｜震惊｜渴望｜抑郁｜自豪｜快乐","震惊｜绝望｜抑郁｜怀旧","5｜3｜1｜3","满足｜快乐","4｜3","否","已作答","0.00","0.00","0.00","0.00","38.23","16"
"ZJ202608131494BDB9","2026-08-13 20:16:01","61.74","18","ITEM-00043","65","视频","情绪识别","多选题","4.50","愉悦｜绝望｜自满｜遗憾｜怨恨｜敌意｜渴望｜感动｜厌恶｜怀旧","遗憾｜绝望｜渴望｜怀旧","4｜1｜4｜4","怀旧｜感动｜愉悦｜遗憾","5｜3｜3｜5","否","已作答","50.00","37.50","45.00","2.02","49.98","13"
"ZJ202608131494BDB9","2026-08-13 20:16:01","61.74","19","ITEM-00084","78","音频","情绪推理","多选题","4.50","焦虑｜惊喜｜冷静｜爱｜轻松｜绝望｜内疚｜蔑视｜烦躁｜羞耻","烦躁｜羞耻｜焦虑｜蔑视","4｜3｜5｜1","羞耻｜烦躁","4｜5","否","已作答","66.67","75.00","70.00","3.15","33.90","12"
"ZJ202608131494BDB9","2026-08-13 20:16:01","61.74","20","ITEM-00015","4","视频","情绪识别","单选题","3.50","好奇｜羞耻｜悲伤｜紧张｜遗憾｜羡慕｜绝望｜敌意｜兴趣｜怨恨","悲伤","5","绝望","4","否","已作答","0.00","0.00","0.00","0.00","84.61","6"
"ZJ202608131494BDB9","2026-08-13 20:16:01","61.74","21","ITEM-00059","15","文本","情绪识别","单选题","3.50","嫉妒｜愉悦｜愁闷｜羞耻｜感激｜平静｜焦虑｜尴尬｜怀旧｜兴奋","羞耻","4","羞耻","5","否","已作答","100.00","75.00","90.00","3.15","21.68","4"
"ZJ202608131494BDB9","2026-08-13 20:16:01","61.74","22","ITEM-00092","66","音频","情绪识别","多选题","4.50","震惊｜困惑｜满足｜内疚｜悲伤｜惊讶｜痛苦｜愁闷｜爱｜兴奋","悲伤｜内疚｜痛苦｜愁闷｜爱","5｜5｜4｜4｜5","内疚｜痛苦｜悲伤","5｜5｜5","否","已作答","75.00","91.67","81.67","3.67","48.89","11"
"ZJ202608131494BDB9","2026-08-13 20:16:01","61.74","23","ITEM-00142","68","文本","情绪推理","单选题","3.50","失望｜遗憾｜恐惧｜抑郁｜惊喜｜痛苦｜共情痛苦｜担忧｜敌意｜崇拜","敌意","5","敌意","4","否","已作答","100.00","75.00","90.00","3.15","21.47","5"
"ZJ202608131494BDB9","2026-08-13 20:16:01","61.74","24","ITEM-00048","2","音频","情绪识别","单选题","3.50","轻松｜悲伤｜委屈｜愤怒｜羡慕｜紧张｜惊喜｜恐惧｜抑郁｜感激","愤怒","5","愤怒","5","未填写","已作答","100.00","100.00","100.00","3.50","45.10","4"